{
    "method": "clt_sequential_freeze",
    "n_train": 128,
    "k": 32,
    "sequential": true,
    "freeze_attention": true,
    "nodes": {
        "9": [
            3624,
            3821,
            1957,
            3540,
            4206,
            745,
            4079,
            1844,
            967,
            727,
            4279,
            957,
            1491,
            1184,
            992,
            631,
            3199,
            407,
            162,
            57,
            1579,
            3911,
            1088
        ],
        "6": [
            1758,
            322,
            2352
        ],
        "0": [
            3853,
            4426
        ],
        "7": [
            889,
            2802,
            865
        ],
        "8": [
            2567
        ]
    },
    "clean_spearman": 0.4998427623413472,
    "max_spearman": 0.3820728686577431,
    "no_latents_spearman": 0.08904273037837133,
    "recovered_spearman": 0.3238952188102758
}