{
    "method": "clt_direct",
    "n_train": 128,
    "k": 32,
    "sequential": false,
    "freeze_attention": true,
    "nodes": {
        "9": [
            3624,
            3821,
            1957,
            3540,
            1394,
            506,
            1244,
            715,
            3995,
            1195,
            1184,
            2559,
            2047,
            2194,
            3685,
            88,
            2218,
            2313,
            1732,
            706,
            1937,
            4298,
            1348,
            4594,
            4544,
            3934,
            1537,
            2067,
            3023,
            1844,
            1176,
            3715
        ]
    },
    "clean_spearman": 0.18136498145992583,
    "max_spearman": 0.13988340753363013,
    "no_latents_spearman": 0.15822207668563662,
    "recovered_spearman": 0.10131784527138107
}