{
  "entry": "A0A0B4J234",
  "entry_name": "TVA2_HUMAN",
  "type": "GLM_2",
  "prompt": "MALQSTLGAVWLGLLLNSLWKVAESKDQVFQPSTVASSEGAVVEIFCNHSVSNAYNFFWYLHFPGCAPRLLVKGSKPSQQGRYNMTYERFSSSLLILQVREADAAVYYCAVE[GLM]4-31-27",
  "k": 64,
  "original_sequence": "MALQSTLGAVWLGLLLNSLWKVAESKDQVFQPSTVASSEGAVVEIFCNHSVSNAYNFFWYLHFPGCAPRLLVKGSKPSQQGRYNMTYERFSSSLLILQVREADAAVYYCAVE",
  "original_ll": -2.9155099391937256,
  "original_perplexity": 18.458223342895508,
  "progen3_sequence": "MALQRLNPCCSDFGRSEQVREVQVRLSNVRLPSTVASSEGAVVEIFCNHSVSNAYNFFWYLHFPGCAPRLLVKGSKPSQQGRYNMTYERFSSSLLILQVREADAAVYYCAVE",
  "progen3_ll": -2.9421138763427734,
  "progen3_perplexity": 18.955873489379883,
  "max_sequence": "MALQLRTLDRRTVLNLDRIRQKLSGDRNGSLPSTVASSEGAVVEIFCNHSVSNAYNFFWYLHFPGCAPRLLVKGSKPSQQGRYNMTYERFSSSLLILQVREADAAVYYCAVE",
  "max_ll": -2.7521283626556396,
  "max_perplexity": 15.675960540771484,
  "max_kl": 0.1323586255311966,
  "max_nmse": 0.07071168720722198,
  "base_sequence": "MALQMMMMYMLLFCCQRQMQCMCLCCCMYRCPSTVASSEGAVVEIFCNHSVSNAYNFFWYLHFPGCAPRLLVKGSKPSQQGRYNMTYERFSSSLLILQVREADAAVYYCAVE",
  "base_ll": -3.1950652599334717,
  "base_perplexity": 24.411767959594727,
  "base_kl": 0.35876843333244324,
  "base_nmse": 2.1702630519866943,
  "recovered_sequence": "MALQGLGPYDSDFGDSEQLGEVQVRVSNVRQPSTVASSEGAVVEIFCNHSVSNAYNFFWYLHFPGCAPRLLVKGSKPSQQGRYNMTYERFSSSLLILQVREADAAVYYCAVE",
  "recovered_ll": -2.9107134342193604,
  "recovered_perplexity": 18.36989974975586,
  "recovered_kl": 0.13795281946659088,
  "recovered_nmse": 0.15633228421211243,
  "nodes": {
    "9": [
      1,
      7,
      76,
      138,
      233,
      255,
      326,
      333,
      419,
      426,
      467,
      506,
      601,
      694,
      732,
      813,
      902,
      905,
      907,
      940,
      963,
      1037,
      1106,
      1234,
      1415,
      1583,
      1611,
      1622,
      1810,
      1840,
      1879,
      2103,
      2174,
      2242,
      2482,
      2519,
      2610,
      2613,
      2710,
      2728,
      2843,
      2924,
      2953,
      3008,
      3107,
      3114,
      3115,
      3163,
      3284,
      3365,
      3692,
      3707,
      3788,
      3886,
      3963,
      4144,
      4233,
      4330,
      4345,
      4353,
      4513,
      4594
    ],
    "1": [
      2902
    ],
    "8": [
      4016
    ]
  }
}
