{
  "entry": "A0A023PZI4",
  "entry_name": "YH069_YEAST",
  "type": "GLM_2",
  "prompt": "MDSCSSTPFVTGVLLPSAVFSFLFCTLVSSSFGLDEFNLTTCGIRGTLKMQFLKFLENTLIFLGSGNLTAHIGILVMKNDLSNSRIWRFTGGLYGNTPDILHELINLLNFWNTGSAIFMQ[GLM]14-19-5",
  "k": 64,
  "original_sequence": "MDSCSSTPFVTGVLLPSAVFSFLFCTLVSSSFGLDEFNLTTCGIRGTLKMQFLKFLENTLIFLGSGNLTAHIGILVMKNDLSNSRIWRFTGGLYGNTPDILHELINLLNFWNTGSAIFMQ",
  "original_ll": -2.593716859817505,
  "original_perplexity": 13.379408836364746,
  "progen3_sequence": "MDSCSSTPFVTGVLIFLLTFSFLFCTLVSSSFGLDEFNLTTCGIRGTLKMQFLKFLENTLIFLGSGNLTAHIGILVMKNDLSNSRIWRFTGGLYGNTPDILHELINLLNFWNTGSAIFMQ",
  "progen3_ll": -2.5130696296691895,
  "progen3_perplexity": 12.34276008605957,
  "max_sequence": "MDSCSSTPFVTGVLRSRSDFSFLFCTLVSSSFGLDEFNLTTCGIRGTLKMQFLKFLENTLIFLGSGNLTAHIGILVMKNDLSNSRIWRFTGGLYGNTPDILHELINLLNFWNTGSAIFMQ",
  "max_ll": -2.680800199508667,
  "max_perplexity": 14.596768379211426,
  "max_kl": 0.18009869754314423,
  "max_nmse": 0.06427507847547531,
  "base_sequence": "MDSCSSTPFVTGVLCFCCLFSFLFCTLVSSSFGLDEFNLTTCGIRGTLKMQFLKFLENTLIFLGSGNLTAHIGILVMKNDLSNSRIWRFTGGLYGNTPDILHELINLLNFWNTGSAIFMQ",
  "base_ll": -3.0436432361602783,
  "base_perplexity": 20.981544494628906,
  "base_kl": 0.6083030104637146,
  "base_nmse": 1.2508047819137573,
  "recovered_sequence": "MDSCSSTPFVTGVLSFLLNFSFLFCTLVSSSFGLDEFNLTTCGIRGTLKMQFLKFLENTLIFLGSGNLTAHIGILVMKNDLSNSRIWRFTGGLYGNTPDILHELINLLNFWNTGSAIFMQ",
  "recovered_ll": -2.720427989959717,
  "recovered_perplexity": 15.186820983886719,
  "recovered_kl": 0.21268081665039062,
  "recovered_nmse": 0.02996034361422062,
  "nodes": {
    "9": [
      1,
      7,
      21,
      76,
      138,
      180,
      233,
      255,
      326,
      333,
      382,
      419,
      426,
      467,
      492,
      601,
      631,
      694,
      732,
      813,
      905,
      963,
      1037,
      1106,
      1234,
      1252,
      1583,
      1611,
      1769,
      1840,
      1879,
      1945,
      2103,
      2242,
      2377,
      2434,
      2519,
      2610,
      2710,
      2728,
      2843,
      2924,
      2953,
      3008,
      3107,
      3163,
      3175,
      3284,
      3448,
      3692,
      3707,
      3788,
      3831,
      3886,
      3963,
      4144,
      4330,
      4353,
      4513,
      4594
    ],
    "7": [
      667,
      3942
    ],
    "8": [
      985
    ],
    "5": [
      4084
    ]
  }
}
