{
  "entry": "A0A125S9D9",
  "entry_name": "CEM1_CONIM",
  "type": "GLM_2",
  "prompt": "MMMRVFIAMFFLLALVEAGWPRLYDKNCKKNILRTYCSNKICGEATKNTNGELQCTMYCRCANGCFRGQYIDWPNQQTNLLFC[GLM]39-76-37",
  "k": 64,
  "original_sequence": "MMMRVFIAMFFLLALVEAGWPRLYDKNCKKNILRTYCSNKICGEATKNTNGELQCTMYCRCANGCFRGQYIDWPNQQTNLLFC",
  "original_ll": -3.0045433044433594,
  "original_perplexity": 20.176998138427734,
  "progen3_sequence": "MMMRVFIAMFFLLALVEAGWPRLYDKNCKKNILRTYCSNEPKVLEPRSEVDLLDGIYPESTNKQNNSQNIILNGQEQTNLLFC",
  "progen3_ll": -2.893749475479126,
  "progen3_perplexity": 18.060901641845703,
  "max_sequence": "MMMRVFIAMFFLLALVEAGWPRLYDKNCKKNILRTYCSNSDLPGDELQDQTQLSGKGVRAPLAIENDTIEGSQEGQQTNLLFC",
  "max_ll": -2.918781042098999,
  "max_perplexity": 18.518701553344727,
  "max_kl": 0.03440382331609726,
  "max_nmse": 0.17925921082496643,
  "base_sequence": "MMMRVFIAMFFLLALVEAGWPRLYDKNCKKNILRTYCSNCEMCNNNNNKIQEQNINYNYNYYNNYNQNYKNNIYEYQTNLLFC",
  "base_ll": -2.481882095336914,
  "base_perplexity": 11.963760375976562,
  "base_kl": 0.2875960171222687,
  "base_nmse": 2.9377729892730713,
  "recovered_sequence": "MMMRVFIAMFFLLALVEAGWPRLYDKNCKKNILRTYCSNNPKVLEPRSEFDLLDGGYSASTNKQDLSQNRILNNQEQTNLLFC",
  "recovered_ll": -2.9207100868225098,
  "recovered_perplexity": 18.554458618164062,
  "recovered_kl": 0.03126950562000275,
  "recovered_nmse": 0.3701503276824951,
  "nodes": {
    "9": [
      7,
      14,
      76,
      138,
      180,
      233,
      255,
      326,
      333,
      382,
      467,
      519,
      597,
      601,
      631,
      905,
      907,
      963,
      1037,
      1075,
      1106,
      1183,
      1252,
      1583,
      1611,
      1751,
      1840,
      1945,
      2103,
      2390,
      2429,
      2444,
      2482,
      2519,
      2613,
      2669,
      2710,
      2728,
      2843,
      2898,
      2924,
      2953,
      3008,
      3163,
      3175,
      3365,
      3707,
      3788,
      3831,
      3868,
      3886,
      4144,
      4233,
      4330,
      4345,
      4353,
      4438,
      4513,
      4594
    ],
    "8": [
      1198,
      1474,
      2513,
      3605,
      4424
    ]
  }
}
