{
  "entry": "A5FJP5",
  "entry_name": "RL21_FLAJ1",
  "type": "GLM_1",
  "prompt": "MYAIVEIAGQQFKVSKDLKVYVHRLANEEGSKVSFDKVLLLDDNGNVTLGAPAIEGASVEAKVLQHLKGDKVIVFKKKRRKGYKKRNGHRQYLTQIVIEGITAAGGTKKAAAKKAVVAEEAAATEEVEAAPKAKKAAPKAKKEATKE[GLM]62-78-16",
  "k": 1000,
  "original_sequence": "MYAIVEIAGQQFKVSKDLKVYVHRLANEEGSKVSFDKVLLLDDNGNVTLGAPAIEGASVEAKVLQHLKGDKVIVFKKKRRKGYKKRNGHRQYLTQIVIEGITAAGGTKKAAAKKAVVAEEAAATEEVEAAPKAKKAAPKAKKEATKE",
  "original_ll": -0.4829166531562805,
  "original_perplexity": 1.6207947731018066,
  "progen3_sequence": "MYAIVEIAGQQFKVSKDLKVYVHRLANEEGSKVSFDKVLLLDDNGNVTLGAPAIEGASVEAKIIDVGTEGLEILDSVRRRKGYKKRNGHRQYLTQIVIEGITAAGGTKKAAAKKAVVAEEAAATEEVEAAPKAKKAAPKAKKEATKE",
  "progen3_ll": -3.4770448207855225,
  "progen3_perplexity": 32.36393737792969,
  "max_sequence": "MYAIVEIAGQQFKVSKDLKVYVHRLANEEGSKVSFDKVLLLDDNGNVTLGAPAIEGASVEAKKRKLELKRGIKPVKDGRRKGYKKRNGHRQYLTQIVIEGITAAGGTKKAAAKKAVVAEEAAATEEVEAAPKAKKAAPKAKKEATKE",
  "max_ll": -3.8822031021118164,
  "max_perplexity": 48.53101348876953,
  "max_kl": 0.21951882541179657,
  "max_nmse": 0.07302571833133698,
  "base_sequence": "MYAIVEIAGQQFKVSKDLKVYVHRLANEEGSKVSFDKVLLLDDNGNVTLGAPAIEGASVEAKRVNSSLMKSVVMEMCARRKGYKKRNGHRQYLTQIVIEGITAAGGTKKAAAKKAVVAEEAAATEEVEAAPKAKKAAPKAKKEATKE",
  "base_ll": -4.262573719024658,
  "base_perplexity": 70.99246215820312,
  "base_kl": 0.3293307423591614,
  "base_nmse": 0.4758938252925873,
  "recovered_sequence": "MYAIVEIAGQQFKVSKDLKVYVHRLANEEGSKVSFDKVLLLDDNGNVTLGAPAIEGASVEAKDDKDEMEGEEKPDNEVRRKGYKKRNGHRQYLTQIVIEGITAAGGTKKAAAKKAVVAEEAAATEEVEAAPKAKKAAPKAKKEATKE",
  "recovered_ll": -4.015484809875488,
  "recovered_perplexity": 55.45017623901367,
  "recovered_kl": 0.29067331552505493,
  "recovered_nmse": 0.11183806508779526,
  "nodes": {
    "9": [
      20,
      222,
      233,
      266,
      315,
      316,
      342,
      374,
      419,
      484,
      506,
      579,
      671,
      716,
      729,
      732,
      765,
      902,
      941,
      998,
      1028,
      1075,
      1106,
      1175,
      1183,
      1195,
      1232,
      1234,
      1252,
      1274,
      1348,
      1415,
      1435,
      1437,
      1443,
      1447,
      1468,
      1550,
      1565,
      1583,
      1622,
      1652,
      1666,
      1698,
      1748,
      1751,
      1763,
      1810,
      1813,
      1824,
      1879,
      1965,
      2103,
      2147,
      2174,
      2283,
      2309,
      2444,
      2474,
      2483,
      2613,
      2631,
      2831,
      2838,
      2933,
      2945,
      2989,
      3029,
      3037,
      3114,
      3115,
      3123,
      3194,
      3203,
      3226,
      3258,
      3290,
      3339,
      3349,
      3365,
      3376,
      3390,
      3454,
      3515,
      3650,
      3692,
      3707,
      3773,
      3868,
      3886,
      3935,
      3945,
      4005,
      4012,
      4068,
      4131,
      4203,
      4233,
      4252,
      4258,
      4274,
      4283,
      4301,
      4317,
      4341,
      4353,
      4355,
      4470,
      4513,
      4570,
      4584,
      4594
    ],
    "8": [
      1,
      3,
      8,
      87,
      91,
      211,
      215,
      232,
      260,
      265,
      274,
      307,
      311,
      319,
      368,
      428,
      492,
      511,
      524,
      581,
      637,
      655,
      693,
      701,
      727,
      730,
      759,
      799,
      825,
      832,
      844,
      855,
      869,
      910,
      963,
      969,
      973,
      1000,
      1003,
      1009,
      1034,
      1064,
      1078,
      1132,
      1147,
      1154,
      1183,
      1186,
      1228,
      1233,
      1245,
      1265,
      1284,
      1291,
      1304,
      1337,
      1338,
      1356,
      1393,
      1400,
      1425,
      1479,
      1489,
      1507,
      1556,
      1566,
      1578,
      1620,
      1699,
      1742,
      1771,
      1777,
      1801,
      1881,
      1885,
      1890,
      1924,
      1926,
      1935,
      1940,
      1946,
      1954,
      1972,
      1987,
      1995,
      2028,
      2066,
      2094,
      2097,
      2104,
      2120,
      2123,
      2148,
      2188,
      2195,
      2269,
      2304,
      2326,
      2410,
      2495,
      2500,
      2506,
      2521,
      2561,
      2605,
      2686,
      2719,
      2744,
      2752,
      2788,
      2807,
      2812,
      2819,
      2882,
      2902,
      2974,
      2998,
      3037,
      3049,
      3109,
      3162,
      3189,
      3225,
      3233,
      3274,
      3284,
      3300,
      3369,
      3374,
      3377,
      3385,
      3421,
      3465,
      3493,
      3499,
      3523,
      3552,
      3562,
      3605,
      3608,
      3619,
      3625,
      3640,
      3695,
      3727,
      3729,
      3733,
      3860,
      3865,
      3883,
      3896,
      3994,
      3998,
      4030,
      4036,
      4056,
      4065,
      4066,
      4070,
      4188,
      4194,
      4204,
      4255,
      4268,
      4274,
      4281,
      4282,
      4298,
      4319,
      4328,
      4380,
      4442,
      4493,
      4531,
      4570,
      4576,
      4578,
      4583,
      4601
    ],
    "6": [
      17,
      57,
      136,
      145,
      152,
      169,
      183,
      217,
      221,
      237,
      268,
      270,
      272,
      306,
      352,
      399,
      402,
      411,
      429,
      445,
      460,
      496,
      510,
      529,
      551,
      568,
      576,
      582,
      607,
      632,
      647,
      673,
      729,
      741,
      769,
      786,
      824,
      836,
      864,
      900,
      948,
      958,
      1024,
      1026,
      1035,
      1144,
      1152,
      1162,
      1164,
      1182,
      1194,
      1201,
      1278,
      1317,
      1326,
      1336,
      1370,
      1415,
      1447,
      1463,
      1532,
      1541,
      1542,
      1581,
      1591,
      1593,
      1604,
      1642,
      1660,
      1725,
      1767,
      1771,
      1783,
      1809,
      1845,
      1846,
      1848,
      1863,
      1914,
      2037,
      2039,
      2050,
      2051,
      2094,
      2120,
      2126,
      2129,
      2137,
      2192,
      2217,
      2264,
      2273,
      2304,
      2346,
      2382,
      2428,
      2454,
      2498,
      2578,
      2590,
      2592,
      2623,
      2653,
      2657,
      2676,
      2690,
      2763,
      2813,
      2814,
      2833,
      2961,
      3007,
      3045,
      3065,
      3079,
      3119,
      3120,
      3133,
      3253,
      3281,
      3325,
      3339,
      3348,
      3360,
      3378,
      3485,
      3597,
      3606,
      3627,
      3638,
      3642,
      3673,
      3681,
      3683,
      3754,
      3756,
      3760,
      3782,
      3790,
      3818,
      3936,
      4001,
      4010,
      4012,
      4050,
      4059,
      4069,
      4110,
      4154,
      4156,
      4174,
      4180,
      4235,
      4244,
      4250,
      4353,
      4381,
      4401,
      4402,
      4418,
      4430,
      4452,
      4464,
      4509,
      4537,
      4538,
      4574
    ],