{
  "entry": "B0S150",
  "entry_name": "RL28_FINM2",
  "type": "GLM_1",
  "prompt": "MSKKCEICGKSRTFGNNRSFSLRSSNRSWAPNIRKVRALVDGKPKRINVCTRCLRSGLVERPQFIKTTEEE[GLM]35-43-8",
  "k": 992,
  "original_sequence": "MSKKCEICGKSRTFGNNRSFSLRSSNRSWAPNIRKVRALVDGKPKRINVCTRCLRSGLVERPQFIKTTEEE",
  "original_ll": -1.0930960178375244,
  "original_perplexity": 2.983496904373169,
  "progen3_sequence": "MSKKCEICGKSRTFGNNRSFSLRSSNRSWAPNIRKGVVITTNLPKRINVCTRCLRSGLVERPQFIKTTEEE",
  "progen3_ll": -3.13791561126709,
  "progen3_perplexity": 23.055761337280273,
  "max_sequence": "MSKKCEICGKSRTFGNNRSFSLRSSNRSWAPNIRKLGLLNTGRPKRINVCTRCLRSGLVERPQFIKTTEEE",
  "max_ll": -3.162522792816162,
  "max_perplexity": 23.63013458251953,
  "max_kl": 0.02681036666035652,
  "max_nmse": 0.03614577651023865,
  "base_sequence": "MSKKCEICGKSRTFGNNRSFSLRSSNRSWAPNIRKMMLEYESNPKRINVCTRCLRSGLVERPQFIKTTEEE",
  "base_ll": -3.334956407546997,
  "base_perplexity": 28.077159881591797,
  "base_kl": 0.1443472057580948,
  "base_nmse": 1.1994874477386475,
  "recovered_sequence": "MSKKCEICGKSRTFGNNRSFSLRSSNRSWAPNIRKLPVIEPNEPKRINVCTRCLRSGLVERPQFIKTTEEE",
  "recovered_ll": -3.115316390991211,
  "recovered_perplexity": 22.540559768676758,
  "recovered_kl": 0.058800894767045975,
  "recovered_nmse": 0.3405945897102356,
  "nodes": {
    "9": [
      14,
      20,
      222,
      233,
      255,
      266,
      316,
      374,
      419,
      484,
      519,
      579,
      601,
      671,
      729,
      765,
      813,
      902,
      941,
      998,
      1075,
      1106,
      1175,
      1183,
      1195,
      1232,
      1234,
      1252,
      1274,
      1348,
      1415,
      1437,
      1443,
      1447,
      1468,
      1550,
      1565,
      1583,
      1652,
      1666,
      1698,
      1748,
      1751,
      1763,
      1810,
      1813,
      1824,
      1879,
      2103,
      2147,
      2174,
      2283,
      2309,
      2426,
      2444,
      2474,
      2482,
      2483,
      2613,
      2631,
      2669,
      2838,
      2933,
      2945,
      2953,
      2989,
      3029,
      3037,
      3114,
      3194,
      3203,
      3226,
      3258,
      3290,
      3339,
      3349,
      3365,
      3376,
      3390,
      3448,
      3454,
      3515,
      3650,
      3692,
      3707,
      3773,
      3868,
      3945,
      4005,
      4012,
      4131,
      4203,
      4233,
      4252,
      4258,
      4264,
      4274,
      4283,
      4301,
      4317,
      4341,
      4353,
      4355,
      4470,
      4513,
      4584,
      4594
    ],
    "8": [
      178,
      185,
      192,
      232,
      250,
      251,
      265,
      268,
      274,
      294,
      307,
      311,
      344,
      390,
      393,
      410,
      428,
      433,
      475,
      496,
      524,
      530,
      581,
      588,
      603,
      604,
      622,
      637,
      725,
      832,
      869,
      937,
      963,
      999,
      1003,
      1009,
      1014,
      1042,
      1098,
      1132,
      1147,
      1178,
      1230,
      1245,
      1265,
      1284,
      1337,
      1363,
      1530,
      1556,
      1582,
      1606,
      1615,
      1619,
      1620,
      1669,
      1697,
      1699,
      1707,
      1742,
      1794,
      1806,
      1865,
      1887,
      1946,
      1967,
      1970,
      1972,
      1987,
      2028,
      2148,
      2195,
      2273,
      2280,
      2327,
      2414,
      2510,
      2523,
      2575,
      2675,
      2685,
      2718,
      2719,
      2747,
      2788,
      2841,
      2859,
      2882,
      2989,
      2998,
      3003,
      3101,
      3109,
      3196,
      3213,
      3371,
      3421,
      3428,
      3434,
      3447,
      3454,
      3465,
      3476,
      3493,
      3499,
      3519,
      3552,
      3605,
      3619,
      3693,
      3705,
      3733,
      3758,
      3793,
      3818,
      3847,
      3854,
      3855,
      3860,
      3865,
      3880,
      3896,
      3932,
      4025,
      4049,
      4066,
      4070,
      4094,
      4114,
      4131,
      4138,
      4151,
      4281,
      4282,
      4304,
      4319,
      4328,
      4380,
      4405,
      4442,
      4477,
      4510
    ],
    "5": [
      79,
      139,
      176,
      183,
      186,
      274,
      287,
      292,
      293,
      334,
      359,
      454,
      455,
      527,
      540,
      548,
      554,
      646,
      739,
      761,
      814,
      835,
      841,
      843,
      873,
      893,
      902,
      949,
      971,
      972,
      1033,
      1146,
      1153,
      1231,
      1233,
      1245,
      1277,
      1300,
      1318,
      1369,
      1374,
      1392,
      1399,
      1418,
      1479,
      1488,
      1511,
      1542,
      1658,
      1670,
      1750,
      1753,
      1776,
      1804,
      1823,
      1880,
      1908,
      1909,
      1932,
      2058,
      2070,
      2096,
      2106,
      2125,
      2164,
      2215,
      2358,
      2363,
      2436,
      2449,
      2451,
      2471,
      2498,
      2549,
      2585,
      2634,
      2637,
      2671,
      2677,
      2696,
      2759,
      2828,
      2829,
      2916,
      2945,
      2960,
      2966,
      2981,
      3022,
      3051,
      3083,
      3125,
      3244,
      3311,
      3346,
      3402,
      3448,
      3480,
      3502,
      3588,
      3633,
      3638,
      3642,
      3715,
      3724,
      3775,
      3856,
      3858,
      3890,
      3919,
      3940,
      3970,
      4025,
      4159,
      4162,
      4191,
      4211,
      4233,
      4235,
      4328,
      4332,
      4339,
      4369,
      4376,
      4488,
      4507,
      4580,
      4585
    ],
    "7": [
      183,
      287,
      401,
      402,
      456,
      526,
      682,
      829,
      982,
      1082,
      1272,
      1335,
      1358,
      1369,
      1455,
      1456,
      1467,
      1613,
      1643,
      1649,
      1835,
      1876,
      2007,
      2136,
      2156,
      2161,
      2179,
      2233,
      2268,
      2351,
      2374,
      2391,
      2431,
      2497,
      2548,
      2576,
      2611,
      2671,
      2802,
      2819,
      2844,
      2914,
      3037,
      3044,
      3067,
      3117,
      3202,
      3264,
      3293,
      3419,
      3466,
      3540,
      3543,
      3628,
      3648,
      3655,
      3675,
      3757,
      3792,
      3793,
      3807,
      3845,
      3871,
      3923,
      4009,
      4047,
      4074,
      4117,
      4131,
      4132,
      4166,
      4275,
      4441
    ],