{
  "entry": "B0S150",
  "entry_name": "RL28_FINM2",
  "type": "GLM_2",
  "prompt": "MSKKCEICGKSRTFGNNRSFSLRSSNRSWAPNIRKVRALVDGKPKRINVCTRCLRSGLVERPQFIKTTEEE[GLM]48-55-7",
  "k": 928,
  "original_sequence": "MSKKCEICGKSRTFGNNRSFSLRSSNRSWAPNIRKVRALVDGKPKRINVCTRCLRSGLVERPQFIKTTEEE",
  "original_ll": -0.21309782564640045,
  "original_perplexity": 1.2375057935714722,
  "progen3_sequence": "MSKKCEICGKSRTFGNNRSFSLRSSNRSWAPNIRKVRALVDGKPKRINMGTLNGNSGLVERPQFIKTTEEE",
  "progen3_ll": -4.651854515075684,
  "progen3_perplexity": 104.77912139892578,
  "max_sequence": "MSKKCEICGKSRTFGNNRSFSLRSSNRSWAPNIRKVRALVDGKPKRINNSNVALTSGLVERPQFIKTTEEE",
  "max_ll": -4.608259677886963,
  "max_perplexity": 100.30941772460938,
  "max_kl": 0.05387567728757858,
  "max_nmse": 0.11626137793064117,
  "base_sequence": "MSKKCEICGKSRTFGNNRSFSLRSSNRSWAPNIRKVRALVDGKPKRINEMENIFMSGLVERPQFIKTTEEE",
  "base_ll": -5.597589015960693,
  "base_perplexity": 269.77520751953125,
  "base_kl": 0.30246850848197937,
  "base_nmse": 1.2570456266403198,
  "recovered_sequence": "MSKKCEICGKSRTFGNNRSFSLRSSNRSWAPNIRKVRALVDGKPKRINMYMLGGNSGLVERPQFIKTTEEE",
  "recovered_ll": -5.550472259521484,
  "recovered_perplexity": 257.35906982421875,
  "recovered_kl": 0.10317359119653702,
  "recovered_nmse": 0.03431352227926254,
  "nodes": {
    "9": [
      7,
      14,
      20,
      38,
      53,
      180,
      222,
      255,
      266,
      316,
      342,
      362,
      374,
      484,
      506,
      519,
      550,
      579,
      671,
      716,
      729,
      732,
      765,
      902,
      905,
      916,
      941,
      998,
      1075,
      1106,
      1175,
      1183,
      1195,
      1232,
      1234,
      1252,
      1274,
      1348,
      1437,
      1443,
      1447,
      1468,
      1550,
      1565,
      1611,
      1652,
      1666,
      1698,
      1740,
      1748,
      1751,
      1763,
      1810,
      1824,
      1879,
      1965,
      2103,
      2174,
      2283,
      2309,
      2399,
      2426,
      2429,
      2444,
      2474,
      2482,
      2483,
      2613,
      2631,
      2669,
      2831,
      2838,
      2898,
      2933,
      2945,
      2953,
      2989,
      3029,
      3037,
      3113,
      3114,
      3175,
      3194,
      3203,
      3226,
      3290,
      3339,
      3349,
      3365,
      3376,
      3390,
      3448,
      3454,
      3515,
      3650,
      3692,
      3707,
      3773,
      3868,
      3886,
      3935,
      3945,
      3959,
      4005,
      4012,
      4131,
      4203,
      4233,
      4252,
      4258,
      4274,
      4283,
      4301,
      4317,
      4341,
      4345,
      4353,
      4355,
      4470,
      4513,
      4594
    ],
    "8": [
      12,
      100,
      118,
      192,
      232,
      250,
      251,
      265,
      268,
      274,
      294,
      307,
      393,
      428,
      475,
      524,
      530,
      546,
      555,
      581,
      604,
      665,
      668,
      705,
      725,
      762,
      765,
      777,
      799,
      825,
      832,
      855,
      867,
      869,
      910,
      963,
      987,
      1014,
      1035,
      1042,
      1132,
      1147,
      1178,
      1225,
      1230,
      1246,
      1284,
      1299,
      1302,
      1321,
      1338,
      1511,
      1530,
      1540,
      1554,
      1582,
      1615,
      1635,
      1652,
      1697,
      1742,
      1752,
      1865,
      1924,
      1972,
      1992,
      1995,
      2145,
      2148,
      2187,
      2198,
      2269,
      2280,
      2293,
      2326,
      2327,
      2402,
      2439,
      2510,
      2518,
      2575,
      2644,
      2685,
      2686,
      2704,
      2716,
      2718,
      2726,
      2841,
      2882,
      2960,
      2977,
      2989,
      2998,
      3003,
      3050,
      3196,
      3213,
      3215,
      3244,
      3286,
      3300,
      3371,
      3421,
      3454,
      3461,
      3476,
      3497,
      3516,
      3602,
      3605,
      3619,
      3650,
      3693,
      3695,
      3758,
      3793,
      3847,
      3854,
      3860,
      3868,
      3880,
      3896,
      3940,
      4066,
      4138,
      4147,
      4282,
      4301,
      4304,
      4319,
      4328,
      4380,
      4405,
      4417,
      4424,
      4442,
      4450,
      4471,
      4477,
      4551,
      4576,
      4581,
      4597
    ],
    "6": [
      114,
      136,
      173,
      174,
      183,
      188,
      193,
      194,
      196,
      268,
      437,
      445,
      452,
      523,
      648,
      650,
      722,
      819,
      836,
      862,
      892,
      894,
      900,
      903,
      912,
      931,
      942,
      1013,
      1021,
      1061,
      1100,
      1164,
      1194,
      1226,
      1238,
      1254,
      1260,
      1279,
      1308,
      1317,
      1360,
      1374,
      1386,
      1453,
      1518,
      1534,
      1565,
      1582,
      1626,
      1771,
      1820,
      1843,
      1863,
      1913,
      1917,
      1945,
      2092,
      2094,
      2160,
      2164,
      2217,
      2224,
      2229,
      2273,
      2374,
      2408,
      2425,
      2458,
      2470,
      2496,
      2498,
      2577,
      2580,
      2611,
      2644,
      2653,
      2661,
      2687,
      2689,
      2727,
      2735,
      2790,
      2840,
      2961,
      2987,
      3015,
      3043,
      3069,
      3093,
      3133,
      3217,
      3289,
      3319,
      3325,
      3357,
      3397,
      3493,
      3507,
      3551,
      3597,
      3627,
      3654,
      3681,
      3716,
      3746,
      3754,
      3788,
      3819,
      3837,
      3857,
      3890,
      3920,
      4046,
      4069,
      4137,
      4162,
      4194,
      4250,
      4269,
      4290,
      4302,
      4322,
      4332,
      4334,
      4342,
      4366,
      4372,
      4401,
      4435,
      4544,
      4556
    ],
    "7": [
      15,
      29,
      101,
      137,
      183,
      213,
      239,
      287,
      304,
      401,
      406,
      444,
      486,
      498,
      509,
      526,
      674,
      682,
      764,
      776,
      827,
      904,
      991,
      1010,
      1094,
      1122,
      1123,
      1124,
      1142,
      1172,
      1193,
      1206,
      1211,
      1224,
      1227,
      1260,
      1335,
      1369,
      1435,
      1455,
      1467,
      1480,
      1512,
      1589,
      1643,
      1658,
      1712,
      1771,
      1835,
      1846,
      1876,
      1880,
      2001,
      2008,
      2021,
      2108,
      2161,
      2179,
      2192,
      2233,
      2247,
      2315,
      2374,
      2379,
      2381,
      2389,
      2391,
      2431,
      2434,
      2441,
      2497,
      2548,
      2576,
      2613,
      2669,
      2690,
      2753,
      2844,
      2996,
      3018,
      3037,
      3044,
      3117,
      3155,
      3202,
      3293,
      3359,
      3370,
      3466,
      3524,
      3538,
      3543,
      3584,
      3628,
      3636,
      3648,
      3655,
      3672,
      3681,
      3729,
      3754,
      3784,
      3792,
      3889,
      3909,
      3923,
      3947,
      3990,
      4047,
      4117,
      4131,
      4168,
      4359,
      4363,
      4380,
      4413,
      4435,
      4467,
      4495,
      4518,
      4523,
      4593
    ],