{
  "entry": "B2KWI4",
  "entry_name": "SID5_AJECA",
  "type": "CLM",
  "prompt": "MTVWEVHWRGEADGWQKNPTVAWLQGPEKEGAEKAFWAIWEVGDKLLNHRSAPGAPKKRGIGQLLIDWGLDVGEKLQVPVYLESTRAGLVFYTKLGFEKLSQGAVVKA",
  "k": 896,
  "original_sequence": "MTVWEVHWRGEADGWQKNPTVAWLQGPEKEGAEKAFWAIWEVGDKLLNHRSAPGAPKKRGIGQLLIDWGLDVGEKLQVPVYLESTRAGLVFYTKLGFEKLSQGAVVKAEVTHVASDFELPVTVKMPSAARRMGFEG",
  "original_ll": -2.88824725151062,
  "original_perplexity": 17.96179962158203,
  "progen3_sequence": "MTVWEVHWRGEADGWQKNPTVAWLQGPEKEGAEKAFWAIWEVGDKLLNHRSAPGAPKKRGIGQLLIDWGLDVGEKLQVPVYLESTRAGLVFYTKLGFEKLSQGAVVKAATLELARGGPAAPALVLRALGEPSPLAV",
  "progen3_ll": -2.53688383102417,
  "progen3_perplexity": 12.640220642089844,
  "max_sequence": "MTVWEVHWRGEADGWQKNPTVAWLQGPEKEGAEKAFWAIWEVGDKLLNHRSAPGAPKKRGIGQLLIDWGLDVGEKLQVPVYLESTRAGLVFYTKLGFEKLSQGAVVKAGARRVDAAERAGKSQAPPGESTRAEAE",
  "max_ll": -2.615480661392212,
  "max_perplexity": 13.673787117004395,
  "max_kl": 0.016102785244584084,
  "max_nmse": 0.0074391961097717285,
  "base_sequence": "MTVWEVHWRGEADGWQKNPTVAWLQGPEKEGAEKAFWAIWEVGDKLLNHRSAPGAPKKRGIGQLLIDWGLDVGEKLQVPVYLESTRAGLVFYTKLGFEKLSQGAVVKAAGGGPKGAWRAPADPDDLDAPPALD",
  "base_ll": -2.651528835296631,
  "base_perplexity": 14.17569351196289,
  "base_kl": 0.06690040975809097,
  "base_nmse": 0.1617308109998703,
  "recovered_sequence": "MTVWEVHWRGEADGWQKNPTVAWLQGPEKEGAEKAFWAIWEVGDKLLNHRSAPGAPKKRGIGQLLIDWGLDVGEKLQVPVYLESTRAGLVFYTKLGFEKLSQGAVVKAATLGLARGGPSAPALVLRALGEPSPLAV",
  "recovered_ll": -2.5937652587890625,
  "recovered_perplexity": 13.380056381225586,
  "recovered_kl": 0.020178774371743202,
  "recovered_nmse": 0.009702442213892937,
  "nodes": {
    "9": [
      7,
      14,
      38,
      76,
      138,
      180,
      233,
      255,
      326,
      333,
      374,
      426,
      467,
      492,
      519,
      597,
      601,
      631,
      671,
      694,
      732,
      905,
      907,
      963,
      1027,
      1037,
      1075,
      1106,
      1232,
      1234,
      1252,
      1415,
      1435,
      1447,
      1611,
      1622,
      1751,
      1763,
      1769,
      1840,
      1879,
      1945,
      2103,
      2147,
      2242,
      2390,
      2421,
      2429,
      2444,
      2519,
      2613,
      2669,
      2710,
      2728,
      2831,
      2843,
      2898,
      2924,
      3008,
      3107,
      3114,
      3115,
      3146,
      3163,
      3175,
      3276,
      3365,
      3390,
      3448,
      3692,
      3707,
      3831,
      3886,
      3935,
      3945,
      3963,
      4005,
      4116,
      4144,
      4233,
      4317,
      4330,
      4345,
      4353,
      4438,
      4470,
      4513,
      4594
    ],
    "8": [
      1,
      32,
      35,
      91,
      197,
      208,
      222,
      226,
      232,
      265,
      355,
      363,
      368,
      378,
      399,
      492,
      505,
      555,
      603,
      642,
      654,
      665,
      692,
      701,
      703,
      704,
      743,
      759,
      777,
      791,
      798,
      906,
      910,
      951,
      957,
      969,
      974,
      999,
      1009,
      1014,
      1034,
      1058,
      1060,
      1068,
      1095,
      1114,
      1132,
      1141,
      1145,
      1230,
      1243,
      1245,
      1283,
      1292,
      1337,
      1342,
      1360,
      1382,
      1386,
      1397,
      1408,
      1505,
      1520,
      1534,
      1614,
      1649,
      1662,
      1717,
      1722,
      1742,
      1768,
      1777,
      1779,
      1783,
      1831,
      1861,
      1886,
      1946,
      1992,
      2022,
      2028,
      2055,
      2056,
      2068,
      2082,
      2120,
      2148,
      2159,
      2269,
      2274,
      2280,
      2326,
      2327,
      2411,
      2418,
      2422,
      2438,
      2450,
      2454,
      2466,
      2491,
      2504,
      2518,
      2536,
      2539,
      2560,
      2611,
      2617,
      2626,
      2644,
      2668,
      2669,
      2686,
      2694,
      2704,
      2841,
      2846,
      2859,
      2874,
      2878,
      2925,
      2942,
      2944,
      2955,
      2974,
      2977,
      2994,
      2998,
      3003,
      3049,
      3080,
      3097,
      3108,
      3149,
      3156,
      3198,
      3245,
      3463,
      3474,
      3495,
      3518,
      3544,
      3552,
      3605,
      3629,
      3650,
      3677,
      3690,
      3695,
      3705,
      3709,
      3733,
      3827,
      3841,
      3849,
      3855,
      3862,
      3868,
      3880,
      3901,
      3938,
      3940,
      3947,
      3958,
      4012,
      4034,
      4053,
      4066,
      4070,
      4083,
      4126,
      4129,
      4131,
      4135,
      4136,
      4138,
      4142,
      4143,
      4149,
      4179,
      4189,
      4274,
      4292,
      4301,
      4304,
      4328,
      4408,
      4453,
      4471,
      4477,
      4493,
      4521,
      4533,
      4537,
      4553,
      4592,
      4597
    ],
    "0": [
      218,
      567,
      851,
      1149,
      1290,
      1656,
      1705,
      1813,
      1840,
      1942,
      1995,
      2176,
      2283,
      2625,
      2669,
      3050,
      3454,
      3491,
      3605,
      3871,
      3908,
      4426
    ],
    "7": [
      67,
      88,
      136,
      171,
      185,
      210,
      227,
      278,
      287,
      305,
      398,
      402,
      486,
      490,
      500,
      550,
      558,
      594,
      611,
      617,
      636,
      638,
      674,
      676,
      682,
      705,
      708,
      760,
      809,
      909,
      963,
      975,
      1005,
      1094,
      1133,
      1213,
      1219,
      1250,
      1272,
      1332,
      1335,
      1369,
      1483,
      1525,
      1533,
      1626,
      1715,
      1835,
      1836,
      1838,
      1855,
      1880,
      1957,
      1958,
      1970,
      2017,
      2029,
      2136,
      2147,
      2160,
      2161,
      2202,
      2232,
      2271,
      2342,
      2351,
      2374,
      2382,
      2389,
      2400,
      2421,
      2423,
      2434,
      2441,
      2450,
      2497,
      2509,
      2548,
      2560,
      2575,
      2622,
      2685,
      2690,
      2727,
      2759,
      2850,
      2892,
      2972,
      2990,
      3018,
      3023,
      3044,
      3055,
      3119,
      3264,
      3419,
      3422,
      3426,
      3460,
      3535,
      3540,
      3584,
      3602,
      3650,
      3663,
      3688,
      3713,
      3729,
      3763,
      3792,
      3807,
      3816,
      3820,
      3871,
      3923,
      3964,
      3966,
      4024,
      4030,
      4034,
      4047,
      4106,
      4114,
      4126,
      4131,
      4132,
      4302,
      4334,
      4335,
      4358,
      4441,
      4458,
      4495,
      4505,
      4533,
      4546,
      4604
    ],
    "3": [
      205,
      258,
      280,
      315,
      354,
      374,
      375,
      556,
      703,
      906,
      914,
      976,
      986,
      990,
      1198,
      1348,
      1399,
      1452,
      1495,
      1515,
      1592,
      1607,
      1619,
      1731,
      1810,
      1964,
      2001,
      2027,
      2090,
      2126,
      2302,
      2477,
      2483,
      2652,
      2806,
      2862,
      2975,
      3048,
      3107,
      3136,
      3318,
      3320,
      3385,
      3397,
      3445,
      3537,
      3554,
      3575,
      3760,
      3763,
      3790,
      3886,
      3894,
      3919,
      3941,
      4003,
      4036,
      4329,
      4435,
      4471,
      4485,
      4507,
      4559
    ],