{
  "entry": "C0HLR0",
  "entry_name": "RBS_CHAMQ",
  "type": "CLM",
  "prompt": "MRLTQGAFSYLPDLTD",
  "k": 32,
  "original_sequence": "MRLTQGAFSYLPDLTDAQII",
  "original_ll": -1.9476954936981201,
  "original_perplexity": 7.012508392333984,
  "progen3_sequence": "MRLTQGAFSYLPDLTDEQIR",
  "progen3_ll": -0.5592849254608154,
  "progen3_perplexity": 1.7494211196899414,
  "max_sequence": "MRLTQGAFSYLPDLTDEEIE",
  "max_ll": -1.5692797899246216,
  "max_perplexity": 4.803187370300293,
  "max_kl": 0.7182799577713013,
  "max_nmse": 0.3414806127548218,
  "base_sequence": "MRLTQGAFSYLPDLTDASLR",
  "base_ll": -2.874987840652466,
  "base_perplexity": 17.725208282470703,
  "base_kl": 1.043178677558899,
  "base_nmse": 1.8655242919921875,
  "recovered_sequence": "MRLTQGAFSYLPDLTDEEIV",
  "recovered_ll": -1.9315844774246216,
  "recovered_perplexity": 6.900435447692871,
  "recovered_kl": 0.7665587663650513,
  "recovered_nmse": 0.4490338861942291,
  "nodes": {
    "9": [
      255,
      316,
      342,
      484,
      902,
      998,
      1175,
      1195,
      1234,
      1348,
      1443,
      1468,
      1550,
      1652,
      1879,
      2174,
      2474,
      3029,
      3037,
      3203,
      3339,
      3454,
      3515,
      4131,
      4513,
      4570,
      4594
    ],
    "8": [
      869,
      1134,
      1962,
      1972,
      4282
    ]
  }
}
