{
  "entry": "C5B2R8",
  "entry_name": "DMRA_METEA",
  "type": "GLM_1",
  "prompt": "MIDVRCICAIGQRGQLGLNGHLPWEGNTDPLFVEDVTRFFALTMGHVLIAGPKTVASVPEFAFKDRTIDVIRSHEDPEAVLKRYPGRRIFVGGGIAVWNVYAKYIQHWDVTRLPYDGEADRWFDPAWLVGGPLRS[GLM]107-115-8",
  "k": 64,
  "original_sequence": "MIDVRCICAIGQRGQLGLNGHLPWEGNTDPLFVEDVTRFFALTMGHVLIAGPKTVASVPEFAFKDRTIDVIRSHEDPEAVLKRYPGRRIFVGGGIAVWNVYAKYIQHWDVTRLPYDGEADRWFDPAWLVGGPLRS",
  "original_ll": -2.939150094985962,
  "original_perplexity": 18.899776458740234,
  "progen3_sequence": "MIDVRCICAIGQRGQLGLNGHLPWEGNTDPLFVEDVTRFFALTMGHVLIAGPKTVASVPEFAFKDRTIDVIRSHEDPEAVLKRYPGRRIFVGGGIAVWNVYAKYIQHIDQLDLEMDGEADRWFDPAWLVGGPLRS",
  "progen3_ll": -2.916688919067383,
  "progen3_perplexity": 18.479997634887695,
  "max_sequence": "MIDVRCICAIGQRGQLGLNGHLPWEGNTDPLFVEDVTRFFALTMGHVLIAGPKTVASVPEFAFKDRTIDVIRSHEDPEAVLKRYPGRRIFVGGGIAVWNVYAKYIQHKDLFDVDIDGEADRWFDPAWLVGGPLRS",
  "max_ll": -2.7637877464294434,
  "max_perplexity": 15.85980224609375,
  "max_kl": 0.8002403974533081,
  "max_nmse": 0.1491931825876236,
  "base_sequence": "MIDVRCICAIGQRGQLGLNGHLPWEGNTDPLFVEDVTRFFALTMGHVLIAGPKTVASVPEFAFKDRTIDVIRSHEDPEAVLKRYPGRRIFVGGGIAVWNVYAKYIQHMEYYVVFEDGEADRWFDPAWLVGGPLRS",
  "base_ll": -3.217226982116699,
  "base_perplexity": 24.958812713623047,
  "base_kl": 1.1387728452682495,
  "base_nmse": 0.4443381130695343,
  "recovered_sequence": "MIDVRCICAIGQRGQLGLNGHLPWEGNTDPLFVEDVTRFFALTMGHVLIAGPKTVASVPEFAFKDRTIDVIRSHEDPEAVLKRYPGRRIFVGGGIAVWNVYAKYIQHDAEYGDTFDGEADRWFDPAWLVGGPLRS",
  "recovered_ll": -2.9697213172912598,
  "recovered_perplexity": 19.486488342285156,
  "recovered_kl": 0.9559699296951294,
  "recovered_nmse": 0.10541477799415588,
  "nodes": {
    "9": [
      138,
      255,
      333,
      467,
      484,
      601,
      631,
      671,
      694,
      729,
      732,
      813,
      907,
      963,
      1037,
      1106,
      1234,
      1252,
      1447,
      1611,
      1751,
      1840,
      1879,
      1945,
      2103,
      2174,
      2242,
      2390,
      2399,
      2444,
      2613,
      2631,
      2843,
      2924,
      3114,
      3115,
      3163,
      3194,
      3365,
      3692,
      3707,
      3886,
      3945,
      4233,
      4345,
      4355,
      4513,
      4594
    ],
    "8": [
      581,
      908,
      2518,
      2882,
      3667,
      3994,
      4083
    ],
    "6": [
      360,
      499,
      876,
      2439,
      2548,
      4362
    ],
    "7": [
      1982,
      2868,
      4013
    ]
  }
}
