{
  "entry": "D6GRK6",
  "entry_name": "CAS2_FILAD",
  "type": "GLM_1",
  "prompt": "MRIIVFFDLPTITLEDKRDYRDFRKFLIKKGFLMMQESVYCKLVLNQTVASSVLSSIRKHKPKSGLVQMIMVTEKQFAKMEYLCGEKRSNVVDSDDRLVIL[GLM]31-40-9",
  "k": 32,
  "original_sequence": "MRIIVFFDLPTITLEDKRDYRDFRKFLIKKGFLMMQESVYCKLVLNQTVASSVLSSIRKHKPKSGLVQMIMVTEKQFAKMEYLCGEKRSNVVDSDDRLVIL",
  "original_ll": -2.765188455581665,
  "original_perplexity": 15.88203239440918,
  "progen3_sequence": "MRIIVFFDLPTITLEDKRDYRDFRKFLIKKGYNPFLKAKKCKLVLNQTVASSVLSSIRKHKPKSGLVQMIMVTEKQFAKMEYLCGEKRSNVVDSDDRLVIL",
  "progen3_ll": -2.710603952407837,
  "progen3_perplexity": 15.038355827331543,
  "max_sequence": "MRIIVFFDLPTITLEDKRDYRDFRKFLIKKGNLFLEKENECKLVLNQTVASSVLSSIRKHKPKSGLVQMIMVTEKQFAKMEYLCGEKRSNVVDSDDRLVIL",
  "max_ll": -2.895867109298706,
  "max_perplexity": 18.09918785095215,
  "max_kl": 0.15730184316635132,
  "max_nmse": 0.046854663640260696,
  "base_sequence": "MRIIVFFDLPTITLEDKRDYRDFRKFLIKKGMMMIMNKNMCKLVLNQTVASSVLSSIRKHKPKSGLVQMIMVTEKQFAKMEYLCGEKRSNVVDSDDRLVIL",
  "base_ll": -3.5282530784606934,
  "base_perplexity": 34.06440734863281,
  "base_kl": 0.32212454080581665,
  "base_nmse": 1.0543683767318726,
  "recovered_sequence": "MRIIVFFDLPTITLEDKRDYRDFRKFLIKKGEVIFLKDKKCKLVLNQTVASSVLSSIRKHKPKSGLVQMIMVTEKQFAKMEYLCGEKRSNVVDSDDRLVIL",
  "recovered_ll": -2.6884851455688477,
  "recovered_perplexity": 14.709376335144043,
  "recovered_kl": 0.18085646629333496,
  "recovered_nmse": 0.3961634039878845,
  "nodes": {
    "9": [
      138,
      255,
      467,
      484,
      601,
      729,
      732,
      902,
      998,
      1106,
      1234,
      1468,
      1751,
      1810,
      1879,
      2103,
      2174,
      2444,
      2631,
      2838,
      2843,
      3114,
      3258,
      3692,
      3707,
      3963,
      4258,
      4355,
      4513,
      4584,
      4594
    ],
    "8": [
      215
    ]
  }
}
