{
  "entry": "F4CQ78",
  "entry_name": "RBS_PSEUX",
  "type": "GLM_1",
  "prompt": "MRITQGTFSYLPDFTDEEITAQINYALTNDWPLSVEFTDDPHPRNTYWEMWGLPMFDLRDPAGVLMEVNACRAANPNAYVRLNAYDASLGRQTTALSFIVQRPAEEPGFRLDRAEGRGRAIGYTTHSYATERPVGDRYTQG[GLM]103-116-13",
  "k": 832,
  "original_sequence": "MRITQGTFSYLPDFTDEEITAQINYALTNDWPLSVEFTDDPHPRNTYWEMWGLPMFDLRDPAGVLMEVNACRAANPNAYVRLNAYDASLGRQTTALSFIVQRPAEEPGFRLDRAEGRGRAIGYTTHSYATERPVGDRYTQG",
  "original_ll": -1.5033535957336426,
  "original_perplexity": 4.496744155883789,
  "progen3_sequence": "MRITQGTFSYLPDFTDEEITAQINYALTNDWPLSVEFTDDPHPRNTYWEMWGLPMFDLRDPAGVLMEVNACRAANPNAYVRLNAYDASLGRQTTALSFIVQRPVVALMVDMLGLDDRGRAIGYTTHSYATERPVGDRYTQG",
  "progen3_ll": -3.3327887058258057,
  "progen3_perplexity": 28.0163631439209,
  "max_sequence": "MRITQGTFSYLPDFTDEEITAQINYALTNDWPLSVEFTDDPHPRNTYWEMWGLPMFDLRDPAGVLMEVNACRAANPNAYVRLNAYDASLGRQTTALSFIVQRPRIVPNRREERRSDRGRAIGYTTHSYATERPVGDRYTQG",
  "max_ll": -3.4159460067749023,
  "max_perplexity": 30.445735931396484,
  "max_kl": 0.15148521959781647,
  "max_nmse": 0.07368969917297363,
  "base_sequence": "MRITQGTFSYLPDFTDEEITAQINYALTNDWPLSVEFTDDPHPRNTYWEMWGLPMFDLRDPAGVLMEVNACRAANPNAYVRLNAYDASLGRQTTALSFIVQRPLPPPPRCRCSVDMRGRAIGYTTHSYATERPVGDRYTQG",
  "base_ll": -3.5094146728515625,
  "base_perplexity": 33.42869567871094,
  "base_kl": 0.44141528010368347,
  "base_nmse": 1.295660376548767,
  "recovered_sequence": "MRITQGTFSYLPDFTDEEITAQINYALTNDWPLSVEFTDDPHPRNTYWEMWGLPMFDLRDPAGVLMEVNACRAANPNAYVRLNAYDASLGRQTTALSFIVQRPVVAPDDDMFFDPYRGRAIGYTTHSYATERPVGDRYTQG",
  "recovered_ll": -3.5062663555145264,
  "recovered_perplexity": 33.32361602783203,
  "recovered_kl": 0.3983617424964905,
  "recovered_nmse": 0.7430503368377686,
  "nodes": {
    "9": [
      20,
      53,
      222,
      233,
      255,
      266,
      315,
      342,
      374,
      484,
      506,
      579,
      671,
      694,
      716,
      729,
      732,
      765,
      941,
      998,
      1028,
      1075,
      1106,
      1183,
      1195,
      1234,
      1252,
      1274,
      1348,
      1415,
      1435,
      1437,
      1443,
      1447,
      1468,
      1565,
      1652,
      1666,
      1748,
      1751,
      1763,
      1824,
      1840,
      1879,
      2103,
      2147,
      2174,
      2242,
      2283,
      2309,
      2444,
      2474,
      2483,
      2613,
      2631,
      2831,
      2838,
      2933,
      2939,
      2953,
      3029,
      3037,
      3114,
      3115,
      3123,
      3194,
      3203,
      3226,
      3258,
      3276,
      3339,
      3349,
      3365,
      3376,
      3390,
      3448,
      3454,
      3515,
      3650,
      3707,
      3886,
      3935,
      3945,
      4116,
      4131,
      4203,
      4233,
      4258,
      4264,
      4274,
      4283,
      4341,
      4353,
      4355,
      4470,
      4513,
      4570,
      4584,
      4594
    ],
    "4": [
      3,
      35,
      80,
      170,
      292,
      297,
      332,
      397,
      419,
      484,
      577,
      582,
      655,
      764,
      849,
      878,
      915,
      1009,
      1036,
      1109,
      1133,
      1221,
      1255,
      1259,
      1268,
      1330,
      1407,
      1409,
      1419,
      1492,
      1497,
      1553,
      1614,
      1655,
      1711,
      1759,
      1774,
      1822,
      1882,
      2010,
      2264,
      2368,
      2389,
      2589,
      2591,
      2758,
      2925,
      2974,
      3039,
      3078,
      3097,
      3145,
      3160,
      3369,
      3388,
      3400,
      3578,
      3599,
      3714,
      3724,
      3739,
      3771,
      3787,
      3807,
      3870,
      3880,
      3934,
      4038,
      4080,
      4166,
      4176,
      4182,
      4259,
      4335,
      4372,
      4379,
      4401,
      4481
    ],
    "8": [
      1,
      87,
      216,
      232,
      250,
      265,
      311,
      355,
      411,
      426,
      428,
      433,
      502,
      524,
      555,
      581,
      592,
      604,
      671,
      759,
      798,
      823,
      825,
      832,
      844,
      872,
      877,
      910,
      959,
      969,
      999,
      1003,
      1009,
      1098,
      1134,
      1141,
      1147,
      1183,
      1208,
      1228,
      1245,
      1265,
      1284,
      1292,
      1302,
      1337,
      1356,
      1359,
      1382,
      1386,
      1389,
      1479,
      1499,
      1505,
      1530,
      1534,
      1556,
      1566,
      1592,
      1615,
      1697,
      1741,
      1742,
      1768,
      1778,
      1791,
      1794,
      1801,
      1881,
      1887,
      1935,
      1972,
      1992,
      2002,
      2022,
      2028,
      2120,
      2148,
      2157,
      2159,
      2233,
      2241,
      2269,
      2273,
      2280,
      2322,
      2326,
      2327,
      2428,
      2439,
      2450,
      2523,
      2528,
      2543,
      2561,
      2577,
      2657,
      2668,
      2688,
      2704,
      2718,
      2747,
      2788,
      2846,
      2859,
      2882,
      2892,
      2926,
      2959,
      2962,
      2964,
      3037,
      3049,
      3076,
      3080,
      3097,
      3108,
      3109,
      3154,
      3209,
      3213,
      3226,
      3269,
      3377,
      3428,
      3434,
      3465,
      3552,
      3611,
      3667,
      3673,
      3693,
      3695,
      3712,
      3741,
      3820,
      3847,
      3849,
      3901,
      3938,
      4012,
      4016,
      4024,
      4034,
      4040,
      4066,
      4070,
      4083,
      4094,
      4138,
      4151,
      4179,
      4188,
      4303,
      4304,
      4309,
      4328,
      4380,
      4471,
      4477,
      4493,
      4510,
      4521,
      4533,
      4553,
      4601
    ],
    "0": [
      567,
      875,
      999,
      1149,
      1290,
      1942,
      1995,
      2625,
      3605,
      3908
    ],
    "7": [
      47,
      107,
      136,
      183,
      219,
      225,
      305,
      312,
      320,
      329,
      363,
      402,
      486,
      500,
      550,
      621,
      682,
      757,
      909,
      1335,
      1365,
      1369,
      1400,
      1452,
      1551,
      1561,
      1626,
      1630,
      1643,
      1747,
      1836,
      1880,
      1928,
      1957,
      1968,
      1982,
      2021,
      2029,
      2044,
      2102,
      2136,
      2142,
      2147,
      2156,
      2160,
      2161,
      2217,
      2232,
      2257,
      2271,
      2275,
      2289,
      2340,
      2374,
      2380,
      2382,
      2389,
      2434,
      2441,
      2497,
      2537,
      2548,
      2560,
      2575,
      2611,
      2632,
      2671,
      2690,
      2702,
      2744,
      2819,
      2998,
      3018,
      3092,
      3112,
      3117,
      3119,
      3231,
      3264,
      3293,
      3370,
      3419,
      3426,
      3446,
      3535,
      3540,
      3585,
      3628,
      3648,
      3713,
      3763,
      3792,
      3793,
      3816,
      3871,
      3938,
      3954,
      4024,
      4047,
      4071,
      4131,
      4170,
      4327,
      4334,
      4358,
      4391,
      4396,
      4449,
      4495,
      4497,
      4511,
      4527,
      4604
    ],
    "2": [
      0,
      116,
      245,
      403,
      1190,
      1884,
      2667,
      3228,
      3278,
      3333,
      3773,
      3864,
      3981,
      4005,
      4237
    ],