{
  "entry": "G2TRP8",
  "entry_name": "MZM1_SCHPO",
  "type": "GLM_1",
  "prompt": "MSAAKQCFRNLWRASNSVFEGDPMILAAARDKIRTGFHNHRCCSPEEAKKEIQNGNAVAEILRRNVVQAEKQSNDTYSLKIRKTTEINTNRQFTEKKFPR[GLM]72-74-2",
  "k": 288,
  "original_sequence": "MSAAKQCFRNLWRASNSVFEGDPMILAAARDKIRTGFHNHRCCSPEEAKKEIQNGNAVAEILRRNVVQAEKQSNDTYSLKIRKTTEINTNRQFTEKKFPR",
  "original_ll": -3.386929988861084,
  "original_perplexity": 29.57501792907715,
  "progen3_sequence": "MSAAKQCFRNLWRASNSVFEGDPMILAAARDKIRTGFHNHRCCSPEEAKKEIQNGNAVAEILRRNVVQAEKQGMDTYSLKIRKTTEINTNRQFTEKKFPR",
  "progen3_ll": -2.787998676300049,
  "progen3_perplexity": 16.24846839904785,
  "max_sequence": "MSAAKQCFRNLWRASNSVFEGDPMILAAARDKIRTGFHNHRCCSPEEAKKEIQNGNAVAEILRRNVVQAEKQEADTYSLKIRKTTEINTNRQFTEKKFPR",
  "max_ll": -2.6624817848205566,
  "max_perplexity": 14.33181381225586,
  "max_kl": 0.11662612855434418,
  "max_nmse": 0.08077499270439148,
  "base_sequence": "MSAAKQCFRNLWRASNSVFEGDPMILAAARDKIRTGFHNHRCCSPEEAKKEIQNGNAVAEILRRNVVQAEKQMQDTYSLKIRKTTEINTNRQFTEKKFPR",
  "base_ll": -3.2001953125,
  "base_perplexity": 24.537322998046875,
  "base_kl": 0.24259796738624573,
  "base_nmse": 0.7970014810562134,
  "recovered_sequence": "MSAAKQCFRNLWRASNSVFEGDPMILAAARDKIRTGFHNHRCCSPEEAKKEIQNGNAVAEILRRNVVQAEKQLSDTYSLKIRKTTEINTNRQFTEKKFPR",
  "recovered_ll": -2.4758315086364746,
  "recovered_perplexity": 11.89159107208252,
  "recovered_kl": 0.1386582851409912,
  "recovered_nmse": 0.0668698251247406,
  "nodes": {
    "9": [
      7,
      38,
      76,
      138,
      180,
      255,
      266,
      326,
      333,
      467,
      597,
      601,
      631,
      694,
      732,
      813,
      905,
      907,
      963,
      1037,
      1075,
      1106,
      1183,
      1232,
      1234,
      1252,
      1415,
      1447,
      1611,
      1622,
      1751,
      1763,
      1769,
      1840,
      1879,
      1945,
      2103,
      2242,
      2390,
      2429,
      2613,
      2728,
      2831,
      2843,
      2898,
      2924,
      2945,
      3107,
      3114,
      3115,
      3175,
      3365,
      3390,
      3448,
      3707,
      3831,
      3886,
      3935,
      3959,
      4005,
      4233,
      4330,
      4345,
      4353,
      4355,
      4438,
      4513,
      4591,
      4594
    ],
    "6": [
      43,
      267,
      304,
      351,
      394,
      425,
      460,
      682,
      714,
      715,
      724,
      741,
      996,
      1098,
      1136,
      1229,
      1234,
      1254,
      1441,
      1591,
      1627,
      1889,
      1910,
      2010,
      2051,
      2181,
      2222,
      2302,
      2308,
      2409,
      2520,
      2619,
      2926,
      3290,
      4026,
      4149,
      4353,
      4407,
      4492
    ],
    "8": [
      268,
      390,
      603,
      759,
      872,
      937,
      974,
      1000,
      1042,
      1230,
      1292,
      1342,
      1479,
      1615,
      1619,
      1865,
      1887,
      1972,
      1992,
      2280,
      2327,
      2438,
      2675,
      2788,
      2859,
      3108,
      3109,
      3198,
      3465,
      3491,
      3544,
      3611,
      3650,
      3769,
      3793,
      3938,
      3958,
      4012,
      4016,
      4049,
      4138,
      4303,
      4471
    ],
    "2": [
      218,
      520,
      586,
      676,
      841,
      1147,
      1737,
      1814,
      2046,
      2150,
      2214,
      3050,
      3138,
      3213,
      3811
    ],
    "3": [
      60,
      114,
      218,
      264,
      392,
      394,
      726,
      773,
      1009,
      1134,
      1143,
      1163,
      1218,
      1341,
      1528,
      1555,
      1626,
      1832,
      2261,
      2586,
      2631,
      2997,
      3161,
      3395,
      3461,
      3475,
      3513,
      3647,
      3654,
      3949,
      4188,
      4565,
      4599
    ],
    "0": [
      131,
      1205,
      1625,
      1950,
      2339
    ],
    "5": [
      61,
      357,
      697,
      1225,
      1654,
      1753,
      2040,
      2119,
      2218,
      2275,
      2294,
      2308,
      2427,
      2436,
      2558,
      2563,
      2612,
      2912,
      3005,
      3095,
      3379,
      3421,
      3491,
      3603,
      3909,
      3947,
      4090,
      4343,
      4357,
      4564,
      4573
    ],
    "7": [
      130,
      181,
      222,
      309,
      415,
      621,
      645,
      688,
      802,
      900,
      931,
      1089,
      1155,
      1272,
      1497,
      1961,
      2081,
      2089,
      2258,
      2268,
      2671,
      3293,
      3333,
      3734,
      3735,
      3782,
      3801,
      3868,
      4005,
      4107,
      4139,
      4429,
      4495
    ],
    "1": [
      868,
      1230,
      1413,
      1464,
      2048,
      2457,
      2649,
      2747,
      3294,
      3865,
      3975,
      4095,
      4113
    ],
    "4": [
      867,
      1472,
      1871,
      3048,
      3196,
      3625,
      4453
    ]
  }
}
