{
  "entry": "O27362",
  "entry_name": "NOP10_METTH",
  "type": "CLM",
  "prompt": "MKMKRCRSCGEYTLKEVCPHCGGRTGVIYPPKFSPEDKYGAYRRKLK",
  "k": 256,
  "original_sequence": "MKMKRCRSCGEYTLKEVCPHCGGRTGVIYPPKFSPEDKYGAYRRKLKRELYSRGSGESK",
  "original_ll": -2.713340997695923,
  "original_perplexity": 15.079572677612305,
  "progen3_sequence": "MKMKRCRSCGEYTLKEVCPHCGGRTGVIYPPKFSPEDKYGAYRRKLKKILKDLPKGSGK",
  "progen3_ll": -2.4329798221588135,
  "progen3_perplexity": 11.392780303955078,
  "max_sequence": "MKMKRCRSCGEYTLKEVCPHCGGRTGVIYPPKFSPEDKYGAYRRKLKKRRDIKNEDLLV",
  "max_ll": -2.763188362121582,
  "max_perplexity": 15.850298881530762,
  "max_kl": 0.034619495272636414,
  "max_nmse": 0.017198191955685616,
  "base_sequence": "MKMKRCRSCGEYTLKEVCPHCGGRTGVIYPPKFSPEDKYGAYRRKLKYIYKESEEAVV",
  "base_ll": -2.8955347537994385,
  "base_perplexity": 18.09317398071289,
  "base_kl": 0.13964568078517914,
  "base_nmse": 0.14544588327407837,
  "recovered_sequence": "MKMKRCRSCGEYTLKEVCPHCGGRTGVIYPPKFSPEDKYGAYRRKLKKILKDPPKGEEL",
  "recovered_ll": -2.6383814811706543,
  "recovered_perplexity": 13.9905424118042,
  "recovered_kl": 0.039745040237903595,
  "recovered_nmse": 0.008877559565007687,
  "nodes": {
    "9": [
      1,
      7,
      14,
      20,
      38,
      76,
      138,
      180,
      233,
      255,
      266,
      333,
      374,
      419,
      467,
      519,
      601,
      631,
      671,
      694,
      732,
      902,
      907,
      963,
      1027,
      1037,
      1075,
      1106,
      1183,
      1232,
      1234,
      1252,
      1415,
      1435,
      1443,
      1447,
      1550,
      1611,
      1622,
      1751,
      1763,
      1840,
      1879,
      1945,
      2103,
      2242,
      2429,
      2444,
      2474,
      2482,
      2613,
      2669,
      2728,
      2843,
      2898,
      2924,
      2933,
      2953,
      3107,
      3114,
      3115,
      3146,
      3163,
      3175,
      3258,
      3290,
      3365,
      3390,
      3448,
      3650,
      3707,
      3773,
      3831,
      3868,
      3886,
      3935,
      3945,
      4005,
      4116,
      4233,
      4258,
      4330,
      4345,
      4353,
      4355,
      4438,
      4470,
      4513,
      4594
    ],
    "2": [
      471,
      1190,
      1330,
      2046,
      2488,
      3164,
      3333,
      3432,
      3442,
      3694,
      4237
    ],
    "0": [
      1205,
      1840,
      2205,
      3871,
      3908
    ],
    "8": [
      8,
      192,
      215,
      250,
      268,
      390,
      604,
      693,
      725,
      777,
      823,
      974,
      1000,
      1178,
      1225,
      1230,
      1292,
      1337,
      1592,
      1615,
      1697,
      1972,
      1992,
      2253,
      2280,
      2322,
      2327,
      2510,
      2841,
      2859,
      3003,
      3108,
      3209,
      3215,
      3454,
      3519,
      3602,
      3619,
      3650,
      3693,
      3705,
      3758,
      3769,
      3793,
      3880,
      4227,
      4304,
      4328,
      4380,
      4477
    ],
    "4": [
      13,
      291,
      572,
      813,
      942,
      1015,
      1499,
      2198,
      2543,
      2693,
      2829,
      3196,
      3260,
      4257,
      4356
    ],
    "7": [
      320,
      423,
      525,
      1082,
      1335,
      1369,
      1456,
      1642,
      1887,
      2007,
      2423,
      2431,
      2671,
      3628,
      3792,
      4009,
      4299,
      4533
    ],
    "5": [
      183,
      1125,
      1222,
      1333,
      1479,
      1880,
      2363,
      2457,
      2471,
      2945,
      3083,
      3379,
      3502,
      3858,
      3909,
      4173,
      4261,
      4560
    ],
    "6": [
      193,
      270,
      445,
      714,
      758,
      1102,
      1132,
      1254,
      1410,
      1606,
      1940,
      2051,
      2120,
      2707,
      3059,
      3253,
      3303,
      3493,
      3633,
      4342,
      4586
    ],
    "3": [
      392,
      860,
      1341,
      1523,
      1598,
      2214,
      2806,
      3255,
      3570,
      3941,
      3968,
      4485
    ],
    "1": [
      421,
      864,
      1230,
      1441,
      1955,
      2137,
      2241,
      2376,
      2457,
      2467,
      3045,
      3091,
      3504,
      3734,
      3865,
      4095,
      4408
    ]
  }
}
