{
  "entry": "O29540",
  "entry_name": "Y718_ARCFU",
  "type": "GLM_2",
  "prompt": "MVKVYVLVDNKVVDLRPPGMKAEWGFSAYIDAKEPVLMDSGIRYRL[GLM]6-19-13",
  "k": 128,
  "original_sequence": "MVKVYVLVDNKVVDLRPPGMKAEWGFSAYIDAKEPVLMDSGIRYRL",
  "original_ll": -2.849870443344116,
  "original_perplexity": 17.28554344177246,
  "progen3_sequence": "MVKVYVMAKLSQLIDIVNNMKAEWGFSAYIDAKEPVLMDSGIRYRL",
  "progen3_ll": -2.9670701026916504,
  "progen3_perplexity": 19.434894561767578,
  "max_sequence": "MVKVYVSKYVFILEMIPLLMKAEWGFSAYIDAKEPVLMDSGIRYRL",
  "max_ll": -2.8868281841278076,
  "max_perplexity": 17.936328887939453,
  "max_kl": 0.12839730083942413,
  "max_nmse": 0.0585392527282238,
  "base_sequence": "MVKVYVMEMMVYMVEMMMMMKAEWGFSAYIDAKEPVLMDSGIRYRL",
  "base_ll": -2.7403957843780518,
  "base_perplexity": 15.493115425109863,
  "base_kl": 0.4305919408798218,
  "base_nmse": 0.8362881541252136,
  "recovered_sequence": "MVKVYVNLKNDFEEDLGNNMKAEWGFSAYIDAKEPVLMDSGIRYRL",
  "recovered_ll": -2.819399833679199,
  "recovered_perplexity": 16.76678466796875,
  "recovered_kl": 0.1539059281349182,
  "recovered_nmse": 0.08043410629034042,
  "nodes": {
    "9": [
      1,
      7,
      21,
      76,
      138,
      180,
      233,
      255,
      266,
      326,
      333,
      382,
      419,
      426,
      467,
      601,
      631,
      671,
      694,
      732,
      813,
      905,
      907,
      963,
      1037,
      1075,
      1106,
      1183,
      1234,
      1252,
      1415,
      1544,
      1583,
      1611,
      1748,
      1751,
      1840,
      1879,
      1945,
      2103,
      2242,
      2399,
      2444,
      2474,
      2482,
      2519,
      2610,
      2613,
      2669,
      2728,
      2843,
      2924,
      2953,
      3008,
      3115,
      3163,
      3175,
      3226,
      3284,
      3365,
      3390,
      3448,
      3692,
      3707,
      3886,
      3959,
      3963,
      4144,
      4233,
      4330,
      4341,
      4353,
      4513,
      4591,
      4594
    ],
    "8": [
      832,
      869,
      930,
      985,
      1000,
      1479,
      1582,
      1806,
      1860,
      1974,
      3070,
      4016
    ],
    "6": [
      445,
      578,
      1177,
      2621,
      2622,
      3129,
      3597,
      3761,
      4214,
      4586,
      4598
    ],
    "4": [
      2374,
      2670,
      2872,
      3155,
      3397,
      3688,
      3704
    ],
    "3": [
      1925,
      2449,
      2662,
      4055
    ],
    "5": [
      1153,
      1732,
      2594,
      2974,
      3361,
      3404,
      3748,
      3800,
      4084
    ],
    "7": [
      80,
      355,
      2007,
      2531,
      3466
    ],
    "2": [
      195,
      880,
      1287
    ],
    "0": [
      1813
    ],
    "1": [
      2137
    ]
  }
}
