{
  "entry": "P0C011",
  "entry_name": "KAS2_KASSE",
  "type": "CLM",
  "prompt": "FIQYLAPLIPHAVKAI",
  "k": 928,
  "original_sequence": "FIQYLAPLIPHAVKAISDLI",
  "original_ll": -2.684530019760132,
  "original_perplexity": 14.651314735412598,
  "progen3_sequence": "FIQYLAPLIPHAVKAIRRVS",
  "progen3_ll": -2.7988908290863037,
  "progen3_perplexity": 16.426416397094727,
  "max_sequence": "FIQYLAPLIPHAVKAIGGDL",
  "max_ll": -2.484309434890747,
  "max_perplexity": 11.99283504486084,
  "max_kl": 0.011799361556768417,
  "max_nmse": 0.015396627597510815,
  "base_sequence": "FIQYLAPLIPHAVKAIGLST",
  "base_ll": -2.558344841003418,
  "base_perplexity": 12.914424896240234,
  "base_kl": 0.031525932252407074,
  "base_nmse": 0.0377117395401001,
  "recovered_sequence": "FIQYLAPLIPHAVKAIRRVS",
  "recovered_ll": -2.7988908290863037,
  "recovered_perplexity": 16.426416397094727,
  "recovered_kl": 0.017028983682394028,
  "recovered_nmse": 0.017674867063760757,
  "nodes": {
    "9": [
      1,
      7,
      21,
      38,
      76,
      138,
      180,
      233,
      255,
      266,
      326,
      333,
      382,
      419,
      426,
      467,
      601,
      671,
      694,
      732,
      813,
      905,
      907,
      963,
      1037,
      1106,
      1234,
      1252,
      1415,
      1544,
      1583,
      1622,
      1740,
      1840,
      1879,
      1945,
      2103,
      2242,
      2377,
      2444,
      2519,
      2610,
      2613,
      2728,
      2843,
      2924,
      2933,
      2953,
      3008,
      3107,
      3114,
      3115,
      3163,
      3284,
      3365,
      3448,
      3692,
      3707,
      3752,
      3788,
      3831,
      3886,
      3959,
      3963,
      4005,
      4144,
      4233,
      4330,
      4353,
      4513,
      4591,
      4594
    ],
    "4": [
      1,
      2,
      17,
      23,
      98,
      116,
      150,
      332,
      413,
      452,
      612,
      651,
      710,
      753,
      794,
      814,
      850,
      930,
      990,
      1004,
      1059,
      1135,
      1143,
      1165,
      1201,
      1318,
      1322,
      1327,
      1405,
      1429,
      1458,
      1467,
      1487,
      1517,
      1523,
      1617,
      1698,
      1704,
      1745,
      1839,
      1847,
      1860,
      1869,
      1874,
      1875,
      1896,
      1979,
      1987,
      2004,
      2023,
      2063,
      2068,
      2143,
      2179,
      2188,
      2190,
      2204,
      2225,
      2238,
      2242,
      2252,
      2255,
      2264,
      2314,
      2344,
      2355,
      2535,
      2557,
      2592,
      2699,
      2757,
      2820,
      2840,
      2915,
      2969,
      3025,
      3030,
      3048,
      3126,
      3147,
      3187,
      3272,
      3298,
      3299,
      3306,
      3384,
      3406,
      3426,
      3442,
      3448,
      3532,
      3613,
      3623,
      3676,
      3710,
      3813,
      3829,
      3959,
      3960,
      4022,
      4061,
      4065,
      4077,
      4082,
      4104,
      4150,
      4156,
      4258,
      4261,
      4303,
      4309,
      4314,
      4320,
      4342,
      4344,
      4356,
      4418,
      4495,
      4503,
      4549,
      4550
    ],
    "8": [
      8,
      80,
      205,
      208,
      268,
      274,
      390,
      603,
      725,
      732,
      767,
      832,
      841,
      846,
      869,
      872,
      951,
      963,
      1000,
      1003,
      1014,
      1029,
      1060,
      1085,
      1230,
      1337,
      1342,
      1368,
      1448,
      1479,
      1499,
      1507,
      1556,
      1582,
      1615,
      1619,
      1684,
      1831,
      1972,
      1974,
      1976,
      2028,
      2120,
      2158,
      2208,
      2280,
      2327,
      2428,
      2438,
      2466,
      2518,
      2747,
      2788,
      2846,
      2859,
      2874,
      2892,
      2906,
      2955,
      2964,
      2998,
      3070,
      3215,
      3274,
      3300,
      3428,
      3463,
      3465,
      3474,
      3544,
      3611,
      3693,
      3705,
      3741,
      3769,
      3855,
      3860,
      3865,
      3866,
      3912,
      3932,
      3958,
      4016,
      4049,
      4094,
      4131,
      4142,
      4151,
      4203,
      4227,
      4281,
      4471,
      4472,
      4475,
      4581
    ],
    "0": [
      531,
      607,
      672,
      884,
      904,
      1059,
      1182,
      1205,
      1251,
      1290,
      1408,
      2164,
      2205,
      2373,
      2711,
      2810,
      2841,
      2862,
      3296,
      3499,
      3575,
      3627,
      3698,
      3925,
      3932,
      4421,
      4541,
      4551
    ],
    "3": [
      28,
      105,
      145,
      171,
      205,
      218,
      242,
      330,
      344,
      398,
      405,
      412,
      477,
      542,
      547,
      630,
      655,
      664,
      743,
      817,
      883,
      929,
      990,
      1005,
      1031,
      1067,
      1075,
      1134,
      1138,
      1148,
      1175,
      1219,
      1231,
      1257,
      1338,
      1348,
      1485,
      1489,
      1507,
      1512,
      1537,
      1538,
      1549,
      1575,
      1577,
      1626,
      1653,
      1685,
      1686,
      1821,
      1824,
      1832,
      1856,
      1910,
      1980,
      2016,
      2023,
      2033,
      2083,
      2139,
      2201,
      2221,
      2246,
      2272,
      2288,
      2367,
      2413,
      2421,
      2423,
      2454,
      2555,
      2566,
      2632,
      2734,
      2736,
      2901,
      2920,
      2950,
      3016,
      3022,
      3040,
      3108,
      3161,
      3183,
      3212,
      3220,
      3336,
      3352,
      3358,
      3395,
      3396,
      3416,
      3434,
      3447,
      3467,
      3494,
      3532,
      3570,
      3575,
      3609,
      3612,
      3663,
      3692,
      3694,
      3709,
      3713,
      3733,
      3741,
      3760,
      3763,
      3801,
      3805,
      3822,
      3852,
      3872,
      3956,
      3967,
      3987,
      3997,
      4010,
      4042,
      4055,
      4083,
      4093,
      4188,
      4232,
      4276,
      4396,
      4400,
      4434,
      4446,
      4510,
      4522,
      4538,
      4581,
      4588
    ],
    "7": [
      2,
      62,
      67,
      136,
      198,
      200,
      254,
      278,
      320,
      329,
      387,
      415,
      486,
      511,
      525,
      645,
      682,
      710,
      764,
      802,
      829,
      900,
      944,
      980,
      1056,
      1082,
      1140,
      1161,
      1175,
      1272,
      1318,
      1320,
      1424,
      1475,
      1497,
      1561,
      1613,
      1649,
      1835,
      1869,
      1897,
      1912,
      2007,
      2178,
      2217,
      2231,
      2256,
      2258,
      2274,
      2299,
      2324,
      2329,
      2339,
      2374,
      2423,
      2434,
      2446,
      2467,
      2484,
      2640,
      2777,
      2819,
      2842,
      2889,
      2914,
      3014,
      3031,
      3041,
      3117,
      3122,
      3378,
      3466,
      3656,
      3663,
      3713,
      3754,
      3772,
      3792,
      3801,
      3841,
      3967,
      3971,
      3974,
      4005,
      4117,
      4174,
      4182,
      4207,
      4222,
      4380,
      4389,
      4411,
      4451,
      4485,
      4551,
      4591,
      4606
    ],