{
  "entry": "P0C0B0",
  "entry_name": "Y1400_ARATH",
  "type": "GLM_2",
  "prompt": "MTLKGALSVKFDVKCPADKFFSAFVEDTNRPFEKNGKTEIEAVDLVKKTMTIQMSGSEIQKYFKTLKGSIAVTPIGVGDGSHVVWTFHFEKVHKDIDDPHSIIDESVKYFKKLDEAILNFKE[GLM]2-42-40",
  "k": 64,
  "original_sequence": "MTLKGALSVKFDVKCPADKFFSAFVEDTNRPFEKNGKTEIEAVDLVKKTMTIQMSGSEIQKYFKTLKGSIAVTPIGVGDGSHVVWTFHFEKVHKDIDDPHSIIDESVKYFKKLDEAILNFKE",
  "original_ll": -3.023489236831665,
  "original_perplexity": 20.562915802001953,
  "progen3_sequence": "MTPVMRVIDKVNNVVNEIWTRNKMSERETDIKAINIIEAEMKVDLVKKTMTIQMSGSEIQKYFKTLKGSIAVTPIGVGDGSHVVWTFHFEKVHKDIDDPHSIIDESVKYFKKLDEAILNFKE",
  "progen3_ll": -2.915454864501953,
  "progen3_perplexity": 18.45720672607422,
  "max_sequence": "MTSKGPQDGEDDPKVELDKVGRKQSIRKNGNLESSGLEEVKVVDLVKKTMTIQMSGSEIQKYFKTLKGSIAVTPIGVGDGSHVVWTFHFEKVHKDIDDPHSIIDESVKYFKKLDEAILNFKE",
  "max_ll": -2.8826231956481934,
  "max_perplexity": 17.861064910888672,
  "max_kl": 0.10277356207370758,
  "max_nmse": 0.09222190082073212,
  "base_sequence": "MTMMMMMMKKNEINFLKNKQKFKKFQFYKKMKYKMQINNNNKVDLVKKTMTIQMSGSEIQKYFKTLKGSIAVTPIGVGDGSHVVWTFHFEKVHKDIDDPHSIIDESVKYFKKLDEAILNFKE",
  "base_ll": -2.701322078704834,
  "base_perplexity": 14.899415969848633,
  "base_kl": 0.363796204328537,
  "base_nmse": 1.4961185455322266,
  "recovered_sequence": "MTPKLKPIGKDENDQNEILTLEKLYEYETDQKAINEILAEPKVDLVKKTMTIQMSGSEIQKYFKTLKGSIAVTPIGVGDGSHVVWTFHFEKVHKDIDDPHSIIDESVKYFKKLDEAILNFKE",
  "recovered_ll": -2.8183772563934326,
  "recovered_perplexity": 16.749649047851562,
  "recovered_kl": 0.11882231384515762,
  "recovered_nmse": 0.20063963532447815,
  "nodes": {
    "9": [
      1,
      7,
      76,
      138,
      255,
      315,
      326,
      333,
      467,
      601,
      671,
      694,
      729,
      732,
      813,
      902,
      905,
      907,
      963,
      1037,
      1075,
      1106,
      1234,
      1447,
      1550,
      1622,
      1840,
      1879,
      2103,
      2174,
      2390,
      2444,
      2482,
      2613,
      2669,
      2728,
      2838,
      2843,
      2924,
      2933,
      2953,
      3123,
      3365,
      3707,
      3886,
      3963,
      4144,
      4233,
      4258,
      4330,
      4341,
      4353,
      4513,
      4594
    ],
    "8": [
      626,
      872,
      1784,
      1896,
      2689,
      2858,
      3204,
      3337,
      3820,
      4495
    ]
  }
}
