{
  "entry": "P0C5N7",
  "entry_name": "YH73A_YEAST",
  "type": "CLM",
  "prompt": "MDRIIRGKRDHILHCPLAAYSSNPRKYPYVKNSLRQDSLWSRGSAT",
  "k": 704,
  "original_sequence": "MDRIIRGKRDHILHCPLAAYSSNPRKYPYVKNSLRQDSLWSRGSATFPVTLWSKVILK",
  "original_ll": -2.9415667057037354,
  "original_perplexity": 18.945505142211914,
  "progen3_sequence": "MDRIIRGKRDHILHCPLAAYSSNPRKYPYVKNSLRQDSLWSRGSATSESKQTPVPTVL",
  "progen3_ll": -2.806241989135742,
  "progen3_perplexity": 16.54761505126953,
  "max_sequence": "MDRIIRGKRDHILHCPLAAYSSNPRKYPYVKNSLRQDSLWSRGSATADESTVSTSVSL",
  "max_ll": -2.660027265548706,
  "max_perplexity": 14.296679496765137,
  "max_kl": 0.003653743304312229,
  "max_nmse": 0.0031575155444443226,
  "base_sequence": "MDRIIRGKRDHILHCPLAAYSSNPRKYPYVKNSLRQDSLWSRGSATCTIALRSCNTLC",
  "base_ll": -2.9187841415405273,
  "base_perplexity": 18.518756866455078,
  "base_kl": 0.12029709666967392,
  "base_nmse": 0.538671612739563,
  "recovered_sequence": "MDRIIRGKRDHILHCPLAAYSSNPRKYPYVKNSLRQDSLWSRGSATSESKQTPVPTVL",
  "recovered_ll": -2.806241989135742,
  "recovered_perplexity": 16.54761505126953,
  "recovered_kl": 0.005950314924120903,
  "recovered_nmse": 0.003573749680072069,
  "nodes": {
    "9": [
      7,
      14,
      21,
      38,
      76,
      138,
      180,
      233,
      255,
      326,
      333,
      382,
      426,
      467,
      492,
      579,
      597,
      601,
      631,
      694,
      732,
      813,
      905,
      907,
      963,
      1027,
      1037,
      1106,
      1234,
      1252,
      1544,
      1611,
      1622,
      1769,
      1840,
      1879,
      1945,
      2103,
      2242,
      2245,
      2377,
      2429,
      2434,
      2474,
      2519,
      2610,
      2710,
      2728,
      2831,
      2843,
      2868,
      2898,
      2914,
      2924,
      3008,
      3107,
      3146,
      3163,
      3175,
      3284,
      3365,
      3448,
      3692,
      3707,
      3752,
      3831,
      3886,
      3963,
      4005,
      4144,
      4233,
      4317,
      4330,
      4345,
      4353,
      4438,
      4513,
      4525,
      4591,
      4594
    ],
    "8": [
      6,
      80,
      205,
      208,
      215,
      265,
      268,
      278,
      324,
      390,
      428,
      534,
      603,
      633,
      678,
      725,
      732,
      743,
      777,
      832,
      864,
      930,
      951,
      963,
      974,
      987,
      1000,
      1003,
      1014,
      1085,
      1098,
      1230,
      1291,
      1337,
      1382,
      1479,
      1483,
      1505,
      1530,
      1533,
      1556,
      1582,
      1615,
      1619,
      1620,
      1730,
      1791,
      1809,
      1831,
      1861,
      1863,
      1879,
      1970,
      1972,
      1974,
      1976,
      1992,
      2082,
      2120,
      2159,
      2260,
      2280,
      2327,
      2424,
      2438,
      2440,
      2518,
      2534,
      2841,
      2846,
      2859,
      2874,
      2906,
      2955,
      2989,
      2998,
      2999,
      3080,
      3198,
      3269,
      3300,
      3371,
      3435,
      3463,
      3519,
      3544,
      3622,
      3624,
      3693,
      3705,
      3730,
      3769,
      3849,
      3855,
      3938,
      3958,
      4016,
      4047,
      4072,
      4083,
      4094,
      4114,
      4131,
      4142,
      4179,
      4184,
      4203,
      4322,
      4380,
      4395,
      4475,
      4521,
      4525
    ],
    "7": [
      13,
      80,
      130,
      136,
      329,
      355,
      406,
      473,
      486,
      511,
      525,
      645,
      676,
      682,
      909,
      1161,
      1175,
      1181,
      1329,
      1335,
      1369,
      1441,
      1561,
      1613,
      1626,
      1649,
      1676,
      1835,
      1838,
      1982,
      1983,
      2007,
      2161,
      2210,
      2217,
      2244,
      2271,
      2299,
      2339,
      2340,
      2374,
      2389,
      2423,
      2434,
      2467,
      2575,
      2627,
      2688,
      2889,
      2915,
      3044,
      3117,
      3264,
      3466,
      3540,
      3584,
      3663,
      3713,
      3729,
      3763,
      3772,
      3792,
      3801,
      3903,
      3906,
      3974,
      4005,
      4009,
      4073,
      4174,
      4353,
      4358,
      4441,
      4459,
      4485,
      4495,
      4533
    ],
    "2": [
      23,
      26,
      176,
      202,
      615,
      703,
      789,
      1285,
      1383,
      1388,
      1497,
      1540,
      1553,
      1571,
      1658,
      1830,
      1846,
      2004,
      2046,
      2363,
      2405,
      2411,
      2467,
      2507,
      2860,
      2898,
      2910,
      2915,
      2944,
      3080,
      3164,
      3228,
      3291,
      3351,
      3404,
      3608,
      3687,
      3691,
      3720,
      4071,
      4208,
      4213,
      4278,
      4474,
      4507
    ],
    "0": [
      218,
      444,
      531,
      875,
      904,
      1205,
      1216,
      1377,
      1397,
      1656,
      1705,
      1813,
      2117,
      2172,
      2205,
      2711,
      2964,
      3575,
      3634,
      3871,
      3941,
      4133,
      4368,
      4385
    ],
    "4": [
      50,
      127,
      132,
      198,
      265,
      307,
      333,
      411,
      412,
      510,
      545,
      547,
      598,
      650,
      727,
      740,
      741,
      753,
      797,
      821,
      846,
      867,
      910,
      935,
      1015,
      1160,
      1172,
      1264,
      1281,
      1318,
      1378,
      1491,
      1651,
      1766,
      1858,
      1859,
      1864,
      1935,
      1975,
      2057,
      2079,
      2131,
      2305,
      2314,
      2329,
      2384,
      2521,
      2558,
      2581,
      2624,
      2637,
      2690,
      2695,
      2847,
      2869,
      2933,
      2986,
      3006,
      3097,
      3108,
      3147,
      3155,
      3303,
      3416,
      3424,
      3433,
      3479,
      3501,
      3538,
      3545,
      3666,
      3710,
      3739,
      3813,
      4022,
      4047,
      4070,
      4207,
      4219,
      4227,
      4284,
      4386,
      4390,
      4464,
      4484,
      4487,
      4515,
      4521,
      4536
    ],
    "1": [
      396,
      403,
      421,
      469,
      505,
      514,
      585,
      649,
      868,
      1076,
      1084,
      1154,
      1157,
      1230,
      1311,
      1321,
      1391,
      1410,
      1464,
      1492,
      1594,
      1668,
      1705,
      1728,
      1843,
      1955,
      1960,
      2023,
      2034,
      2048,
      2094,
      2104,
      2137,
      2241,
      2322,
      2388,
      2410,
      2442,
      2457,
      2775,
      2902,
      2912,
      2913,
      2917,
      3014,
      3045,
      3091,
      3174,
      3215,
      3504,
      3734,
      3865,
      3867,
      3904,
      3964,
      4069,
      4095,
      4113,
      4124,
      4327,
      4378,
      4408
    ],
    "3": [
      65,
      148,
      161,
      205,
      218,
      264,
      350,
      523,
      542,
      579,
      666,
      690,
      714,
      748,
      769,
      783,
      975,
      1053,
      1056,
      1155,
      1276,
      1338,
      1348,
      1446,
      1512,
      1595,
      1666,
      1729,
      1762,
      1793,
      1794,
      1867,
      1936,
      2033,
      2132,
      2202,
      2276,
      2544,
      2678,
      2956,
      2963,
      3001,
      3048,
      3053,
      3060,
      3147,
      3166,
      3196,
      3268,
      3401,
      3435,
      3554,
      3559,
      3570,
      3575,
      3659,
      3708,
      3760,
      3813,
      3941,
      3986,
      4003,
      4036,
      4060,
      4093,
      4142,
      4319,
      4329,
      4434,
      4435,
      4455,
      4581
    ],