{
  "entry": "P0CE99",
  "entry_name": "YL57D_YEAST",
  "type": "CLM",
  "prompt": "MKFQYALAKEQLGSNSRSGVKKLISKHHWLPEYYFSDLSFSVVQQWDSRAIEKTTI",
  "k": 352,
  "original_sequence": "MKFQYALAKEQLGSNSRSGVKKLISKHHWLPEYYFSDLSFSVVQQWDSRAIEKTTIISCMRPANQEIYPL",
  "original_ll": -3.105931520462036,
  "original_perplexity": 22.33000946044922,
  "progen3_sequence": "MKFQYALAKEQLGSNSRSGVKKLISKHHWLPEYYFSDLSFSVVQQWDSRAIEKTTIRDILSSLKQTSNNK",
  "progen3_ll": -2.615302562713623,
  "progen3_perplexity": 13.67135238647461,
  "max_sequence": "MKFQYALAKEQLGSNSRSGVKKLISKHHWLPEYYFSDLSFSVVQQWDSRAIEKTTIDLLLRLILGILLAI",
  "max_ll": -2.597852945327759,
  "max_perplexity": 13.43486213684082,
  "max_kl": 0.009946866892278194,
  "max_nmse": 0.014735995791852474,
  "base_sequence": "MKFQYALAKEQLGSNSRSGVKKLISKHHWLPEYYFSDLSFSVVQQWDSRAIEKTTIDIISSQNNNLTPYI",
  "base_ll": -2.775142192840576,
  "base_perplexity": 16.04090690612793,
  "base_kl": 0.08240751922130585,
  "base_nmse": 0.35612228512763977,
  "recovered_sequence": "MKFQYALAKEQLGSNSRSGVKKLISKHHWLPEYYFSDLSFSVVQQWDSRAIEKTTIRDILASLFQTSNNK",
  "recovered_ll": -2.7756524085998535,
  "recovered_perplexity": 16.049095153808594,
  "recovered_kl": 0.014303203672170639,
  "recovered_nmse": 0.008083384484052658,
  "nodes": {
    "9": [
      7,
      38,
      76,
      138,
      180,
      233,
      255,
      266,
      326,
      333,
      382,
      426,
      467,
      492,
      597,
      601,
      631,
      694,
      732,
      813,
      905,
      907,
      963,
      1037,
      1075,
      1106,
      1234,
      1252,
      1415,
      1611,
      1622,
      1769,
      1840,
      1879,
      1945,
      2103,
      2147,
      2242,
      2377,
      2429,
      2434,
      2474,
      2519,
      2613,
      2669,
      2710,
      2728,
      2831,
      2843,
      2898,
      2924,
      3008,
      3107,
      3114,
      3115,
      3163,
      3175,
      3365,
      3390,
      3448,
      3692,
      3707,
      3831,
      3868,
      3886,
      3935,
      3963,
      4144,
      4233,
      4330,
      4345,
      4353,
      4438,
      4513,
      4591,
      4594
    ],
    "0": [
      531,
      1205,
      1840,
      1942,
      1995,
      2205,
      2283,
      2706,
      3011,
      3605,
      4407
    ],
    "8": [
      8,
      91,
      208,
      390,
      428,
      603,
      743,
      832,
      951,
      974,
      1003,
      1042,
      1225,
      1230,
      1337,
      1360,
      1479,
      1505,
      1530,
      1582,
      1592,
      1615,
      1742,
      1887,
      1974,
      1992,
      2120,
      2148,
      2280,
      2327,
      2428,
      2518,
      2536,
      2577,
      2668,
      2747,
      2788,
      2846,
      2859,
      2882,
      2964,
      2998,
      3080,
      3108,
      3198,
      3213,
      3300,
      3463,
      3465,
      3519,
      3544,
      3602,
      3611,
      3624,
      3667,
      3769,
      3849,
      3855,
      3860,
      3865,
      3938,
      3994,
      4012,
      4016,
      4034,
      4083,
      4126,
      4131,
      4142,
      4521
    ],
    "3": [
      218,
      264,
      763,
      914,
      990,
      1452,
      1810,
      2429,
      2806,
      2900,
      3022,
      3220,
      3320,
      3435,
      3760,
      3822,
      3872,
      4190,
      4329,
      4581
    ],
    "1": [
      469,
      649,
      1076,
      1230,
      1311,
      1464,
      1492,
      1843,
      1955,
      2034,
      2137,
      2241,
      2442,
      2649,
      2775,
      2913,
      3091,
      3865
    ],
    "4": [
      50,
      265,
      412,
      498,
      545,
      704,
      753,
      856,
      935,
      988,
      1004,
      1008,
      1135,
      1281,
      1517,
      1651,
      1774,
      2227,
      2321,
      2427,
      2461,
      2637,
      2695,
      2835,
      3108,
      3561,
      3658,
      3739,
      3789,
      4100,
      4356,
      4357,
      4593
    ],
    "7": [
      13,
      108,
      213,
      329,
      525,
      526,
      645,
      676,
      682,
      909,
      980,
      1161,
      1272,
      1369,
      2007,
      2011,
      2161,
      2217,
      2233,
      2271,
      2339,
      2374,
      2391,
      2575,
      2889,
      3117,
      3132,
      3426,
      3466,
      3468,
      3540,
      3647,
      3663,
      3772,
      3792,
      3974,
      3976,
      4005,
      4089,
      4250,
      4338,
      4358,
      4380,
      4485,
      4495
    ],
    "6": [
      21,
      77,
      217,
      250,
      445,
      611,
      714,
      758,
      1132,
      1149,
      1203,
      1260,
      1517,
      1594,
      1881,
      1985,
      2024,
      2051,
      2217,
      2226,
      2229,
      2486,
      2498,
      2625,
      2628,
      3035,
      3065,
      3339,
      3788,
      3900,
      3919,
      4011,
      4054,
      4083,
      4171,
      4220,
      4290,
      4415,
      4419,
      4435,
      4566,
      4586
    ],
    "2": [
      1232,
      2046,
      2321,
      2363,
      2860,
      3228,
      4015,
      4066
    ],
    "5": [
      11,
      68,
      814,
      946,
      1508,
      1658,
      1839,
      2014,
      2043,
      2084,
      2096,
      2195,
      2240,
      2279,
      2294,
      2572,
      2778,
      2916,
      2921,
      3053,
      3149,
      3178,
      3234,
      3255,
      3404,
      3603,
      3970,
      4289,
      4482
    ]
  }
}
