{
  "entry": "P0CH20",
  "entry_name": "O16D_CONPI",
  "type": "CLM",
  "prompt": "YGNFPTCSETGEDCSAMHCCRSMTC",
  "k": 320,
  "original_sequence": "YGNFPTCSETGEDCSAMHCCRSMTCRNNICAD",
  "original_ll": -2.9203107357025146,
  "original_perplexity": 18.54705047607422,
  "progen3_sequence": "YGNFPTCSETGEDCSAMHCCRSMTCEGGSIAG",
  "progen3_ll": -2.625748872756958,
  "progen3_perplexity": 13.814915657043457,
  "max_sequence": "YGNFPTCSETGEDCSAMHCCRSMTCGPEETTA",
  "max_ll": -2.741485595703125,
  "max_perplexity": 15.510008811950684,
  "max_kl": 0.01444185245782137,
  "max_nmse": 0.008001635782420635,
  "base_sequence": "YGNFPTCSETGEDCSAMHCCRSMTCCSPVWVT",
  "base_ll": -2.9713096618652344,
  "base_perplexity": 19.51746368408203,
  "base_kl": 0.05622008442878723,
  "base_nmse": 0.01974019967019558,
  "recovered_sequence": "YGNFPTCSETGEDCSAMHCCRSMTCVGGSIAG",
  "recovered_ll": -2.580043315887451,
  "recovered_perplexity": 13.197710037231445,
  "recovered_kl": 0.016621019691228867,
  "recovered_nmse": 0.017609408125281334,
  "nodes": {
    "9": [
      1,
      7,
      14,
      21,
      103,
      138,
      180,
      233,
      255,
      266,
      326,
      333,
      382,
      419,
      467,
      519,
      601,
      631,
      694,
      732,
      813,
      905,
      907,
      940,
      963,
      1037,
      1075,
      1106,
      1234,
      1252,
      1544,
      1583,
      1611,
      1740,
      1751,
      1769,
      1840,
      1945,
      2103,
      2242,
      2377,
      2390,
      2429,
      2434,
      2482,
      2519,
      2610,
      2613,
      2669,
      2710,
      2728,
      2843,
      2924,
      2953,
      3008,
      3107,
      3163,
      3175,
      3284,
      3448,
      3692,
      3707,
      3788,
      3831,
      3886,
      3963,
      4005,
      4144,
      4233,
      4330,
      4345,
      4353,
      4513,
      4591,
      4594
    ],
    "8": [
      250,
      265,
      399,
      505,
      603,
      607,
      676,
      719,
      889,
      1000,
      1077,
      1198,
      1246,
      1321,
      1397,
      1474,
      1505,
      1511,
      1724,
      1779,
      1809,
      1814,
      1831,
      1974,
      1992,
      2198,
      2280,
      2290,
      2327,
      2378,
      2438,
      2440,
      2455,
      2473,
      2513,
      2672,
      2677,
      2686,
      2942,
      2960,
      2989,
      3003,
      3097,
      3198,
      3474,
      3687,
      3827,
      3855,
      3959,
      4047,
      4072,
      4137,
      4149,
      4151,
      4179,
      4277,
      4376,
      4424,
      4551
    ],
    "6": [
      298,
      445,
      714,
      875,
      931,
      1337,
      1360,
      1386,
      1913,
      1945,
      2051,
      2425,
      2735,
      3095,
      3382,
      3716,
      3788,
      3964,
      3967,
      4366
    ],
    "7": [
      186,
      268,
      676,
      904,
      1057,
      1172,
      1335,
      1676,
      1978,
      2021,
      2161,
      2167,
      2374,
      2571,
      2627,
      3044,
      3058,
      3457,
      3524,
      3546,
      3628,
      3713,
      3801,
      3923,
      4074,
      4117,
      4132,
      4162,
      4355
    ],
    "5": [
      75,
      230,
      386,
      601,
      616,
      748,
      1444,
      1526,
      1586,
      1870,
      1893,
      1969,
      2052,
      2105,
      2222,
      2236,
      2285,
      2320,
      2443,
      2634,
      2837,
      2980,
      3307,
      3685,
      3757,
      4108,
      4159,
      4188,
      4245,
      4403,
      4549
    ],
    "3": [
      64,
      83,
      309,
      419,
      753,
      779,
      923,
      1033,
      1161,
      1214,
      1461,
      1493,
      1498,
      1499,
      1556,
      1557,
      1561,
      1572,
      1590,
      1651,
      1665,
      1717,
      1740,
      1774,
      1888,
      2141,
      2153,
      2206,
      2356,
      2385,
      2649,
      2680,
      2755,
      2763,
      3186,
      3197,
      3230,
      3319,
      3357,
      3366,
      3601,
      3836,
      3857,
      3880,
      3928,
      3951,
      4060,
      4217,
      4493,
      4535,
      4581
    ],
    "0": [
      531,
      1254,
      1427,
      1750,
      1885,
      2427,
      2706,
      2794,
      2857
    ],
    "2": [
      74,
      1122,
      1752,
      2046,
      2939,
      3737,
      4419,
      4443,
      4577
    ],
    "4": [
      83,
      370,
      547,
      802,
      830,
      1406,
      1436,
      1569,
      1651,
      1889,
      2098,
      2229,
      2272,
      2471,
      2558,
      2703,
      2863,
      3344,
      3618,
      3683,
      3737,
      3927,
      4045,
      4107
    ],
    "1": [
      421,
      864,
      1154,
      1321,
      1843,
      1960,
      2034,
      2137,
      2241,
      2457,
      3091,
      3865,
      4095
    ]
  }
}
