{
  "entry": "P0DQG5",
  "entry_name": "TXGBA_ETHRU",
  "type": "CLM",
  "prompt": "MKSWTAAVLSLGLIYLSISQNEGATTEFPTMNYEGRCALDMFTLIEVGDTFNYRHACLSYTCMKRDETFYVQVHTCDAPHFENVTSGMICNFTPP",
  "k": 992,
  "original_sequence": "MKSWTAAVLSLGLIYLSISQNEGATTEFPTMNYEGRCALDMFTLIEVGDTFNYRHACLSYTCMKRDETFYVQVHTCDAPHFENVTSGMICNFTPPTTGNFPDCCLKVNCIAHLNHTSAN",
  "original_ll": -2.985691785812378,
  "original_perplexity": 19.800195693969727,
  "progen3_sequence": "MKSWTAAVLSLGLIYLSISQNEGATTEFPTMNYEGRCALDMFTLIEVGDTFNYRHACLSYTCMKRDETFYVQVHTCDAPHFENVTSGMICNFTPPAGETSVGTTVESSYLDEEAGTWYI",
  "progen3_ll": -2.7489564418792725,
  "progen3_perplexity": 15.62631607055664,
  "max_sequence": "MKSWTAAVLSLGLIYLSISQNEGATTEFPTMNYEGRCALDMFTLIEVGDTFNYRHACLSYTCMKRDETFYVQVHTCDAPHFENVTSGMICNFTPPAEVESSAVLLNVGTSLFLGPYIIT",
  "max_ll": -2.8122761249542236,
  "max_perplexity": 16.647768020629883,
  "max_kl": 0.01965411752462387,
  "max_nmse": 0.014488469809293747,
  "base_sequence": "MKSWTAAVLSLGLIYLSISQNEGATTEFPTMNYEGRCALDMFTLIEVGDTFNYRHACLSYTCMKRDETFYVQVHTCDAPHFENVTSGMICNFTPPNPISGSDQSSTCVCTEDFTCFIGY",
  "base_ll": -2.9004857540130615,
  "base_perplexity": 18.18297576904297,
  "base_kl": 0.06496691703796387,
  "base_nmse": 0.22915783524513245,
  "recovered_sequence": "MKSWTAAVLSLGLIYLSISQNEGATTEFPTMNYEGRCALDMFTLIEVGDTFNYRHACLSYTCMKRDETFYVQVHTCDAPHFENVTSGMICNFTPPAAETSVGTTVVSSYLAEEAGTAYI",
  "recovered_ll": -2.7670838832855225,
  "recovered_perplexity": 15.912164688110352,
  "recovered_kl": 0.025335555896162987,
  "recovered_nmse": 0.012400464154779911,
  "nodes": {
    "9": [
      1,
      7,
      14,
      76,
      103,
      138,
      180,
      233,
      255,
      326,
      333,
      374,
      382,
      467,
      519,
      579,
      597,
      601,
      631,
      671,
      694,
      905,
      907,
      940,
      963,
      1037,
      1075,
      1106,
      1234,
      1252,
      1447,
      1583,
      1611,
      1740,
      1751,
      1840,
      1879,
      1945,
      2103,
      2242,
      2377,
      2390,
      2399,
      2429,
      2434,
      2444,
      2482,
      2519,
      2613,
      2631,
      2669,
      2710,
      2728,
      2831,
      2843,
      2898,
      2924,
      2945,
      2953,
      3008,
      3163,
      3175,
      3226,
      3349,
      3365,
      3448,
      3692,
      3707,
      3788,
      3831,
      3886,
      3959,
      4005,
      4012,
      4144,
      4203,
      4233,
      4252,
      4317,
      4330,
      4345,
      4353,
      4438,
      4513,
      4591,
      4594
    ],
    "8": [
      12,
      37,
      83,
      95,
      140,
      170,
      208,
      222,
      257,
      265,
      308,
      324,
      328,
      351,
      363,
      399,
      505,
      511,
      546,
      603,
      607,
      647,
      676,
      719,
      743,
      764,
      765,
      767,
      791,
      848,
      889,
      890,
      906,
      974,
      987,
      999,
      1000,
      1014,
      1058,
      1070,
      1077,
      1114,
      1141,
      1198,
      1246,
      1285,
      1291,
      1292,
      1321,
      1342,
      1360,
      1382,
      1397,
      1408,
      1474,
      1511,
      1551,
      1574,
      1606,
      1614,
      1660,
      1708,
      1724,
      1730,
      1761,
      1779,
      1783,
      1809,
      1814,
      1824,
      1831,
      1870,
      1900,
      1920,
      1926,
      1970,
      1983,
      1992,
      2003,
      2006,
      2066,
      2081,
      2087,
      2106,
      2123,
      2145,
      2147,
      2159,
      2198,
      2294,
      2351,
      2373,
      2400,
      2418,
      2438,
      2440,
      2443,
      2455,
      2473,
      2495,
      2513,
      2530,
      2533,
      2605,
      2640,
      2668,
      2672,
      2677,
      2686,
      2694,
      2744,
      2837,
      2900,
      2942,
      2960,
      3071,
      3087,
      3097,
      3127,
      3151,
      3198,
      3266,
      3300,
      3322,
      3338,
      3339,
      3384,
      3395,
      3397,
      3434,
      3443,
      3474,
      3544,
      3562,
      3593,
      3605,
      3635,
      3687,
      3777,
      3814,
      3827,
      3855,
      3862,
      3901,
      3911,
      3959,
      3971,
      3992,
      4047,
      4072,
      4074,
      4083,
      4114,
      4129,
      4135,
      4137,
      4142,
      4149,
      4179,
      4200,
      4274,
      4277,
      4335,
      4342,
      4357,
      4376,
      4424,
      4485,
      4487,
      4493,
      4521,
      4551,
      4583,
      4587
    ],
    "6": [
      1,
      14,
      20,
      61,
      159,
      164,
      220,
      301,
      363,
      397,
      438,
      440,
      445,
      491,
      513,
      542,
      712,
      714,
      749,
      796,
      857,
      875,
      931,
      1006,
      1007,
      1040,
      1062,
      1081,
      1093,
      1100,
      1136,
      1157,
      1337,
      1360,
      1386,
      1462,
      1522,
      1687,
      1729,
      1783,
      1792,
      1799,
      1828,
      1845,
      1913,
      1940,
      1945,
      1955,
      1961,
      1980,
      1985,
      2021,
      2031,
      2051,
      2072,
      2138,
      2191,
      2226,
      2245,
      2248,
      2261,
      2283,
      2362,
      2378,
      2425,
      2431,
      2481,
      2554,
      2574,
      2590,
      2592,
      2625,
      2634,
      2640,
      2735,
      2763,
      2766,
      2793,
      2808,
      2833,
      2912,
      2913,
      2919,
      2970,
      3035,
      3095,
      3111,
      3138,
      3158,
      3263,
      3281,
      3283,
      3375,
      3382,
      3482,
      3631,
      3633,
      3652,
      3659,
      3679,
      3699,
      3716,
      3788,
      3803,
      3835,
      3848,
      3887,
      3912,
      3964,
      3967,
      3975,
      3977,
      4086,
      4194,
      4280,
      4334,
      4366,
      4491,
      4561,
      4582,
      4586
    ],
    "7": [
      86,
      186,
      193,
      236,
      401,
      402,
      429,
      442,
      486,
      507,
      616,
      628,
      676,
      682,
      904,
      934,
      975,
      982,
      1007,
      1062,
      1082,
      1087,
      1091,
      1161,
      1172,
      1175,
      1207,
      1213,
      1238,
      1329,
      1335,
      1369,
      1407,
      1467,
      1480,
      1483,
      1626,
      1649,
      1676,
      1769,
      1835,
      1836,
      1846,
      1957,
      1991,
      2021,
      2073,
      2136,
      2161,
      2167,
      2232,
      2315,
      2374,
      2382,
      2389,
      2400,
      2509,
      2571,
      2613,
      2620,
      2627,
      2685,
      2784,
      2819,
      2828,
      2898,
      2914,
      3018,
      3037,
      3044,
      3058,
      3166,
      3348,
      3383,
      3428,
      3457,
      3524,
      3546,
      3584,
      3628,
      3640,
      3649,
      3663,
      3675,
      3681,
      3713,
      3763,
      3801,
      3845,
      3871,
      3904,
      3923,
      3926,
      3947,
      4024,
      4041,
      4074,
      4117,
      4132,
      4162,
      4166,
      4275,
      4280,
      4291,
      4334,
      4355,
      4358,
      4427,
      4441,
      4442,
      4507,
      4533,
      4593
    ],
    "0": [
      45,
      168,
      218,
      531,
      567,
      851,
      910,
      1205,
      1290,
      1427,
      1443,
      1458,
      1559,
      1705,
      1942,
      1995,
      2176,
      2706,
      2711,
      2857,
      3871,
      4337,
      4426
    ],