{
  "entry": "P11160",
  "entry_name": "LPTB_KLEOX",
  "type": "CLM",
  "prompt": "IDIKRIIEHLPRQRLGVLITDHNVRETLAVCERAYIVSQGHLIAHGTPQQILED",
  "k": 32,
  "original_sequence": "IDIKRIIEHLPRQRLGVLITDHNVRETLAVCERAYIVSQGHLIAHGTPQQILEDEQVKRVYLGEDFRL",
  "original_ll": -2.202122211456299,
  "original_perplexity": 9.04418659210205,
  "progen3_sequence": "IDIKRIIEHLPRQRLGVLITDHNVRETLAVCERAYIVSQGHLIAHGTPQQILEDPKVKAAYLGAPKKA",
  "progen3_ll": -1.51702082157135,
  "progen3_perplexity": 4.558624267578125,
  "max_sequence": "IDIKRIIEHLPRQRLGVLITDHNVRETLAVCERAYIVSQGHLIAHGTPQQILEDEETVAAIAAVVITV",
  "max_ll": -3.0323097705841064,
  "max_perplexity": 20.745094299316406,
  "max_kl": 0.6114301085472107,
  "max_nmse": 0.12120644748210907,
  "base_sequence": "IDIKRIIEHLPRQRLGVLITDHNVRETLAVCERAYIVSQGHLIAHGTPQQILEDTALLEVAGHAPAG",
  "base_ll": -2.4321682453155518,
  "base_perplexity": 11.383538246154785,
  "base_kl": 0.5915147662162781,
  "base_nmse": 0.19020256400108337,
  "recovered_sequence": "IDIKRIIEHLPRQRLGVLITDHNVRETLAVCERAYIVSQGHLIAHGTPQQILEDGGVLAALGRALKKV",
  "recovered_ll": -2.5237948894500732,
  "recovered_perplexity": 12.475851058959961,
  "recovered_kl": 0.7045260071754456,
  "recovered_nmse": 0.1800800859928131,
  "nodes": {
    "9": [
      222,
      255,
      484,
      601,
      729,
      765,
      902,
      998,
      1106,
      1183,
      1232,
      1234,
      1447,
      1468,
      1550,
      1622,
      1666,
      1751,
      1879,
      2103,
      2174,
      3037,
      3114,
      3707,
      3935,
      4233,
      4345,
      4353,
      4355,
      4513,
      4594
    ],
    "8": [
      1400
    ]
  }
}
