{
  "entry": "P11698",
  "entry_name": "GGI2_STAHA",
  "type": "GLM_2",
  "prompt": "MEKIANAVKSAIEAGQNQDWTKLGTSILDIVSNGVTELSKIFGF[GLM]15-42-27",
  "k": 992,
  "original_sequence": "MEKIANAVKSAIEAGQNQDWTKLGTSILDIVSNGVTELSKIFGF",
  "original_ll": -2.830639123916626,
  "original_perplexity": 16.956295013427734,
  "progen3_sequence": "MEKIANAVKSAIEAGFIESGVIIDKLMIVNNMIINENEVINKGF",
  "progen3_ll": -2.7921905517578125,
  "progen3_perplexity": 16.316722869873047,
  "max_sequence": "MEKIANAVKSAIEAGNKDMKIVNNNLNELQKESLDEDADNDRGF",
  "max_ll": -2.789879083633423,
  "max_perplexity": 16.279050827026367,
  "max_kl": 0.07357453554868698,
  "max_nmse": 0.12165060639381409,
  "base_sequence": "MEKIANAVKSAIEAGIKKNKIVLNYMMNNIMNKQNKEVYNKNGF",
  "base_ll": -2.84464693069458,
  "base_perplexity": 17.19548797607422,
  "base_kl": 0.20152540504932404,
  "base_nmse": 0.28522777557373047,
  "recovered_sequence": "MEKIANAVKSAIEAGQIENILIINKLMIAKKGIKFENEFIVKGF",
  "recovered_ll": -2.822401762008667,
  "recovered_perplexity": 16.81719207763672,
  "recovered_kl": 0.08845427632331848,
  "recovered_nmse": 0.08836621046066284,
  "nodes": {
    "9": [
      1,
      7,
      38,
      76,
      138,
      180,
      233,
      255,
      266,
      326,
      333,
      419,
      467,
      601,
      631,
      671,
      694,
      732,
      813,
      902,
      905,
      907,
      940,
      963,
      1037,
      1075,
      1106,
      1234,
      1252,
      1415,
      1435,
      1443,
      1447,
      1544,
      1611,
      1622,
      1740,
      1751,
      1763,
      1840,
      1879,
      1945,
      2103,
      2242,
      2390,
      2399,
      2421,
      2444,
      2519,
      2610,
      2613,
      2669,
      2728,
      2843,
      2924,
      2933,
      2953,
      3008,
      3107,
      3114,
      3115,
      3163,
      3175,
      3284,
      3365,
      3390,
      3448,
      3707,
      3831,
      3868,
      3886,
      3935,
      3963,
      4005,
      4144,
      4233,
      4330,
      4345,
      4353,
      4355,
      4513,
      4591,
      4594
    ],
    "8": [
      8,
      80,
      140,
      205,
      208,
      215,
      250,
      274,
      375,
      390,
      393,
      428,
      456,
      502,
      581,
      603,
      678,
      722,
      725,
      732,
      759,
      777,
      823,
      832,
      869,
      872,
      951,
      974,
      1000,
      1003,
      1060,
      1085,
      1102,
      1225,
      1230,
      1292,
      1337,
      1342,
      1359,
      1363,
      1400,
      1479,
      1505,
      1530,
      1556,
      1582,
      1619,
      1806,
      1831,
      1970,
      1972,
      1974,
      1992,
      2028,
      2120,
      2194,
      2253,
      2280,
      2294,
      2327,
      2378,
      2385,
      2428,
      2438,
      2443,
      2479,
      2577,
      2747,
      2788,
      2841,
      2846,
      2859,
      2874,
      2882,
      2892,
      2928,
      2942,
      2955,
      2964,
      2998,
      3070,
      3101,
      3108,
      3169,
      3198,
      3215,
      3274,
      3397,
      3421,
      3428,
      3435,
      3463,
      3465,
      3519,
      3544,
      3602,
      3611,
      3693,
      3705,
      3741,
      3758,
      3769,
      3793,
      3841,
      3845,
      3847,
      3855,
      3860,
      3912,
      3932,
      3938,
      3958,
      4012,
      4016,
      4049,
      4094,
      4114,
      4131,
      4142,
      4179,
      4227,
      4281,
      4357,
      4471,
      4510,
      4581
    ],
    "6": [
      43,
      117,
      163,
      237,
      267,
      276,
      288,
      298,
      317,
      325,
      353,
      355,
      449,
      460,
      469,
      628,
      663,
      714,
      741,
      758,
      763,
      807,
      822,
      861,
      972,
      1031,
      1036,
      1061,
      1078,
      1098,
      1132,
      1159,
      1203,
      1230,
      1248,
      1335,
      1344,
      1346,
      1399,
      1410,
      1423,
      1441,
      1462,
      1495,
      1521,
      1574,
      1580,
      1612,
      1716,
      1721,
      1756,
      1785,
      1869,
      1889,
      1914,
      1940,
      1950,
      2006,
      2010,
      2025,
      2027,
      2051,
      2073,
      2163,
      2166,
      2230,
      2257,
      2291,
      2321,
      2322,
      2346,
      2385,
      2389,
      2448,
      2470,
      2486,
      2527,
      2547,
      2555,
      2558,
      2592,
      2638,
      2774,
      2841,
      2842,
      3051,
      3058,
      3071,
      3086,
      3090,
      3121,
      3165,
      3303,
      3332,
      3339,
      3522,
      3526,
      3529,
      3641,
      3725,
      3777,
      3788,
      3818,
      3828,
      3835,
      3848,
      3857,
      3883,
      3890,
      3920,
      3999,
      4026,
      4028,
      4108,
      4121,
      4183,
      4220,
      4244,
      4262,
      4301,
      4353,
      4454,
      4480,
      4509,
      4536,
      4586,
      4598
    ],
    "7": [
      44,
      104,
      121,
      130,
      146,
      222,
      226,
      236,
      254,
      255,
      309,
      320,
      324,
      346,
      415,
      490,
      525,
      627,
      645,
      669,
      676,
      682,
      688,
      710,
      770,
      798,
      802,
      813,
      828,
      829,
      837,
      909,
      912,
      986,
      1025,
      1056,
      1086,
      1089,
      1111,
      1155,
      1161,
      1181,
      1201,
      1272,
      1278,
      1283,
      1287,
      1327,
      1331,
      1456,
      1482,
      1497,
      1539,
      1625,
      1676,
      1712,
      1742,
      1839,
      1857,
      1983,
      1990,
      2007,
      2044,
      2102,
      2178,
      2217,
      2231,
      2256,
      2299,
      2374,
      2389,
      2406,
      2423,
      2467,
      2497,
      2640,
      2671,
      2736,
      2770,
      2809,
      2881,
      2889,
      2921,
      2998,
      3014,
      3031,
      3067,
      3145,
      3231,
      3257,
      3279,
      3333,
      3395,
      3431,
      3439,
      3459,
      3466,
      3569,
      3579,
      3628,
      3634,
      3663,
      3713,
      3782,
      3786,
      3801,
      3806,
      3816,
      3820,
      3866,
      3899,
      3971,
      4005,
      4073,
      4107,
      4182,
      4207,
      4291,
      4380,
      4389,
      4451,
      4459,
      4467,
      4474,
      4485,
      4495,
      4497,
      4533,
      4565,
      4596,
      4606
    ],
    "0": [
      109,
      131,
      218,
      531,
      884,
      1205,
      1286,
      1290,
      1625,
      1813,
      2060,
      2117,
      2205,
      2373,
      2711,
      2964,
      3871,
      3908,
      4228,
      4337
    ],
    "2": [
      225,
      275,
      403,
      418,
      434,
      609,
      653,
      702,
      703,
      730,
      841,
      897,
      926,
      945,
      990,
      994,
      1031,
      1251,
      1254,
      1401,
      1501,
      1517,
      1540,
      1604,
      1722,
      1743,
      1759,
      2046,
      2048,
      2129,
      2175,
      2251,
      2351,
      2359,
      2488,
      2568,
      2659,
      2797,
      2915,
      3089,
      3098,
      3115,
      3162,
      3164,
      3212,
      3219,
      3241,
      3258,
      3280,
      3333,
      3396,
      3539,
      3542,
      3565,
      3666,
      3679,
      3871,
      3875,
      3975,
      3986,
      4010,
      4028,
      4071,
      4113,
      4129,
      4237,
      4279,
      4322,
      4340,
      4400,
      4425,
      4443
    ],