{
  "entry": "P11698",
  "entry_name": "GGI2_STAHA",
  "type": "GLM_1",
  "prompt": "MEKIANAVKSAIEAGQNQDWTKLGTSILDIVSNGVTELSKIFGF[GLM]10-14-4",
  "k": 96,
  "original_sequence": "MEKIANAVKSAIEAGQNQDWTKLGTSILDIVSNGVTELSKIFGF",
  "original_ll": -2.1900367736816406,
  "original_perplexity": 8.935542106628418,
  "progen3_sequence": "MEKIANAVKSSAAIGQNQDWTKLGTSILDIVSNGVTELSKIFGF",
  "progen3_ll": -2.664926528930664,
  "progen3_perplexity": 14.366893768310547,
  "max_sequence": "MEKIANAVKSIENLGQNQDWTKLGTSILDIVSNGVTELSKIFGF",
  "max_ll": -2.5621232986450195,
  "max_perplexity": 12.963314056396484,
  "max_kl": 0.03485943377017975,
  "max_nmse": 0.055772293359041214,
  "base_sequence": "MEKIANAVKSMNENGQNQDWTKLGTSILDIVSNGVTELSKIFGF",
  "base_ll": -2.9281668663024902,
  "base_perplexity": 18.693330764770508,
  "base_kl": 0.18767118453979492,
  "base_nmse": 0.6074132323265076,
  "recovered_sequence": "MEKIANAVKSKAAIGQNQDWTKLGTSILDIVSNGVTELSKIFGF",
  "recovered_ll": -2.7873623371124268,
  "recovered_perplexity": 16.23813247680664,
  "recovered_kl": 0.05528176575899124,
  "recovered_nmse": 0.006517371162772179,
  "nodes": {
    "9": [
      1,
      7,
      21,
      38,
      76,
      138,
      233,
      255,
      266,
      326,
      333,
      419,
      426,
      467,
      601,
      671,
      732,
      902,
      905,
      907,
      963,
      1037,
      1075,
      1106,
      1234,
      1252,
      1415,
      1443,
      1622,
      1751,
      1763,
      1769,
      1840,
      1879,
      1945,
      2103,
      2242,
      2519,
      2610,
      2613,
      2728,
      2843,
      2924,
      2953,
      3107,
      3114,
      3115,
      3163,
      3284,
      3365,
      3390,
      3448,
      3692,
      3707,
      3886,
      3935,
      3963,
      4144,
      4233,
      4330,
      4353,
      4513,
      4594
    ],
    "8": [
      390,
      869,
      1003,
      1085,
      1479,
      2788,
      3070,
      3215
    ],
    "2": [
      3333,
      4586
    ],
    "0": [
      531,
      1995,
      3605
    ],
    "3": [
      1485,
      1802,
      3498,
      4100,
      4485,
      4506,
      4581
    ],
    "5": [
      1153,
      2007,
      2412,
      3404
    ],
    "4": [
      2670
    ],
    "7": [
      1056,
      2007,
      3031,
      3767,
      3786,
      3806,
      4451
    ],
    "1": [
      1955
    ]
  }
}
