{
  "entry": "P14589",
  "entry_name": "YDH3_PLAFS",
  "type": "CLM",
  "prompt": "PQYQFVGAKLFRWWCWRRRGWRRRWWLVIKLMLIETSFALDC",
  "k": 608,
  "original_sequence": "PQYQFVGAKLFRWWCWRRRGWRRRWWLVIKLMLIETSFALDCEALCFSGVRQV",
  "original_ll": -2.8438568115234375,
  "original_perplexity": 17.18190574645996,
  "progen3_sequence": "PQYQFVGAKLFRWWCWRRRGWRRRWWLVIKLMLIETSFALDCLSAVVDASAAG",
  "progen3_ll": -2.497490167617798,
  "progen3_perplexity": 12.151956558227539,
  "max_sequence": "PQYQFVGAKLFRWWCWRRRGWRRRWWLVIKLMLIETSFALDCIALAVRFAVVG",
  "max_ll": -2.5735175609588623,
  "max_perplexity": 13.111865043640137,
  "max_kl": 0.006375900935381651,
  "max_nmse": 0.0036899829283356667,
  "base_sequence": "PQYQFVGAKLFRWWCWRRRGWRRRWWLVIKLMLIETSFALDCLCRVQACARLA",
  "base_ll": -2.7216031551361084,
  "base_perplexity": 15.20467758178711,
  "base_kl": 0.05900554358959198,
  "base_nmse": 0.09830471873283386,
  "recovered_sequence": "PQYQFVGAKLFRWWCWRRRGWRRRWWLVIKLMLIETSFALDCLSAVGDASAAG",
  "recovered_ll": -2.485548973083496,
  "recovered_perplexity": 12.007709503173828,
  "recovered_kl": 0.007594096474349499,
  "recovered_nmse": 0.007624973077327013,
  "nodes": {
    "9": [
      1,
      7,
      21,
      38,
      53,
      76,
      103,
      138,
      180,
      233,
      255,
      326,
      333,
      382,
      419,
      426,
      467,
      492,
      519,
      597,
      601,
      631,
      694,
      813,
      905,
      907,
      937,
      963,
      1037,
      1106,
      1234,
      1544,
      1583,
      1611,
      1740,
      1769,
      1840,
      1879,
      1945,
      2103,
      2242,
      2245,
      2377,
      2429,
      2434,
      2519,
      2610,
      2677,
      2710,
      2728,
      2831,
      2843,
      2868,
      2898,
      2924,
      2953,
      3008,
      3107,
      3146,
      3163,
      3226,
      3284,
      3365,
      3448,
      3707,
      3752,
      3788,
      3831,
      3886,
      3959,
      3963,
      4005,
      4012,
      4116,
      4144,
      4203,
      4233,
      4317,
      4330,
      4353,
      4407,
      4513,
      4591,
      4594
    ],
    "8": [
      83,
      95,
      181,
      208,
      265,
      278,
      308,
      527,
      534,
      603,
      609,
      678,
      823,
      831,
      864,
      951,
      1000,
      1014,
      1029,
      1060,
      1085,
      1342,
      1479,
      1483,
      1529,
      1533,
      1617,
      1620,
      1732,
      1755,
      1759,
      1809,
      1814,
      1831,
      1861,
      1863,
      1970,
      1974,
      1992,
      2006,
      2037,
      2082,
      2087,
      2211,
      2280,
      2290,
      2327,
      2385,
      2438,
      2440,
      2534,
      2684,
      2686,
      2743,
      2841,
      2874,
      2900,
      2906,
      2942,
      2955,
      2960,
      2999,
      3036,
      3080,
      3158,
      3198,
      3248,
      3435,
      3463,
      3544,
      3562,
      3601,
      3605,
      3622,
      3624,
      3705,
      3730,
      3855,
      3866,
      3958,
      3959,
      4041,
      4047,
      4059,
      4112,
      4120,
      4131,
      4142,
      4179,
      4184,
      4200,
      4322,
      4360,
      4380,
      4395,
      4475,
      4510,
      4525,
      4598
    ],
    "6": [
      20,
      243,
      298,
      438,
      445,
      542,
      663,
      714,
      755,
      758,
      807,
      1061,
      1067,
      1081,
      1157,
      1203,
      1478,
      1596,
      1792,
      1828,
      1848,
      1940,
      2021,
      2051,
      2425,
      2481,
      2547,
      2557,
      2735,
      2744,
      2788,
      2923,
      3118,
      3226,
      3435,
      3633,
      3769,
      3788,
      3835,
      3848,
      3887,
      3973,
      4121,
      4137,
      4220,
      4280,
      4366,
      4437,
      4561,
      4586
    ],
    "2": [
      33,
      196,
      254,
      361,
      445,
      619,
      703,
      841,
      1156,
      1190,
      1214,
      1438,
      1816,
      1928,
      2040,
      2046,
      2185,
      2426,
      2869,
      2911,
      2941,
      3214,
      3393,
      3561,
      4011,
      4237,
      4440,
      4577,
      4586
    ],
    "7": [
      11,
      13,
      86,
      136,
      263,
      287,
      402,
      442,
      473,
      486,
      628,
      676,
      904,
      934,
      975,
      1062,
      1082,
      1161,
      1163,
      1172,
      1175,
      1181,
      1227,
      1260,
      1329,
      1369,
      1441,
      1649,
      1676,
      1835,
      2001,
      2007,
      2045,
      2161,
      2179,
      2217,
      2244,
      2258,
      2306,
      2308,
      2351,
      2389,
      2434,
      2575,
      2627,
      2685,
      2734,
      2802,
      2914,
      2929,
      3037,
      3044,
      3065,
      3109,
      3236,
      3241,
      3466,
      3530,
      3543,
      3584,
      3649,
      3663,
      3713,
      3772,
      3792,
      3793,
      3801,
      3820,
      3871,
      3903,
      3926,
      3974,
      4046,
      4074,
      4107,
      4139,
      4162,
      4174,
      4222,
      4275,
      4358,
      4441,
      4459,
      4485,
      4495,
      4593
    ],
    "0": [
      131,
      168,
      212,
      567,
      1148,
      1205,
      1494,
      1705,
      1813,
      1840,
      1910,
      1995,
      2027,
      2385,
      2636,
      2669,
      2692,
      2711,
      2727,
      2797,
      2857,
      2921,
      3217,
      3273,
      3441,
      3908,
      4119
    ],
    "3": [
      164,
      175,
      183,
      218,
      305,
      430,
      477,
      715,
      722,
      783,
      975,
      1198,
      1219,
      1338,
      1371,
      1493,
      1503,
      1515,
      1666,
      1685,
      1762,
      1922,
      2490,
      2619,
      2645,
      2806,
      2850,
      2974,
      3022,
      3053,
      3148,
      3197,
      3255,
      3475,
      3568,
      3575,
      3612,
      3654,
      3655,
      3760,
      3773,
      3790,
      3832,
      3838,
      4009,
      4351,
      4423,
      4434,
      4591
    ],
    "4": [
      35,
      99,
      204,
      279,
      497,
      545,
      547,
      580,
      651,
      767,
      850,
      997,
      1006,
      1015,
      1259,
      1265,
      1318,
      1337,
      1478,
      1650,
      1680,
      1716,
      1875,
      1907,
      1955,
      1963,
      2109,
      2131,
      2154,
      2183,
      2231,
      2258,
      2378,
      2454,
      2507,
      2508,
      2559,
      2661,
      2670,
      2740,
      2861,
      2872,
      2923,
      2969,
      2986,
      3006,
      3018,
      3025,
      3069,
      3103,
      3398,
      3416,
      3430,
      3512,
      3545,
      3560,
      3565,
      3574,
      3587,
      3700,
      3773,
      4065,
      4186,
      4261,
      4284,
      4409
    ],
    "1": [
      340,
      396,
      403,
      469,
      495,
      505,
      585,
      649,
      802,
      1084,
      1087,
      1154,
      1157,
      1230,
      1311,
      1321,
      1391,
      1410,
      1441,
      1464,
      1492,
      1594,
      1668,
      1705,
      1728,
      1843,
      1900,
      1955,
      1960,
      2034,
      2048,
      2094,
      2137,
      2145,
      2146,
      2241,
      2388,
      2410,
      2442,
      2457,
      2467,
      2733,
      2747,
      2775,
      2902,
      2917,
      3045,
      3091,
      3170,
      3174,
      3215,
      3294,
      3464,
      3504,
      3734,
      3865,
      3964,
      3975,
      4095,
      4113,
      4124,
      4183,
      4261,
      4317,
      4408
    ],