{
  "entry": "P16064",
  "entry_name": "ICI1_PHAAN",
  "type": "CLM",
  "prompt": "QEQGTNPSQEQNVPLPRNYKQALETNTPTKTSWPELVGVTAEQAETKIKEEMVDVQIQVSPHDSFVTADYNPK",
  "k": 1000,
  "original_sequence": "QEQGTNPSQEQNVPLPRNYKQALETNTPTKTSWPELVGVTAEQAETKIKEEMVDVQIQVSPHDSFVTADYNPKRVRLYVDESNKVTRTPSIG",
  "original_ll": -2.758007526397705,
  "original_perplexity": 15.768393516540527,
  "progen3_sequence": "QEQGTNPSQEQNVPLPRNYKQALETNTPTKTSWPELVGVTAEQAETKIKEEMVDVQIQVSPHDSFVTADYNPKAIQDTLNQIGKKISIEILD",
  "progen3_ll": -2.6341938972473145,
  "progen3_perplexity": 13.93207836151123,
  "max_sequence": "QEQGTNPSQEQNVPLPRNYKQALETNTPTKTSWPELVGVTAEQAETKIKEEMVDVQIQVSPHDSFVTADYNPKKDKETALAIAIYQGSVGES",
  "max_ll": -2.8300893306732178,
  "max_perplexity": 16.946975708007812,
  "max_kl": 0.014373675920069218,
  "max_nmse": 0.01867019571363926,
  "base_sequence": "QEQGTNPSQEQNVPLPRNYKQALETNTPTKTSWPELVGVTAEQAETKIKEEMVDVQIQVSPHDSFVTADYNPKLKIDKYFDLASKTIKNTKT",
  "base_ll": -2.765501022338867,
  "base_perplexity": 15.88699722290039,
  "base_kl": 0.08264807611703873,
  "base_nmse": 0.09232793003320694,
  "recovered_sequence": "QEQGTNPSQEQNVPLPRNYKQALETNTPTKTSWPELVGVTAEQAETKIKEEMVDVQIQVSPHDSFVTADYNPKAIQPTLAQIDKKELIEILD",
  "recovered_ll": -2.7622289657592773,
  "recovered_perplexity": 15.835100173950195,
  "recovered_kl": 0.029804963618516922,
  "recovered_nmse": 0.009012647904455662,
  "nodes": {
    "9": [
      1,
      7,
      76,
      138,
      180,
      255,
      266,
      326,
      333,
      382,
      419,
      467,
      519,
      579,
      601,
      631,
      671,
      694,
      732,
      813,
      902,
      905,
      907,
      940,
      963,
      1037,
      1075,
      1106,
      1183,
      1234,
      1252,
      1415,
      1435,
      1447,
      1544,
      1583,
      1611,
      1748,
      1751,
      1840,
      1879,
      1945,
      1965,
      2103,
      2242,
      2390,
      2399,
      2444,
      2474,
      2519,
      2610,
      2613,
      2631,
      2669,
      2728,
      2843,
      2924,
      2933,
      2953,
      3008,
      3115,
      3163,
      3175,
      3226,
      3284,
      3339,
      3349,
      3365,
      3376,
      3390,
      3448,
      3692,
      3707,
      3788,
      3831,
      3886,
      3945,
      4005,
      4144,
      4203,
      4233,
      4252,
      4258,
      4317,
      4330,
      4341,
      4345,
      4353,
      4355,
      4513,
      4591,
      4594
    ],
    "5": [
      5,
      11,
      20,
      57,
      119,
      167,
      177,
      178,
      186,
      233,
      240,
      282,
      300,
      375,
      436,
      442,
      448,
      465,
      480,
      484,
      503,
      540,
      581,
      615,
      676,
      782,
      893,
      922,
      929,
      934,
      948,
      998,
      1043,
      1046,
      1065,
      1108,
      1208,
      1215,
      1220,
      1274,
      1424,
      1439,
      1444,
      1515,
      1546,
      1596,
      1637,
      1652,
      1706,
      1724,
      1823,
      1839,
      1850,
      1853,
      1862,
      1932,
      1955,
      1969,
      2031,
      2078,
      2104,
      2164,
      2166,
      2171,
      2197,
      2302,
      2323,
      2346,
      2371,
      2399,
      2403,
      2407,
      2439,
      2444,
      2498,
      2506,
      2507,
      2523,
      2569,
      2603,
      2613,
      2653,
      2740,
      2752,
      2830,
      2837,
      2840,
      2861,
      2898,
      2899,
      2902,
      2907,
      2951,
      3027,
      3053,
      3062,
      3068,
      3180,
      3186,
      3214,
      3224,
      3269,
      3294,
      3373,
      3379,
      3402,
      3452,
      3531,
      3567,
      3586,
      3638,
      3641,
      3667,
      3675,
      3685,
      3703,
      3732,
      3734,
      3739,
      3750,
      3783,
      3836,
      3919,
      3925,
      3933,
      3941,
      3982,
      3986,
      4007,
      4038,
      4039,
      4052,
      4089,
      4117,
      4138,
      4191,
      4232,
      4236,
      4248,
      4261,
      4334,
      4337,
      4373,
      4406,
      4433,
      4486,
      4490,
      4539,
      4557,
      4584,
      4589
    ],
    "8": [
      12,
      37,
      95,
      140,
      200,
      208,
      216,
      257,
      265,
      268,
      350,
      363,
      399,
      428,
      502,
      503,
      505,
      546,
      551,
      603,
      607,
      719,
      725,
      727,
      730,
      753,
      760,
      764,
      767,
      791,
      825,
      832,
      865,
      869,
      872,
      906,
      930,
      969,
      974,
      1000,
      1014,
      1058,
      1078,
      1141,
      1152,
      1230,
      1245,
      1246,
      1280,
      1284,
      1285,
      1291,
      1292,
      1337,
      1360,
      1365,
      1382,
      1479,
      1505,
      1530,
      1574,
      1582,
      1614,
      1620,
      1662,
      1724,
      1730,
      1779,
      1783,
      1814,
      1831,
      1861,
      1870,
      1920,
      1926,
      1974,
      1983,
      1992,
      2028,
      2042,
      2066,
      2087,
      2123,
      2154,
      2157,
      2162,
      2191,
      2194,
      2280,
      2294,
      2327,
      2373,
      2378,
      2438,
      2443,
      2479,
      2495,
      2566,
      2605,
      2620,
      2663,
      2672,
      2686,
      2744,
      2875,
      2882,
      2893,
      2942,
      2953,
      2964,
      2974,
      2998,
      3065,
      3097,
      3108,
      3127,
      3154,
      3158,
      3194,
      3213,
      3284,
      3300,
      3338,
      3383,
      3395,
      3397,
      3415,
      3434,
      3449,
      3544,
      3562,
      3605,
      3677,
      3687,
      3705,
      3741,
      3769,
      3814,
      3820,
      3827,
      3847,
      3855,
      3857,
      3938,
      3940,
      3946,
      3958,
      3959,
      3995,
      3998,
      4070,
      4072,
      4114,
      4129,
      4130,
      4131,
      4137,
      4142,
      4151,
      4179,
      4194,
      4200,
      4277,
      4280,
      4405,
      4471,
      4485,
      4493,
      4510,
      4513,
      4551,
      4576,
      4583,
      4601
    ],
    "0": [
      218,
      707,
      1205,
      1290,
      1410,
      1492,
      1656,
      1813,
      1840,
      1942,
      2007,
      2172,
      2205,
      2385,
      2625,
      2702,
      2711,
      2747,
      3272,
      3587,
      3605,
      3871,
      4084,
      4337,
      4426
    ],
    "7": [
      147,
      158,
      227,
      268,
      305,
      320,
      329,
      402,
      486,
      621,
      682,
      797,
      909,
      975,
      1237,
      1268,
      1329,
      1335,
      1358,
      1369,
      1452,
      1455,
      1483,
      1626,
      1630,
      1649,
      1676,
      1746,
      1835,
      1846,
      1880,
      1957,
      2007,
      2008,
      2011,
      2136,
      2147,
      2161,
      2217,
      2256,
      2258,
      2313,
      2351,
      2374,
      2423,
      2434,
      2467,
      2497,
      2575,
      2611,
      2613,
      2671,
      2688,
      2702,
      2734,
      2736,
      2777,
      2819,
      2889,
      2914,
      2915,
      2936,
      3018,
      3044,
      3117,
      3119,
      3166,
      3231,
      3279,
      3293,
      3370,
      3426,
      3460,
      3466,
      3468,
      3511,
      3535,
      3584,
      3647,
      3648,
      3663,
      3675,
      3729,
      3763,
      3792,
      3793,
      3816,
      3845,
      3871,
      3923,
      3926,
      3947,
      4024,
      4132,
      4163,
      4334,
      4358,
      4378,
      4380,
      4441,
      4495,
      4497,
      4505,
      4533,
      4593
    ],