{
  "entry": "P23455",
  "entry_name": "YLXG_BACSU",
  "type": "CLM",
  "prompt": "MTSISSEYKLPEKTNTVSTNNSSLGKDEFLKILMTQVQNQDPLNPIDDKEFISQMATFSSLEQMMNLNTTMTQFVENQDPFTTYVDWMGKEVSWTDGKSATDKTGTVSSVKH",
  "k": 160,
  "original_sequence": "MTSISSEYKLPEKTNTVSTNNSSLGKDEFLKILMTQVQNQDPLNPIDDKEFISQMATFSSLEQMMNLNTTMTQFVENQDPFTTYVDWMGKEVSWTDGKSATDKTGTVSSVKHFKGNYYLVLDDGTEISPANVMSVGQSSK",
  "original_ll": -2.4828879833221436,
  "original_perplexity": 11.975800514221191,
  "progen3_sequence": "MTSISSEYKLPEKTNTVSTNNSSLGKDEFLKILMTQVQNQDPLNPIDDKEFISQMATFSSLEQMMNLNTTMTQFVENQDPFTTYVDWMGKEVSWTDGKSATDKTGTVSSVKHAEATNSVVVTLSDGSTLKLDDAGNIINA",
  "progen3_ll": -1.9151976108551025,
  "progen3_perplexity": 6.788280487060547,
  "max_sequence": "MTSISSEYKLPEKTNTVSTNNSSLGKDEFLKILMTQVQNQDPLNPIDDKEFISQMATFSSLEQMMNLNTTMTQFVENQDPFTTYVDWMGKEVSWTDGKSATDKTGTVSSVKHLGNAIIVKTVLTTNKLIKIKSGTANTNN",
  "max_ll": -2.8494207859039307,
  "max_perplexity": 17.277772903442383,
  "max_kl": 0.2344628870487213,
  "max_nmse": 0.025489410385489464,
  "base_sequence": "MTSISSEYKLPEKTNTVSTNNSSLGKDEFLKILMTQVQNQDPLNPIDDKEFISQMATFSSLEQMMNLNTTMTQFVENQDPFTTYVDWMGKEVSWTDGKSATDKTGTVSSVKHKIDEGVVYKSVNNNKNSVVNDEVKKQPS",
  "base_ll": -2.8477656841278076,
  "base_perplexity": 17.249197006225586,
  "base_kl": 0.3494490087032318,
  "base_nmse": 0.04634440317749977,
  "recovered_sequence": "MTSISSEYKLPEKTNTVSTNNSSLGKDEFLKILMTQVQNQDPLNPIDDKEFISQMATFSSLEQMMNLNTTMTQFVENQDPFTTYVDWMGKEVSWTDGKSATDKTGTVSSVKHAEATESGVVVLSKSSNVKSIKKNTAGNA",
  "recovered_ll": -2.631248712539673,
  "recovered_perplexity": 13.891104698181152,
  "recovered_kl": 0.27795955538749695,
  "recovered_nmse": 0.033420220017433167,
  "nodes": {
    "9": [
      7,
      76,
      138,
      180,
      233,
      266,
      333,
      374,
      467,
      484,
      601,
      671,
      694,
      729,
      732,
      813,
      902,
      905,
      907,
      940,
      963,
      998,
      1037,
      1075,
      1106,
      1195,
      1234,
      1252,
      1415,
      1435,
      1447,
      1468,
      1611,
      1652,
      1751,
      1840,
      1879,
      1945,
      2103,
      2174,
      2242,
      2283,
      2390,
      2399,
      2421,
      2444,
      2474,
      2613,
      2631,
      2669,
      2831,
      2843,
      2924,
      2933,
      2953,
      3029,
      3037,
      3114,
      3115,
      3163,
      3175,
      3194,
      3203,
      3339,
      3349,
      3365,
      3376,
      3390,
      3448,
      3692,
      3707,
      3788,
      3831,
      3868,
      3886,
      3945,
      3963,
      4233,
      4341,
      4345,
      4353,
      4355,
      4438,
      4470,
      4513,
      4594
    ],
    "8": [
      12,
      87,
      368,
      620,
      701,
      753,
      969,
      1064,
      1101,
      1132,
      1183,
      1226,
      1363,
      1697,
      1702,
      1783,
      1946,
      2162,
      2191,
      2233,
      2294,
      2316,
      2327,
      2328,
      2443,
      2479,
      2663,
      2875,
      2902,
      2953,
      2979,
      3039,
      3108,
      3284,
      3314,
      3337,
      3552,
      3605,
      3946,
      3995,
      4066,
      4075,
      4130,
      4194,
      4280,
      4471,
      4527,
      4529,
      4601
    ],
    "6": [
      437,
      576,
      670,
      1562,
      1767,
      3065,
      3231,
      3281,
      3514
    ],
    "7": [
      110,
      227,
      305,
      2007,
      2156,
      2160,
      2423,
      2528,
      2828
    ],
    "5": [
      2837,
      3982
    ],
    "0": [
      1205,
      1290,
      3908
    ],
    "2": [
      4237
    ],
    "1": [
      1311
    ]
  }
}
