{
  "entry": "P25657",
  "entry_name": "YCY9_YEAST",
  "type": "CLM",
  "prompt": "MRSIFLLHFDYKTCEEEDFEDWNLADGKCLNGAKYMYKRRKQDARCLVKRTFKDMILHEIPCDSCTESDYECSSEFVRDAKGDCIPDYDQIALSDICDKANGETVSLEPLQLIKGDKCKKPMEI",
  "k": 1000,
  "original_sequence": "MRSIFLLHFDYKTCEEEDFEDWNLADGKCLNGAKYMYKRRKQDARCLVKRTFKDMILHEIPCDSCTESDYECSSEFVRDAKGDCIPDYDQIALSDICDKANGETVSLEPLQLIKGDKCKKPMEIEAMNIPCEKILRESSNGKKIATIENKFDFEI",
  "original_ll": -2.837991952896118,
  "original_perplexity": 17.081430435180664,
  "progen3_sequence": "MRSIFLLHFDYKTCEEEDFEDWNLADGKCLNGAKYMYKRRKQDARCLVKRTFKDMILHEIPCDSCTESDYECSSEFVRDAKGDCIPDYDQIALSDICDKANGETVSLEPLQLIKGDKCKKPMEIDKDLDKLKEEITEIKKNKEKLKEELEKLKEE",
  "progen3_ll": -2.0003907680511475,
  "progen3_perplexity": 7.39194393157959,
  "max_sequence": "MRSIFLLHFDYKTCEEEDFEDWNLADGKCLNGAKYMYKRRKQDARCLVKRTFKDMILHEIPCDSCTESDYECSSEFVRDAKGDCIPDYDQIALSDICDKANGETVSLEPLQLIKGDKCKKPMEIVEEKVEKDKESEEKKKEEKKEKEELKKEKKE",
  "max_ll": -1.8977575302124023,
  "max_perplexity": 6.6709184646606445,
  "max_kl": 0.038364116102457047,
  "max_nmse": 0.007218282204121351,
  "base_sequence": "MRSIFLLHFDYKTCEEEDFEDWNLADGKCLNGAKYMYKRRKQDARCLVKRTFKDMILHEIPCDSCTESDYECSSEFVRDAKGDCIPDYDQIALSDICDKANGETVSLEPLQLIKGDKCKKPMEIYKCMCVYYYCKKKKKKKEKEKKKKKKKKKKK",
  "base_ll": -2.049391031265259,
  "base_perplexity": 7.763172626495361,
  "base_kl": 0.3009829521179199,
  "base_nmse": 0.15406207740306854,
  "recovered_sequence": "MRSIFLLHFDYKTCEEEDFEDWNLADGKCLNGAKYMYKRRKQDARCLVKRTFKDMILHEIPCDSCTESDYECSSEFVRDAKGDCIPDYDQIALSDICDKANGETVSLEPLQLIKGDKCKKPMEIDKKLDKSKEEITEIKKNKEKLKEEEEKKKEK",
  "recovered_ll": -2.208989143371582,
  "recovered_perplexity": 9.10650634765625,
  "recovered_kl": 0.058249931782484055,
  "recovered_nmse": 0.02621440775692463,
  "nodes": {
    "9": [
      7,
      14,
      38,
      76,
      138,
      180,
      255,
      326,
      333,
      374,
      382,
      467,
      519,
      579,
      597,
      601,
      631,
      732,
      813,
      905,
      907,
      963,
      1037,
      1075,
      1106,
      1183,
      1232,
      1234,
      1252,
      1443,
      1447,
      1611,
      1622,
      1751,
      1769,
      1840,
      1879,
      1945,
      2103,
      2242,
      2309,
      2377,
      2390,
      2429,
      2434,
      2444,
      2474,
      2482,
      2519,
      2613,
      2631,
      2669,
      2728,
      2831,
      2843,
      2898,
      2924,
      2945,
      2953,
      2989,
      3008,
      3163,
      3175,
      3226,
      3276,
      3290,
      3349,
      3365,
      3390,
      3448,
      3692,
      3707,
      3831,
      3868,
      3886,
      3935,
      3959,
      4005,
      4116,
      4144,
      4203,
      4233,
      4252,
      4301,
      4317,
      4330,
      4345,
      4353,
      4355,
      4438,
      4513,
      4591,
      4594
    ],
    "8": [
      37,
      83,
      95,
      140,
      208,
      222,
      250,
      265,
      308,
      363,
      399,
      505,
      534,
      546,
      603,
      607,
      633,
      676,
      678,
      719,
      727,
      759,
      764,
      765,
      777,
      832,
      864,
      887,
      906,
      951,
      974,
      987,
      988,
      999,
      1000,
      1014,
      1042,
      1058,
      1060,
      1077,
      1086,
      1098,
      1114,
      1141,
      1230,
      1246,
      1285,
      1292,
      1321,
      1337,
      1342,
      1360,
      1382,
      1474,
      1479,
      1505,
      1511,
      1522,
      1530,
      1614,
      1617,
      1620,
      1662,
      1730,
      1809,
      1814,
      1824,
      1831,
      1861,
      1870,
      1970,
      1974,
      1992,
      2087,
      2106,
      2145,
      2194,
      2280,
      2290,
      2294,
      2327,
      2378,
      2400,
      2438,
      2440,
      2455,
      2466,
      2495,
      2513,
      2518,
      2605,
      2640,
      2677,
      2686,
      2694,
      2743,
      2744,
      2841,
      2859,
      2874,
      2900,
      2906,
      2942,
      2955,
      2960,
      2974,
      2989,
      2999,
      3080,
      3094,
      3151,
      3198,
      3248,
      3300,
      3397,
      3434,
      3435,
      3463,
      3465,
      3474,
      3519,
      3544,
      3562,
      3605,
      3677,
      3687,
      3693,
      3705,
      3741,
      3827,
      3849,
      3855,
      3896,
      3938,
      3958,
      3959,
      4047,
      4072,
      4083,
      4114,
      4131,
      4138,
      4142,
      4149,
      4179,
      4223,
      4277,
      4322,
      4424,
      4471,
      4485,
      4493,
      4521,
      4551,
      4583,
      4598
    ],
    "6": [
      1,
      20,
      53,
      61,
      108,
      117,
      188,
      279,
      314,
      347,
      352,
      388,
      392,
      429,
      438,
      445,
      533,
      542,
      544,
      571,
      574,
      611,
      712,
      714,
      758,
      824,
      836,
      931,
      996,
      1043,
      1061,
      1081,
      1089,
      1100,
      1108,
      1136,
      1157,
      1180,
      1194,
      1260,
      1337,
      1386,
      1416,
      1462,
      1581,
      1594,
      1595,
      1660,
      1721,
      1729,
      1767,
      1792,
      1795,
      1799,
      1846,
      1848,
      1913,
      1925,
      1961,
      2021,
      2024,
      2051,
      2092,
      2138,
      2213,
      2217,
      2226,
      2245,
      2261,
      2298,
      2470,
      2486,
      2494,
      2547,
      2554,
      2574,
      2592,
      2643,
      2653,
      2705,
      2735,
      2739,
      2808,
      2833,
      2913,
      2958,
      2961,
      2974,
      3065,
      3137,
      3138,
      3232,
      3281,
      3341,
      3435,
      3453,
      3526,
      3568,
      3597,
      3631,
      3633,
      3635,
      3652,
      3659,
      3679,
      3716,
      3717,
      3769,
      3803,
      3835,
      3841,
      3848,
      3850,
      3890,
      4022,
      4047,
      4086,
      4095,
      4121,
      4194,
      4220,
      4280,
      4290,
      4322,
      4334,
      4401,
      4507,
      4509,
      4556,
      4561,
      4566,
      4582,
      4586
    ],
    "7": [
      62,
      67,
      108,
      136,
      158,
      181,
      213,
      227,
      287,
      372,
      402,
      406,
      429,
      442,
      456,
      486,
      525,
      628,
      645,
      676,
      682,
      746,
      904,
      909,
      912,
      975,
      976,
      1155,
      1161,
      1172,
      1181,
      1238,
      1272,
      1335,
      1369,
      1388,
      1452,
      1483,
      1585,
      1626,
      1643,
      1649,
      1671,
      1676,
      1728,
      1835,
      1876,
      1880,
      1918,
      1928,
      2007,
      2044,
      2116,
      2136,
      2161,
      2179,
      2217,
      2258,
      2374,
      2380,
      2389,
      2423,
      2467,
      2497,
      2548,
      2571,
      2685,
      2702,
      2914,
      2915,
      2936,
      3041,
      3044,
      3058,
      3117,
      3119,
      3122,
      3231,
      3264,
      3358,
      3370,
      3426,
      3428,
      3466,
      3468,
      3532,
      3535,
      3540,
      3578,
      3584,
      3628,
      3649,
      3713,
      3729,
      3763,
      3772,
      3782,
      3792,
      3801,
      3807,
      3820,
      3871,
      3923,
      4071,
      4073,
      4074,
      4080,
      4117,
      4132,
      4162,
      4275,
      4358,
      4441,
      4485,
      4495,
      4505,
      4507,
      4533
    ],