{
  "entry": "P27204",
  "entry_name": "H1L6_ENSMI",
  "type": "GLM_1",
  "prompt": "AKKRSRSRKRSASRKRSRSRKRSASKKSSKKHVRKALAAGMKNHLLAHPKGSNNFILAKKKAPRRRRRVAKKVKKAPPKARRRVRVAKSRRSRTARSRRRR[GLM]50-66-16",
  "k": 768,
  "original_sequence": "AKKRSRSRKRSASRKRSRSRKRSASKKSSKKHVRKALAAGMKNHLLAHPKGSNNFILAKKKAPRRRRRVAKKVKKAPPKARRRVRVAKSRRSRTARSRRRR",
  "original_ll": -2.7753260135650635,
  "original_perplexity": 16.04385757446289,
  "progen3_sequence": "AKKRSRSRKRSASRKRSRSRKRSASKKSSKKHVRKALAAGMKNHLLAHPKRQGLSRGPLPLGRVPPRRVAKKVKKAPPKARRRVRVAKSRRSRTARSRRRR",
  "progen3_ll": -2.695340156555176,
  "progen3_perplexity": 14.810556411743164,
  "max_sequence": "AKKRSRSRKRSASRKRSRSRKRSASKKSSKKHVRKALAAGMKNHLLAHPKLNRLRPAQVSGQGDLQRRVAKKVKKAPPKARRRVRVAKSRRSRTARSRRRR",
  "max_ll": -2.8465638160705566,
  "max_perplexity": 17.228479385375977,
  "max_kl": 0.01030336506664753,
  "max_nmse": 0.02224772423505783,
  "base_sequence": "AKKRSRSRKRSASRKRSRSRKRSASKKSSKKHVRKALAAGMKNHLLAHPKALEEQAMQLPELSDAGRRVAKKVKKAPPKARRRVRVAKSRRSRTARSRRRR",
  "base_ll": -2.764799118041992,
  "base_perplexity": 15.875849723815918,
  "base_kl": 0.035186707973480225,
  "base_nmse": 1.3485372066497803,
  "recovered_sequence": "AKKRSRSRKRSASRKRSRSRKRSASKKSSKKHVRKALAAGMKNHLLAHPKRQGLSRGPLPLGRVPQRRVAKKVKKAPPKARRRVRVAKSRRSRTARSRRRR",
  "recovered_ll": -2.7592592239379883,
  "recovered_perplexity": 15.7881441116333,
  "recovered_kl": 0.014122778549790382,
  "recovered_nmse": 0.07991700619459152,
  "nodes": {
    "9": [
      1,
      7,
      20,
      21,
      76,
      103,
      138,
      180,
      233,
      255,
      266,
      326,
      333,
      382,
      419,
      426,
      467,
      492,
      519,
      601,
      631,
      671,
      694,
      732,
      813,
      905,
      907,
      963,
      1037,
      1106,
      1234,
      1252,
      1415,
      1435,
      1443,
      1447,
      1544,
      1583,
      1611,
      1622,
      1748,
      1751,
      1763,
      1769,
      1840,
      1879,
      1945,
      1965,
      2103,
      2242,
      2377,
      2390,
      2399,
      2421,
      2474,
      2519,
      2610,
      2613,
      2669,
      2710,
      2728,
      2843,
      2924,
      2933,
      2953,
      3008,
      3107,
      3115,
      3163,
      3276,
      3284,
      3290,
      3365,
      3390,
      3448,
      3515,
      3707,
      3752,
      3773,
      3788,
      3831,
      3886,
      3935,
      3963,
      4005,
      4012,
      4144,
      4203,
      4233,
      4330,
      4345,
      4353,
      4513,
      4591,
      4594
    ],
    "0": [
      4,
      31,
      109,
      111,
      117,
      122,
      134,
      374,
      531,
      567,
      833,
      881,
      985,
      1082,
      1146,
      1170,
      1205,
      1373,
      1390,
      1538,
      1584,
      1622,
      1705,
      1815,
      1840,
      1923,
      1942,
      1946,
      1995,
      2022,
      2045,
      2109,
      2117,
      2157,
      2233,
      2256,
      2468,
      2669,
      2681,
      2752,
      2763,
      2791,
      3131,
      3180,
      3205,
      3208,
      3225,
      3306,
      3307,
      3344,
      3373,
      3381,
      3442,
      3449,
      3474,
      3781,
      3787,
      3848,
      3871,
      3880,
      4081,
      4241,
      4326,
      4337,
      4549
    ],
    "3": [
      31,
      151,
      171,
      224,
      232,
      262,
      264,
      271,
      273,
      355,
      386,
      579,
      615,
      619,
      629,
      642,
      803,
      948,
      1082,
      1143,
      1171,
      1198,
      1299,
      1318,
      1371,
      1405,
      1428,
      1442,
      1452,
      1483,
      1582,
      1607,
      1637,
      1701,
      1937,
      2112,
      2165,
      2205,
      2227,
      2252,
      2349,
      2377,
      2410,
      2467,
      2806,
      2890,
      2902,
      2908,
      2910,
      2985,
      2992,
      3053,
      3127,
      3337,
      3570,
      3790,
      3941,
      3949,
      3964,
      4000,
      4060,
      4264,
      4400,
      4546,
      4581
    ],
    "8": [
      8,
      95,
      137,
      208,
      215,
      268,
      274,
      324,
      390,
      428,
      496,
      581,
      603,
      604,
      678,
      725,
      777,
      791,
      832,
      848,
      885,
      951,
      974,
      1000,
      1098,
      1141,
      1230,
      1285,
      1291,
      1292,
      1337,
      1342,
      1479,
      1505,
      1530,
      1582,
      1615,
      1617,
      1620,
      1791,
      1809,
      1831,
      1861,
      1865,
      1870,
      1970,
      1972,
      1974,
      1981,
      1992,
      1995,
      2055,
      2064,
      2120,
      2194,
      2280,
      2294,
      2327,
      2338,
      2378,
      2422,
      2438,
      2440,
      2668,
      2764,
      2788,
      2841,
      2859,
      2874,
      2900,
      2942,
      2955,
      2999,
      3070,
      3080,
      3158,
      3169,
      3198,
      3322,
      3462,
      3463,
      3504,
      3519,
      3544,
      3602,
      3619,
      3693,
      3705,
      3769,
      3793,
      3827,
      3855,
      3862,
      3938,
      3940,
      3958,
      4016,
      4047,
      4072,
      4083,
      4094,
      4114,
      4137,
      4142,
      4179,
      4277,
      4304,
      4322,
      4342,
      4357,
      4360,
      4380,
      4424,
      4471,
      4510,
      4513,
      4536
    ],
    "2": [
      30,
      33,
      85,
      131,
      372,
      397,
      459,
      676,
      856,
      889,
      904,
      1037,
      1054,
      1145,
      1147,
      1190,
      1233,
      1422,
      1428,
      1471,
      1604,
      1611,
      1938,
      1960,
      1980,
      2046,
      2086,
      2363,
      2701,
      2797,
      2803,
      2900,
      2973,
      2974,
      3164,
      3176,
      3211,
      3228,
      3356,
      3464,
      3484,
      3794,
      3874,
      4229,
      4291,
      4300,
      4348,
      4443,
      4586
    ],
    "7": [
      67,
      136,
      172,
      181,
      219,
      222,
      287,
      320,
      346,
      393,
      402,
      473,
      490,
      511,
      525,
      621,
      627,
      645,
      669,
      676,
      682,
      746,
      768,
      802,
      837,
      909,
      912,
      1089,
      1161,
      1181,
      1259,
      1283,
      1335,
      1369,
      1456,
      1497,
      1626,
      1649,
      1676,
      1693,
      1742,
      1782,
      1843,
      1857,
      1867,
      1988,
      2007,
      2016,
      2161,
      2217,
      2268,
      2389,
      2423,
      2427,
      2497,
      2597,
      2671,
      2694,
      2878,
      2881,
      2936,
      2998,
      3044,
      3067,
      3145,
      3231,
      3257,
      3293,
      3358,
      3466,
      3528,
      3569,
      3663,
      3767,
      3782,
      3792,
      3820,
      3871,
      4005,
      4009,
      4046,
      4073,
      4107,
      4139,
      4145,
      4182,
      4397,
      4451,
      4474,
      4495,
      4505,
      4533,
      4606
    ],