{
  "entry": "P32435",
  "entry_name": "MFAL2_YEAST",
  "type": "GLM_1",
  "prompt": "MKFISTFLTFILAAVSVTASSDEDIAQVPAEAIIGYLDFGGDHDIAFLPFSNATASGLLFINTTIAEAAEKEQNTTLAKREAVADAWHWLNLRPGQPMYKREANADAWHWLQLKPGQPMY[GLM]59-90-31",
  "k": 64,
  "original_sequence": "MKFISTFLTFILAAVSVTASSDEDIAQVPAEAIIGYLDFGGDHDIAFLPFSNATASGLLFINTTIAEAAEKEQNTTLAKREAVADAWHWLNLRPGQPMYKREANADAWHWLQLKPGQPMY",
  "original_ll": -2.9135055541992188,
  "original_perplexity": 18.421262741088867,
  "progen3_sequence": "MKFISTFLTFILAAVSVTASSDEDIAQVPAEAIIGYLDFGGDHDIAFLPFSNATASGLLIKDEQPPLADKETVSLDLQVRDEEVGEGITFNLRPGQPMYKREANADAWHWLQLKPGQPMY",
  "progen3_ll": -2.835442066192627,
  "progen3_perplexity": 17.03792953491211,
  "max_sequence": "MKFISTFLTFILAAVSVTASSDEDIAQVPAEAIIGYLDFGGDHDIAFLPFSNATASGLLRRSFDPPPPNLELTDMDLLEVRFVAPDDKYPNLRPGQPMYKREANADAWHWLQLKPGQPMY",
  "max_ll": -2.9138543605804443,
  "max_perplexity": 18.427688598632812,
  "max_kl": 0.16147813200950623,
  "max_nmse": 0.1816704422235489,
  "base_sequence": "MKFISTFLTFILAAVSVTASSDEDIAQVPAEAIIGYLDFGGDHDIAFLPFSNATASGLLYKPNFFYMENNEQVYYYMNKVTYFYLEYKWNNLRPGQPMYKREANADAWHWLQLKPGQPMY",
  "base_ll": -3.0882937908172607,
  "base_perplexity": 21.939613342285156,
  "base_kl": 0.38160601258277893,
  "base_nmse": 1.0729570388793945,
  "recovered_sequence": "MKFISTFLTFILAAVSVTASSDEDIAQVPAEAIIGYLDFGGDHDIAFLPFSNATASGLLRKDEQKPDLDEGVQSESFQKRNREVQEGIKFNLRPGQPMYKREANADAWHWLQLKPGQPMY",
  "recovered_ll": -3.0081074237823486,
  "recovered_perplexity": 20.249040603637695,
  "recovered_kl": 0.1845349371433258,
  "recovered_nmse": 0.0941566750407219,
  "nodes": {
    "9": [
      1,
      7,
      76,
      138,
      180,
      255,
      326,
      333,
      382,
      419,
      467,
      601,
      694,
      732,
      905,
      907,
      940,
      963,
      1037,
      1075,
      1106,
      1183,
      1234,
      1252,
      1415,
      1435,
      1611,
      1622,
      1840,
      1879,
      1945,
      2103,
      2242,
      2377,
      2390,
      2399,
      2444,
      2474,
      2519,
      2613,
      2669,
      2728,
      2843,
      2924,
      2933,
      3008,
      3114,
      3115,
      3163,
      3365,
      3390,
      3707,
      3788,
      3886,
      3935,
      3963,
      4144,
      4233,
      4345,
      4353,
      4513,
      4591,
      4594
    ],
    "8": [
      1638
    ]
  }
}
