{
  "entry": "P40858",
  "entry_name": "RN49_YEAST",
  "type": "CLM",
  "prompt": "MLQLKFIWPVARITPIYRPFTSHPFRNLATSSSISSTKAKTTKTDTTPLKLSNELYAIFKIHNRPYLVTEGDRVILPFKLKQAEVGDILNMTDVTTLGSRNYKLVGHPINTSLYTLKATVVGKTKRAF",
  "k": 992,
  "original_sequence": "MLQLKFIWPVARITPIYRPFTSHPFRNLATSSSISSTKAKTTKTDTTPLKLSNELYAIFKIHNRPYLVTEGDRVILPFKLKQAEVGDILNMTDVTTLGSRNYKLVGHPINTSLYTLKATVVGKTKRAFQTREVTKRRNRRVRHAKSKGDLTILRISELSMN",
  "original_ll": -2.8627843856811523,
  "original_perplexity": 17.51021385192871,
  "progen3_sequence": "MLQLKFIWPVARITPIYRPFTSHPFRNLATSSSISSTKAKTTKTDTTPLKLSNELYAIFKIHNRPYLVTEGDRVILPFKLKQAEVGDILNMTDVTTLGSRNYKLVGHPINTSLYTLKATVVGKTKRAFTTKELNNILEEESSNIDSIFRLLTIKRNERVKI",
  "progen3_ll": -2.6213576793670654,
  "progen3_perplexity": 13.754384994506836,
  "max_sequence": "MLQLKFIWPVARITPIYRPFTSHPFRNLATSSSISSTKAKTTKTDTTPLKLSNELYAIFKIHNRPYLVTEGDRVILPFKLKQAEVGDILNMTDVTTLGSRNYKLVGHPINTSLYTLKATVVGKTKRAFIVNDLIDILYQITAVILLKDKLGNSPKNNLGIS",
  "max_ll": -2.7943992614746094,
  "max_perplexity": 16.352802276611328,
  "max_kl": 0.01092405803501606,
  "max_nmse": 0.007503004278987646,
  "base_sequence": "MLQLKFIWPVARITPIYRPFTSHPFRNLATSSSISSTKAKTTKTDTTPLKLSNELYAIFKIHNRPYLVTEGDRVILPFKLKQAEVGDILNMTDVTTLGSRNYKLVGHPINTSLYTLKATVVGKTKRAFDVANTSTVNFENSSFKIKKSNTSFDKYKNNYIK",
  "base_ll": -2.736750364303589,
  "base_perplexity": 15.43674087524414,
  "base_kl": 0.09437484294176102,
  "base_nmse": 0.2655506134033203,
  "recovered_sequence": "MLQLKFIWPVARITPIYRPFTSHPFRNLATSSSISSTKAKTTKTDTTPLKLSNELYAIFKIHNRPYLVTEGDRVILPFKLKQAEVGDILNMTDVTTLGSRNYKLVGHPINTSLYTLKATVVGKTKRAFTTKENVNILEEESYNIDSIFRLLTIKFNVRVKR",
  "recovered_ll": -2.7981669902801514,
  "recovered_perplexity": 16.414531707763672,
  "recovered_kl": 0.016103748232126236,
  "recovered_nmse": 0.006802425719797611,
  "nodes": {
    "9": [
      7,
      14,
      38,
      76,
      103,
      138,
      180,
      216,
      233,
      255,
      266,
      326,
      333,
      374,
      382,
      426,
      467,
      492,
      579,
      597,
      601,
      631,
      694,
      732,
      813,
      905,
      907,
      963,
      1027,
      1037,
      1075,
      1106,
      1232,
      1234,
      1252,
      1415,
      1435,
      1443,
      1447,
      1544,
      1583,
      1611,
      1622,
      1748,
      1751,
      1763,
      1769,
      1840,
      1879,
      1945,
      2103,
      2147,
      2242,
      2377,
      2390,
      2429,
      2444,
      2474,
      2519,
      2613,
      2631,
      2669,
      2728,
      2831,
      2843,
      2898,
      2924,
      2933,
      2945,
      3008,
      3107,
      3114,
      3115,
      3146,
      3163,
      3175,
      3226,
      3276,
      3365,
      3390,
      3448,
      3515,
      3692,
      3707,
      3773,
      3788,
      3831,
      3868,
      3886,
      3935,
      3945,
      4005,
      4068,
      4116,
      4144,
      4203,
      4233,
      4317,
      4330,
      4345,
      4353,
      4355,
      4438,
      4470,
      4513,
      4591,
      4594
    ],
    "8": [
      8,
      12,
      91,
      95,
      97,
      200,
      215,
      226,
      265,
      268,
      390,
      428,
      433,
      475,
      496,
      530,
      603,
      604,
      693,
      725,
      767,
      815,
      823,
      825,
      832,
      846,
      869,
      887,
      906,
      937,
      963,
      969,
      974,
      987,
      999,
      1003,
      1009,
      1014,
      1042,
      1060,
      1098,
      1141,
      1154,
      1230,
      1234,
      1245,
      1284,
      1291,
      1292,
      1337,
      1356,
      1382,
      1479,
      1483,
      1505,
      1530,
      1615,
      1619,
      1620,
      1697,
      1730,
      1742,
      1861,
      1863,
      1887,
      1970,
      1972,
      1974,
      1981,
      1987,
      1992,
      2028,
      2082,
      2120,
      2148,
      2253,
      2280,
      2327,
      2422,
      2438,
      2495,
      2518,
      2523,
      2686,
      2788,
      2841,
      2846,
      2859,
      2874,
      2892,
      2900,
      2942,
      2955,
      2974,
      2989,
      2998,
      2999,
      3065,
      3080,
      3097,
      3109,
      3151,
      3169,
      3189,
      3209,
      3213,
      3215,
      3266,
      3292,
      3377,
      3397,
      3428,
      3454,
      3463,
      3465,
      3499,
      3519,
      3544,
      3554,
      3562,
      3602,
      3605,
      3608,
      3619,
      3624,
      3650,
      3693,
      3705,
      3716,
      3741,
      3769,
      3793,
      3827,
      3847,
      3849,
      3855,
      3896,
      3938,
      3940,
      3958,
      4016,
      4070,
      4114,
      4131,
      4135,
      4138,
      4179,
      4223,
      4304,
      4322,
      4328,
      4342,
      4380,
      4405,
      4424,
      4442,
      4471,
      4477,
      4493,
      4510,
      4583,
      4601
    ],
    "0": [
      131,
      218,
      281,
      531,
      567,
      772,
      851,
      1205,
      1290,
      1397,
      1446,
      1705,
      1813,
      1840,
      1891,
      1995,
      2060,
      2117,
      2157,
      2173,
      2205,
      2256,
      2283,
      2711,
      2791,
      3011,
      3051,
      3100,
      3306,
      3307,
      3595,
      3605,
      3645,
      3781,
      3848,
      3871,
      3908,
      4337,
      4426,
      4443,
      4549
    ],
    "6": [
      57,
      117,
      163,
      169,
      266,
      270,
      279,
      298,
      367,
      414,
      423,
      445,
      476,
      514,
      542,
      571,
      705,
      714,
      741,
      758,
      769,
      824,
      836,
      931,
      996,
      1035,
      1061,
      1164,
      1203,
      1260,
      1285,
      1331,
      1336,
      1346,
      1376,
      1421,
      1593,
      1594,
      1604,
      1660,
      1698,
      1729,
      1767,
      1771,
      1795,
      1812,
      1846,
      1848,
      1873,
      1889,
      1940,
      1961,
      2030,
      2031,
      2037,
      2051,
      2057,
      2073,
      2094,
      2120,
      2192,
      2195,
      2273,
      2302,
      2308,
      2523,
      2547,
      2558,
      2592,
      2676,
      2763,
      2816,
      2833,
      2834,
      2893,
      2983,
      3008,
      3046,
      3065,
      3118,
      3253,
      3281,
      3325,
      3339,
      3442,
      3485,
      3493,
      3526,
      3544,
      3568,
      3574,
      3597,
      3627,
      3631,
      3633,
      3754,
      3760,
      3803,
      3848,
      3913,
      3967,
      4001,
      4054,
      4069,
      4086,
      4121,
      4220,
      4280,
      4290,
      4322,
      4372,
      4381,
      4423,
      4538,
      4548,
      4566,
      4574,
      4582,
      4586
    ],
    "2": [
      31,
      131,
      150,
      323,
      403,
      457,
      511,
      586,
      653,
      657,
      841,
      1054,
      1151,
      1190,
      1202,
      1264,
      1285,
      1294,
      1330,
      1477,
      1559,
      1611,
      1755,
      1840,
      1888,
      1936,
      1948,
      1982,
      2044,
      2046,
      2076,
      2086,
      2137,
      2321,
      2363,
      2405,
      2520,
      2623,
      2701,
      2716,
      2912,
      2915,
      2973,
      3027,
      3164,
      3167,
      3169,
      3176,
      3252,
      3254,
      3333,
      3351,
      3451,
      3464,
      3576,
      3869,
      3874,
      4237,
      4443,
      4462,
      4465,
      4586
    ],