{
  "entry": "P49829",
  "entry_name": "YCF88_TRICV",
  "type": "CLM",
  "prompt": "MNISSLIEDGVYPFEKDKVKQNYQKGNFEPIFQTFNVKYDKTLSARTKLILKTWKGKAFYYVNEDILYLLNIDQVEQDFLLKILHSMGIFLQNATSASFFDIYIYDINITEVPYYKSQ",
  "k": 1000,
  "original_sequence": "MNISSLIEDGVYPFEKDKVKQNYQKGNFEPIFQTFNVKYDKTLSARTKLILKTWKGKAFYYVNEDILYLLNIDQVEQDFLLKILHSMGIFLQNATSASFFDIYIYDINITEVPYYKSQKLENGTLLDSLTFTLKCYVTPPPEKPEIPW",
  "original_ll": -2.8694071769714355,
  "original_perplexity": 17.62656593322754,
  "progen3_sequence": "MNISSLIEDGVYPFEKDKVKQNYQKGNFEPIFQTFNVKYDKTLSARTKLILKTWKGKAFYYVNEDILYLLNIDQVEQDFLLKILHSMGIFLQNATSASFFDIYIYDINITEVPYYKSQKLEVLEELEEKISKLLEDKENRKDIFKSLF",
  "progen3_ll": -2.418195962905884,
  "progen3_perplexity": 11.225589752197266,
  "max_sequence": "MNISSLIEDGVYPFEKDKVKQNYQKGNFEPIFQTFNVKYDKTLSARTKLILKTWKGKAFYYVNEDILYLLNIDQVEQDFLLKILHSMGIFLQNATSASFFDIYIYDINITEVPYYKSQKSYKLEIESNLDEKLKIELNENLEISEIIE",
  "max_ll": -2.4710819721221924,
  "max_perplexity": 11.835245132446289,
  "max_kl": 0.011487538926303387,
  "max_nmse": 0.011562645435333252,
  "base_sequence": "MNISSLIEDGVYPFEKDKVKQNYQKGNFEPIFQTFNVKYDKTLSARTKLILKTWKGKAFYYVNEDILYLLNIDQVEQDFLLKILHSMGIFLQNATSASFFDIYIYDINITEVPYYKSQIKSLKNLNSNFFFFLIEYKNKLFKIFYNIK",
  "base_ll": -2.48883318901062,
  "base_perplexity": 12.047211647033691,
  "base_kl": 0.1769777238368988,
  "base_nmse": 0.27237963676452637,
  "recovered_sequence": "MNISSLIEDGVYPFEKDKVKQNYQKGNFEPIFQTFNVKYDKTLSARTKLILKTWKGKAFYYVNEDILYLLNIDQVEQDFLLKILHSMGIFLQNATSASFFDIYIYDINITEVPYYKSQKSEVLEESVEKILKLLEDLENEKDIFKSLE",
  "recovered_ll": -2.508620023727417,
  "recovered_perplexity": 12.287961959838867,
  "recovered_kl": 0.014956585131585598,
  "recovered_nmse": 0.006430475041270256,
  "nodes": {
    "9": [
      1,
      7,
      14,
      38,
      76,
      103,
      138,
      180,
      233,
      255,
      266,
      326,
      333,
      374,
      382,
      419,
      467,
      492,
      519,
      579,
      597,
      601,
      631,
      671,
      732,
      813,
      902,
      905,
      907,
      940,
      963,
      1037,
      1075,
      1106,
      1234,
      1252,
      1415,
      1435,
      1443,
      1447,
      1583,
      1611,
      1622,
      1748,
      1751,
      1763,
      1769,
      1840,
      1879,
      1945,
      2103,
      2242,
      2377,
      2390,
      2421,
      2429,
      2444,
      2474,
      2519,
      2613,
      2631,
      2669,
      2710,
      2728,
      2831,
      2843,
      2898,
      2924,
      2933,
      2953,
      3008,
      3107,
      3114,
      3115,
      3163,
      3175,
      3226,
      3365,
      3390,
      3448,
      3692,
      3707,
      3831,
      3868,
      3886,
      4005,
      4116,
      4144,
      4233,
      4317,
      4330,
      4341,
      4345,
      4353,
      4438,
      4470,
      4513,
      4591,
      4594
    ],
    "0": [
      109,
      131,
      218,
      318,
      531,
      568,
      785,
      1149,
      1205,
      1290,
      1656,
      1705,
      1813,
      1942,
      1980,
      2117,
      2436,
      2499,
      2625,
      2632,
      2639,
      2711,
      3047,
      3095,
      3122,
      3605,
      3871,
      3908,
      3911,
      4084,
      4290,
      4337,
      4426,
      4549
    ],
    "8": [
      8,
      80,
      140,
      205,
      208,
      215,
      232,
      268,
      278,
      390,
      502,
      581,
      603,
      725,
      743,
      759,
      777,
      825,
      832,
      869,
      872,
      930,
      951,
      963,
      974,
      987,
      1003,
      1009,
      1014,
      1042,
      1078,
      1113,
      1141,
      1215,
      1230,
      1245,
      1284,
      1291,
      1292,
      1302,
      1337,
      1342,
      1360,
      1382,
      1389,
      1393,
      1479,
      1505,
      1514,
      1530,
      1582,
      1614,
      1619,
      1660,
      1742,
      1754,
      1783,
      1791,
      1831,
      1861,
      1887,
      1970,
      1974,
      1992,
      1995,
      2028,
      2087,
      2120,
      2157,
      2269,
      2280,
      2294,
      2327,
      2373,
      2378,
      2402,
      2418,
      2438,
      2439,
      2440,
      2454,
      2518,
      2536,
      2605,
      2668,
      2672,
      2686,
      2694,
      2718,
      2743,
      2747,
      2764,
      2788,
      2841,
      2846,
      2859,
      2874,
      2892,
      2942,
      2955,
      2964,
      2998,
      3080,
      3108,
      3151,
      3158,
      3198,
      3213,
      3300,
      3383,
      3397,
      3434,
      3454,
      3463,
      3465,
      3504,
      3519,
      3544,
      3602,
      3611,
      3650,
      3667,
      3693,
      3705,
      3741,
      3769,
      3793,
      3847,
      3849,
      3855,
      3896,
      3901,
      3912,
      3938,
      3940,
      3958,
      3959,
      4012,
      4016,
      4030,
      4034,
      4070,
      4083,
      4114,
      4126,
      4131,
      4138,
      4151,
      4179,
      4304,
      4328,
      4380,
      4405,
      4442,
      4471,
      4477,
      4493,
      4510,
      4521,
      4533,
      4583
    ],
    "4": [
      122,
      128,
      142,
      163,
      226,
      233,
      267,
      291,
      412,
      414,
      448,
      477,
      484,
      497,
      533,
      577,
      627,
      699,
      708,
      758,
      764,
      807,
      856,
      897,
      918,
      935,
      971,
      978,
      988,
      1009,
      1036,
      1178,
      1259,
      1281,
      1288,
      1359,
      1497,
      1506,
      1586,
      1651,
      1774,
      1856,
      1858,
      1882,
      1910,
      1927,
      1964,
      1975,
      2010,
      2057,
      2068,
      2098,
      2203,
      2227,
      2359,
      2389,
      2408,
      2455,
      2624,
      2637,
      2695,
      2770,
      2845,
      2869,
      2870,
      2944,
      3016,
      3082,
      3097,
      3115,
      3142,
      3194,
      3238,
      3253,
      3296,
      3369,
      3421,
      3473,
      3501,
      3510,
      3658,
      3666,
      3739,
      3757,
      3789,
      3811,
      3857,
      3880,
      3899,
      3959,
      4000,
      4013,
      4065,
      4067,
      4076,
      4138,
      4143,
      4144,
      4154,
      4166,
      4176,
      4273,
      4292,
      4316,
      4408,
      4528,
      4550
    ],
    "3": [
      55,
      56,
      65,
      78,
      218,
      258,
      264,
      354,
      413,
      430,
      489,
      649,
      703,
      761,
      895,
      979,
      990,
      998,
      1016,
      1030,
      1075,
      1250,
      1321,
      1332,
      1442,
      1449,
      1452,
      1457,
      1503,
      1507,
      1512,
      1515,
      1544,
      1592,
      1612,
      1617,
      1779,
      1789,
      1810,
      1821,
      1877,
      1911,
      1918,
      1937,
      1948,
      2001,
      2023,
      2032,
      2033,
      2037,
      2072,
      2090,
      2156,
      2205,
      2273,
      2289,
      2365,
      2367,
      2377,
      2403,
      2411,
      2454,
      2520,
      2544,
      2618,
      2650,
      2678,
      2772,
      2796,
      2825,
      2827,
      2898,
      2963,
      3052,
      3121,
      3144,
      3374,
      3442,
      3445,
      3467,
      3482,
      3518,
      3570,
      3575,
      3597,
      3661,
      3668,
      3741,
      3760,
      3763,
      3790,
      3919,
      3941,
      4018,
      4049,
      4092,
      4100,
      4101,
      4142,
      4236,
      4266,
      4270,
      4285,
      4329,
      4435,
      4455,
      4485,
      4523,
      4581
    ],