{
  "entry": "P53310",
  "entry_name": "YG55_YEAST",
  "type": "CLM",
  "prompt": "MVQAVSDNLISNAWVISCNPLALEVPERIGSTYFCFGGAIFILVAPLTNLVYNEDIVSQTRLYIYYRGSRDSRACMLDIVT",
  "k": 960,
  "original_sequence": "MVQAVSDNLISNAWVISCNPLALEVPERIGSTYFCFGGAIFILVAPLTNLVYNEDIVSQTRLYIYYRGSRDSRACMLDIVTLVDVSKRSKLVLLLQIYFFSF",
  "original_ll": -2.7026093006134033,
  "original_perplexity": 14.918608665466309,
  "progen3_sequence": "MVQAVSDNLISNAWVISCNPLALEVPERIGSTYFCFGGAIFILVAPLTNLVYNEDIVSQTRLYIYYRGSRDSRACMLDIVTGERITLTRSAGSVGAVAGGSD",
  "progen3_ll": -2.5400195121765137,
  "progen3_perplexity": 12.67991828918457,
  "max_sequence": "MVQAVSDNLISNAWVISCNPLALEVPERIGSTYFCFGGAIFILVAPLTNLVYNEDIVSQTRLYIYYRGSRDSRACMLDIVTTVTFQLGTAGRGGTNGTILIS",
  "max_ll": -2.856476306915283,
  "max_perplexity": 17.40010643005371,
  "max_kl": 0.019791871309280396,
  "max_nmse": 0.008005614392459393,
  "base_sequence": "MVQAVSDNLISNAWVISCNPLALEVPERIGSTYFCFGGAIFILVAPLTNLVYNEDIVSQTRLYIYYRGSRDSRACMLDIVTLSPTARDPNPPSSCSTCTAWT",
  "base_ll": -2.851010322570801,
  "base_perplexity": 17.30525779724121,
  "base_kl": 0.08910481631755829,
  "base_nmse": 0.13308773934841156,
  "recovered_sequence": "MVQAVSDNLISNAWVISCNPLALEVPERIGSTYFCFGGAIFILVAPLTNLVYNEDIVSQTRLYIYYRGSRDSRACMLDIVTLVGITLTRSGGSVGAVAGGSD",
  "recovered_ll": -2.672797203063965,
  "recovered_perplexity": 14.48041820526123,
  "recovered_kl": 0.026886755600571632,
  "recovered_nmse": 0.01649908535182476,
  "nodes": {
    "9": [
      7,
      14,
      38,
      76,
      103,
      138,
      180,
      255,
      326,
      333,
      382,
      426,
      467,
      492,
      579,
      597,
      601,
      631,
      694,
      732,
      813,
      905,
      907,
      940,
      963,
      1027,
      1037,
      1106,
      1234,
      1252,
      1415,
      1544,
      1583,
      1611,
      1622,
      1740,
      1751,
      1769,
      1840,
      1879,
      1945,
      2103,
      2147,
      2242,
      2245,
      2377,
      2390,
      2429,
      2434,
      2519,
      2613,
      2669,
      2710,
      2728,
      2831,
      2843,
      2868,
      2898,
      2924,
      3008,
      3107,
      3115,
      3146,
      3163,
      3175,
      3226,
      3365,
      3448,
      3692,
      3707,
      3752,
      3831,
      3886,
      3959,
      3963,
      4005,
      4116,
      4144,
      4233,
      4317,
      4330,
      4345,
      4353,
      4438,
      4513,
      4591,
      4594
    ],
    "7": [
      2,
      13,
      67,
      136,
      263,
      275,
      287,
      329,
      402,
      486,
      511,
      512,
      580,
      682,
      975,
      1062,
      1082,
      1161,
      1163,
      1172,
      1175,
      1227,
      1260,
      1330,
      1369,
      1396,
      1455,
      1477,
      1630,
      1643,
      1649,
      1652,
      1676,
      1835,
      1836,
      1876,
      1972,
      2001,
      2008,
      2045,
      2136,
      2161,
      2178,
      2217,
      2233,
      2244,
      2256,
      2258,
      2271,
      2295,
      2306,
      2315,
      2351,
      2374,
      2389,
      2391,
      2421,
      2434,
      2441,
      2565,
      2575,
      2627,
      2632,
      2688,
      2734,
      2794,
      2889,
      2914,
      2915,
      2929,
      3037,
      3042,
      3048,
      3117,
      3132,
      3241,
      3370,
      3407,
      3463,
      3466,
      3530,
      3535,
      3543,
      3559,
      3584,
      3607,
      3647,
      3649,
      3656,
      3663,
      3713,
      3729,
      3772,
      3793,
      3801,
      3807,
      3903,
      3926,
      3929,
      3974,
      4025,
      4117,
      4163,
      4166,
      4182,
      4219,
      4222,
      4275,
      4380,
      4449,
      4485,
      4533,
      4575,
      4593
    ],
    "5": [
      11,
      37,
      56,
      114,
      119,
      176,
      183,
      232,
      241,
      297,
      300,
      318,
      349,
      377,
      432,
      456,
      490,
      504,
      603,
      651,
      656,
      842,
      850,
      877,
      958,
      1108,
      1129,
      1133,
      1167,
      1201,
      1220,
      1365,
      1381,
      1399,
      1437,
      1447,
      1505,
      1651,
      1658,
      1753,
      1788,
      1796,
      1932,
      1934,
      2031,
      2040,
      2167,
      2251,
      2256,
      2258,
      2362,
      2402,
      2498,
      2551,
      2559,
      2563,
      2585,
      2619,
      2677,
      2782,
      2812,
      2829,
      2857,
      2916,
      2927,
      2945,
      2974,
      2984,
      3030,
      3063,
      3067,
      3079,
      3171,
      3296,
      3342,
      3361,
      3368,
      3379,
      3404,
      3413,
      3471,
      3474,
      3491,
      3504,
      3527,
      3538,
      3572,
      3588,
      3595,
      3603,
      3618,
      3629,
      3642,
      3644,
      3666,
      3676,
      3706,
      3715,
      3724,
      3739,
      3802,
      3864,
      3892,
      3916,
      3919,
      3933,
      3946,
      3956,
      3970,
      3986,
      3997,
      4007,
      4185,
      4222,
      4232,
      4263,
      4306,
      4354,
      4378,
      4394,
      4532,
      4539
    ],
    "8": [
      8,
      80,
      83,
      181,
      205,
      208,
      215,
      265,
      268,
      296,
      390,
      428,
      534,
      603,
      604,
      678,
      831,
      832,
      906,
      951,
      963,
      974,
      987,
      1000,
      1003,
      1014,
      1029,
      1060,
      1078,
      1085,
      1098,
      1141,
      1230,
      1337,
      1342,
      1382,
      1408,
      1448,
      1479,
      1483,
      1499,
      1505,
      1507,
      1526,
      1530,
      1556,
      1582,
      1614,
      1615,
      1619,
      1620,
      1649,
      1755,
      1779,
      1809,
      1814,
      1831,
      1882,
      1894,
      1970,
      1974,
      1976,
      1992,
      2028,
      2037,
      2082,
      2087,
      2120,
      2157,
      2208,
      2211,
      2260,
      2280,
      2327,
      2424,
      2428,
      2438,
      2440,
      2518,
      2534,
      2609,
      2686,
      2841,
      2846,
      2859,
      2874,
      2906,
      2955,
      2960,
      2964,
      2998,
      2999,
      3080,
      3094,
      3154,
      3158,
      3169,
      3198,
      3266,
      3300,
      3371,
      3428,
      3434,
      3435,
      3438,
      3463,
      3465,
      3474,
      3499,
      3503,
      3544,
      3611,
      3622,
      3624,
      3705,
      3730,
      3741,
      3743,
      3769,
      3847,
      3855,
      3866,
      3912,
      3938,
      3958,
      4016,
      4047,
      4059,
      4072,
      4114,
      4120,
      4131,
      4138,
      4142,
      4151,
      4179,
      4184,
      4223,
      4259,
      4281,
      4342,
      4356,
      4380,
      4472,
      4475,
      4510,
      4525,
      4583,
      4598
    ],
    "1": [
      396,
      403,
      421,
      469,
      495,
      505,
      514,
      585,
      649,
      802,
      868,
      1076,
      1084,
      1087,
      1154,
      1230,
      1311,
      1391,
      1410,
      1413,
      1441,
      1464,
      1492,
      1594,
      1668,
      1705,
      1728,
      1843,
      1955,
      1960,
      2034,
      2048,
      2094,
      2104,
      2137,
      2145,
      2146,
      2241,
      2377,
      2388,
      2457,
      2467,
      2649,
      2733,
      2775,
      2902,
      2917,
      3014,
      3045,
      3091,
      3174,
      3215,
      3387,
      3464,
      3504,
      3734,
      3865,
      3867,
      3904,
      3964,
      4069,
      4095,
      4113,
      4124,
      4183,
      4327,
      4408
    ],