{
  "entry": "P53308",
  "entry_name": "YG4U_YEAST",
  "type": "GLM_1",
  "prompt": "MLIVIFHKAIFSNSSLASSTLASSLLISFSSFLFISSVCLFTSSSFFADSVTCSFSTCSFSSTFGCFSSSFLSLSCLMSTLSALISCSACPRLSVFTVVVSASLGSVFTILTDS[GLM]76-84-8",
  "k": 128,
  "original_sequence": "MLIVIFHKAIFSNSSLASSTLASSLLISFSSFLFISSVCLFTSSSFFADSVTCSFSTCSFSSTFGCFSSSFLSLSCLMSTLSALISCSACPRLSVFTVVVSASLGSVFTILTDS",
  "original_ll": -2.5629215240478516,
  "original_perplexity": 12.973665237426758,
  "progen3_sequence": "MLIVIFHKAIFSNSSLASSTLASSLLISFSSFLFISSVCLFTSSSFFADSVTCSFSTCSFSSTFGCFSSSFLSLSCLNLLLKILISCSACPRLSVFTVVVSASLGSVFTILTDS",
  "progen3_ll": -2.541048765182495,
  "progen3_perplexity": 12.692975997924805,
  "max_sequence": "MLIVIFHKAIFSNSSLASSTLASSLLISFSSFLFISSVCLFTSSSFFADSVTCSFSTCSFSSTFGCFSSSFLSLSCLIILIIIIISCSACPRLSVFTVVVSASLGSVFTILTDS",
  "max_ll": -2.4498987197875977,
  "max_perplexity": 11.587173461914062,
  "max_kl": 0.3482847809791565,
  "max_nmse": 0.061187826097011566,
  "base_sequence": "MLIVIFHKAIFSNSSLASSTLASSLLISFSSFLFISSVCLFTSSSFFADSVTCSFSTCSFSSTFGCFSSSFLSLSCSNMLNNCCISCSACPRLSVFTVVVSASLGSVFTILTDS",
  "base_ll": -3.234221935272217,
  "base_perplexity": 25.386611938476562,
  "base_kl": 0.828273594379425,
  "base_nmse": 1.0008059740066528,
  "recovered_sequence": "MLIVIFHKAIFSNSSLASSTLASSLLISFSSFLFISSVCLFTSSSFFADSVTCSFSTCSFSSTFGCFSSSFLSLSCLSLSNNIFISCSACPRLSVFTVVVSASLGSVFTILTDS",
  "recovered_ll": -2.4745564460754395,
  "recovered_perplexity": 11.87643814086914,
  "recovered_kl": 0.509032666683197,
  "recovered_nmse": 0.13054963946342468,
  "nodes": {
    "9": [
      14,
      20,
      38,
      76,
      103,
      180,
      255,
      419,
      426,
      467,
      492,
      597,
      601,
      631,
      905,
      941,
      1027,
      1106,
      1234,
      1348,
      1583,
      1611,
      1740,
      1769,
      1813,
      1840,
      1879,
      2147,
      2309,
      2426,
      2429,
      2434,
      2482,
      2519,
      2610,
      2677,
      2710,
      2728,
      2898,
      2953,
      2989,
      3008,
      3146,
      3163,
      3226,
      3276,
      3284,
      3290,
      3650,
      3692,
      3773,
      3831,
      3868,
      3959,
      3963,
      4005,
      4012,
      4116,
      4144,
      4203,
      4264,
      4330,
      4353,
      4407,
      4438,
      4513,
      4594
    ],
    "8": [
      83,
      208,
      399,
      444,
      534,
      1077,
      1617,
      1687,
      1814,
      1916,
      2064,
      2087,
      2218,
      2351,
      2952,
      2999,
      3071,
      3158,
      3248,
      3435,
      3544,
      3622,
      3737,
      4112,
      4149,
      4360,
      4469,
      4475
    ],
    "7": [
      86,
      402,
      442,
      486,
      911,
      1057,
      1161,
      1172,
      1175,
      1203,
      1676,
      1728,
      3037,
      3329,
      3578,
      3588,
      3767,
      4275,
      4397
    ],
    "6": [
      289,
      714,
      1705,
      3973,
      3975
    ],
    "3": [
      447,
      1150,
      2104,
      2755,
      3357,
      3689,
      4156,
      4226
    ],
    "2": [
      4075
    ]
  }
}
