{
  "entry": "P57618",
  "entry_name": "FETP_BUCAI",
  "type": "CLM",
  "prompt": "MNRIIFCTFFKKKSEGQDFQSYPGKLGKKIYDQISKKAWEKWIEKQTILINEENLNMFNLE",
  "k": 32,
  "original_sequence": "MNRIIFCTFFKKKSEGQDFQSYPGKLGKKIYDQISKKAWEKWIEKQTILINEENLNMFNLEHRKKIEKYMKLFLFKK",
  "original_ll": -2.3606743812561035,
  "original_perplexity": 10.59809684753418,
  "progen3_sequence": "MNRIIFCTFFKKKSEGQDFQSYPGKLGKKIYDQISKKAWEKWIEKQTILINEENLNMFNLEERKYIEEQMEKFFFGE",
  "progen3_ll": -0.8747889995574951,
  "progen3_perplexity": 2.398369312286377,
  "max_sequence": "MNRIIFCTFFKKKSEGQDFQSYPGKLGKKIYDQISKKAWEKWIEKQTILINEENLNMFNLEEILKFDEEYEELEEEK",
  "max_ll": -2.7924647331237793,
  "max_perplexity": 16.321197509765625,
  "max_kl": 0.6515535116195679,
  "max_nmse": 0.03433168679475784,
  "base_sequence": "MNRIIFCTFFKKKSEGQDFQSYPGKLGKKIYDQISKKAWEKWIEKQTILINEENLNMFNLEFLIKFNEFKKIEFK",
  "base_ll": -2.7851624488830566,
  "base_perplexity": 16.20244789123535,
  "base_kl": 0.8035700917243958,
  "base_nmse": 0.05115421116352081,
  "recovered_sequence": "MNRIIFCTFFKKKSEGQDFQSYPGKLGKKIYDQISKKAWEKWIEKQTILINEENLNMFNLEEIFEFEEFFYEFFFEI",
  "recovered_ll": -2.756375312805176,
  "recovered_perplexity": 15.742677688598633,
  "recovered_kl": 0.7525620460510254,
  "recovered_nmse": 0.04529378190636635,
  "nodes": {
    "9": [
      38,
      138,
      601,
      732,
      1106,
      1195,
      1234,
      1348,
      1622,
      1824,
      1840,
      1879,
      2103,
      2283,
      2474,
      2838,
      3029,
      3454,
      3650,
      3707,
      3868,
      3935,
      4233,
      4258,
      4355,
      4513,
      4584,
      4594
    ],
    "8": [
      375,
      390,
      1228,
      2657
    ]
  }
}
