{
  "entry": "P61931",
  "entry_name": "RS27_METAC",
  "type": "CLM",
  "prompt": "MVDYTQRPKSRFLRVKCNDCENEQIIFGSASRKITCVVCGRTLAEPTGG",
  "k": 128,
  "original_sequence": "MVDYTQRPKSRFLRVKCNDCENEQIIFGSASRKITCVVCGRTLAEPTGGKSTITTHILEVLE",
  "original_ll": -2.793037176132202,
  "original_perplexity": 16.330543518066406,
  "progen3_sequence": "MVDYTQRPKSRFLRVKCNDCENEQIIFGSASRKITCVVCGRTLAEPTGGTLTLKKPKRKTLK",
  "progen3_ll": -2.3920340538024902,
  "progen3_perplexity": 10.935715675354004,
  "max_sequence": "MVDYTQRPKSRFLRVKCNDCENEQIIFGSASRKITCVVCGRTLAEPTGGKESIKESGLIVPG",
  "max_ll": -2.780526638031006,
  "max_perplexity": 16.127513885498047,
  "max_kl": 0.05354384332895279,
  "max_nmse": 0.017018800601363182,
  "base_sequence": "MVDYTQRPKSRFLRVKCNDCENEQIIFGSASRKITCVVCGRTLAEPTGGVFTKRSEVIESSG",
  "base_ll": -2.6814498901367188,
  "base_perplexity": 14.606255531311035,
  "base_kl": 0.10565225034952164,
  "base_nmse": 0.25806665420532227,
  "recovered_sequence": "MVDYTQRPKSRFLRVKCNDCENEQIIFGSASRKITCVVCGRTLAEPTGGPRTLKKKKEKTLK",
  "recovered_ll": -2.5632472038269043,
  "recovered_perplexity": 12.977890968322754,
  "recovered_kl": 0.06381414830684662,
  "recovered_nmse": 0.024517405778169632,
  "nodes": {
    "9": [
      7,
      14,
      76,
      138,
      180,
      222,
      233,
      255,
      333,
      374,
      419,
      467,
      519,
      579,
      601,
      631,
      671,
      694,
      732,
      902,
      907,
      963,
      998,
      1037,
      1075,
      1106,
      1232,
      1234,
      1252,
      1415,
      1435,
      1443,
      1447,
      1565,
      1611,
      1622,
      1751,
      1763,
      1810,
      1840,
      1879,
      1945,
      2103,
      2242,
      2429,
      2444,
      2474,
      2482,
      2613,
      2631,
      2669,
      2728,
      2898,
      2924,
      2953,
      3114,
      3115,
      3163,
      3175,
      3226,
      3276,
      3349,
      3365,
      3390,
      3448,
      3454,
      3692,
      3707,
      3831,
      3886,
      3963,
      4116,
      4233,
      4283,
      4317,
      4330,
      4341,
      4345,
      4353,
      4438,
      4470,
      4513,
      4594
    ],
    "4": [
      71,
      1499,
      1624,
      2021,
      2086,
      2161,
      2489,
      2608,
      2640,
      2645
    ],
    "8": [
      192,
      250,
      1042,
      1068,
      1178,
      1992,
      2280,
      2859,
      3196,
      3650,
      3880,
      4328
    ],
    "5": [
      386,
      654,
      1075,
      1880,
      2025,
      2363,
      2759,
      3051,
      3448,
      3858,
      4369
    ],
    "6": [
      2727,
      3755,
      4342
    ],
    "7": [
      423,
      2431,
      2844,
      3202,
      4412
    ],
    "3": [
      1582,
      1598,
      2214
    ],
    "2": [
      4237
    ]
  }
}
