{
  "entry": "P62530",
  "entry_name": "MCHB_ECOLX",
  "type": "CLM",
  "prompt": "MREITESQLRYISGAGGAPATSANAAGAAAIVGALAGIPGGPLGVVVGAVSAGLTTAIGS",
  "k": 544,
  "original_sequence": "MREITESQLRYISGAGGAPATSANAAGAAAIVGALAGIPGGPLGVVVGAVSAGLTTAIGSTVGSGSASSSAGGGS",
  "original_ll": -2.08691668510437,
  "original_perplexity": 8.060025215148926,
  "progen3_sequence": "MREITESQLRYISGAGGAPATSANAAGAAAIVGALAGIPGGPLGVVVGAVSAGLTTAIGSRVAGRAERRLRDAEA",
  "progen3_ll": -2.1016592979431152,
  "progen3_perplexity": 8.179731369018555,
  "max_sequence": "MREITESQLRYISGAGGAPATSANAAGAAAIVGALAGIPGGPLGVVVGAVSAGLTTAIGSLATGGSARKAGGLVL",
  "max_ll": -2.4596097469329834,
  "max_perplexity": 11.700244903564453,
  "max_kl": 0.0356571301817894,
  "max_nmse": 0.00405515730381012,
  "base_sequence": "MREITESQLRYISGAGGAPATSANAAGAAAIVGALAGIPGGPLGVVVGAVSAGLTTAIGSDADPALRLRGGEDAA",
  "base_ll": -2.5904088020324707,
  "base_perplexity": 13.335221290588379,
  "base_kl": 0.1175655797123909,
  "base_nmse": 0.022532468661665916,
  "recovered_sequence": "MREITESQLRYISGAGGAPATSANAAGAAAIVGALAGIPGGPLGVVVGAVSAGLTTAIGSAGAGRAERALRPAEG",
  "recovered_ll": -2.4682087898254395,
  "recovered_perplexity": 11.801289558410645,
  "recovered_kl": 0.05138203501701355,
  "recovered_nmse": 0.006669029593467712,
  "nodes": {
    "9": [
      1,
      7,
      14,
      20,
      76,
      103,
      138,
      180,
      222,
      255,
      326,
      333,
      374,
      419,
      467,
      492,
      506,
      519,
      601,
      671,
      694,
      902,
      907,
      937,
      940,
      963,
      1027,
      1037,
      1075,
      1106,
      1232,
      1234,
      1252,
      1415,
      1435,
      1443,
      1447,
      1611,
      1622,
      1751,
      1763,
      1769,
      1810,
      1813,
      1840,
      1879,
      1945,
      2103,
      2242,
      2390,
      2421,
      2429,
      2610,
      2613,
      2669,
      2677,
      2710,
      2728,
      2843,
      2898,
      2924,
      2933,
      2953,
      2989,
      3008,
      3114,
      3115,
      3146,
      3163,
      3276,
      3284,
      3290,
      3365,
      3390,
      3707,
      3773,
      3788,
      3831,
      3886,
      3935,
      3945,
      3963,
      4012,
      4116,
      4233,
      4264,
      4330,
      4345,
      4353,
      4407,
      4513,
      4594
    ],
    "4": [
      24,
      124,
      135,
      167,
      204,
      227,
      246,
      337,
      400,
      407,
      468,
      489,
      531,
      612,
      673,
      779,
      839,
      850,
      1018,
      1031,
      1090,
      1197,
      1224,
      1322,
      1405,
      1478,
      1539,
      1600,
      1615,
      1680,
      1716,
      1796,
      1798,
      1839,
      1845,
      1875,
      1984,
      1997,
      2058,
      2257,
      2258,
      2260,
      2261,
      2312,
      2315,
      2320,
      2391,
      2490,
      2539,
      2559,
      2560,
      2699,
      2704,
      2734,
      2740,
      2773,
      2781,
      2787,
      2810,
      2920,
      3398,
      3418,
      3460,
      3464,
      3486,
      3501,
      3558,
      3560,
      4061,
      4095,
      4097,
      4099,
      4141,
      4223,
      4311,
      4378,
      4456,
      4523,
      4538,
      4565,
      4575
    ],
    "5": [
      117,
      166,
      221,
      363,
      380,
      440,
      462,
      493,
      522,
      545,
      573,
      606,
      629,
      698,
      928,
      1004,
      1026,
      1189,
      1229,
      1238,
      1244,
      1255,
      1258,
      1429,
      1437,
      1631,
      1636,
      1729,
      1774,
      1775,
      1787,
      2035,
      2101,
      2357,
      2501,
      2504,
      2635,
      2661,
      2689,
      2812,
      2896,
      2945,
      3032,
      3050,
      3080,
      3194,
      3217,
      3245,
      3306,
      3391,
      3415,
      3527,
      3570,
      3626,
      3888,
      3892,
      3894,
      3909,
      3988,
      4018,
      4044,
      4173,
      4179,
      4197,
      4201,
      4217,
      4302,
      4343,
      4348,
      4374,
      4421
    ],
    "2": [
      82,
      615,
      663,
      1009,
      1074,
      1141,
      1320,
      1517,
      1549,
      1859,
      2046,
      2354,
      2650,
      2673,
      2804,
      2858,
      2982,
      3285,
      3782,
      3961,
      4220,
      4237,
      4274,
      4586
    ],
    "7": [
      60,
      130,
      198,
      355,
      478,
      490,
      556,
      768,
      783,
      802,
      953,
      1089,
      1155,
      1335,
      1418,
      1442,
      1456,
      1475,
      1531,
      1539,
      1676,
      1737,
      1786,
      1843,
      1946,
      1961,
      2046,
      2161,
      2274,
      2380,
      2411,
      2497,
      2533,
      2898,
      3333,
      3358,
      3437,
      3532,
      3588,
      3656,
      3756,
      3971,
      3972,
      4010,
      4027,
      4073,
      4088,
      4120,
      4199,
      4207,
      4245,
      4276,
      4294,
      4397,
      4451
    ],
    "8": [
      8,
      140,
      296,
      399,
      603,
      676,
      951,
      999,
      1000,
      1003,
      1077,
      1085,
      1292,
      1337,
      1342,
      1448,
      1724,
      1747,
      1890,
      1974,
      1992,
      2006,
      2064,
      2125,
      2184,
      2194,
      2273,
      2294,
      2304,
      2338,
      2385,
      2438,
      2479,
      2543,
      2702,
      2717,
      2788,
      2846,
      2874,
      2942,
      2953,
      2989,
      2997,
      3108,
      3113,
      3169,
      3172,
      3198,
      3210,
      3274,
      3322,
      3463,
      3519,
      3544,
      3705,
      3743,
      3769,
      3827,
      3849,
      3866,
      3950,
      3958,
      4016,
      4047,
      4061,
      4114,
      4142,
      4412,
      4425,
      4471,
      4510,
      4513,
      4581
    ],
    "0": [
      123,
      296,
      1158,
      1205,
      1349,
      1656,
      1676,
      1818,
      1995,
      2205,
      2431,
      3093,
      3156,
      3227,
      3423,
      3441,
      3474,
      3603,
      3908,
      4421
    ],
    "3": [
      143,
      264,
      311,
      424,
      754,
      955,
      1024,
      1083,
      1149,
      1170,
      1198,
      1201,
      1243,
      1264,
      1282,
      1298,
      1334,
      1401,
      1548,
      1764,
      1789,
      1844,
      2163,
      2294,
      2651,
      2687,
      3078,
      3509,
      3570,
      3762,
      3775,
      3798,
      3925,
      4122,
      4434,
      4475,
      4565
    ],
    "6": [
      14,
      63,
      83,
      277,
      402,
      498,
      601,
      682,
      714,
      822,
      871,
      972,
      1109,
      1136,
      1313,
      1410,
      1423,
      1441,
      1484,
      1544,
      1574,
      1586,
      1602,
      1639,
      1715,
      1742,
      1940,
      2026,
      2028,
      2051,
      2150,
      2260,
      2275,
      2314,
      2515,
      2523,
      2547,
      2615,
      2634,
      2745,
      2833,
      2896,
      2898,
      2921,
      2945,
      2990,
      3051,
      3088,
      3090,
      3121,
      3290,
      3303,
      3778,
      3788,
      3795,
      3855,
      3893,
      4164,
      4548,
      4586
    ],
    "1": [
      198,
      403,
      421,
      495,
      505,
      514,
      802,
      1154,
      1668,
      1705,
      1955,
      1960,
      2034,
      2137,
      2376,
      2457,
      2467,
      2649,
      2747,
      2780,
      2913,
      3045,
      3091,
      3170,
      3215,
      3504,
      3734,
      4095,
      4113,
      4124,
      4408
    ]
  }
}
