{
  "entry": "P71365",
  "entry_name": "Y1050_HAEIN",
  "type": "GLM_1",
  "prompt": "MKKLCTALLLSLFAISFAHANETKQIVLKVKEMNCQLCAYLVNKELRNINGVISTKASIKDGLVTVVEDPNVTNQQLFDAIHKLKYTAEVVN[GLM]57-72-15",
  "k": 928,
  "original_sequence": "MKKLCTALLLSLFAISFAHANETKQIVLKVKEMNCQLCAYLVNKELRNINGVISTKASIKDGLVTVVEDPNVTNQQLFDAIHKLKYTAEVVN",
  "original_ll": -2.4050610065460205,
  "original_perplexity": 11.079106330871582,
  "progen3_sequence": "MKKLCTALLLSLFAISFAHANETKQIVLKVKEMNCQLCAYLVNKELRNINGVISTKAAVKLPKTSNAQIEEKTNQQLFDAIHKLKYTAEVVN",
  "progen3_ll": -2.9036061763763428,
  "progen3_perplexity": 18.23980140686035,
  "max_sequence": "MKKLCTALLLSLFAISFAHANETKQIVLKVKEMNCQLCAYLVNKELRNINGVISTKANQMIGMIRKAANPPSTNQQLFDAIHKLKYTAEVVN",
  "max_ll": -3.4465317726135254,
  "max_perplexity": 31.391328811645508,
  "max_kl": 0.04539203271269798,
  "max_nmse": 0.10473024845123291,
  "base_sequence": "MKKLCTALLLSLFAISFAHANETKQIVLKVKEMNCQLCAYLVNKELRNINGVISTKAIMMVIMEKYNQYMMKTNQQLFDAIHKLKYTAEVVN",
  "base_ll": -3.8930160999298096,
  "base_perplexity": 49.05862808227539,
  "base_kl": 0.4209166169166565,
  "base_nmse": 3.0373997688293457,
  "recovered_sequence": "MKKLCTALLLSLFAISFAHANETKQIVLKVKEMNCQLCAYLVNKELRNINGVISTKANVKMVKTKNAQIEEKTNQQLFDAIHKLKYTAEVVN",
  "recovered_ll": -2.9554107189178467,
  "recovered_perplexity": 19.209611892700195,
  "recovered_kl": 0.09754623472690582,
  "recovered_nmse": 0.413764625787735,
  "nodes": {
    "9": [
      7,
      53,
      180,
      222,
      233,
      255,
      266,
      374,
      419,
      467,
      484,
      506,
      519,
      579,
      597,
      601,
      671,
      729,
      765,
      813,
      902,
      905,
      907,
      940,
      998,
      1028,
      1037,
      1075,
      1106,
      1183,
      1195,
      1232,
      1234,
      1252,
      1348,
      1415,
      1435,
      1443,
      1447,
      1468,
      1550,
      1565,
      1583,
      1652,
      1698,
      1740,
      1751,
      1763,
      1810,
      1813,
      1824,
      1879,
      2103,
      2147,
      2174,
      2242,
      2283,
      2390,
      2399,
      2421,
      2426,
      2444,
      2483,
      2613,
      2631,
      2669,
      2843,
      2933,
      2945,
      2953,
      2989,
      3029,
      3037,
      3114,
      3115,
      3175,
      3194,
      3203,
      3226,
      3258,
      3290,
      3339,
      3349,
      3365,
      3376,
      3390,
      3692,
      3707,
      3773,
      3831,
      3868,
      3886,
      3945,
      3959,
      4005,
      4012,
      4131,
      4203,
      4233,
      4252,
      4264,
      4274,
      4283,
      4301,
      4317,
      4330,
      4341,
      4353,
      4355,
      4470,
      4513,
      4584,
      4594
    ],
    "8": [
      1,
      12,
      32,
      37,
      192,
      232,
      250,
      251,
      294,
      349,
      350,
      362,
      363,
      447,
      475,
      508,
      524,
      588,
      607,
      626,
      654,
      665,
      701,
      716,
      727,
      730,
      753,
      797,
      838,
      842,
      903,
      910,
      935,
      946,
      957,
      969,
      1047,
      1068,
      1078,
      1091,
      1114,
      1132,
      1170,
      1178,
      1186,
      1198,
      1259,
      1280,
      1283,
      1290,
      1370,
      1390,
      1418,
      1420,
      1486,
      1500,
      1511,
      1520,
      1605,
      1606,
      1612,
      1614,
      1652,
      1662,
      1663,
      1707,
      1720,
      1730,
      1735,
      1743,
      1776,
      1783,
      1791,
      1831,
      1865,
      1896,
      1900,
      1912,
      1920,
      1926,
      1946,
      1950,
      1983,
      1995,
      2038,
      2162,
      2183,
      2191,
      2212,
      2274,
      2316,
      2326,
      2327,
      2394,
      2443,
      2454,
      2479,
      2492,
      2508,
      2510,
      2521,
      2640,
      2644,
      2669,
      2686,
      2697,
      2704,
      2706,
      2740,
      2752,
      2754,
      2777,
      2808,
      2827,
      2830,
      2878,
      2902,
      2934,
      2974,
      2979,
      2998,
      3003,
      3013,
      3041,
      3074,
      3077,
      3128,
      3149,
      3164,
      3196,
      3197,
      3216,
      3244,
      3245,
      3275,
      3284,
      3300,
      3314,
      3323,
      3337,
      3338,
      3339,
      3374,
      3377,
      3379,
      3385,
      3495,
      3552,
      3558,
      3613,
      3621,
      3639,
      3640,
      3758,
      3793,
      3820,
      3860,
      3889,
      3922,
      3995,
      4036,
      4038,
      4066,
      4102,
      4126,
      4130,
      4151,
      4179,
      4189,
      4202,
      4280,
      4282,
      4301,
      4333,
      4353,
      4442,
      4485,
      4495,
      4519,
      4527,
      4529,
      4534,
      4550,
      4551,
      4560,
      4576,
      4578,
      4587,
      4592,
      4597
    ],
    "6": [
      52,
      73,
      114,
      122,
      173,
      183,
      191,
      203,
      221,
      250,
      322,
      355,
      360,
      411,
      417,
      437,
      471,
      536,
      542,
      550,
      565,
      578,
      613,
      666,
      722,
      731,
      765,
      795,
      819,
      824,
      853,
      864,
      888,
      905,
      927,
      942,
      989,
      1021,
      1047,
      1152,
      1194,
      1226,
      1238,
      1297,
      1351,
      1415,
      1445,
      1463,
      1534,
      1642,
      1703,
      1735,
      1771,
      1776,
      1787,
      1796,
      1818,
      1820,
      1829,
      1852,
      1896,
      1902,
      1909,
      1929,
      1943,
      1949,
      1998,
      2039,
      2051,
      2094,
      2129,
      2131,
      2151,
      2182,
      2210,
      2217,
      2222,
      2229,
      2304,
      2363,
      2408,
      2428,
      2454,
      2470,
      2653,
      2678,
      2708,
      2774,
      2810,
      2811,
      2814,
      2824,
      2859,
      2987,
      3040,
      3058,
      3065,
      3074,
      3133,
      3319,
      3330,
      3339,
      3348,
      3360,
      3460,
      3485,
      3491,
      3511,
      3543,
      3565,
      3577,
      3589,
      3590,
      3638,
      3642,
      3682,
      3734,
      3754,
      3806,
      3818,
      3857,
      3887,
      3890,
      3914,
      3945,
      4047,
      4060,
      4081,
      4091,
      4110,
      4121,
      4250,
      4342,
      4530,
      4537,
      4559,
      4562,
      4602
    ],