{
  "entry": "P71365",
  "entry_name": "Y1050_HAEIN",
  "type": "GLM_2",
  "prompt": "MKKLCTALLLSLFAISFAHANETKQIVLKVKEMNCQLCAYLVNKELRNINGVISTKASIKDGLVTVVEDPNVTNQQLFDAIHKLKYTAEVVN[GLM]29-53-24",
  "k": 128,
  "original_sequence": "MKKLCTALLLSLFAISFAHANETKQIVLKVKEMNCQLCAYLVNKELRNINGVISTKASIKDGLVTVVEDPNVTNQQLFDAIHKLKYTAEVVN",
  "original_ll": -2.436823844909668,
  "original_perplexity": 11.43665885925293,
  "progen3_sequence": "MKKLCTALLLSLFAISFAHANETKQIVLKMDKTTQREAWALMYKGPDLDALQRSTKASIKDGLVTVVEDPNVTNQQLFDAIHKLKYTAEVVN",
  "progen3_ll": -3.017455816268921,
  "progen3_perplexity": 20.439224243164062,
  "max_sequence": "MKKLCTALLLSLFAISFAHANETKQIVLKLVAQEVKVLTVQQGAAKEESLTGNSTKASIKDGLVTVVEDPNVTNQQLFDAIHKLKYTAEVVN",
  "max_ll": -2.8723278045654297,
  "max_perplexity": 17.67812156677246,
  "max_kl": 0.11322277039289474,
  "max_nmse": 0.12536177039146423,
  "base_sequence": "MKKLCTALLLSLFAISFAHANETKQIVLKNNVMNLMLYMQQMMKMMMYKVMMKSTKASIKDGLVTVVEDPNVTNQQLFDAIHKLKYTAEVVN",
  "base_ll": -3.021817922592163,
  "base_perplexity": 20.52857780456543,
  "base_kl": 0.5300309658050537,
  "base_nmse": 4.335879325866699,
  "recovered_sequence": "MKKLCTALLLSLFAISFAHANETKQIVLKMDVTTQNENTAKMTVRKDLDAKQRSTKASIKDGLVTVVEDPNVTNQQLFDAIHKLKYTAEVVN",
  "recovered_ll": -2.9572322368621826,
  "recovered_perplexity": 19.2446346282959,
  "recovered_kl": 0.11931880563497543,
  "recovered_nmse": 0.4654245972633362,
  "nodes": {
    "9": [
      7,
      14,
      138,
      255,
      266,
      316,
      326,
      333,
      467,
      484,
      519,
      601,
      671,
      729,
      813,
      902,
      905,
      963,
      998,
      1037,
      1075,
      1106,
      1175,
      1183,
      1195,
      1234,
      1252,
      1348,
      1447,
      1468,
      1550,
      1565,
      1622,
      1652,
      1740,
      1751,
      1810,
      1813,
      1824,
      1840,
      1879,
      2103,
      2174,
      2242,
      2283,
      2309,
      2390,
      2399,
      2444,
      2482,
      2613,
      2631,
      2669,
      2728,
      2843,
      2933,
      2945,
      2953,
      3029,
      3037,
      3114,
      3115,
      3175,
      3194,
      3290,
      3339,
      3349,
      3365,
      3376,
      3390,
      3515,
      3692,
      3707,
      3773,
      3886,
      3935,
      3945,
      4012,
      4131,
      4144,
      4203,
      4233,
      4274,
      4283,
      4330,
      4341,
      4353,
      4355,
      4470,
      4513,
      4594
    ],
    "8": [
      37,
      455,
      663,
      835,
      1072,
      1134,
      1425,
      1474,
      1606,
      1706,
      1794,
      2081,
      2513,
      2744,
      2878,
      2882,
      2989,
      3216,
      3946,
      4036,
      4257,
      4282,
      4417,
      4445,
      4495
    ],
    "7": [
      967,
      2165,
      2528,
      2712,
      2946,
      4014
    ],
    "6": [
      1836,
      2727,
      3304,
      3700,
      4168
    ],
    "2": [
      4237
    ]
  }
}
