{
  "entry": "P80355",
  "entry_name": "COMS_BACSU",
  "type": "CLM",
  "prompt": "MNRSGKHLISSIILYPRPSGECISSISLDKQTQATT",
  "k": 224,
  "original_sequence": "MNRSGKHLISSIILYPRPSGECISSISLDKQTQATTSPLYFCWREK",
  "original_ll": -3.0674967765808105,
  "original_perplexity": 21.488046646118164,
  "progen3_sequence": "MNRSGKHLISSIILYPRPSGECISSISLDKQTQATTRSIIPSLSTS",
  "progen3_ll": -2.5521655082702637,
  "progen3_perplexity": 12.834867477416992,
  "max_sequence": "MNRSGKHLISSIILYPRPSGECISSISLDKQTQATTLAKDKKLLLS",
  "max_ll": -2.565016746520996,
  "max_perplexity": 13.000877380371094,
  "max_kl": 0.0038628221955150366,
  "max_nmse": 0.006649517919868231,
  "base_sequence": "MNRSGKHLISSIILYPRPSGECISSISLDKQTQATTISSASSNNSL",
  "base_ll": -2.4454708099365234,
  "base_perplexity": 11.535979270935059,
  "base_kl": 0.08918328583240509,
  "base_nmse": 0.21013709902763367,
  "recovered_sequence": "MNRSGKHLISSIILYPRPSGECISSISLDKQTQATTRSIIPRLSTS",
  "recovered_ll": -2.652599573135376,
  "recovered_perplexity": 14.19088077545166,
  "recovered_kl": 0.004551175981760025,
  "recovered_nmse": 0.004663870669901371,
  "nodes": {
    "9": [
      1,
      7,
      14,
      21,
      38,
      76,
      138,
      180,
      216,
      233,
      255,
      326,
      333,
      382,
      419,
      426,
      467,
      492,
      597,
      601,
      631,
      694,
      732,
      813,
      905,
      907,
      963,
      1027,
      1037,
      1106,
      1234,
      1252,
      1544,
      1583,
      1611,
      1769,
      1840,
      1879,
      1945,
      2103,
      2147,
      2242,
      2245,
      2377,
      2429,
      2434,
      2519,
      2610,
      2710,
      2728,
      2831,
      2843,
      2868,
      2898,
      2914,
      2924,
      2953,
      3008,
      3107,
      3163,
      3284,
      3448,
      3692,
      3707,
      3752,
      3788,
      3831,
      3886,
      3963,
      4005,
      4144,
      4233,
      4317,
      4330,
      4345,
      4353,
      4438,
      4513,
      4525,
      4591,
      4594
    ],
    "0": [
      218,
      1205,
      1840,
      1942,
      2625,
      2711,
      2857,
      2964,
      3605
    ],
    "8": [
      208,
      215,
      278,
      324,
      390,
      534,
      603,
      604,
      678,
      770,
      777,
      864,
      951,
      1291,
      1479,
      1662,
      1732,
      1831,
      1863,
      1879,
      1972,
      1974,
      1992,
      2082,
      2120,
      2438,
      2440,
      2534,
      2788,
      2906,
      2955,
      2999,
      3080,
      3198,
      3266,
      3269,
      3435,
      3463,
      3622,
      3624,
      3650,
      3730,
      3769,
      3855,
      3958,
      4016,
      4083,
      4142,
      4179,
      4395,
      4475,
      4521,
      4525
    ],
    "2": [
      1540,
      2046,
      2915,
      3333,
      4577
    ],
    "3": [
      350,
      2033,
      2132,
      3060,
      3790,
      3934,
      4435,
      4485
    ],
    "7": [
      136,
      511,
      676,
      682,
      909,
      1140,
      1175,
      1369,
      1676,
      2007,
      2217,
      2467,
      2915,
      3231,
      3466,
      3584,
      3713,
      3772,
      4353,
      4442
    ],
    "1": [
      469,
      802,
      944,
      1154,
      1230,
      1391,
      2137,
      2322,
      2410,
      2457,
      2912,
      2913,
      2917,
      3091,
      3215,
      3865,
      4113,
      4408
    ],
    "4": [
      257,
      265,
      545,
      740,
      1349,
      1471,
      1774,
      2321,
      2581,
      2958,
      3973
    ],
    "6": [
      445,
      568,
      714,
      758,
      1260,
      1388,
      1881,
      2051,
      2481,
      3788,
      3857,
      4585
    ],
    "5": [
      300,
      313,
      1515,
      1651,
      2585,
      3198,
      4456
    ]
  }
}
