{
  "entry": "P81496",
  "entry_name": "ALCC_WHEAT",
  "type": "CLM",
  "prompt": "SFREQCVPGREITYECLNACA",
  "k": 640,
  "original_sequence": "SFREQCVPGREITYECLNACAEYAVRQ",
  "original_ll": -2.7324135303497314,
  "original_perplexity": 15.369937896728516,
  "progen3_sequence": "SFREQCVPGREITYECLNACAPGLSSL",
  "progen3_ll": -2.6341845989227295,
  "progen3_perplexity": 13.931947708129883,
  "max_sequence": "SFREQCVPGREITYECLNACAKCRDAG",
  "max_ll": -2.684588670730591,
  "max_perplexity": 14.652173042297363,
  "max_kl": 0.007616541814059019,
  "max_nmse": 0.04007299989461899,
  "base_sequence": "SFREQCVPGREITYECLNACACDRACR",
  "base_ll": -2.945488691329956,
  "base_perplexity": 19.019954681396484,
  "base_kl": 0.04712790250778198,
  "base_nmse": 0.1239839419722557,
  "recovered_sequence": "SFREQCVPGREITYECLNACAPGLDLL",
  "recovered_ll": -2.6142165660858154,
  "recovered_perplexity": 13.656513214111328,
  "recovered_kl": 0.009838341735303402,
  "recovered_nmse": 0.031352363526821136,
  "nodes": {
    "9": [
      1,
      7,
      21,
      38,
      76,
      138,
      233,
      255,
      266,
      326,
      333,
      382,
      419,
      467,
      579,
      601,
      631,
      671,
      694,
      732,
      813,
      905,
      907,
      937,
      963,
      1037,
      1106,
      1234,
      1252,
      1415,
      1544,
      1611,
      1622,
      1740,
      1769,
      1840,
      1879,
      1945,
      1965,
      2103,
      2242,
      2377,
      2434,
      2474,
      2482,
      2519,
      2610,
      2613,
      2669,
      2710,
      2728,
      2843,
      2868,
      2924,
      2953,
      3008,
      3107,
      3114,
      3163,
      3175,
      3226,
      3284,
      3365,
      3448,
      3707,
      3752,
      3788,
      3831,
      3886,
      3935,
      3959,
      4005,
      4144,
      4233,
      4330,
      4353,
      4513,
      4591,
      4594
    ],
    "8": [
      208,
      215,
      265,
      274,
      278,
      390,
      603,
      732,
      767,
      832,
      906,
      930,
      951,
      999,
      1000,
      1003,
      1014,
      1060,
      1230,
      1291,
      1292,
      1342,
      1356,
      1382,
      1479,
      1582,
      1592,
      1615,
      1635,
      1638,
      1706,
      1754,
      1831,
      1870,
      1965,
      1974,
      1976,
      1992,
      2028,
      2120,
      2280,
      2327,
      2438,
      2513,
      2523,
      2675,
      2788,
      2846,
      2859,
      2874,
      2892,
      2960,
      2989,
      2998,
      2999,
      3080,
      3101,
      3198,
      3215,
      3300,
      3371,
      3434,
      3463,
      3519,
      3544,
      3687,
      3693,
      3741,
      3769,
      3855,
      3938,
      3958,
      4016,
      4072,
      4094,
      4114,
      4142,
      4179,
      4281,
      4395,
      4475,
      4583
    ],
    "0": [
      45,
      168,
      567,
      642,
      672,
      851,
      1248,
      1362,
      1427,
      1457,
      1616,
      1656,
      1727,
      1768,
      1813,
      1840,
      1995,
      2172,
      2322,
      2517,
      2576,
      2625,
      2922,
      3050,
      3383,
      3552,
      3605,
      4084,
      4221,
      4329,
      4441,
      4480,
      4572
    ],
    "2": [
      135,
      180,
      418,
      488,
      522,
      664,
      678,
      703,
      731,
      1021,
      1146,
      1190,
      1376,
      1451,
      1501,
      1554,
      1636,
      1685,
      1825,
      1847,
      1873,
      2129,
      2151,
      2162,
      2195,
      2351,
      2397,
      2489,
      2717,
      2828,
      2947,
      2961,
      2974,
      2980,
      3051,
      3062,
      3140,
      3237,
      3333,
      3414,
      3487,
      3577,
      3673,
      3760,
      4003,
      4010,
      4067,
      4282,
      4290,
      4483,
      4554,
      4559,
      4586,
      4603
    ],
    "3": [
      28,
      72,
      99,
      108,
      205,
      206,
      264,
      338,
      352,
      354,
      371,
      394,
      398,
      399,
      478,
      497,
      509,
      666,
      712,
      779,
      783,
      826,
      936,
      956,
      990,
      1034,
      1035,
      1155,
      1198,
      1241,
      1244,
      1247,
      1268,
      1301,
      1327,
      1332,
      1338,
      1499,
      1512,
      1586,
      1647,
      1683,
      1685,
      1802,
      1920,
      2048,
      2128,
      2283,
      2356,
      2423,
      2486,
      2528,
      2624,
      2722,
      2736,
      2773,
      2806,
      3102,
      3108,
      3226,
      3230,
      3271,
      3388,
      3456,
      3498,
      3518,
      3531,
      3532,
      3575,
      3661,
      3733,
      3760,
      3790,
      3832,
      3864,
      3872,
      3894,
      3930,
      3934,
      4100,
      4118,
      4203,
      4212,
      4329,
      4365,
      4396,
      4485,
      4591
    ],
    "7": [
      19,
      62,
      108,
      136,
      181,
      309,
      320,
      525,
      537,
      627,
      682,
      746,
      813,
      982,
      1056,
      1082,
      1089,
      1172,
      1181,
      1230,
      1242,
      1272,
      1327,
      1369,
      1455,
      1579,
      1613,
      1638,
      1643,
      1676,
      1835,
      1869,
      1918,
      2136,
      2161,
      2217,
      2258,
      2268,
      2374,
      2391,
      2423,
      2434,
      2435,
      2467,
      2484,
      2627,
      2640,
      2720,
      2736,
      2770,
      2819,
      2878,
      2881,
      2889,
      2914,
      2915,
      2928,
      3031,
      3041,
      3044,
      3058,
      3117,
      3119,
      3122,
      3387,
      3431,
      3593,
      3607,
      3628,
      3649,
      3663,
      3713,
      3763,
      3772,
      3786,
      3801,
      3816,
      3836,
      3923,
      3974,
      4005,
      4107,
      4117,
      4132,
      4149,
      4291,
      4298,
      4459,
      4485,
      4495,
      4533,
      4606
    ],
    "6": [
      30,
      59,
      117,
      163,
      288,
      298,
      325,
      353,
      714,
      758,
      833,
      1031,
      1061,
      1132,
      1149,
      1203,
      1213,
      1260,
      1360,
      1393,
      1416,
      1418,
      1478,
      1550,
      1785,
      1808,
      1814,
      1981,
      2006,
      2051,
      2083,
      2159,
      2164,
      2229,
      2257,
      2302,
      2385,
      2424,
      2463,
      2557,
      2735,
      2841,
      3046,
      3051,
      3178,
      3218,
      3498,
      3526,
      3681,
      3788,
      3920,
      4026,
      4073,
      4121,
      4220,
      4236,
      4244,
      4280,
      4290,
      4313,
      4319,
      4353,
      4454,
      4536,
      4566
    ],
    "1": [
      396,
      403,
      469,
      495,
      514,
      649,
      802,
      868,
      1084,
      1087,
      1230,
      1311,
      1321,
      1410,
      1413,
      1464,
      1668,
      1705,
      1843,
      1900,
      1955,
      1960,
      2034,
      2048,
      2094,
      2104,
      2137,
      2145,
      2146,
      2241,
      2388,
      2410,
      2457,
      2467,
      2747,
      3014,
      3045,
      3091,
      3170,
      3174,
      3215,
      3387,
      3865,
      3867,
      3975,
      4069,
      4095,
      4113,
      4261,
      4408
    ],