{
  "entry": "P94496",
  "entry_name": "CSE60_BACSU",
  "type": "CLM",
  "prompt": "MLKVAVFDEEHEKDLQTEINSFLKGISEEQLIDIKYTVSAACDPDGEQ",
  "k": 1000,
  "original_sequence": "MLKVAVFDEEHEKDLQTEINSFLKGISEEQLIDIKYTVSAACDPDGEQLYCFSALILYRK",
  "original_ll": -2.9340455532073975,
  "original_perplexity": 18.803546905517578,
  "progen3_sequence": "MLKVAVFDEEHEKDLQTEINSFLKGISEEQLIDIKYTVSAACDPDGEQYLEDIALLKELD",
  "progen3_ll": -2.4726765155792236,
  "progen3_perplexity": 11.854131698608398,
  "max_sequence": "MLKVAVFDEEHEKDLQTEINSFLKGISEEQLIDIKYTVSAACDPDGEQDKEREVERNEIF",
  "max_ll": -2.8709685802459717,
  "max_perplexity": 17.654109954833984,
  "max_kl": 0.024894943460822105,
  "max_nmse": 0.0029099085368216038,
  "base_sequence": "MLKVAVFDEEHEKDLQTEINSFLKGISEEQLIDIKYTVSAACDPDGEQLIKQIRKDKNEI",
  "base_ll": -2.5263774394989014,
  "base_perplexity": 12.508112907409668,
  "base_kl": 0.10908561944961548,
  "base_nmse": 0.07861729711294174,
  "recovered_sequence": "MLKVAVFDEEHEKDLQTEINSFLKGISEEQLIDIKYTVSAACDPDGEQYLEDKALLFELI",
  "recovered_ll": -2.744398355484009,
  "recovered_perplexity": 15.555252075195312,
  "recovered_kl": 0.03671715036034584,
  "recovered_nmse": 0.00279064173810184,
  "nodes": {
    "9": [
      7,
      38,
      76,
      138,
      180,
      233,
      255,
      266,
      326,
      333,
      374,
      419,
      426,
      467,
      597,
      601,
      631,
      671,
      694,
      732,
      813,
      902,
      905,
      907,
      963,
      1037,
      1075,
      1106,
      1234,
      1252,
      1415,
      1447,
      1544,
      1611,
      1622,
      1748,
      1751,
      1840,
      1879,
      1945,
      1965,
      2103,
      2242,
      2283,
      2390,
      2429,
      2444,
      2474,
      2519,
      2613,
      2631,
      2669,
      2728,
      2831,
      2843,
      2924,
      2933,
      2953,
      3008,
      3107,
      3114,
      3115,
      3163,
      3175,
      3226,
      3339,
      3365,
      3376,
      3390,
      3448,
      3692,
      3707,
      3868,
      3886,
      3935,
      3963,
      4005,
      4144,
      4233,
      4330,
      4345,
      4353,
      4355,
      4438,
      4470,
      4513,
      4591,
      4594
    ],
    "8": [
      8,
      80,
      205,
      208,
      215,
      361,
      375,
      390,
      428,
      592,
      603,
      725,
      732,
      832,
      869,
      872,
      930,
      951,
      963,
      974,
      987,
      999,
      1000,
      1003,
      1042,
      1060,
      1101,
      1179,
      1225,
      1230,
      1245,
      1284,
      1291,
      1337,
      1342,
      1359,
      1382,
      1393,
      1400,
      1479,
      1505,
      1530,
      1556,
      1582,
      1592,
      1614,
      1615,
      1619,
      1620,
      1699,
      1783,
      1806,
      1866,
      1887,
      1974,
      1976,
      1981,
      1992,
      2028,
      2120,
      2162,
      2222,
      2294,
      2327,
      2378,
      2424,
      2428,
      2438,
      2518,
      2566,
      2672,
      2747,
      2788,
      2846,
      2859,
      2874,
      2942,
      2964,
      2998,
      3080,
      3094,
      3109,
      3215,
      3338,
      3371,
      3397,
      3428,
      3463,
      3465,
      3611,
      3625,
      3733,
      3769,
      3847,
      3855,
      3860,
      3865,
      3938,
      3940,
      3958,
      3994,
      4012,
      4016,
      4030,
      4070,
      4094,
      4131,
      4138,
      4142,
      4179,
      4203,
      4233,
      4281,
      4309,
      4380,
      4475,
      4479,
      4551,
      4583
    ],
    "4": [
      1,
      20,
      47,
      93,
      121,
      186,
      202,
      265,
      266,
      291,
      332,
      483,
      497,
      503,
      504,
      510,
      544,
      699,
      704,
      767,
      783,
      807,
      829,
      833,
      837,
      916,
      933,
      946,
      993,
      1004,
      1050,
      1135,
      1242,
      1247,
      1268,
      1288,
      1318,
      1325,
      1333,
      1359,
      1378,
      1424,
      1432,
      1492,
      1571,
      1595,
      1649,
      1725,
      1745,
      1803,
      1812,
      1858,
      1863,
      1864,
      1868,
      1910,
      1927,
      2020,
      2063,
      2073,
      2079,
      2098,
      2167,
      2227,
      2229,
      2231,
      2297,
      2321,
      2327,
      2341,
      2375,
      2467,
      2507,
      2525,
      2550,
      2551,
      2557,
      2626,
      2636,
      2637,
      2670,
      2695,
      2725,
      2730,
      2825,
      2846,
      2879,
      2968,
      2969,
      3043,
      3071,
      3075,
      3147,
      3171,
      3212,
      3221,
      3226,
      3266,
      3303,
      3379,
      3421,
      3441,
      3461,
      3473,
      3527,
      3531,
      3538,
      3573,
      3588,
      3603,
      3652,
      3667,
      3715,
      3818,
      3885,
      3901,
      4002,
      4022,
      4027,
      4062,
      4065,
      4143,
      4144,
      4154,
      4166,
      4256,
      4264,
      4299,
      4314,
      4323,
      4377,
      4574
    ],
    "7": [
      13,
      80,
      90,
      136,
      268,
      320,
      329,
      456,
      486,
      500,
      511,
      627,
      645,
      667,
      676,
      682,
      814,
      875,
      909,
      916,
      986,
      1161,
      1175,
      1272,
      1452,
      1483,
      1497,
      1613,
      1625,
      1626,
      1649,
      1676,
      1835,
      1836,
      1840,
      1982,
      2007,
      2011,
      2044,
      2136,
      2147,
      2161,
      2217,
      2233,
      2238,
      2299,
      2324,
      2339,
      2374,
      2423,
      2434,
      2467,
      2512,
      2575,
      2627,
      2688,
      2702,
      2720,
      2809,
      2819,
      2915,
      3033,
      3109,
      3112,
      3117,
      3119,
      3132,
      3222,
      3279,
      3370,
      3426,
      3459,
      3460,
      3466,
      3468,
      3540,
      3628,
      3655,
      3663,
      3763,
      3772,
      3792,
      3793,
      3816,
      3817,
      3923,
      3947,
      3974,
      4003,
      4005,
      4132,
      4250,
      4285,
      4378,
      4380,
      4442,
      4471,
      4485,
      4495,
      4533,
      4551
    ],
    "5": [
      68,
      114,
      119,
      154,
      176,
      241,
      274,
      300,
      352,
      415,
      453,
      480,
      619,
      656,
      738,
      739,
      743,
      776,
      814,
      853,
      869,
      877,
      958,
      1036,
      1108,
      1121,
      1131,
      1167,
      1201,
      1240,
      1268,
      1399,
      1453,
      1461,
      1508,
      1535,
      1584,
      1595,
      1693,
      1894,
      1964,
      2039,
      2040,
      2096,
      2131,
      2148,
      2240,
      2258,
      2289,
      2294,
      2335,
      2346,
      2359,
      2403,
      2418,
      2419,
      2424,
      2435,
      2459,
      2460,
      2563,
      2622,
      2715,
      2810,
      2829,
      2895,
      2906,
      2921,
      2927,
      2935,
      3002,
      3097,
      3114,
      3196,
      3237,
      3255,
      3260,
      3331,
      3361,
      3409,
      3412,
      3478,
      3480,
      3532,
      3724,
      3732,
      3739,
      3790,
      3799,
      3815,
      3899,
      3916,
      3946,
      4032,
      4117,
      4200,
      4222,
      4330,
      4337,
      4367,
      4427,
      4453,
      4527,
      4537,
      4566,
      4597
    ],