{
  "entry": "P95694",
  "entry_name": "DNAJ_STRAG",
  "type": "CLM",
  "prompt": "MNNTEFYDRLGVSKDASQD",
  "k": 32,
  "original_sequence": "MNNTEFYDRLGVSKDASQDEIKKA",
  "original_ll": -0.08537472784519196,
  "original_perplexity": 1.089125156402588,
  "progen3_sequence": "MNNTEFYDRLGVSKDASQDEIKKA",
  "progen3_ll": -0.08537472784519196,
  "progen3_perplexity": 1.089125156402588,
  "max_sequence": "MNNTEFYDRLGVSKDASQDLLKAA",
  "max_ll": -3.7687060832977295,
  "max_perplexity": 43.323970794677734,
  "max_kl": 1.0877714157104492,
  "max_nmse": 2.2966384887695312,
  "base_sequence": "MNNTEFYDRLGVSKDASQDFTLKL",
  "base_ll": -5.411095142364502,
  "base_perplexity": 223.87664794921875,
  "base_kl": 1.743700623512268,
  "base_nmse": 6.694568157196045,
  "recovered_sequence": "MNNTEFYDRLGVSKDASQDVLKAA",
  "recovered_ll": -2.8309826850891113,
  "recovered_perplexity": 16.962121963500977,
  "recovered_kl": 1.2242876291275024,
  "recovered_nmse": 3.8317995071411133,
  "nodes": {
    "9": [
      255,
      316,
      342,
      484,
      1028,
      1175,
      1195,
      1348,
      1443,
      1468,
      1550,
      1565,
      1652,
      1824,
      2174,
      2309,
      3029,
      3390,
      3454,
      4131,
      4513,
      4570,
      4594
    ],
    "8": [
      1338,
      1363,
      1425,
      2402,
      2577,
      2878,
      4268,
      4282,
      4417
    ]
  }
}
