{
  "entry": "P97825",
  "entry_name": "JUPI1_MOUSE",
  "type": "CLM",
  "prompt": "MTTTTTFKGVDPNSRNSSRVLRPPGGGSNFSLGFDEPAEQPVRKNKMASNIFGTPEENPPSWAKSAGSKSSGGREDSESPGTQRSNSSEASSGDFLDLKGEGDMHENVDTDFQANLAQMEEKP",
  "k": 1000,
  "original_sequence": "MTTTTTFKGVDPNSRNSSRVLRPPGGGSNFSLGFDEPAEQPVRKNKMASNIFGTPEENPPSWAKSAGSKSSGGREDSESPGTQRSNSSEASSGDFLDLKGEGDMHENVDTDFQANLAQMEEKPVPAAPVPSPVAPAPVPSRRNPPGGKSSLVLG",
  "original_ll": -2.391961097717285,
  "original_perplexity": 10.934917449951172,
  "progen3_sequence": "MTTTTTFKGVDPNSRNSSRVLRPPGGGSNFSLGFDEPAEQPVRKNKMASNIFGTPEENPPSWAKSAGSKSSGGREDSESPGTQRSNSSEASSGDFLDLKGEGDMHENVDTDFQANLAQMEEKPSLKRSRSRGRKRKEPREALSEQEARELALEA",
  "progen3_ll": -2.3448266983032227,
  "progen3_perplexity": 10.431465148925781,
  "max_sequence": "MTTTTTFKGVDPNSRNSSRVLRPPGGGSNFSLGFDEPAEQPVRKNKMASNIFGTPEENPPSWAKSAGSKSSGGREDSESPGTQRSNSSEASSGDFLDLKGEGDMHENVDTDFQANLAQMEEKPSPSARKSSSESESGTEAEDETQEEEEEALEE",
  "max_ll": -2.2892568111419678,
  "max_perplexity": 9.86760139465332,
  "max_kl": 0.02911570481956005,
  "max_nmse": 0.011277641169726849,
  "base_sequence": "MTTTTTFKGVDPNSRNSSRVLRPPGGGSNFSLGFDEPAEQPVRKNKMASNIFGTPEENPPSWAKSAGSKSSGGREDSESPGTQRSNSSEASSGDFLDLKGEGDMHENVDTDFQANLAQMEEKPFSSKKSSSSLGDPDSRDKELSSQEDLVRESF",
  "base_ll": -2.654808759689331,
  "base_perplexity": 14.22226619720459,
  "base_kl": 0.08625612407922745,
  "base_nmse": 0.18450531363487244,
  "recovered_sequence": "MTTTTTFKGVDPNSRNSSRVLRPPGGGSNFSLGFDEPAEQPVRKNKMASNIFGTPEENPPSWAKSAGSKSSGGREDSESPGTQRSNSSEASSGDFLDLKGEGDMHENVDTDFQANLAQMEEKPSLKRSRERGRKRKEPRESLSEQTSRESSLEL",
  "recovered_ll": -2.538133144378662,
  "recovered_perplexity": 12.656022071838379,
  "recovered_kl": 0.04443248733878136,
  "recovered_nmse": 0.02180728130042553,
  "nodes": {
    "9": [
      1,
      7,
      14,
      20,
      53,
      76,
      103,
      138,
      180,
      233,
      255,
      333,
      374,
      419,
      426,
      467,
      492,
      506,
      519,
      597,
      601,
      631,
      694,
      732,
      765,
      905,
      940,
      941,
      1037,
      1075,
      1106,
      1183,
      1232,
      1234,
      1252,
      1274,
      1415,
      1435,
      1437,
      1443,
      1447,
      1565,
      1583,
      1611,
      1751,
      1763,
      1769,
      1813,
      1840,
      1879,
      1945,
      2103,
      2242,
      2421,
      2429,
      2434,
      2610,
      2613,
      2669,
      2677,
      2710,
      2728,
      2898,
      2924,
      2953,
      2989,
      3146,
      3163,
      3175,
      3276,
      3284,
      3290,
      3365,
      3448,
      3515,
      3692,
      3707,
      3773,
      3788,
      3831,
      3868,
      3886,
      3935,
      3963,
      4005,
      4012,
      4116,
      4144,
      4203,
      4233,
      4301,
      4330,
      4345,
      4353,
      4407,
      4513,
      4594
    ],
    "3": [
      5,
      78,
      101,
      120,
      131,
      135,
      168,
      187,
      232,
      248,
      314,
      329,
      333,
      379,
      442,
      509,
      562,
      587,
      595,
      619,
      626,
      665,
      682,
      689,
      720,
      721,
      751,
      761,
      769,
      841,
      863,
      892,
      896,
      937,
      938,
      948,
      1000,
      1042,
      1047,
      1053,
      1062,
      1085,
      1088,
      1147,
      1171,
      1191,
      1198,
      1238,
      1249,
      1393,
      1400,
      1483,
      1498,
      1543,
      1574,
      1595,
      1625,
      1637,
      1648,
      1706,
      1728,
      1738,
      1743,
      1744,
      1808,
      1842,
      1908,
      2003,
      2014,
      2033,
      2095,
      2104,
      2108,
      2165,
      2181,
      2187,
      2188,
      2258,
      2273,
      2276,
      2318,
      2322,
      2345,
      2349,
      2373,
      2381,
      2403,
      2465,
      2467,
      2483,
      2666,
      2680,
      2686,
      2692,
      2721,
      2744,
      2755,
      2806,
      2892,
      2898,
      2908,
      2910,
      2924,
      2966,
      3005,
      3028,
      3074,
      3081,
      3083,
      3121,
      3130,
      3160,
      3209,
      3235,
      3247,
      3310,
      3374,
      3401,
      3445,
      3486,
      3519,
      3541,
      3570,
      3668,
      3689,
      3724,
      3734,
      3748,
      3844,
      3856,
      3918,
      3926,
      3942,
      3954,
      4032,
      4043,
      4047,
      4149,
      4167,
      4200,
      4264,
      4285,
      4303,
      4350,
      4352,
      4386,
      4452,
      4487,
      4509,
      4521,
      4523,
      4605
    ],
    "7": [
      20,
      165,
      172,
      255,
      380,
      393,
      442,
      457,
      490,
      525,
      530,
      556,
      603,
      645,
      648,
      656,
      664,
      667,
      676,
      714,
      729,
      751,
      768,
      802,
      837,
      1175,
      1185,
      1259,
      1308,
      1321,
      1335,
      1369,
      1388,
      1456,
      1482,
      1493,
      1509,
      1529,
      1531,
      1582,
      1626,
      1649,
      1693,
      1742,
      1746,
      1835,
      1867,
      1880,
      1975,
      1978,
      2016,
      2021,
      2033,
      2255,
      2333,
      2340,
      2355,
      2380,
      2389,
      2482,
      2515,
      2548,
      2597,
      2615,
      2680,
      2802,
      2898,
      2956,
      3030,
      3106,
      3108,
      3145,
      3263,
      3264,
      3284,
      3358,
      3426,
      3499,
      3516,
      3568,
      3588,
      3605,
      3665,
      3713,
      3767,
      3820,
      3834,
      3857,
      3871,
      3910,
      4009,
      4010,
      4046,
      4073,
      4080,
      4088,
      4132,
      4139,
      4182,
      4187,
      4199,
      4204,
      4207,
      4294,
      4324,
      4353,
      4361,
      4365,
      4397,
      4451,
      4474,
      4505
    ],
    "8": [
      6,
      12,
      21,
      50,
      95,
      97,
      113,
      209,
      232,
      292,
      335,
      351,
      496,
      633,
      678,
      719,
      743,
      759,
      770,
      777,
      815,
      864,
      887,
      974,
      988,
      1042,
      1086,
      1098,
      1113,
      1350,
      1360,
      1427,
      1483,
      1514,
      1522,
      1610,
      1617,
      1660,
      1663,
      1665,
      1730,
      1791,
      1809,
      1831,
      1832,
      1861,
      1995,
      2055,
      2064,
      2065,
      2194,
      2223,
      2260,
      2327,
      2391,
      2418,
      2440,
      2487,
      2496,
      2533,
      2536,
      2539,
      2668,
      2672,
      2694,
      2702,
      2764,
      2779,
      2841,
      2900,
      2937,
      2942,
      2955,
      3080,
      3158,
      3198,
      3258,
      3332,
      3435,
      3463,
      3491,
      3504,
      3519,
      3544,
      3619,
      3705,
      3716,
      3730,
      3736,
      3849,
      3855,
      3940,
      3958,
      3959,
      4047,
      4072,
      4083,
      4091,
      4131,
      4146,
      4179,
      4184,
      4322,
      4360,
      4465,
      4469,
      4482,
      4513,
      4586,
      4598,
      4599
    ],