{
  "entry": "P9WKV8",
  "entry_name": "Y477_MYCTO",
  "type": "CLM",
  "prompt": "MKALVAVSAVAVVALLGVSSAQADPEADPGAGEANYGGPPSSPRLVDHTEWAQWGSLPSLRVYPSQVGRTASRRLGMAAADAAWAEVLALSPEADTAGMRAQFICHWQYAEIRQPGKP",
  "k": 192,
  "original_sequence": "MKALVAVSAVAVVALLGVSSAQADPEADPGAGEANYGGPPSSPRLVDHTEWAQWGSLPSLRVYPSQVGRTASRRLGMAAADAAWAEVLALSPEADTAGMRAQFICHWQYAEIRQPGKPSWNLEPWRPVVDDSEMLASGCNPGSPEESF",
  "original_ll": -2.930593967437744,
  "original_perplexity": 18.73875617980957,
  "progen3_sequence": "MKALVAVSAVAVVALLGVSSAQADPEADPGAGEANYGGPPSSPRLVDHTEWAQWGSLPSLRVYPSQVGRTASRRLGMAAADAAWAEVLALSPEADTAGMRAQFICHWQYAEIRQPGKPARLAPDAAVAAARRDPAAGVRWIAGLRDGA",
  "progen3_ll": -2.3135554790496826,
  "progen3_perplexity": 10.110307693481445,
  "max_sequence": "MKALVAVSAVAVVALLGVSSAQADPEADPGAGEANYGGPPSSPRLVDHTEWAQWGSLPSLRVYPSQVGRTASRRLGMAAADAAWAEVLALSPEADTAGMRAQFICHWQYAEIRQPGKPGLVREGVARPGAAEALDAAPALRAARPAGA",
  "max_ll": -2.3828186988830566,
  "max_perplexity": 10.83540153503418,
  "max_kl": 0.03690628334879875,
  "max_nmse": 0.008604105561971664,
  "base_sequence": "MKALVAVSAVAVVALLGVSSAQADPEADPGAGEANYGGPPSSPRLVDHTEWAQWGSLPSLRVYPSQVGRTASRRLGMAAADAAWAEVLALSPEADTAGMRAQFICHWQYAEIRQPGKPGVAGPVAVAAAVVARAAWGAAAAGPAPAGG",
  "base_ll": -2.297023057937622,
  "base_perplexity": 9.944533348083496,
  "base_kl": 0.1398848295211792,
  "base_nmse": 0.17057420313358307,
  "recovered_sequence": "MKALVAVSAVAVVALLGVSSAQADPEADPGAGEANYGGPPSSPRLVDHTEWAQWGSLPSLRVYPSQVGRTASRRLGMAAADAAWAEVLALSPEADTAGMRAQFICHWQYAEIRQPGKPARQGPDAGVAGAAADPAAGVAAAAGARDGA",
  "recovered_ll": -2.184494972229004,
  "recovered_perplexity": 8.886159896850586,
  "recovered_kl": 0.043571799993515015,
  "recovered_nmse": 0.013381079770624638,
  "nodes": {
    "9": [
      1,
      7,
      14,
      76,
      138,
      180,
      255,
      326,
      333,
      382,
      467,
      579,
      601,
      631,
      671,
      694,
      732,
      813,
      905,
      907,
      937,
      940,
      963,
      1037,
      1075,
      1106,
      1234,
      1252,
      1415,
      1435,
      1447,
      1611,
      1622,
      1751,
      1840,
      1879,
      1945,
      2103,
      2242,
      2377,
      2390,
      2399,
      2429,
      2444,
      2474,
      2482,
      2519,
      2613,
      2669,
      2710,
      2728,
      2843,
      2924,
      2953,
      3008,
      3107,
      3115,
      3163,
      3175,
      3226,
      3365,
      3390,
      3448,
      3707,
      3788,
      3831,
      3886,
      3935,
      4116,
      4144,
      4233,
      4330,
      4345,
      4353,
      4438,
      4513,
      4591,
      4594
    ],
    "8": [
      37,
      324,
      603,
      722,
      743,
      764,
      906,
      951,
      1078,
      1141,
      1291,
      1292,
      1360,
      1382,
      1397,
      1474,
      1505,
      1574,
      1724,
      1791,
      1809,
      1831,
      1870,
      1992,
      2338,
      2373,
      2378,
      2438,
      2479,
      2513,
      2640,
      2672,
      2874,
      2942,
      2955,
      2960,
      3048,
      3094,
      3103,
      3128,
      3198,
      3322,
      3397,
      3443,
      3474,
      3544,
      3687,
      3827,
      3849,
      3862,
      3959,
      3971,
      3998,
      4047,
      4072,
      4083,
      4142,
      4179,
      4277,
      4376,
      4424,
      4521
    ],
    "0": [
      1205,
      1290,
      1942,
      2205,
      2964,
      3605,
      3908,
      4337
    ],
    "4": [
      1774,
      2581
    ],
    "2": [
      2046,
      3228,
      3333,
      4237,
      4443
    ],
    "7": [
      329,
      525,
      676,
      986,
      1335,
      2161,
      2217,
      2575,
      2688,
      2720,
      2736,
      3634,
      3845,
      4358,
      4495,
      4507,
      4533
    ],
    "3": [
      2132,
      2377,
      4485
    ],
    "5": [
      299,
      688,
      1375,
      2837,
      3452
    ],
    "1": [
      198,
      1076,
      1843,
      2649,
      2912,
      2913,
      3865,
      4095
    ],
    "6": [
      714,
      3035,
      3341,
      3788
    ]
  }
}
