{
  "entry": "Q12174",
  "entry_name": "YL123_YEAST",
  "type": "GLM_2",
  "prompt": "MIMQKRLLNRNSSVVKSRNCLARHQHESSISKLHVSLRLHRCLRPIVRFDFLHNAGSKVCSQNSCPSPQLHVGTMALFHTVFILWPHFCGILWTVHEKLYNYLLSIEVY[GLM]63-74-11",
  "k": 32,
  "original_sequence": "MIMQKRLLNRNSSVVKSRNCLARHQHESSISKLHVSLRLHRCLRPIVRFDFLHNAGSKVCSQNSCPSPQLHVGTMALFHTVFILWPHFCGILWTVHEKLYNYLLSIEVY",
  "original_ll": -2.8487513065338135,
  "original_perplexity": 17.26620864868164,
  "progen3_sequence": "MIMQKRLLNRNSSVVKSRNCLARHQHESSISKLHVSLRLHRCLRPIVRFDFLHNAGSKVCSQNEMPISVELNPRMALFHTVFILWPHFCGILWTVHEKLYNYLLSIEVY",
  "progen3_ll": -2.9902970790863037,
  "progen3_perplexity": 19.891590118408203,
  "max_sequence": "MIMQKRLLNRNSSVVKSRNCLARHQHESSISKLHVSLRLHRCLRPIVRFDFLHNAGSKVCSQNIDVQTLQVLELMALFHTVFILWPHFCGILWTVHEKLYNYLLSIEVY",
  "max_ll": -2.828031301498413,
  "max_perplexity": 16.912134170532227,
  "max_kl": 0.6332576870918274,
  "max_nmse": 0.18168267607688904,
  "base_sequence": "MIMQKRLLNRNSSVVKSRNCLARHQHESSISKLHVSLRLHRCLRPIVRFDFLHNAGSKVCSQNCCCFYMMMQCMMALFHTVFILWPHFCGILWTVHEKLYNYLLSIEVY",
  "base_ll": -3.440258264541626,
  "base_perplexity": 31.19501304626465,
  "base_kl": 1.4045814275741577,
  "base_nmse": 0.5572723150253296,
  "recovered_sequence": "MIMQKRLLNRNSSVVKSRNCLARHQHESSISKLHVSLRLHRCLRPIVRFDFLHNAGSKVCSQNLCCLLQFFMRLMALFHTVFILWPHFCGILWTVHEKLYNYLLSIEVY",
  "recovered_ll": -2.8205389976501465,
  "recovered_perplexity": 16.7858943939209,
  "recovered_kl": 0.639524519443512,
  "recovered_nmse": 0.05318555235862732,
  "nodes": {
    "9": [
      21,
      53,
      76,
      103,
      154,
      180,
      426,
      467,
      492,
      597,
      601,
      963,
      1106,
      1611,
      1763,
      1769,
      1840,
      2147,
      2710,
      2728,
      2924,
      3008,
      3276,
      3284,
      3773,
      3831,
      4144,
      4203,
      4330,
      4438,
      4513,
      4594
    ]
  }
}
