{
  "entry": "Q19V67",
  "entry_name": "PETL_CHLAT",
  "type": "CLM",
  "prompt": "MFTAISYLGILVGALLFVTITFLT",
  "k": 192,
  "original_sequence": "MFTAISYLGILVGALLFVTITFLTLRTIQLL",
  "original_ll": -2.614084482192993,
  "original_perplexity": 13.654708862304688,
  "progen3_sequence": "MFTAISYLGILVGALLFVTITFLTTTDFALS",
  "progen3_ll": -2.8834385871887207,
  "progen3_perplexity": 17.875633239746094,
  "max_sequence": "MFTAISYLGILVGALLFVTITFLTLSAVTAI",
  "max_ll": -2.540026903152466,
  "max_perplexity": 12.680011749267578,
  "max_kl": 0.020749829709529877,
  "max_nmse": 0.005253748502582312,
  "base_sequence": "MFTAISYLGILVGALLFVTITFLTSYTPKSI",
  "base_ll": -2.86812162399292,
  "base_perplexity": 17.603919982910156,
  "base_kl": 0.07662739604711533,
  "base_nmse": 0.05793372169137001,
  "recovered_sequence": "MFTAISYLGILVGALLFVTITFLTTTDFALS",
  "recovered_ll": -2.8834385871887207,
  "recovered_perplexity": 17.875633239746094,
  "recovered_kl": 0.024555791169404984,
  "recovered_nmse": 0.006718823220580816,
  "nodes": {
    "9": [
      1,
      7,
      76,
      138,
      255,
      326,
      333,
      419,
      426,
      467,
      519,
      601,
      631,
      671,
      694,
      732,
      813,
      902,
      905,
      907,
      940,
      963,
      1027,
      1037,
      1075,
      1106,
      1232,
      1234,
      1252,
      1415,
      1435,
      1447,
      1583,
      1622,
      1840,
      1879,
      1945,
      2103,
      2242,
      2610,
      2613,
      2669,
      2728,
      2843,
      2924,
      2933,
      3008,
      3107,
      3114,
      3115,
      3163,
      3284,
      3365,
      3390,
      3448,
      3692,
      3707,
      3886,
      3935,
      3945,
      3963,
      4233,
      4330,
      4345,
      4353,
      4438,
      4513,
      4594
    ],
    "6": [
      8,
      184,
      237,
      601,
      871,
      972,
      1109,
      1250,
      1396,
      1410,
      1484,
      1559,
      1586,
      1639,
      2159,
      2450,
      2477,
      2493,
      2515,
      2523,
      2898,
      2977,
      2990,
      3304,
      3329,
      3481,
      3778,
      3807,
      3855,
      3899,
      4460
    ],
    "8": [
      8,
      208,
      296,
      603,
      869,
      1684,
      1972,
      1992,
      2304,
      2428,
      3394,
      3463,
      3950,
      4016,
      4061,
      4425
    ],
    "7": [
      13,
      602,
      649,
      982,
      1049,
      1796,
      2066,
      2190,
      2231,
      2274,
      3473,
      3668,
      3754,
      3992,
      4120
    ],
    "4": [
      124,
      157,
      227,
      264,
      269,
      337,
      583,
      601,
      736,
      794,
      839,
      1224,
      1243,
      1377,
      1508,
      1524,
      1763,
      1873,
      2059,
      2092,
      2190,
      2296,
      2401,
      2768,
      2840,
      2883,
      3035,
      3045,
      3252,
      4097,
      4149,
      4312,
      4440
    ],
    "1": [
      2902,
      3867
    ],
    "3": [
      469,
      961,
      2171,
      2306,
      2619,
      2851,
      3143,
      3200,
      4065
    ],
    "5": [
      123,
      1226,
      1254,
      1332,
      1837,
      2739,
      2744,
      3032,
      3509,
      4485
    ],
    "2": [
      83,
      149,
      204,
      337,
      1029,
      2092,
      2914
    ],
    "0": [
      904
    ]
  }
}
