{
  "entry": "Q1AU38",
  "entry_name": "RS17_RUBXD",
  "type": "CLM",
  "prompt": "MSEEERNRGAEPEERAEALADTGDLPESEVAGDLGEAAQRGPAFDRDAGKVQKDTRRGRRKERVGLVVSDAADKTVTVSVETLKEHPMYKKRIRRSKKFLVHDERNEARV",
  "k": 96,
  "original_sequence": "MSEEERNRGAEPEERAEALADTGDLPESEVAGDLGEAAQRGPAFDRDAGKVQKDTRRGRRKERVGLVVSDAADKTVTVSVETLKEHPMYKKRIRRSKKFLVHDERNEARVGDTVRIIETRPLSRRKRWRLASIISRAE",
  "original_ll": -1.0063551664352417,
  "original_perplexity": 2.735611915588379,
  "progen3_sequence": "MSEEERNRGAEPEERAEALADTGDLPESEVAGDLGEAAQRGPAFDRDAGKVQKDTRRGRRKERVGLVVSDAADKTVTVSVETLKEHPMYKKRIRRSKKFLVHDERNEARVGDVVRVVETRPLSKLKRWRLVEIVEKAK",
  "progen3_ll": -0.40056461095809937,
  "progen3_perplexity": 1.4926671981811523,
  "max_sequence": "MSEEERNRGAEPEERAEALADTGDLPESEVAGDLGEAAQRGPAFDRDAGKVQKDTRRGRRKERVGLVVSDAADKTVTVSVETLKEHPMYKKRIRRSKKFLVHDERNEARVGAAVVVAEAAPASKRAKFALVEIAERAK",
  "max_ll": -2.3413636684417725,
  "max_perplexity": 10.395402908325195,
  "max_kl": 1.3523436784744263,
  "max_nmse": 1.018964409828186,
  "base_sequence": "MSEEERNRGAEPEERAEALADTGDLPESEVAGDLGEAAQRGPAFDRDAGKVQKDTRRGRRKERVGLVVSDAADKTVTVSVETLKEHPMYKKRIRRSKKFLVHDERNEARVVEVVAVVESVAVRARRVV",
  "base_ll": -2.8659145832061768,
  "base_perplexity": 17.565109252929688,
  "base_kl": 1.9210281372070312,
  "base_nmse": 2.410839796066284,
  "recovered_sequence": "MSEEERNRGAEPEERAEALADTGDLPESEVAGDLGEAAQRGPAFDRDAGKVQKDTRRGRRKERVGLVVSDAADKTVTVSVETLKEHPMYKKRIRRSKKFLVHDERNEARVGAVVVVGEAVPAARRARRLLVRLVRKGK",
  "recovered_ll": -2.4025912284851074,
  "recovered_perplexity": 11.051776885986328,
  "recovered_kl": 1.5715550184249878,
  "recovered_nmse": 0.924828827381134,
  "nodes": {
    "9": [
      20,
      222,
      315,
      316,
      342,
      374,
      484,
      729,
      941,
      998,
      1028,
      1075,
      1175,
      1183,
      1195,
      1232,
      1234,
      1274,
      1348,
      1437,
      1443,
      1447,
      1468,
      1550,
      1565,
      1652,
      1666,
      1748,
      1751,
      1810,
      1824,
      1879,
      2103,
      2174,
      2283,
      2309,
      2426,
      2444,
      2474,
      2613,
      2631,
      2989,
      3029,
      3037,
      3114,
      3123,
      3194,
      3203,
      3290,
      3339,
      3349,
      3365,
      3376,
      3390,
      3454,
      3515,
      3773,
      4131,
      4203,
      4252,
      4264,
      4274,
      4283,
      4341,
      4355,
      4470,
      4513,
      4570,
      4594
    ],
    "8": [
      428,
      725,
      732,
      869,
      872,
      1003,
      1134,
      1233,
      1245,
      1284,
      1337,
      1363,
      1972,
      2148,
      2747,
      2788,
      2846,
      2882,
      3109,
      3169,
      3189,
      3428,
      3693,
      4304,
      4601
    ],
    "6": [
      857
    ],
    "7": [
      2448
    ]
  }
}
