{
  "entry": "Q30KK3",
  "entry_name": "DB125_PANTR",
  "type": "GLM_1",
  "prompt": "MNILMLTFIICGLLTQVTKGSFEPQKCWKNNIGHCRRRCLDTERYILLCRNKLSCCISLIISQEYTRRPAFPVIHLEDITFDYSDVDSFTGSPVSMLNDLITFDTTKFGETMTPETNTPETTMPPPETTTPETTMPPSETATSETMPPPSQRALTHN[GLM]85-93-8",
  "k": 384,
  "original_sequence": "MNILMLTFIICGLLTQVTKGSFEPQKCWKNNIGHCRRRCLDTERYILLCRNKLSCCISLIISQEYTRRPAFPVIHLEDITFDYSDVDSFTGSPVSMLNDLITFDTTKFGETMTPETNTPETTMPPPETTTPETTMPPSETATSETMPPPSQRALTHN",
  "original_ll": -2.884903907775879,
  "original_perplexity": 17.90184783935547,
  "progen3_sequence": "MNILMLTFIICGLLTQVTKGSFEPQKCWKNNIGHCRRRCLDTERYILLCRNKLSCCISLIISQEYTRRPAFPVIHLEDITFDYSDPRLFSILEVSMLNDLITFDTTKFGETMTPETNTPETTMPPPETTTPETTMPPSETATSETMPPPSQRALTHN",
  "progen3_ll": -2.6789653301239014,
  "progen3_perplexity": 14.570011138916016,
  "max_sequence": "MNILMLTFIICGLLTQVTKGSFEPQKCWKNNIGHCRRRCLDTERYILLCRNKLSCCISLIISQEYTRRPAFPVIHLEDITFDYSDGSLYGLPVVSMLNDLITFDTTKFGETMTPETNTPETTMPPPETTTPETTMPPSETATSETMPPPSQRALTHN",
  "max_ll": -2.7259488105773926,
  "max_perplexity": 15.270895957946777,
  "max_kl": 0.9167712926864624,
  "max_nmse": 0.10131093859672546,
  "base_sequence": "MNILMLTFIICGLLTQVTKGSFEPQKCWKNNIGHCRRRCLDTERYILLCRNKLSCCISLIISQEYTRRPAFPVIHLEDITFDYSDEMMTMMMMVSMLNDLITFDTTKFGETMTPETNTPETTMPPPETTTPETTMPPSETATSETMPPPSQRALTHN",
  "base_ll": -3.400259494781494,
  "base_perplexity": 29.97187614440918,
  "base_kl": 1.8084378242492676,
  "base_nmse": 1.8775516748428345,
  "recovered_sequence": "MNILMLTFIICGLLTQVTKGSFEPQKCWKNNIGHCRRRCLDTERYILLCRNKLSCCISLIISQEYTRRPAFPVIHLEDITFDYSDLLVNEVDSVSMLNDLITFDTTKFGETMTPETNTPETTMPPPETTTPETTMPPSETATSETMPPPSQRALTHN",
  "recovered_ll": -2.7444567680358887,
  "recovered_perplexity": 15.556160926818848,
  "recovered_kl": 1.3484346866607666,
  "recovered_nmse": 0.11881835758686066,
  "nodes": {
    "9": [
      7,
      14,
      38,
      76,
      103,
      138,
      180,
      233,
      255,
      326,
      333,
      382,
      426,
      467,
      492,
      579,
      597,
      601,
      631,
      732,
      813,
      905,
      907,
      963,
      1037,
      1075,
      1106,
      1234,
      1252,
      1583,
      1611,
      1769,
      1840,
      1879,
      1945,
      2103,
      2242,
      2377,
      2429,
      2434,
      2519,
      2669,
      2710,
      2728,
      2831,
      2843,
      2898,
      2924,
      2953,
      3008,
      3107,
      3163,
      3175,
      3226,
      3448,
      3692,
      3707,
      3831,
      3868,
      3886,
      3959,
      4005,
      4116,
      4144,
      4317,
      4330,
      4345,
      4353,
      4438,
      4513,
      4591,
      4594
    ],
    "0": [
      1205,
      1290,
      1492,
      1656,
      2205,
      3474,
      3908
    ],
    "2": [
      403,
      858,
      912,
      985,
      1301,
      2046,
      2586,
      2619,
      2885,
      3419,
      3464,
      4055,
      4116,
      4164,
      4237,
      4508
    ],
    "3": [
      175,
      264,
      273,
      287,
      456,
      649,
      703,
      783,
      1443,
      1789,
      1937,
      2205,
      2378,
      2643,
      2738,
      2974,
      3164,
      3371,
      3570,
      3575,
      3611,
      3763,
      3801,
      3825,
      4168
    ],
    "8": [
      37,
      95,
      113,
      208,
      399,
      505,
      534,
      603,
      678,
      831,
      832,
      864,
      887,
      1000,
      1014,
      1077,
      1078,
      1086,
      1234,
      1292,
      1342,
      1382,
      1505,
      1582,
      1732,
      1759,
      1774,
      1814,
      1831,
      1844,
      1970,
      1974,
      1992,
      2081,
      2087,
      2106,
      2157,
      2211,
      2280,
      2327,
      2440,
      2530,
      2534,
      2634,
      2743,
      2874,
      2893,
      2900,
      2942,
      2955,
      2960,
      2974,
      2999,
      3070,
      3198,
      3322,
      3397,
      3434,
      3435,
      3544,
      3562,
      3730,
      3769,
      3793,
      3934,
      3938,
      3958,
      3959,
      3971,
      4047,
      4072,
      4074,
      4094,
      4114,
      4131,
      4135,
      4151,
      4179,
      4223,
      4598
    ],
    "5": [
      2,
      11,
      31,
      186,
      299,
      415,
      426,
      771,
      778,
      800,
      920,
      1046,
      1125,
      1215,
      1220,
      1221,
      1280,
      1516,
      1612,
      1652,
      1664,
      1804,
      1900,
      1981,
      2132,
      2302,
      2323,
      2362,
      2497,
      2668,
      2899,
      2944,
      2955,
      2996,
      3022,
      3140,
      3186,
      3306,
      3488,
      3587,
      3675,
      3899,
      4022,
      4080,
      4120,
      4230,
      4306,
      4351,
      4375,
      4378,
      4384,
      4403,
      4433,
      4557
    ],
    "6": [
      20,
      298,
      445,
      542,
      571,
      712,
      714,
      749,
      799,
      902,
      1006,
      1136,
      1335,
      1403,
      1458,
      1581,
      1593,
      1596,
      1721,
      1785,
      1795,
      1917,
      2051,
      3095,
      3182,
      3526,
      3574,
      3631,
      3769,
      3788,
      3841,
      3913,
      4028,
      4194,
      4213,
      4358,
      4450,
      4509,
      4581
    ],
    "4": [
      199,
      535,
      915,
      1196,
      1510,
      1557,
      1764,
      1780,
      1882,
      1982,
      2068,
      2381,
      2944,
      3052,
      3195,
      3248,
      3256,
      3298,
      3338,
      3676,
      3721,
      3727,
      3915,
      4038,
      4253,
      4550
    ],
    "7": [
      136,
      309,
      320,
      473,
      525,
      676,
      682,
      1172,
      1272,
      1335,
      1463,
      1649,
      1676,
      1782,
      2217,
      2258,
      2324,
      2374,
      2389,
      2575,
      2734,
      2736,
      3041,
      3112,
      3122,
      3265,
      3358,
      3378,
      3428,
      3628,
      3782,
      4009,
      4132,
      4182,
      4495,
      4507,
      4533
    ],
    "1": [
      198,
      396,
      403,
      421,
      649,
      802,
      1087,
      1230,
      1464,
      1705,
      1843,
      1960,
      2137,
      2442,
      2457,
      2467,
      2649,
      2913,
      2917,
      3091,
      3215,
      3464,
      3504,
      3734,
      3865,
      4095,
      4327,
      4408
    ]
  }
}
