{
  "entry": "Q3AYG7",
  "entry_name": "NDHL_SYNS9",
  "type": "GLM_2",
  "prompt": "MDFQALLSQLPQETLFVLLAYGAVLGTYLIAVPLALYAWINLRWYRMSKFERLGVYGLVFLFFPGMIVFAPFINLRLSGQGEV[GLM]56-83-27",
  "k": 192,
  "original_sequence": "MDFQALLSQLPQETLFVLLAYGAVLGTYLIAVPLALYAWINLRWYRMSKFERLGVYGLVFLFFPGMIVFAPFINLRLSGQGEV",
  "original_ll": -2.5941553115844727,
  "original_perplexity": 13.385275840759277,
  "progen3_sequence": "MDFQALLSQLPQETLFVLLAYGAVLGTYLIAVPLALYAWINLRWYRMSKFERLGVYYPEEVPTGPVTPDDAWEPYLILPFTVV",
  "progen3_ll": -2.8991360664367676,
  "progen3_perplexity": 18.158451080322266,
  "max_sequence": "MDFQALLSQLPQETLFVLLAYGAVLGTYLIAVPLALYAWINLRWYRMSKFERLGVYPPDRDPWIVVISEDYSLGYLLRRYVVE",
  "max_ll": -2.862618923187256,
  "max_perplexity": 17.50731658935547,
  "max_kl": 0.15626370906829834,
  "max_nmse": 0.10998150706291199,
  "base_sequence": "MDFQALLSQLPQETLFVLLAYGAVLGTYLIAVPLALYAWINLRWYRMSKFERLGVYEPILLRMPRAYPTCPYPVWMMPSLCCE",
  "base_ll": -3.169224977493286,
  "base_perplexity": 23.789039611816406,
  "base_kl": 0.2969813942909241,
  "base_nmse": 0.7324827313423157,
  "recovered_sequence": "MDFQALLSQLPQETLFVLLAYGAVLGTYLIAVPLALYAWINLRWYRMSKFERLGVYRPEEVYPYPVPPDDAEEFQLILPKYPV",
  "recovered_ll": -2.953347682952881,
  "recovered_perplexity": 19.170021057128906,
  "recovered_kl": 0.1856706440448761,
  "recovered_nmse": 0.07836450636386871,
  "nodes": {
    "9": [
      1,
      7,
      76,
      138,
      255,
      326,
      333,
      426,
      467,
      506,
      519,
      601,
      631,
      671,
      694,
      729,
      732,
      765,
      813,
      902,
      907,
      940,
      963,
      1027,
      1037,
      1075,
      1106,
      1232,
      1234,
      1252,
      1415,
      1435,
      1447,
      1583,
      1611,
      1622,
      1810,
      1840,
      1879,
      1945,
      2103,
      2174,
      2242,
      2390,
      2399,
      2613,
      2710,
      2728,
      2843,
      2924,
      2933,
      3008,
      3107,
      3114,
      3115,
      3146,
      3163,
      3175,
      3194,
      3365,
      3390,
      3692,
      3707,
      3886,
      3935,
      3945,
      3963,
      4233,
      4317,
      4345,
      4353,
      4438,
      4513,
      4594
    ],
    "8": [
      208,
      215,
      296,
      433,
      836,
      951,
      1003,
      1230,
      1448,
      1882,
      1974,
      1992,
      2120,
      2208,
      2273,
      2304,
      2609,
      2672,
      2964,
      3170,
      3187,
      3465,
      3743,
      3847,
      4016,
      4321,
      4472
    ],
    "4": [
      19,
      124,
      219,
      660,
      932,
      998,
      1090,
      1252,
      2191,
      2755,
      2875,
      3868,
      3974,
      4039,
      4267,
      4440
    ],
    "7": [
      2,
      355,
      668,
      911,
      982,
      1027,
      1161,
      1418,
      1490,
      1652,
      2008,
      2179,
      2236,
      2627,
      3048,
      3656,
      3693,
      3745,
      3929,
      3990,
      4154,
      4276,
      4314,
      4412
    ],
    "5": [
      166,
      318,
      349,
      583,
      687,
      842,
      1238,
      1243,
      1505,
      1521,
      1892,
      1934,
      1970,
      2063,
      2205,
      2402,
      2619,
      2710,
      2782,
      3194,
      3249,
      3527,
      3538,
      3547,
      3706,
      3717,
      3864,
      3945,
      4421,
      4457
    ],
    "2": [
      3373
    ],
    "3": [
      13,
      76,
      1451,
      1765,
      2251,
      2834
    ],
    "6": [
      1058,
      1147,
      1409,
      1765,
      2150,
      2333,
      2495,
      2534,
      2990,
      3121,
      3181,
      3778,
      4164,
      4465
    ]
  }
}
