{
  "entry": "Q3LHN2",
  "entry_name": "KR192_HUMAN",
  "type": "GLM_2",
  "prompt": "MCYGYGCGCGSFCRLGYGCGYEGCRYGCGHRGCGDGCCCPSCYRRYRFTGFY[GLM]46-52-6",
  "k": 32,
  "original_sequence": "MCYGYGCGCGSFCRLGYGCGYEGCRYGCGHRGCGDGCCCPSCYRRYRFTGFY",
  "original_ll": -3.0064098834991455,
  "original_perplexity": 20.214696884155273,
  "progen3_sequence": "MCYGYGCGCGSFCRLGYGCGYEGCRYGCGHRGCGDGCCCPSCYRRYYGDILR",
  "progen3_ll": -2.871333360671997,
  "progen3_perplexity": 17.660551071166992,
  "max_sequence": "MCYGYGCGCGSFCRLGYGCGYEGCRYGCGHRGCGDGCCCPSCYRRYGGGCPW",
  "max_ll": -2.283451795578003,
  "max_perplexity": 9.81048583984375,
  "max_kl": 0.5577577352523804,
  "max_nmse": 0.4932444095611572,
  "base_sequence": "MCYGYGCGCGSFCRLGYGCGYEGCRYGCGHRGCGDGCCCPSCYRRYCCCCMC",
  "base_ll": -2.4492547512054443,
  "base_perplexity": 11.579713821411133,
  "base_kl": 1.3378371000289917,
  "base_nmse": 0.09830491989850998,
  "recovered_sequence": "MCYGYGCGCGSFCRLGYGCGYEGCRYGCGHRGCGDGCCCPSCYRRYGGDECR",
  "recovered_ll": -2.751957654953003,
  "recovered_perplexity": 15.673284530639648,
  "recovered_kl": 0.6631578207015991,
  "recovered_nmse": 0.1545456051826477,
  "nodes": {
    "9": [
      1,
      20,
      103,
      138,
      180,
      419,
      467,
      492,
      601,
      694,
      937,
      1075,
      1106,
      1183,
      1234,
      1611,
      1840,
      2429,
      2482,
      2728,
      2898,
      2953,
      3163,
      3284,
      3650,
      3831,
      3963,
      4012,
      4330,
      4407,
      4513,
      4594
    ]
  }
}
