{
  "entry": "Q3YL95",
  "entry_name": "CDII_ECOLX",
  "type": "GLM_2",
  "prompt": "MKKKLFALLKYIIFFPMLCTVLGLLGIPIGLIVNFLRTGSFDFNLKDEIDVVLFTLKIGIPIGFILGLGLWGLSILDRK[GLM]1-19-18",
  "k": 960,
  "original_sequence": "MKKKLFALLKYIIFFPMLCTVLGLLGIPIGLIVNFLRTGSFDFNLKDEIDVVLFTLKIGIPIGFILGLGLWGLSILDRK",
  "original_ll": -2.6919851303100586,
  "original_perplexity": 14.76094913482666,
  "progen3_sequence": "MLIGILAGLQVTDCIPISFTVLGLLGIPIGLIVNFLRTGSFDFNLKDEIDVVLFTLKIGIPIGFILGLGLWGLSILDRK",
  "progen3_ll": -2.93955659866333,
  "progen3_perplexity": 18.907461166381836,
  "max_sequence": "MLMDGKPIIKFEVGIRYIKTVLGLLGIPIGLIVNFLRTGSFDFNLKDEIDVVLFTLKIGIPIGFILGLGLWGLSILDRK",
  "max_ll": -3.013730049133301,
  "max_perplexity": 20.36321449279785,
  "max_kl": 0.03442331403493881,
  "max_nmse": 0.028954703360795975,
  "base_sequence": "MSTVQQPFMMSCTIVCQMMTVLGLLGIPIGLIVNFLRTGSFDFNLKDEIDVVLFTLKIGIPIGFILGLGLWGLSILDRK",
  "base_ll": -3.3171844482421875,
  "base_perplexity": 27.582582473754883,
  "base_kl": 0.11692929267883301,
  "base_nmse": 1.062983751296997,
  "recovered_sequence": "MLIGILYMLVVIFFIPILFTVLGLLGIPIGLIVNFLRTGSFDFNLKDEIDVVLFTLKIGIPIGFILGLGLWGLSILDRK",
  "recovered_ll": -2.609992027282715,
  "recovered_perplexity": 13.598943710327148,
  "recovered_kl": 0.05710479989647865,
  "recovered_nmse": 0.14816755056381226,
  "nodes": {
    "9": [
      1,
      7,
      21,
      76,
      138,
      222,
      233,
      255,
      266,
      326,
      333,
      374,
      419,
      426,
      467,
      484,
      506,
      519,
      579,
      597,
      601,
      671,
      732,
      765,
      813,
      902,
      905,
      907,
      940,
      941,
      963,
      998,
      1027,
      1037,
      1075,
      1106,
      1232,
      1234,
      1252,
      1274,
      1348,
      1415,
      1437,
      1443,
      1447,
      1468,
      1544,
      1565,
      1583,
      1622,
      1740,
      1751,
      1763,
      1810,
      1879,
      1945,
      2103,
      2174,
      2242,
      2444,
      2610,
      2613,
      2677,
      2728,
      2843,
      2924,
      2933,
      2953,
      3008,
      3037,
      3114,
      3115,
      3146,
      3163,
      3194,
      3226,
      3284,
      3290,
      3365,
      3390,
      3692,
      3707,
      3773,
      3868,
      3886,
      3935,
      3959,
      3963,
      4005,
      4012,
      4144,
      4233,
      4252,
      4283,
      4317,
      4330,
      4341,
      4345,
      4353,
      4513,
      4594
    ],
    "8": [
      8,
      137,
      205,
      208,
      215,
      246,
      278,
      296,
      390,
      393,
      428,
      603,
      678,
      725,
      754,
      770,
      777,
      832,
      841,
      846,
      864,
      869,
      887,
      899,
      951,
      963,
      974,
      985,
      987,
      999,
      1003,
      1029,
      1085,
      1086,
      1179,
      1230,
      1291,
      1337,
      1350,
      1400,
      1448,
      1479,
      1522,
      1533,
      1556,
      1582,
      1615,
      1619,
      1649,
      1684,
      1699,
      1806,
      1860,
      1879,
      1894,
      1972,
      1974,
      1976,
      1992,
      2014,
      2208,
      2209,
      2211,
      2260,
      2282,
      2304,
      2327,
      2428,
      2438,
      2487,
      2543,
      2672,
      2747,
      2841,
      2846,
      2883,
      2892,
      2906,
      2955,
      2964,
      2968,
      2999,
      3070,
      3080,
      3169,
      3428,
      3429,
      3438,
      3463,
      3544,
      3554,
      3705,
      3716,
      3730,
      3743,
      3769,
      3866,
      3919,
      3938,
      3958,
      4016,
      4063,
      4070,
      4094,
      4114,
      4142,
      4156,
      4179,
      4203,
      4315,
      4322,
      4356,
      4461,
      4472,
      4475,
      4508,
      4510,
      4566,
      4575,
      4581,
      4589
    ],
    "7": [
      2,
      136,
      145,
      287,
      355,
      486,
      511,
      512,
      667,
      668,
      676,
      710,
      727,
      829,
      850,
      851,
      911,
      923,
      976,
      980,
      1056,
      1082,
      1140,
      1161,
      1175,
      1190,
      1259,
      1318,
      1369,
      1396,
      1441,
      1454,
      1455,
      1477,
      1483,
      1496,
      1613,
      1643,
      1649,
      1671,
      1676,
      1690,
      1723,
      1753,
      1876,
      1978,
      2007,
      2045,
      2091,
      2143,
      2178,
      2179,
      2210,
      2223,
      2231,
      2244,
      2251,
      2295,
      2299,
      2312,
      2423,
      2434,
      2446,
      2531,
      2565,
      2627,
      2640,
      2726,
      2794,
      2802,
      2878,
      2914,
      3014,
      3031,
      3070,
      3108,
      3109,
      3236,
      3285,
      3466,
      3559,
      3615,
      3655,
      3656,
      3663,
      3713,
      3745,
      3754,
      3767,
      3792,
      3793,
      3876,
      3903,
      3929,
      3942,
      4073,
      4102,
      4174,
      4182,
      4309,
      4411,
      4412,
      4451,
      4485,
      4514,
      4528,
      4591
    ],
    "6": [
      20,
      117,
      243,
      276,
      298,
      314,
      344,
      380,
      437,
      453,
      542,
      568,
      579,
      584,
      592,
      663,
      750,
      758,
      807,
      833,
      836,
      841,
      893,
      952,
      973,
      1006,
      1031,
      1036,
      1061,
      1102,
      1132,
      1177,
      1180,
      1260,
      1335,
      1376,
      1388,
      1657,
      1736,
      1767,
      1792,
      1848,
      1954,
      2025,
      2051,
      2155,
      2195,
      2253,
      2453,
      2470,
      2547,
      2557,
      2589,
      2622,
      2635,
      2641,
      2652,
      2685,
      2716,
      2743,
      2799,
      2838,
      2908,
      3051,
      3111,
      3129,
      3232,
      3322,
      3325,
      3382,
      3471,
      3761,
      3778,
      3819,
      3826,
      3851,
      3889,
      3918,
      3963,
      3973,
      3993,
      4182,
      4214,
      4321,
      4423,
      4459,
      4509,
      4585,
      4586,
      4598
    ],
    "0": [
      38,
      120,
      179,
      531,
      615,
      904,
      1251,
      1402,
      1408,
      1446,
      1705,
      1815,
      1923,
      2076,
      2117,
      2272,
      2561,
      2564,
      2666,
      2711,
      3026,
      3250,
      3499,
      3564,
      3575,
      3612,
      3658,
      3698,
      3871,
      3932,
      4060,
      4145,
      4442,
      4458,
      4589
    ],
    "2": [
      21,
      39,
      44,
      53,
      138,
      155,
      172,
      303,
      312,
      463,
      481,
      642,
      738,
      795,
      802,
      845,
      880,
      1006,
      1067,
      1159,
      1160,
      1254,
      1287,
      1310,
      1311,
      1389,
      1401,
      1415,
      1428,
      1483,
      1509,
      1512,
      1694,
      1750,
      1958,
      1960,
      2029,
      2118,
      2230,
      2370,
      2439,
      2460,
      2494,
      2520,
      2528,
      2566,
      2701,
      2834,
      2927,
      2931,
      2964,
      2973,
      2998,
      3071,
      3077,
      3164,
      3211,
      3272,
      3300,
      3331,
      3354,
      3401,
      3477,
      3495,
      3499,
      3589,
      3688,
      3751,
      3753,
      3798,
      3971,
      4035,
      4087,
      4109,
      4112,
      4169,
      4186,
      4207,
      4226,
      4229,
      4239,
      4259,
      4282,
      4297,
      4340,
      4348,
      4461,
      4518,
      4563
    ],