{
  "entry": "Q44156",
  "entry_name": "TOLB_ACTPL",
  "type": "GLM_2",
  "prompt": "CIKQILQIITILPDLASGGTEVLSSTFLDESPSISPNGIMVIYSSTKGTSKVLQLVSADGRFKANLPGAGGQFKFPAWSPYLTK[GLM]76-84-8",
  "k": 288,
  "original_sequence": "CIKQILQIITILPDLASGGTEVLSSTFLDESPSISPNGIMVIYSSTKGTSKVLQLVSADGRFKANLPGAGGQFKFPAWSPYLTK",
  "original_ll": -2.814061164855957,
  "original_perplexity": 16.67751121520996,
  "progen3_sequence": "CIKQILQIITILPDLASGGTEVLSSTFLDESPSISPNGIMVIYSSTKGTSKVLQLVSADGRFKANLPGAGGQFKFPIDLRQMLK",
  "progen3_ll": -2.9865517616271973,
  "progen3_perplexity": 19.817230224609375,
  "max_sequence": "CIKQILQIITILPDLASGGTEVLSSTFLDESPSISPNGIMVIYSSTKGTSKVLQLVSADGRFKANLPGAGGQFKFPLNVDVEVE",
  "max_ll": -2.7889111042022705,
  "max_perplexity": 16.2632999420166,
  "max_kl": 0.06318797916173935,
  "max_nmse": 0.10672187805175781,
  "base_sequence": "CIKQILQIITILPDLASGGTEVLSSTFLDESPSISPNGIMVIYSSTKGTSKVLQLVSADGRFKANLPGAGGQFKFPMMMMEEEM",
  "base_ll": -3.54126238822937,
  "base_perplexity": 34.51045608520508,
  "base_kl": 0.2250581979751587,
  "base_nmse": 3.436023235321045,
  "recovered_sequence": "CIKQILQIITILPDLASGGTEVLSSTFLDESPSISPNGIMVIYSSTKGTSKVLQLVSADGRFKANLPGAGGQFKFPIDLRQDLK",
  "recovered_ll": -2.828638792037964,
  "recovered_perplexity": 16.92241096496582,
  "recovered_kl": 0.06995034962892532,
  "recovered_nmse": 0.4625927209854126,
  "nodes": {
    "9": [
      7,
      14,
      20,
      138,
      180,
      233,
      255,
      266,
      326,
      333,
      374,
      467,
      519,
      579,
      597,
      601,
      631,
      671,
      694,
      729,
      765,
      902,
      905,
      940,
      941,
      963,
      1037,
      1075,
      1106,
      1183,
      1234,
      1252,
      1274,
      1415,
      1437,
      1447,
      1583,
      1611,
      1666,
      1751,
      1769,
      1840,
      1879,
      1945,
      2103,
      2147,
      2242,
      2283,
      2429,
      2444,
      2519,
      2613,
      2631,
      2669,
      2728,
      2843,
      2924,
      2933,
      2953,
      3008,
      3037,
      3163,
      3365,
      3376,
      3650,
      3692,
      3707,
      3831,
      3868,
      3886,
      4005,
      4203,
      4252,
      4258,
      4283,
      4317,
      4330,
      4345,
      4353,
      4438,
      4470,
      4513,
      4594
    ],
    "8": [
      12,
      188,
      241,
      251,
      308,
      328,
      475,
      505,
      588,
      626,
      642,
      654,
      659,
      716,
      727,
      743,
      770,
      930,
      1022,
      1070,
      1114,
      1172,
      1288,
      1321,
      1360,
      1389,
      1574,
      1591,
      1612,
      1649,
      1730,
      1779,
      1791,
      1844,
      1875,
      1912,
      2006,
      2067,
      2154,
      2159,
      2164,
      2418,
      2438,
      2536,
      2539,
      2565,
      2668,
      2962,
      2971,
      3018,
      3037,
      3065,
      3095,
      3097,
      3322,
      3326,
      3395,
      3443,
      3552,
      3561,
      3799,
      3802,
      3811,
      3901,
      3946,
      4042,
      4043,
      4083,
      4171,
      4185,
      4497,
      4521,
      4529,
      4533,
      4568
    ],
    "6": [
      11,
      97,
      220,
      278,
      514,
      542,
      568,
      611,
      622,
      630,
      666,
      714,
      732,
      824,
      1006,
      1062,
      1260,
      1474,
      1657,
      1783,
      1906,
      1961,
      2008,
      2058,
      2248,
      2283,
      2481,
      2762,
      2856,
      2919,
      3068,
      3234,
      3373,
      3652,
      3824,
      4213,
      4426,
      4527
    ],
    "7": [
      136,
      188,
      190,
      236,
      246,
      341,
      480,
      538,
      921,
      977,
      1005,
      1046,
      1109,
      1207,
      1250,
      1385,
      1639,
      1663,
      1866,
      2073,
      2147,
      2232,
      2271,
      2477,
      2509,
      2826,
      2904,
      3119,
      3258,
      3274,
      3400,
      3781,
      3947,
      4024,
      4069,
      4110,
      4116,
      4132,
      4427,
      4441,
      4442,
      4525
    ],
    "5": [
      263,
      281,
      504,
      743,
      803,
      998,
      1040,
      1084,
      1237,
      1317,
      1392,
      1666,
      1688,
      2206,
      2299,
      2333,
      2384,
      2444,
      2526,
      2716,
      2791,
      3090,
      3226,
      3479,
      3728,
      3729,
      3754,
      3982,
      3986,
      3995,
      3999,
      4080,
      4194,
      4339,
      4346,
      4501,
      4539,
      4605
    ],
    "0": [
      1942
    ],
    "3": [
      258,
      3398,
      3837
    ],
    "4": [
      293,
      1774,
      2150,
      3078
    ],
    "2": [
      1419,
      2360,
      3456
    ],
    "1": [
      2457
    ]
  }
}
