{
  "entry": "Q54FX7",
  "entry_name": "Y9576_DICDI",
  "type": "GLM_1",
  "prompt": "MNGPRYAHSNYGGNKGGPSNSTSGVFAGDIRCQVSNKSIMLISLKITNSPNSNSRGSSSSSSTSKSSSKTSFTQ[GLM]39-59-20",
  "k": 64,
  "original_sequence": "MNGPRYAHSNYGGNKGGPSNSTSGVFAGDIRCQVSNKSIMLISLKITNSPNSNSRGSSSSSSTSKSSSKTSFTQ",
  "original_ll": -2.7065646648406982,
  "original_perplexity": 14.97773265838623,
  "progen3_sequence": "MNGPRYAHSNYGGNKGGPSNSTSGVFAGDIRCQVSNKSIRINGGSNQSVQPCLNVLLNLSSSTSKSSSKTSFTQ",
  "progen3_ll": -2.8354129791259766,
  "progen3_perplexity": 17.03743553161621,
  "max_sequence": "MNGPRYAHSNYGGNKGGPSNSTSGVFAGDIRCQVSNKSILVSKITIKPSVNNVVNLLATSSSTSKSSSKTSFTQ",
  "max_ll": -2.7548890113830566,
  "max_perplexity": 15.719295501708984,
  "max_kl": 0.05929061770439148,
  "max_nmse": 0.07615786790847778,
  "base_sequence": "MNGPRYAHSNYGGNKGGPSNSTSGVFAGDIRCQVSNKSILNNENCQSQIITTNVMLNNNSSSTSKSSSKTSFTQ",
  "base_ll": -2.831618070602417,
  "base_perplexity": 16.972902297973633,
  "base_kl": 0.13899436593055725,
  "base_nmse": 1.5463978052139282,
  "recovered_sequence": "MNGPRYAHSNYGGNKGGPSNSTSGVFAGDIRCQVSNKSIRDNGGSEQSVQPILNVLRNLSSSTSKSSSKTSFTQ",
  "recovered_ll": -2.8056349754333496,
  "recovered_perplexity": 16.537572860717773,
  "recovered_kl": 0.06401968002319336,
  "recovered_nmse": 0.11879631876945496,
  "nodes": {
    "9": [
      1,
      7,
      14,
      38,
      76,
      103,
      138,
      180,
      255,
      326,
      333,
      382,
      426,
      467,
      492,
      597,
      601,
      631,
      732,
      813,
      905,
      907,
      963,
      1037,
      1106,
      1234,
      1611,
      1622,
      1769,
      1840,
      1879,
      1945,
      2103,
      2377,
      2429,
      2434,
      2519,
      2710,
      2728,
      2843,
      2898,
      2924,
      2953,
      3008,
      3107,
      3163,
      3175,
      3365,
      3692,
      3707,
      3788,
      3831,
      3868,
      3886,
      3963,
      4144,
      4233,
      4330,
      4345,
      4353,
      4438,
      4513,
      4591,
      4594
    ]
  }
}
