{
  "entry": "Q54Q37",
  "entry_name": "SI172_DICDI",
  "type": "GLM_2",
  "prompt": "MTIFDSIALISKSSKSGLTSGNTTSKLNGITVGGNNVSSVNCGGCGGYTNNEPSLYGGNCGCN[GLM]44-61-17",
  "k": 64,
  "original_sequence": "MTIFDSIALISKSSKSGLTSGNTTSKLNGITVGGNNVSSVNCGGCGGYTNNEPSLYGGNCGCN",
  "original_ll": -2.7730274200439453,
  "original_perplexity": 16.007020950317383,
  "progen3_sequence": "MTIFDSIALISKSSKSGLTSGNTTSKLNGITVGGNNVSSVNCGGIIKDSVVSVPFAKGTGGCN",
  "progen3_ll": -2.7013373374938965,
  "progen3_perplexity": 14.899643898010254,
  "max_sequence": "MTIFDSIALISKSSKSGLTSGNTTSKLNGITVGGNNVSSVNCGGVTYQSIPFSLGTPSRTECN",
  "max_ll": -2.8382630348205566,
  "max_perplexity": 17.086061477661133,
  "max_kl": 0.02407262660562992,
  "max_nmse": 0.07120268791913986,
  "base_sequence": "MTIFDSIALISKSSKSGLTSGNTTSKLNGITVGGNNVSSVNCGGMMYMNCIKCNCVCCCCYCN",
  "base_ll": -3.16685152053833,
  "base_perplexity": 23.73264503479004,
  "base_kl": 0.5324273109436035,
  "base_nmse": 3.110767126083374,
  "recovered_sequence": "MTIFDSIALISKSSKSGLTSGNTTSKLNGITVGGNNVSSVNCGGIIKFSFVSVPFAGGTGGCN",
  "recovered_ll": -2.7235190868377686,
  "recovered_perplexity": 15.233837127685547,
  "recovered_kl": 0.034949276596307755,
  "recovered_nmse": 0.34961557388305664,
  "nodes": {
    "9": [
      1,
      7,
      14,
      20,
      76,
      103,
      138,
      180,
      255,
      326,
      333,
      382,
      467,
      601,
      905,
      907,
      940,
      963,
      1037,
      1075,
      1106,
      1234,
      1415,
      1435,
      1583,
      1611,
      1751,
      1840,
      1879,
      1945,
      2103,
      2242,
      2377,
      2390,
      2429,
      2482,
      2519,
      2613,
      2669,
      2710,
      2728,
      2843,
      2924,
      2953,
      3008,
      3163,
      3175,
      3365,
      3788,
      3868,
      3886,
      4144,
      4233,
      4330,
      4345,
      4353,
      4513,
      4591,
      4594
    ],
    "0": [
      3908
    ],
    "2": [
      4237
    ],
    "8": [
      930,
      1724,
      4424
    ]
  }
}
