{
  "entry": "Q57945",
  "entry_name": "Y525_METJA",
  "type": "CLM",
  "prompt": "MLNVEVPTIGVSLIFLAYDEALALMTFIAVNAVLSLILIRAV",
  "k": 352,
  "original_sequence": "MLNVEVPTIGVSLIFLAYDEALALMTFIAVNAVLSLILIRAVILDAEYKENNQ",
  "original_ll": -3.0425047874450684,
  "original_perplexity": 20.957672119140625,
  "progen3_sequence": "MLNVEVPTIGVSLIFLAYDEALALMTFIAVNAVLSLILIRAVRARKKKLDERR",
  "progen3_ll": -2.5054750442504883,
  "progen3_perplexity": 12.249377250671387,
  "max_sequence": "MLNVEVPTIGVSLIFLAYDEALALMTFIAVNAVLSLILIRAVKGARGNRLKEL",
  "max_ll": -2.727633476257324,
  "max_perplexity": 15.29664421081543,
  "max_kl": 0.01809663139283657,
  "max_nmse": 0.006238723639398813,
  "base_sequence": "MLNVEVPTIGVSLIFLAYDEALALMTFIAVNAVLSLILIRAVRRHRIDLFTDR",
  "base_ll": -2.6676433086395264,
  "base_perplexity": 14.40597915649414,
  "base_kl": 0.07103629410266876,
  "base_nmse": 0.15066690742969513,
  "recovered_sequence": "MLNVEVPTIGVSLIFLAYDEALALMTFIAVNAVLSLILIRAVRARKGKLDLRR",
  "recovered_ll": -2.6207213401794434,
  "recovered_perplexity": 13.745635986328125,
  "recovered_kl": 0.02157672494649887,
  "recovered_nmse": 0.005564503837376833,
  "nodes": {
    "9": [
      1,
      7,
      38,
      76,
      138,
      233,
      255,
      266,
      326,
      333,
      419,
      426,
      467,
      519,
      597,
      601,
      631,
      671,
      694,
      732,
      813,
      902,
      905,
      907,
      940,
      963,
      1027,
      1037,
      1075,
      1106,
      1232,
      1234,
      1252,
      1415,
      1435,
      1447,
      1611,
      1622,
      1740,
      1840,
      1879,
      1945,
      2103,
      2147,
      2242,
      2390,
      2429,
      2613,
      2669,
      2710,
      2728,
      2831,
      2843,
      2898,
      2924,
      2933,
      3008,
      3107,
      3114,
      3115,
      3163,
      3175,
      3365,
      3448,
      3707,
      3831,
      3868,
      3886,
      3935,
      3945,
      3959,
      3963,
      4005,
      4233,
      4345,
      4353,
      4438,
      4470,
      4513,
      4591,
      4594
    ],
    "7": [
      2,
      66,
      201,
      320,
      393,
      649,
      762,
      940,
      1011,
      1049,
      1082,
      1362,
      1396,
      1475,
      1477,
      1576,
      1667,
      1712,
      1978,
      2008,
      2179,
      2190,
      2231,
      2247,
      2274,
      2584,
      2726,
      2795,
      2877,
      3015,
      3108,
      3473,
      3485,
      3647,
      3668,
      3990,
      4020,
      4182,
      4324,
      4463,
      4554,
      4592
    ],
    "6": [
      8,
      76,
      184,
      222,
      245,
      326,
      402,
      538,
      776,
      871,
      886,
      972,
      1073,
      1109,
      1132,
      1162,
      1219,
      1250,
      1396,
      1410,
      1484,
      1542,
      1559,
      1965,
      2028,
      2063,
      2090,
      2150,
      2260,
      2275,
      2314,
      2364,
      2450,
      2477,
      2745,
      2832,
      2834,
      2896,
      2898,
      2976,
      2977,
      3329,
      3481,
      3807,
      3855,
      3899,
      3936,
      4083
    ],
    "3": [
      164,
      241,
      469,
      596,
      646,
      789,
      917,
      1044,
      1068,
      1243,
      1616,
      1639,
      1685,
      1844,
      2163,
      2233,
      2285,
      2306,
      2401,
      2540,
      2731,
      2797,
      2813,
      2851,
      3078,
      3376,
      3406,
      3783,
      3934,
      4065,
      4162,
      4171,
      4245,
      4543,
      4587
    ],
    "8": [
      8,
      215,
      307,
      603,
      652,
      696,
      832,
      951,
      974,
      1003,
      1230,
      1291,
      1337,
      1448,
      1479,
      1619,
      1970,
      1972,
      1974,
      1992,
      2120,
      2280,
      2304,
      2327,
      2788,
      2846,
      2859,
      2874,
      2892,
      2989,
      3209,
      3215,
      3274,
      3394,
      3428,
      3463,
      3465,
      3741,
      3855,
      3860,
      3866,
      3880,
      3938,
      3950,
      4016,
      4061,
      4227,
      4304,
      4412,
      4425
    ],
    "5": [
      65,
      232,
      380,
      1089,
      1244,
      1332,
      1437,
      1460,
      1729,
      1779,
      1793,
      1924,
      2137,
      2429,
      2433,
      2734,
      2739,
      2744,
      2748,
      2780,
      2844,
      3032,
      3250,
      3364,
      3628,
      3733,
      3888,
      3895,
      3909,
      3950,
      3972,
      4199,
      4294,
      4391,
      4564
    ],
    "4": [
      33,
      40,
      124,
      157,
      269,
      583,
      736,
      901,
      1224,
      1243,
      1508,
      1639,
      1763,
      1921,
      1963,
      1984,
      2008,
      2058,
      2059,
      2120,
      2280,
      2354,
      2401,
      2406,
      2650,
      2674,
      2768,
      3197,
      3252,
      3398,
      3447,
      3665,
      3709,
      3835,
      3842,
      4009,
      4039,
      4406,
      4418,
      4510
    ],
    "2": [
      40,
      254,
      337,
      403,
      625,
      882,
      1029,
      1302,
      1618,
      1796,
      2130,
      3164,
      3333,
      3638,
      4362,
      4443
    ],
    "0": [
      1290,
      3871,
      4337
    ],
    "1": [
      3045,
      3867
    ]
  }
}
