{
  "entry": "Q58177",
  "entry_name": "Y767_METJA",
  "type": "GLM_1",
  "prompt": "MVNVERISISFPKFLLKEIDEVVKKKGYSSRSELIRDAVRKYVLENNPLNKNETVSGIIIVVYNPTKEALEKMSKLYFEHNKVIKSLNQAYVTTSCGKNAKVEIFVVEGNSKDISKFYEEIEKINGKIYDKVIIF[GLM]18-50-32",
  "k": 608,
  "original_sequence": "MVNVERISISFPKFLLKEIDEVVKKKGYSSRSELIRDAVRKYVLENNPLNKNETVSGIIIVVYNPTKEALEKMSKLYFEHNKVIKSLNQAYVTTSCGKNAKVEIFVVEGNSKDISKFYEEIEKINGKIYDKVIIF",
  "original_ll": -1.9060051441192627,
  "original_perplexity": 6.726164817810059,
  "progen3_sequence": "MVNVERISISFPKFLLKEKKFENLVKEELVKLAEEERKYELEKKKPKKKDKNETVSGIIIVVYNPTKEALEKMSKLYFEHNKVIKSLNQAYVTTSCGKNAKVEIFVVEGNSKDISKFYEEIEKINGKIYDKVIIF",
  "progen3_ll": -2.478128433227539,
  "progen3_perplexity": 11.918936729431152,
  "max_sequence": "MVNVERISISFPKFLLKEEDKKKKEKKKKFFIIKKTRSDKNRKGNTNKKKKNETVSGIIIVVYNPTKEALEKMSKLYFEHNKVIKSLNQAYVTTSCGKNAKVEIFVVEGNSKDISKFYEEIEKINGKIYDKVIIF",
  "max_ll": -2.455037832260132,
  "max_perplexity": 11.64687442779541,
  "max_kl": 0.139238640666008,
  "max_nmse": 0.10005247592926025,
  "base_sequence": "MVNVERISISFPKFLLKEKKKNYNFKEKKKKKNKNKNMKKNMNFKKKKKIKNETVSGIIIVVYNPTKEALEKMSKLYFEHNKVIKSLNQAYVTTSCGKNAKVEIFVVEGNSKDISKFYEEIEKINGKIYDKVIIF",
  "base_ll": -2.1347622871398926,
  "base_perplexity": 8.455036163330078,
  "base_kl": 0.6299958825111389,
  "base_nmse": 0.9987888336181641,
  "recovered_sequence": "MVNVERISISFPKFLLKEKKFENLKKKKYVKLIEEENKKKIEKKKKKKKKKNETVSGIIIVVYNPTKEALEKMSKLYFEHNKVIKSLNQAYVTTSCGKNAKVEIFVVEGNSKDISKFYEEIEKINGKIYDKVIIF",
  "recovered_ll": -2.14526629447937,
  "recovered_perplexity": 8.544316291809082,
  "recovered_kl": 0.166326642036438,
  "recovered_nmse": 0.12083889544010162,
  "nodes": {
    "9": [
      1,
      7,
      20,
      38,
      53,
      76,
      138,
      222,
      255,
      266,
      333,
      374,
      419,
      426,
      467,
      484,
      506,
      519,
      579,
      597,
      601,
      671,
      729,
      732,
      813,
      902,
      905,
      907,
      940,
      963,
      998,
      1037,
      1075,
      1106,
      1175,
      1183,
      1195,
      1232,
      1234,
      1252,
      1348,
      1415,
      1435,
      1443,
      1447,
      1468,
      1550,
      1565,
      1611,
      1622,
      1652,
      1666,
      1740,
      1751,
      1763,
      1769,
      1810,
      1813,
      1824,
      1840,
      1879,
      1945,
      2103,
      2147,
      2174,
      2242,
      2283,
      2390,
      2399,
      2426,
      2444,
      2613,
      2631,
      2669,
      2728,
      2838,
      2843,
      2924,
      2933,
      2945,
      3029,
      3037,
      3107,
      3114,
      3115,
      3175,
      3194,
      3226,
      3258,
      3290,
      3339,
      3365,
      3390,
      3448,
      3650,
      3692,
      3707,
      3773,
      3831,
      3868,
      3886,
      3935,
      3945,
      3959,
      4005,
      4012,
      4116,
      4131,
      4203,
      4233,
      4252,
      4258,
      4274,
      4283,
      4317,
      4341,
      4345,
      4353,
      4355,
      4470,
      4513,
      4584,
      4594
    ],
    "8": [
      8,
      32,
      80,
      91,
      126,
      142,
      215,
      244,
      274,
      310,
      333,
      375,
      390,
      393,
      426,
      428,
      433,
      447,
      455,
      475,
      540,
      581,
      622,
      637,
      665,
      686,
      709,
      732,
      762,
      799,
      835,
      841,
      846,
      855,
      867,
      869,
      930,
      934,
      937,
      961,
      1003,
      1035,
      1102,
      1170,
      1181,
      1225,
      1230,
      1265,
      1338,
      1359,
      1363,
      1368,
      1465,
      1505,
      1530,
      1534,
      1540,
      1556,
      1566,
      1615,
      1652,
      1681,
      1697,
      1720,
      1730,
      1742,
      1752,
      1794,
      1815,
      1865,
      1866,
      1924,
      1935,
      2028,
      2031,
      2038,
      2056,
      2157,
      2195,
      2273,
      2274,
      2285,
      2304,
      2326,
      2327,
      2330,
      2394,
      2402,
      2547,
      2577,
      2657,
      2747,
      2780,
      2944,
      2962,
      2977,
      3101,
      3109,
      3169,
      3185,
      3197,
      3209,
      3210,
      3215,
      3224,
      3226,
      3254,
      3401,
      3421,
      3438,
      3452,
      3454,
      3461,
      3465,
      3495,
      3497,
      3499,
      3516,
      3539,
      3568,
      3608,
      3712,
      3758,
      3769,
      3789,
      3792,
      3845,
      3860,
      3868,
      3880,
      3932,
      4012,
      4014,
      4042,
      4049,
      4056,
      4109,
      4268,
      4301,
      4303,
      4309,
      4319,
      4380,
      4405,
      4411,
      4412,
      4417,
      4477,
      4479,
      4553
    ],
    "7": [
      59,
      129,
      130,
      199,
      260,
      262,
      320,
      346,
      349,
      387,
      454,
      469,
      471,
      482,
      498,
      526,
      527,
      574,
      627,
      629,
      645,
      710,
      731,
      746,
      765,
      770,
      829,
      836,
      900,
      912,
      986,
      999,
      1045,
      1100,
      1114,
      1124,
      1148,
      1181,
      1218,
      1284,
      1397,
      1424,
      1491,
      1494,
      1496,
      1512,
      1542,
      1543,
      1565,
      1625,
      1634,
      1640,
      1664,
      1680,
      1712,
      1726,
      1740,
      1798,
      1827,
      1837,
      1852,
      1869,
      1918,
      1929,
      1985,
      1993,
      2043,
      2102,
      2154,
      2199,
      2231,
      2238,
      2282,
      2324,
      2461,
      2471,
      2483,
      2550,
      2563,
      2642,
      2712,
      2770,
      2785,
      2874,
      3068,
      3139,
      3226,
      3242,
      3265,
      3350,
      3379,
      3387,
      3395,
      3414,
      3431,
      3513,
      3533,
      3537,
      3548,
      3611,
      3619,
      3661,
      3690,
      3837,
      3854,
      3868,
      3872,
      3890,
      3963,
      3976,
      4005,
      4011,
      4020,
      4038,
      4125,
      4137,
      4173,
      4183,
      4266,
      4315,
      4317,
      4320,
      4332,
      4401,
      4451,
      4462,
      4467,
      4494,
      4585
    ],
    "6": [
      42,
      75,
      131,
      155,
      163,
      237,
      248,
      256,
      268,
      270,
      366,
      460,
      469,
      479,
      529,
      565,
      590,
      629,
      715,
      851,
      890,
      977,
      1035,
      1096,
      1128,
      1159,
      1193,
      1230,
      1247,
      1315,
      1322,
      1367,
      1392,
      1399,
      1453,
      1462,
      1481,
      1521,
      1546,
      1573,
      1580,
      1756,
      1788,
      1812,
      1848,
      1869,
      1986,
      2026,
      2046,
      2051,
      2073,
      2083,
      2131,
      2137,
      2147,
      2222,
      2254,
      2257,
      2346,
      2368,
      2385,
      2484,
      2525,
      2597,
      2714,
      2717,
      2774,
      2841,
      2851,
      2889,
      2907,
      2920,
      2926,
      3070,
      3097,
      3171,
      3246,
      3336,
      3458,
      3477,
      3522,
      3575,
      3637,
      3654,
      3670,
      3734,
      3753,
      3871,
      3915,
      3920,
      3927,
      4022,
      4041,
      4152,
      4154,
      4164,
      4197,
      4262,
      4267,
      4284,
      4486,
      4531,
      4569
    ],