{
  "entry": "Q6ACU3",
  "entry_name": "Y2102_LEIXX",
  "type": "CLM",
  "prompt": "MTKTTRLLRATTVAAILLGLTGCAVHLPASAQTPGKQADGVQVSKAWVKAAGSGMTAAFGDVKNTGSGTAIVVGATSSAASSLQLHETVTKNGAETMQEAKSGFRIPAGSTLHLAPGGSHIMLMGLKAPLEA",
  "k": 192,
  "original_sequence": "MTKTTRLLRATTVAAILLGLTGCAVHLPASAQTPGKQADGVQVSKAWVKAAGSGMTAAFGDVKNTGSGTAIVVGATSSAASSLQLHETVTKNGAETMQEAKSGFRIPAGSTLHLAPGGSHIMLMGLKAPLEAGQKISVTLRFSDGSTSPVAVPVKDFSGANENYKG",
  "original_ll": -2.2087440490722656,
  "original_perplexity": 9.10427474975586,
  "progen3_sequence": "MTKTTRLLRATTVAAILLGLTGCAVHLPASAQTPGKQADGVQVSKAWVKAAGSGMTAAFGDVKNTGSGTAIVVGATSSAASSLQLHETVTKNGAETMQEAKSGFRIPAGSTLHLAPGGSHIMLMGLKAPLEAGATFPLTLTFEKAGTVKVDVAVTAAGAPAAGGGG",
  "progen3_ll": -1.1411166191101074,
  "progen3_perplexity": 3.1302616596221924,
  "max_sequence": "MTKTTRLLRATTVAAILLGLTGCAVHLPASAQTPGKQADGVQVSKAWVKAAGSGMTAAFGDVKNTGSGTAIVVGATSSAASSLQLHETVTKNGAETMQEAKSGFRIPAGSTLHLAPGGSHIMLMGLKAPLEADLLVSVSVAVKKSTQVTVVIVITADAQPAPTSAP",
  "max_ll": -2.503016471862793,
  "max_perplexity": 12.219298362731934,
  "max_kl": 0.5325855612754822,
  "max_nmse": 0.1131807342171669,
  "base_sequence": "MTKTTRLLRATTVAAILLGLTGCAVHLPASAQTPGKQADGVQVSKAWVKAAGSGMTAAFGDVKNTGSGTAIVVGATSSAASSLQLHETVTKNGAETMQEAKSGFRIPAGSTLHLAPGGSHIMLMGLKAPLEAGDVVADVAGVAAGTAVVAQVVVVSTDDGQDAADA",
  "base_ll": -2.5056636333465576,
  "base_perplexity": 12.251687049865723,
  "base_kl": 0.817095160484314,
  "base_nmse": 0.10711133480072021,
  "recovered_sequence": "MTKTTRLLRATTVAAILLGLTGCAVHLPASAQTPGKQADGVQVSKAWVKAAGSGMTAAFGDVKNTGSGTAIVVGATSSAASSLQLHETVTKNGAETMQEAKSGFRIPAGSTLHLAPGGSHIMLMGLKAPLEAGATVAVVVVVVAKDTVEVVVVVVSTGTPTSGPAP",
  "recovered_ll": -2.4248557090759277,
  "recovered_perplexity": 11.300599098205566,
  "recovered_kl": 0.6378989219665527,
  "recovered_nmse": 0.08938716351985931,
  "nodes": {
    "9": [
      7,
      53,
      103,
      180,
      233,
      255,
      374,
      419,
      484,
      601,
      671,
      694,
      729,
      902,
      998,
      1028,
      1075,
      1106,
      1183,
      1195,
      1232,
      1234,
      1252,
      1415,
      1435,
      1443,
      1447,
      1468,
      1550,
      1611,
      1652,
      1666,
      1751,
      1763,
      1810,
      1824,
      1840,
      1879,
      2103,
      2147,
      2174,
      2242,
      2283,
      2444,
      2474,
      2483,
      2613,
      2631,
      2669,
      2838,
      2933,
      2945,
      2953,
      3029,
      3037,
      3114,
      3203,
      3258,
      3276,
      3349,
      3365,
      3376,
      3390,
      3650,
      3707,
      3773,
      3945,
      4012,
      4131,
      4203,
      4252,
      4258,
      4283,
      4317,
      4341,
      4345,
      4353,
      4355,
      4470,
      4513,
      4584,
      4594
    ],
    "8": [
      200,
      328,
      363,
      546,
      551,
      620,
      715,
      719,
      730,
      753,
      842,
      946,
      969,
      973,
      983,
      1022,
      1051,
      1058,
      1114,
      1141,
      1206,
      1280,
      1285,
      1370,
      1397,
      1418,
      1470,
      1606,
      1638,
      1662,
      1663,
      1779,
      1920,
      1926,
      1950,
      1954,
      1983,
      2066,
      2123,
      2191,
      2233,
      2479,
      2489,
      2663,
      2677,
      2686,
      2696,
      2740,
      2744,
      2824,
      2837,
      2901,
      2934,
      2953,
      2974,
      3065,
      3077,
      3097,
      3194,
      3216,
      3230,
      3244,
      3245,
      3337,
      3338,
      3374,
      3395,
      3397,
      3530,
      3635,
      3640,
      3645,
      3820,
      3862,
      3911,
      3922,
      3946,
      3995,
      4036,
      4038,
      4130,
      4137,
      4147,
      4149,
      4200,
      4277,
      4280,
      4335,
      4422,
      4485,
      4495,
      4527,
      4536,
      4576,
      4580
    ],
    "7": [
      206,
      1393,
      1840,
      2160,
      2273,
      3018,
      3535,
      4163,
      4497
    ],
    "6": [
      857,
      3281
    ],
    "5": [
      1165,
      3694,
      3814,
      3999
    ]
  }
}
