{
  "entry": "Q748D0",
  "entry_name": "FTSL_GEOSL",
  "type": "CLM",
  "prompt": "MAQARTEFSKVAAPRKLEEMYAQRGDLFPYLLAVLVLLTLVSVFHVWSRVRVVDLNLEVAEVARQLKVAQEEQNRLKLEVASLKTPAR",
  "k": 32,
  "original_sequence": "MAQARTEFSKVAAPRKLEEMYAQRGDLFPYLLAVLVLLTLVSVFHVWSRVRVVDLNLEVAEVARQLKVAQEEQNRLKLEVASLKTPARIEAVAKGELGMALPTDQQVVVVK",
  "original_ll": -1.6086097955703735,
  "original_perplexity": 4.995861053466797,
  "progen3_sequence": "MAQARTEFSKVAAPRKLEEMYAQRGDLFPYLLAVLVLLTLVSVFHVWSRVRVVDLNLEVAEVARQLKVAQEEQNRLKLEVASLKTPARIERLAREELGLVKPGETVVRVAP",
  "progen3_ll": -0.9674083590507507,
  "progen3_perplexity": 2.6311166286468506,
  "max_sequence": "MAQARTEFSKVAAPRKLEEMYAQRGDLFPYLLAVLVLLTLVSVFHVWSRVRVVDLNLEVAEVARQLKVAQEEQNRLKLEVASLKTPARLEALAKQLLLLASPGETVTTVLE",
  "max_ll": -2.2129714488983154,
  "max_perplexity": 9.142844200134277,
  "max_kl": 0.6452633738517761,
  "max_nmse": 0.3017403781414032,
  "base_sequence": "MAQARTEFSKVAAPRKLEEMYAQRGDLFPYLLAVLVLLTLVSVFHVWSRVRVVDLNLEVAEVARQLKVAQEEQNRLKLEVASLKTPARADRLAQDTASKRDREDDQRALPE",
  "base_ll": -2.7909553050994873,
  "base_perplexity": 16.296581268310547,
  "base_kl": 0.9033490419387817,
  "base_nmse": 0.5579090118408203,
  "recovered_sequence": "MAQARTEFSKVAAPRKLEEMYAQRGDLFPYLLAVLVLLTLVSVFHVWSRVRVVDLNLEVAEVARQLKVAQEEQNRLKLEVASLKTPARIERRAEEELELRKDGEVEDRVFP",
  "recovered_ll": -2.250349521636963,
  "recovered_perplexity": 9.491052627563477,
  "recovered_kl": 0.672879695892334,
  "recovered_nmse": 0.35061711072921753,
  "nodes": {
    "9": [
      484,
      729,
      902,
      998,
      1075,
      1106,
      1183,
      1195,
      1348,
      1447,
      1468,
      1550,
      1652,
      1666,
      1751,
      1824,
      2174,
      2444,
      2613,
      2838,
      3935,
      4131,
      4355,
      4513,
      4594
    ],
    "8": [
      221,
      485,
      845,
      930,
      3827,
      4036
    ],
    "7": [
      647
    ]
  }
}
