{
  "entry": "Q7S5M7",
  "entry_name": "COX9_NEUCR",
  "type": "CLM",
  "prompt": "MAATAVRPITGMLRRGLILDIGIALGVGFVMANGYWYGYHMPRTNARDNYY",
  "k": 672,
  "original_sequence": "MAATAVRPITGMLRRGLILDIGIALGVGFVMANGYWYGYHMPRTNARDNYYKKLEEERAARMGA",
  "original_ll": -2.5976362228393555,
  "original_perplexity": 13.431950569152832,
  "progen3_sequence": "MAATAVRPITGMLRRGLILDIGIALGVGFVMANGYWYGYHMPRTNARDNYYYSVPAPAVVTQPA",
  "progen3_ll": -2.4317667484283447,
  "progen3_perplexity": 11.378968238830566,
  "max_sequence": "MAATAVRPITGMLRRGLILDIGIALGVGFVMANGYWYGYHMPRTNARDNYYRVLDGSQGRSTPP",
  "max_ll": -2.7544169425964355,
  "max_perplexity": 15.71187686920166,
  "max_kl": 0.027944013476371765,
  "max_nmse": 0.00875970907509327,
  "base_sequence": "MAATAVRPITGMLRRGLILDIGIALGVGFVMANGYWYGYHMPRTNARDNYYYTYTGNSPVGRLS",
  "base_ll": -2.783928871154785,
  "base_perplexity": 16.18247413635254,
  "base_kl": 0.07311919331550598,
  "base_nmse": 0.0321027934551239,
  "recovered_sequence": "MAATAVRPITGMLRRGLILDIGIALGVGFVMANGYWYGYHMPRTNARDNYYLSTPAPRVTTQGG",
  "recovered_ll": -2.753462553024292,
  "recovered_perplexity": 15.69688892364502,
  "recovered_kl": 0.041111648082733154,
  "recovered_nmse": 0.021484224125742912,
  "nodes": {
    "9": [
      1,
      7,
      14,
      38,
      76,
      103,
      138,
      180,
      255,
      266,
      326,
      333,
      419,
      467,
      519,
      601,
      631,
      671,
      694,
      732,
      902,
      905,
      907,
      940,
      963,
      998,
      1037,
      1075,
      1106,
      1232,
      1234,
      1252,
      1415,
      1435,
      1443,
      1447,
      1550,
      1611,
      1622,
      1740,
      1763,
      1769,
      1840,
      1879,
      1945,
      2103,
      2242,
      2390,
      2421,
      2429,
      2519,
      2613,
      2669,
      2710,
      2728,
      2843,
      2924,
      2933,
      2945,
      3107,
      3114,
      3115,
      3163,
      3175,
      3365,
      3390,
      3448,
      3707,
      3788,
      3831,
      3886,
      3935,
      3959,
      4005,
      4116,
      4126,
      4233,
      4345,
      4353,
      4470,
      4513,
      4594
    ],
    "5": [
      61,
      73,
      107,
      276,
      289,
      322,
      332,
      341,
      357,
      381,
      425,
      446,
      640,
      657,
      689,
      697,
      720,
      841,
      1081,
      1195,
      1225,
      1244,
      1247,
      1289,
      1293,
      1333,
      1404,
      1410,
      1441,
      1478,
      1513,
      1561,
      1564,
      1609,
      1692,
      1729,
      1750,
      1787,
      1809,
      1848,
      1866,
      1868,
      1974,
      2056,
      2160,
      2225,
      2255,
      2357,
      2385,
      2392,
      2427,
      2457,
      2471,
      2540,
      2560,
      2612,
      2645,
      2699,
      2756,
      2808,
      2886,
      2938,
      2945,
      3080,
      3095,
      3132,
      3147,
      3176,
      3229,
      3233,
      3250,
      3273,
      3308,
      3359,
      3470,
      3484,
      3509,
      3572,
      3584,
      3596,
      3603,
      3634,
      3642,
      3670,
      3674,
      3692,
      3851,
      3853,
      3891,
      3909,
      3931,
      3947,
      3956,
      3972,
      3976,
      4004,
      4018,
      4029,
      4212,
      4247,
      4297,
      4343,
      4357,
      4374,
      4435,
      4564,
      4602
    ],
    "8": [
      221,
      250,
      257,
      315,
      324,
      334,
      603,
      678,
      708,
      722,
      759,
      836,
      906,
      974,
      1000,
      1014,
      1141,
      1230,
      1292,
      1342,
      1397,
      1471,
      1479,
      1574,
      1620,
      1754,
      1764,
      1774,
      1809,
      1831,
      1861,
      1870,
      1887,
      1963,
      1974,
      2064,
      2068,
      2106,
      2120,
      2280,
      2327,
      2338,
      2373,
      2378,
      2438,
      2479,
      2510,
      2640,
      2859,
      2874,
      2942,
      3045,
      3094,
      3104,
      3108,
      3198,
      3209,
      3215,
      3394,
      3397,
      3415,
      3465,
      3491,
      3519,
      3544,
      3687,
      3693,
      3705,
      3827,
      3855,
      3862,
      3880,
      3938,
      3958,
      3959,
      4072,
      4114,
      4131,
      4137,
      4142,
      4227,
      4424,
      4536
    ],
    "7": [
      67,
      181,
      200,
      204,
      222,
      309,
      318,
      320,
      378,
      525,
      627,
      645,
      660,
      664,
      768,
      813,
      900,
      1006,
      1056,
      1089,
      1127,
      1155,
      1181,
      1227,
      1325,
      1335,
      1396,
      1442,
      1539,
      1649,
      1668,
      1746,
      1760,
      1773,
      1780,
      1844,
      1874,
      1887,
      1918,
      2007,
      2062,
      2217,
      2221,
      2266,
      2362,
      2374,
      2389,
      2423,
      2461,
      2571,
      2671,
      2694,
      2720,
      2734,
      2864,
      2878,
      2999,
      3031,
      3041,
      3293,
      3324,
      3358,
      3371,
      3437,
      3534,
      3569,
      3663,
      3734,
      3735,
      3767,
      3786,
      3801,
      3806,
      3820,
      4073,
      4080,
      4142,
      4149,
      4245,
      4370,
      4459,
      4495,
      4505,
      4533
    ],
    "6": [
      193,
      276,
      288,
      298,
      394,
      402,
      425,
      460,
      469,
      529,
      537,
      673,
      682,
      697,
      724,
      741,
      758,
      951,
      1002,
      1014,
      1026,
      1132,
      1181,
      1219,
      1234,
      1250,
      1346,
      1373,
      1399,
      1441,
      1484,
      1542,
      1615,
      1627,
      1721,
      1889,
      1965,
      2096,
      2195,
      2302,
      2334,
      2584,
      2597,
      2717,
      2763,
      2834,
      2851,
      2995,
      3046,
      3071,
      3121,
      3162,
      3165,
      3232,
      3253,
      3290,
      3303,
      3329,
      3332,
      3363,
      3436,
      3442,
      3562,
      3574,
      3803,
      3848,
      3931,
      3986,
      4121,
      4284,
      4353,
      4389,
      4418,
      4492
    ],
    "4": [
      15,
      23,
      36,
      37,
      87,
      203,
      312,
      388,
      389,
      623,
      637,
      689,
      721,
      728,
      761,
      869,
      901,
      1052,
      1087,
      1106,
      1124,
      1156,
      1220,
      1238,
      1336,
      1393,
      1410,
      1441,
      1449,
      1468,
      1483,
      1484,
      1486,
      1546,
      1587,
      1592,
      1608,
      1627,
      1691,
      1751,
      1775,
      1849,
      1869,
      1885,
      2059,
      2216,
      2232,
      2233,
      2241,
      2253,
      2320,
      2356,
      2394,
      2406,
      2426,
      2519,
      2611,
      2612,
      2613,
      2620,
      2656,
      2684,
      2696,
      2779,
      2893,
      2899,
      3013,
      3016,
      3085,
      3140,
      3183,
      3201,
      3338,
      3343,
      3357,
      3382,
      3456,
      3503,
      3514,
      3548,
      3564,
      3585,
      3611,
      3662,
      3674,
      3676,
      3682,
      3702,
      3721,
      3769,
      3803,
      3838,
      3937,
      4031,
      4036,
      4074,
      4082,
      4170,
      4276,
      4303,
      4392,
      4426,
      4435,
      4527,
      4529,
      4559,
      4584,
      4586
    ],