{
  "entry": "Q7UN11",
  "entry_name": "RS17_RHOBA",
  "type": "CLM",
  "prompt": "MPKRVVAGIVTSDKMSKTRRVEIARLVKHPKYKKYIRRRTVCHVHDENNESGVGDKVEIIESEPLSKLKRWRLVRVLEKSTAVDVVALRAARK",
  "k": 160,
  "original_sequence": "MPKRVVAGIVTSDKMSKTRRVEIARLVKHPKYKKYIRRRTVCHVHDENNESGVGDKVEIIESEPLSKLKRWRLVRVLEKSTAVDVVALRAARKNAEAEGLAAAHAGEPETESAATDA",
  "original_ll": -2.348343849182129,
  "original_perplexity": 10.468218803405762,
  "progen3_sequence": "MPKRVVAGIVTSDKMSKTRRVEIARLVKHPKYKKYIRRRTVCHVHDENNESGVGDKVEIIESEPLSKLKRWRLVRVLEKSTAVDVVALRAARKAAR",
  "progen3_ll": -1.884161353111267,
  "progen3_perplexity": 6.5808329582214355,
  "max_sequence": "MPKRVVAGIVTSDKMSKTRRVEIARLVKHPKYKKYIRRRTVCHVHDENNESGVGDKVEIIESEPLSKLKRWRLVRVLEKSTAVDVVALRAARKRRE",
  "max_ll": -2.5557260513305664,
  "max_perplexity": 12.880648612976074,
  "max_kl": 0.08029772341251373,
  "max_nmse": 0.014676080085337162,
  "base_sequence": "MPKRVVAGIVTSDKMSKTRRVEIARLVKHPKYKKYIRRRTVCHVHDENNESGVGDKVEIIESEPLSKLKRWRLVRVLEKSTAVDVVALRAARKM",
  "base_ll": -5.071495056152344,
  "base_perplexity": 159.4124755859375,
  "base_kl": 0.3425064980983734,
  "base_nmse": 0.23517462611198425,
  "recovered_sequence": "MPKRVVAGIVTSDKMSKTRRVEIARLVKHPKYKKYIRRRTVCHVHDENNESGVGDKVEIIESEPLSKLKRWRLVRVLEKSTAVDVVALRAARKRTD",
  "recovered_ll": -3.0878050327301025,
  "recovered_perplexity": 21.928890228271484,
  "recovered_kl": 0.09335675835609436,
  "recovered_nmse": 0.0314885713160038,
  "nodes": {
    "9": [
      7,
      14,
      38,
      53,
      138,
      154,
      180,
      216,
      233,
      374,
      467,
      597,
      601,
      631,
      694,
      732,
      907,
      937,
      963,
      1027,
      1075,
      1106,
      1232,
      1234,
      1252,
      1415,
      1435,
      1443,
      1447,
      1611,
      1622,
      1751,
      1763,
      1769,
      1840,
      1879,
      1945,
      2147,
      2242,
      2245,
      2429,
      2831,
      2898,
      2924,
      3114,
      3115,
      3146,
      3175,
      3276,
      3365,
      3390,
      3448,
      3773,
      3831,
      3868,
      3886,
      3935,
      4005,
      4068,
      4116,
      4233,
      4345,
      4353,
      4438,
      4470,
      4513,
      4594
    ],
    "8": [
      8,
      91,
      226,
      265,
      390,
      428,
      759,
      835,
      999,
      1009,
      1233,
      1245,
      1265,
      1356,
      1615,
      1742,
      1801,
      1972,
      2068,
      2120,
      2280,
      2326,
      2543,
      2717,
      2788,
      2841,
      3037,
      3049,
      3109,
      3169,
      3189,
      3428,
      3499,
      3544,
      3608,
      3619,
      3650,
      3693,
      4143,
      4204,
      4274,
      4304,
      4328,
      4537,
      4601
    ],
    "2": [
      131,
      3164,
      4443
    ],
    "6": [
      57,
      267,
      270,
      298,
      304,
      714,
      741,
      769,
      1873,
      2126,
      2573,
      2833,
      2893,
      3059,
      3174,
      3627,
      3760,
      4381
    ],
    "3": [
      702,
      1405,
      1442,
      1523,
      2001,
      2377,
      3941
    ],
    "4": [
      3137,
      3260,
      3880
    ],
    "0": [
      3871,
      4337
    ],
    "5": [
      805,
      1219,
      3154,
      3222,
      3262,
      3421,
      3437,
      3729,
      4038
    ],
    "7": [
      526,
      2156,
      3293,
      3729,
      3816
    ],
    "1": [
      4113
    ]
  }
}
