{
  "entry": "Q800I8",
  "entry_name": "ANFC3_ORYLA",
  "type": "CLM",
  "prompt": "MSLRAFMLCVCLLLQSVGARPASELQNLERLLQDQLSSTEHPEEDRLDRTREEPQLGGSSSREAADESALTRLFADLLRTSKRSWGRYK",
  "k": 256,
  "original_sequence": "MSLRAFMLCVCLLLQSVGARPASELQNLERLLQDQLSSTEHPEEDRLDRTREEPQLGGSSSREAADESALTRLFADLLRTSKRSWGRYKKGGMRSCFGVRLERIGSFSGLGC",
  "original_ll": -2.8632352352142334,
  "original_perplexity": 17.518110275268555,
  "progen3_sequence": "MSLRAFMLCVCLLLQSVGARPASELQNLERLLQDQLSSTEHPEEDRLDRTREEPQLGGSSSREAADESALTRLFADLLRTSKRSWGRYKLLVRVLGDEVLIVELDPAGDLTR",
  "progen3_ll": -2.4145429134368896,
  "progen3_perplexity": 11.184657096862793,
  "max_sequence": "MSLRAFMLCVCLLLQSVGARPASELQNLERLLQDQLSSTEHPEEDRLDRTREEPQLGGSSSREAADESALTRLFADLLRTSKRSWGRYKRVARLGVGRRARRADESEARALA",
  "max_ll": -2.500202178955078,
  "max_perplexity": 12.184957504272461,
  "max_kl": 0.025495268404483795,
  "max_nmse": 0.006041735410690308,
  "base_sequence": "MSLRAFMLCVCLLLQSVGARPASELQNLERLLQDQLSSTEHPEEDRLDRTREEPQLGGSSSREAADESALTRLFADLLRTSKRSWGRYKSSAGGAGDLAGGHLQVPEGRGLV",
  "base_ll": -2.637019634246826,
  "base_perplexity": 13.971501350402832,
  "base_kl": 0.07105555385351181,
  "base_nmse": 0.11943715065717697,
  "recovered_sequence": "MSLRAFMLCVCLLLQSVGARPASELQNLERLLQDQLSSTEHPEEDRLDRTREEPQLGGSSSREAADESALTRLFADLLRTSKRSWGRYKLLVRSLGDEVAIALPDPEEDLER",
  "recovered_ll": -2.568746566772461,
  "recovered_perplexity": 13.049457550048828,
  "recovered_kl": 0.03747870773077011,
  "recovered_nmse": 0.013797705993056297,
  "nodes": {
    "9": [
      1,
      7,
      14,
      21,
      38,
      76,
      103,
      138,
      180,
      233,
      255,
      266,
      326,
      333,
      382,
      419,
      426,
      467,
      492,
      579,
      597,
      601,
      631,
      694,
      732,
      813,
      905,
      907,
      963,
      1037,
      1075,
      1106,
      1232,
      1234,
      1252,
      1415,
      1435,
      1447,
      1544,
      1611,
      1622,
      1751,
      1769,
      1840,
      1879,
      1945,
      2103,
      2242,
      2245,
      2377,
      2429,
      2434,
      2444,
      2474,
      2482,
      2519,
      2610,
      2613,
      2710,
      2728,
      2831,
      2843,
      2868,
      2898,
      2924,
      2945,
      2953,
      3008,
      3107,
      3115,
      3146,
      3163,
      3175,
      3226,
      3365,
      3448,
      3707,
      3752,
      3773,
      3788,
      3831,
      3886,
      3959,
      4005,
      4116,
      4144,
      4203,
      4233,
      4317,
      4330,
      4345,
      4353,
      4407,
      4438,
      4513,
      4525,
      4591,
      4594
    ],
    "8": [
      95,
      208,
      265,
      324,
      603,
      951,
      987,
      1000,
      1086,
      1141,
      1230,
      1292,
      1382,
      1474,
      1479,
      1505,
      1582,
      1809,
      1814,
      1831,
      1861,
      1870,
      1900,
      1974,
      1992,
      2006,
      2064,
      2082,
      2194,
      2253,
      2294,
      2351,
      2378,
      2385,
      2438,
      2443,
      2513,
      2640,
      2686,
      2900,
      2942,
      2955,
      2960,
      2989,
      2999,
      3045,
      3094,
      3128,
      3266,
      3292,
      3435,
      3544,
      3605,
      3624,
      3687,
      3827,
      3855,
      3862,
      3940,
      3958,
      3998,
      4047,
      4131,
      4135,
      4142,
      4179,
      4223,
      4277,
      4342,
      4485,
      4536,
      4551
    ],
    "2": [
      33,
      1190,
      2873,
      3164,
      4157,
      4237,
      4577
    ],
    "0": [
      531,
      1705,
      1840,
      2711,
      3871,
      3908
    ],
    "3": [
      1338,
      2806,
      3790,
      3941,
      4581
    ],
    "7": [
      525,
      676,
      802,
      1161,
      1649,
      2161,
      2217,
      2423,
      2640,
      2736,
      2914,
      3044,
      3509,
      3663,
      3713,
      3801,
      3974,
      4275,
      4495,
      4507,
      4533
    ],
    "6": [
      298,
      445,
      542,
      714,
      796,
      857,
      1136,
      1313,
      1553,
      1574,
      1596,
      1940,
      2547,
      2640,
      3769,
      3788,
      4012,
      4183,
      4194,
      4586
    ],
    "4": [
      96,
      412,
      1947,
      2188,
      2231,
      2760,
      2986,
      3388,
      4284,
      4464
    ],
    "1": [
      649,
      864,
      1154,
      1311,
      1668,
      1705,
      1843,
      1960,
      2467,
      3504,
      3865,
      4408
    ],
    "5": [
      281,
      1000,
      1231,
      2258,
      2837
    ]
  }
}
