{
  "entry": "Q8BGI1",
  "entry_name": "RNF24_MOUSE",
  "type": "CLM",
  "prompt": "MSSDFPHYNFRMPNIGFQNLPLNIYIVVFGTAVFVFILSLLFCCYLIRLRHQAHKEFYAYKQVILKEKVKELNLHELCAVCLEDFKPRDELGICPCKHAFHRKCLVKWLEVRKVCPLC",
  "k": 384,
  "original_sequence": "MSSDFPHYNFRMPNIGFQNLPLNIYIVVFGTAVFVFILSLLFCCYLIRLRHQAHKEFYAYKQVILKEKVKELNLHELCAVCLEDFKPRDELGICPCKHAFHRKCLVKWLEVRKVCPLCNMPVLQLAQLHSKQDRGPPQEPLPGAENIV",
  "original_ll": -2.948282480239868,
  "original_perplexity": 19.073165893554688,
  "progen3_sequence": "MSSDFPHYNFRMPNIGFQNLPLNIYIVVFGTAVFVFILSLLFCCYLIRLRHQAHKEFYAYKQVILKEKVKELNLHELCAVCLEDFKPRDELGICPCKHAFHRKCLVKWLEVRKVCPLCRSDIVQPTVKVEAEGSVVPEPPQPEPEPEP",
  "progen3_ll": -2.2773778438568115,
  "progen3_perplexity": 9.751077651977539,
  "max_sequence": "MSSDFPHYNFRMPNIGFQNLPLNIYIVVFGTAVFVFILSLLFCCYLIRLRHQAHKEFYAYKQVILKEKVKELNLHELCAVCLEDFKPRDELGICPCKHAFHRKCLVKWLEVRKVCPLCKSKISDSKSLVRKSSIAGRDPSLTADPDEL",
  "max_ll": -2.6705565452575684,
  "max_perplexity": 14.44800853729248,
  "max_kl": 0.09534622728824615,
  "max_nmse": 0.045056410133838654,
  "base_sequence": "MSSDFPHYNFRMPNIGFQNLPLNIYIVVFGTAVFVFILSLLFCCYLIRLRHQAHKEFYAYKQVILKEKVKELNLHELCAVCLEDFKPRDELGICPCKHAFHRKCLVKWLEVRKVCPLCCKSCTEKQSSELESIVGGGNPTEETVTPP",
  "base_ll": -2.8259994983673096,
  "base_perplexity": 16.8778076171875,
  "base_kl": 0.18967850506305695,
  "base_nmse": 0.31915730237960815,
  "recovered_sequence": "MSSDFPHYNFRMPNIGFQNLPLNIYIVVFGTAVFVFILSLLFCCYLIRLRHQAHKEFYAYKQVILKEKVKELNLHELCAVCLEDFKPRDELGICPCKHAFHRKCLVKWLEVRKVCPLCKSDTVQPTAKVESEGSVVPETPQGTGGPPP",
  "recovered_ll": -2.6677515506744385,
  "recovered_perplexity": 14.407538414001465,
  "recovered_kl": 0.11422701925039291,
  "recovered_nmse": 0.05514134094119072,
  "nodes": {
    "9": [
      1,
      7,
      14,
      38,
      53,
      76,
      103,
      138,
      154,
      180,
      216,
      233,
      255,
      333,
      374,
      426,
      467,
      484,
      492,
      519,
      579,
      597,
      601,
      631,
      671,
      694,
      729,
      902,
      905,
      907,
      937,
      963,
      998,
      1027,
      1037,
      1075,
      1106,
      1183,
      1195,
      1232,
      1234,
      1415,
      1435,
      1447,
      1468,
      1550,
      1583,
      1611,
      1652,
      1740,
      1751,
      1763,
      1769,
      1813,
      1824,
      1840,
      1879,
      1945,
      2147,
      2174,
      2242,
      2245,
      2421,
      2429,
      2434,
      2444,
      2482,
      2483,
      2613,
      2631,
      2669,
      2710,
      2728,
      2831,
      2898,
      2924,
      2945,
      2953,
      3037,
      3115,
      3146,
      3163,
      3175,
      3226,
      3276,
      3339,
      3349,
      3365,
      3448,
      3692,
      3707,
      3773,
      3831,
      3868,
      3886,
      3959,
      4005,
      4012,
      4068,
      4116,
      4144,
      4203,
      4233,
      4252,
      4258,
      4283,
      4301,
      4317,
      4330,
      4341,
      4345,
      4353,
      4438,
      4470,
      4513,
      4594
    ],
    "8": [
      118,
      148,
      192,
      226,
      307,
      351,
      399,
      410,
      530,
      540,
      607,
      668,
      696,
      705,
      731,
      765,
      867,
      923,
      961,
      1042,
      1064,
      1068,
      1132,
      1178,
      1198,
      1246,
      1321,
      1405,
      1420,
      1511,
      1606,
      1652,
      1779,
      1814,
      1870,
      1946,
      1954,
      1987,
      2068,
      2145,
      2280,
      2293,
      2328,
      2454,
      2504,
      2510,
      2685,
      2689,
      2718,
      3003,
      3196,
      3197,
      3216,
      3244,
      3245,
      3338,
      3523,
      3617,
      3619,
      3621,
      3650,
      3758,
      3854,
      3880,
      3911,
      4143,
      4147,
      4155,
      4274,
      4304,
      4376,
      4416,
      4442,
      4453,
      4597
    ],
    "6": [
      48,
      452,
      523,
      714,
      1238,
      1334,
      1337,
      1360,
      1374,
      1403,
      1626,
      1980,
      2031,
      2122,
      2168,
      2191,
      2304,
      2373,
      2425,
      2458,
      2611,
      2661,
      2727,
      2912,
      2934,
      3043,
      3112,
      3202,
      3217,
      3551,
      3633,
      3716,
      3755,
      3967,
      4046,
      4302,
      4342,
      4372,
      4556
    ],
    "7": [
      29,
      62,
      304,
      423,
      660,
      769,
      776,
      827,
      955,
      982,
      1027,
      1044,
      1142,
      1170,
      1172,
      1227,
      1335,
      1426,
      1480,
      1512,
      1513,
      1646,
      1658,
      1771,
      1846,
      1881,
      2001,
      2021,
      2108,
      2179,
      2247,
      2344,
      2381,
      2431,
      2543,
      2613,
      2669,
      2697,
      2763,
      2794,
      2844,
      3044,
      3155,
      3202,
      3359,
      3524,
      3585,
      3603,
      3672,
      3681,
      3757,
      3947,
      3984,
      4131,
      4412
    ],
    "5": [
      32,
      88,
      195,
      336,
      386,
      601,
      625,
      642,
      654,
      804,
      895,
      949,
      1075,
      1146,
      1357,
      1526,
      1563,
      1572,
      1702,
      1710,
      1776,
      2058,
      2068,
      2170,
      2186,
      2233,
      2254,
      2259,
      2320,
      2358,
      2398,
      2648,
      2705,
      2759,
      2762,
      3051,
      3083,
      3087,
      3506,
      3775,
      3802,
      3830,
      3858,
      4025,
      4159,
      4188,
      4369
    ],
    "3": [
      61,
      63,
      382,
      387,
      581,
      813,
      928,
      1299,
      1493,
      1682,
      1683,
      1740,
      1744,
      1794,
      2153,
      2226,
      2356,
      2562,
      3167,
      3366,
      3474,
      3739,
      3836,
      4217,
      4493
    ],
    "0": [
      1942,
      2427,
      2711,
      2857,
      3887
    ],
    "4": [
      362,
      527,
      665,
      830,
      967,
      1075,
      2161,
      2419,
      2648,
      3101,
      3154,
      3203,
      3344,
      3368,
      3454,
      3683,
      3858,
      4064,
      4143,
      4278,
      4365,
      4473
    ]
  }
}
