{
  "entry": "Q8I6V7",
  "entry_name": "CP91_CONRE",
  "type": "CLM",
  "prompt": "MHLSLARSAVLILLLLFALGNFVGVQPGQITRDADHGINLRSLRKQMSRSPLVKGAFCGQACSSVKCPKKCF",
  "k": 160,
  "original_sequence": "MHLSLARSAVLILLLLFALGNFVGVQPGQITRDADHGINLRSLRKQMSRSPLVKGAFCGQACSSVKCPKKCFCHPEEKVCYREMRTKERD",
  "original_ll": -2.964848518371582,
  "original_perplexity": 19.391765594482422,
  "progen3_sequence": "MHLSLARSAVLILLLLFALGNFVGVQPGQITRDADHGINLRSLRKQMSRSPLVKGAFCGQACSSVKCPKKCFQAAAGGKVRRLPPVRAAP",
  "progen3_ll": -2.627305030822754,
  "progen3_perplexity": 13.836431503295898,
  "max_sequence": "MHLSLARSAVLILLLLFALGNFVGVQPGQITRDADHGINLRSLRKQMSRSPLVKGAFCGQACSSVKCPKKCFGKACFADLVANAGAKLQP",
  "max_ll": -2.795274496078491,
  "max_perplexity": 16.36712074279785,
  "max_kl": 0.02413460798561573,
  "max_nmse": 0.005731918383389711,
  "base_sequence": "MHLSLARSAVLILLLLFALGNFVGVQPGQITRDADHGINLRSLRKQMSRSPLVKGAFCGQACSSVKCPKKCFSSWAFATRVERAFPDVGL",
  "base_ll": -2.8913636207580566,
  "base_perplexity": 18.01786231994629,
  "base_kl": 0.05841647833585739,
  "base_nmse": 0.14632605016231537,
  "recovered_sequence": "MHLSLARSAVLILLLLFALGNFVGVQPGQITRDADHGINLRSLRKQMSRSPLVKGAFCGQACSSVKCPKKCFQALAGGDVRRLPEVRAEL",
  "recovered_ll": -2.672852039337158,
  "recovered_perplexity": 14.48121166229248,
  "recovered_kl": 0.027980931103229523,
  "recovered_nmse": 0.008396809920668602,
  "nodes": {
    "9": [
      7,
      14,
      76,
      138,
      180,
      233,
      255,
      326,
      333,
      382,
      467,
      519,
      601,
      631,
      694,
      732,
      905,
      907,
      963,
      1037,
      1075,
      1106,
      1183,
      1234,
      1252,
      1447,
      1583,
      1611,
      1840,
      1945,
      2103,
      2242,
      2377,
      2390,
      2429,
      2434,
      2444,
      2482,
      2519,
      2613,
      2669,
      2710,
      2728,
      2831,
      2843,
      2898,
      2924,
      2953,
      3008,
      3163,
      3175,
      3365,
      3692,
      3707,
      3788,
      3831,
      3886,
      4005,
      4144,
      4233,
      4317,
      4330,
      4345,
      4353,
      4438,
      4470,
      4513,
      4591,
      4594
    ],
    "8": [
      12,
      37,
      324,
      399,
      607,
      676,
      719,
      890,
      1178,
      1198,
      1246,
      1285,
      1321,
      1474,
      1809,
      1814,
      1870,
      1920,
      2106,
      2290,
      2351,
      2378,
      2438,
      2455,
      2473,
      2513,
      2677,
      2686,
      2900,
      2960,
      3097,
      3322,
      3373,
      3605,
      3687,
      3959,
      3992,
      4047,
      4137,
      4179,
      4200,
      4277,
      4424,
      4551
    ],
    "7": [
      186,
      1057,
      1172,
      1238,
      1479,
      2134,
      3508,
      3524,
      3546,
      3628,
      3713,
      3923,
      4162
    ],
    "5": [
      26,
      601,
      616,
      1061,
      1360,
      1444,
      1784,
      2170,
      2367,
      2628,
      2634,
      2799,
      3486,
      4245
    ],
    "6": [
      714,
      1337,
      1913,
      1980,
      2072,
      3716,
      3803,
      3964,
      3967
    ],
    "3": [
      64,
      779,
      928,
      1556,
      1561,
      2206,
      3186,
      3533,
      4020
    ],
    "4": [
      802,
      3368
    ]
  }
}
