{
  "entry": "Q8K1L6",
  "entry_name": "CP074_MOUSE",
  "type": "GLM_2",
  "prompt": "MTPAAHGCKRVAWCPSRPPASAPSAPQEAARRGDAMGLKPSCLKGFKMCVSSSNNNHDEAPVLNDKHLSVPNIIITPPTPTGMGLSRDSNKQVWMDELGSYQDDGELEPEA[GLM]91-95-4",
  "k": 64,
  "original_sequence": "MTPAAHGCKRVAWCPSRPPASAPSAPQEAARRGDAMGLKPSCLKGFKMCVSSSNNNHDEAPVLNDKHLSVPNIIITPPTPTGMGLSRDSNKQVWMDELGSYQDDGELEPEA",
  "original_ll": -3.649080276489258,
  "original_perplexity": 38.439292907714844,
  "progen3_sequence": "MTPAAHGCKRVAWCPSRPPASAPSAPQEAARRGDAMGLKPSCLKGFKMCVSSSNNNHDEAPVLNDKHLSVPNIIITPPTPTGMGLSRDSNKDRRPDELGSYQDDGELEPEA",
  "progen3_ll": -2.7773373126983643,
  "progen3_perplexity": 16.07615852355957,
  "max_sequence": "MTPAAHGCKRVAWCPSRPPASAPSAPQEAARRGDAMGLKPSCLKGFKMCVSSSNNNHDEAPVLNDKHLSVPNIIITPPTPTGMGLSRDSNKLGLRDELGSYQDDGELEPEA",
  "max_ll": -2.733611583709717,
  "max_perplexity": 15.3883638381958,
  "max_kl": 0.034418925642967224,
  "max_nmse": 0.15715621411800385,
  "base_sequence": "MTPAAHGCKRVAWCPSRPPASAPSAPQEAARRGDAMGLKPSCLKGFKMCVSSSNNNHDEAPVLNDKHLSVPNIIITPPTPTGMGLSRDSNKLMNFDELGSYQDDGELEPEA",
  "base_ll": -3.295746326446533,
  "base_perplexity": 26.997554779052734,
  "base_kl": 0.3356492221355438,
  "base_nmse": 3.6943299770355225,
  "recovered_sequence": "MTPAAHGCKRVAWCPSRPPASAPSAPQEAARRGDAMGLKPSCLKGFKMCVSSSNNNHDEAPVLNDKHLSVPNIIITPPTPTGMGLSRDSNKTRRPDELGSYQDDGELEPEA",
  "recovered_ll": -2.639774799346924,
  "recovered_perplexity": 14.010048866271973,
  "recovered_kl": 0.037016790360212326,
  "recovered_nmse": 0.4386063516139984,
  "nodes": {
    "9": [
      7,
      14,
      38,
      76,
      103,
      138,
      180,
      233,
      255,
      326,
      382,
      426,
      467,
      492,
      597,
      601,
      631,
      905,
      907,
      963,
      1037,
      1106,
      1234,
      1611,
      1740,
      1751,
      1769,
      1840,
      2377,
      2429,
      2434,
      2519,
      2710,
      2728,
      2843,
      2868,
      2898,
      2924,
      2953,
      3008,
      3163,
      3276,
      3284,
      3365,
      3448,
      3692,
      3752,
      3773,
      3788,
      3831,
      3886,
      4005,
      4116,
      4144,
      4233,
      4317,
      4330,
      4345,
      4353,
      4438,
      4513,
      4594
    ],
    "8": [
      1617,
      1863
    ]
  }
}
