{
  "entry": "Q8NEQ5",
  "entry_name": "CA162_HUMAN",
  "type": "GLM_1",
  "prompt": "MGGNGSTCKPDTERQGTLSTAAPTTSPAPCLSNHHNKKHLILAFCAGVLLTLLLIAFIFLIIKSYRKYRRERLPISPGPLLRWVPLLSGTMADHSKPQAPDPHSDPPAKLSSIPGESLTYASTTFKLSEEKSNHLAENHSADFDPIVYAQIKVTN[GLM]95-149-54",
  "k": 832,
  "original_sequence": "MGGNGSTCKPDTERQGTLSTAAPTTSPAPCLSNHHNKKHLILAFCAGVLLTLLLIAFIFLIIKSYRKYRRERLPISPGPLLRWVPLLSGTMADHSKPQAPDPHSDPPAKLSSIPGESLTYASTTFKLSEEKSNHLAENHSADFDPIVYAQIKVTN",
  "original_ll": -2.8608996868133545,
  "original_perplexity": 17.477243423461914,
  "progen3_sequence": "MGGNGSTCKPDTERQGTLSTAAPTTSPAPCLSNHHNKKHLILAFCAGVLLTLLLIAFIFLIIKSYRKYRRERLPISPGPLLRWVPLLSGTMADHSVDLFIEDKDAINVLLKRSKKAGVVVGAVSSKGANLDADATKNARIGKKRPVGNSQIKVTN",
  "progen3_ll": -2.818077325820923,
  "progen3_perplexity": 16.744625091552734,
  "max_sequence": "MGGNGSTCKPDTERQGTLSTAAPTTSPAPCLSNHHNKKHLILAFCAGVLLTLLLIAFIFLIIKSYRKYRRERLPISPGPLLRWVPLLSGTMADHSEKLLRRNSGRVKALFVIKGAAMMSGGVPGELKEESKLKLKRGKRTRRRPGKKVEQIKVTN",
  "max_ll": -2.7894959449768066,
  "max_perplexity": 16.272815704345703,
  "max_kl": 0.17308104038238525,
  "max_nmse": 0.08611048012971878,
  "base_sequence": "MGGNGSTCKPDTERQGTLSTAAPTTSPAPCLSNHHNKKHLILAFCAGVLLTLLLIAFIFLIIKSYRKYRRERLPISPGPLLRWVPLLSGTMADHSMDMCCCCCMCCCCCYMCKCCDCVCSRVMCMMCSCMCCMMMMMGMMCMCKCMDMKQIKVTN",
  "base_ll": -2.6100103855133057,
  "base_perplexity": 13.59919261932373,
  "base_kl": 0.7450283169746399,
  "base_nmse": 1.1273193359375,
  "recovered_sequence": "MGGNGSTCKPDTERQGTLSTAAPTTSPAPCLSNHHNKKHLILAFCAGVLLTLLLIAFIFLIIKSYRKYRRERLPISPGPLLRWVPLLSGTMADHSDDQVKEDKDPICALYSRMKKAGYAVVAVSSKGSNKDATEKKYYRIGKKIEVKNKQIKVTN",
  "recovered_ll": -2.890615940093994,
  "recovered_perplexity": 18.004396438598633,
  "recovered_kl": 0.21018894016742706,
  "recovered_nmse": 0.10476721078157425,
  "nodes": {
    "9": [
      7,
      14,
      20,
      38,
      53,
      76,
      103,
      138,
      180,
      233,
      255,
      326,
      333,
      374,
      382,
      419,
      426,
      467,
      492,
      506,
      519,
      579,
      597,
      601,
      631,
      694,
      732,
      905,
      907,
      937,
      963,
      1037,
      1075,
      1106,
      1232,
      1234,
      1252,
      1415,
      1435,
      1447,
      1611,
      1622,
      1740,
      1751,
      1763,
      1769,
      1813,
      1840,
      1879,
      1945,
      2103,
      2147,
      2242,
      2429,
      2434,
      2519,
      2669,
      2710,
      2728,
      2831,
      2843,
      2898,
      2924,
      2953,
      3008,
      3107,
      3146,
      3163,
      3175,
      3276,
      3290,
      3365,
      3448,
      3692,
      3707,
      3773,
      3831,
      3868,
      3886,
      3935,
      4005,
      4012,
      4116,
      4144,
      4203,
      4233,
      4317,
      4330,
      4345,
      4353,
      4438,
      4513,
      4591,
      4594
    ],
    "8": [
      6,
      21,
      95,
      113,
      117,
      208,
      209,
      232,
      246,
      335,
      534,
      603,
      633,
      678,
      681,
      725,
      743,
      759,
      770,
      777,
      815,
      831,
      864,
      887,
      974,
      987,
      988,
      1014,
      1086,
      1113,
      1141,
      1292,
      1342,
      1350,
      1360,
      1363,
      1378,
      1379,
      1479,
      1483,
      1505,
      1514,
      1522,
      1529,
      1533,
      1610,
      1617,
      1665,
      1774,
      1791,
      1809,
      1831,
      1832,
      1861,
      1863,
      1887,
      1970,
      1974,
      1976,
      1992,
      2055,
      2120,
      2194,
      2223,
      2260,
      2280,
      2327,
      2328,
      2440,
      2536,
      2577,
      2634,
      2668,
      2694,
      2743,
      2764,
      2841,
      2859,
      2906,
      2937,
      2942,
      2955,
      2999,
      3038,
      3076,
      3080,
      3158,
      3198,
      3258,
      3332,
      3435,
      3463,
      3465,
      3503,
      3519,
      3544,
      3650,
      3705,
      3730,
      3736,
      3741,
      3793,
      3827,
      3849,
      3855,
      3901,
      3940,
      3958,
      3959,
      4072,
      4083,
      4091,
      4114,
      4131,
      4142,
      4179,
      4184,
      4223,
      4259,
      4295,
      4317,
      4322,
      4465,
      4521,
      4525,
      4586,
      4598
    ],
    "4": [
      15,
      22,
      37,
      54,
      122,
      130,
      144,
      238,
      271,
      305,
      329,
      443,
      477,
      507,
      508,
      535,
      545,
      581,
      605,
      614,
      627,
      728,
      747,
      765,
      814,
      869,
      889,
      988,
      1003,
      1015,
      1016,
      1156,
      1200,
      1259,
      1372,
      1452,
      1468,
      1507,
      1520,
      1536,
      1546,
      1557,
      1573,
      1584,
      1604,
      1608,
      1648,
      1768,
      1774,
      1912,
      1939,
      1940,
      1964,
      2009,
      2082,
      2117,
      2193,
      2211,
      2221,
      2231,
      2320,
      2359,
      2436,
      2439,
      2455,
      2462,
      2517,
      2534,
      2542,
      2586,
      2616,
      2624,
      2738,
      2753,
      2853,
      2877,
      2899,
      2993,
      2995,
      3016,
      3167,
      3175,
      3183,
      3186,
      3195,
      3209,
      3312,
      3338,
      3491,
      3503,
      3540,
      3545,
      3636,
      3676,
      3688,
      3711,
      3742,
      3973,
      3995,
      4005,
      4012,
      4023,
      4089,
      4227,
      4303,
      4378,
      4399,
      4407,
      4471,
      4491,
      4559,
      4580,
      4585
    ],
    "0": [
      109,
      112,
      218,
      531,
      567,
      772,
      851,
      1149,
      1205,
      1290,
      1705,
      1942,
      1995,
      2176,
      2205,
      2625,
      2669,
      2711,
      2768,
      3605,
      3871,
      4337,
      4441
    ],
    "2": [
      33,
      45,
      403,
      654,
      657,
      671,
      785,
      851,
      912,
      1332,
      2046,
      2124,
      2321,
      2741,
      2766,
      2792,
      2915,
      2988,
      3164,
      3219,
      3228,
      3273,
      3333,
      3375,
      3767,
      3988,
      4055,
      4134,
      4237,
      4362,
      4443,
      4586
    ],
    "7": [
      136,
      158,
      219,
      320,
      380,
      402,
      473,
      490,
      495,
      525,
      530,
      556,
      580,
      645,
      648,
      653,
      682,
      744,
      757,
      837,
      909,
      1161,
      1175,
      1185,
      1195,
      1237,
      1259,
      1283,
      1287,
      1308,
      1335,
      1369,
      1371,
      1452,
      1455,
      1463,
      1511,
      1591,
      1626,
      1649,
      1653,
      1693,
      1782,
      1835,
      1844,
      1867,
      1880,
      1887,
      1983,
      1988,
      1994,
      2007,
      2016,
      2021,
      2217,
      2255,
      2258,
      2333,
      2347,
      2355,
      2374,
      2382,
      2389,
      2423,
      2515,
      2575,
      2597,
      2671,
      2680,
      2685,
      2734,
      2802,
      2914,
      2999,
      3030,
      3041,
      3065,
      3106,
      3112,
      3117,
      3145,
      3231,
      3257,
      3264,
      3333,
      3378,
      3568,
      3605,
      3767,
      3782,
      3801,
      3820,
      3834,
      3871,
      3877,
      3976,
      4005,
      4009,
      4046,
      4073,
      4089,
      4132,
      4182,
      4204,
      4353,
      4365,
      4441,
      4457,
      4495,
      4505,
      4533
    ],