{
  "entry": "Q8NFD4",
  "entry_name": "YI018_HUMAN",
  "type": "GLM_1",
  "prompt": "MGGFGSRFWQEGVWDRDLEKSTRLEEDAMESEPLAGTKTRGRGRRRWEARHGWTLPAHASQPSPRTVVATATGAEVSACAGRSAGTRVARPESQLSHLYGWDKYSNPRPSRRARAVARVHALEQAPILCRALRWGLTQFLRGTSPVTQSVPFS[GLM]32-42-10",
  "k": 64,
  "original_sequence": "MGGFGSRFWQEGVWDRDLEKSTRLEEDAMESEPLAGTKTRGRGRRRWEARHGWTLPAHASQPSPRTVVATATGAEVSACAGRSAGTRVARPESQLSHLYGWDKYSNPRPSRRARAVARVHALEQAPILCRALRWGLTQFLRGTSPVTQSVPFS",
  "original_ll": -2.785862445831299,
  "original_perplexity": 16.213794708251953,
  "progen3_sequence": "MGGFGSRFWQEGVWDRDLEKSTRLEEDAMESEVLELLVPFDVGRRRWEARHGWTLPAHASQPSPRTVVATATGAEVSACAGRSAGTRVARPESQLSHLYGWDKYSNPRPSRRARAVARVHALEQAPILCRALRWGLTQFLRGTSPVTQSVPFS",
  "progen3_ll": -2.7372496128082275,
  "progen3_perplexity": 15.444449424743652,
  "max_sequence": "MGGFGSRFWQEGVWDRDLEKSTRLEEDAMESEPREVPGRRRLGRRRWEARHGWTLPAHASQPSPRTVVATATGAEVSACAGRSAGTRVARPESQLSHLYGWDKYSNPRPSRRARAVARVHALEQAPILCRALRWGLTQFLRGTSPVTQSVPFS",
  "max_ll": -2.6311392784118652,
  "max_perplexity": 13.889585494995117,
  "max_kl": 0.25137364864349365,
  "max_nmse": 0.15616843104362488,
  "base_sequence": "MGGFGSRFWQEGVWDRDLEKSTRLEEDAMESEWRRMCRVRCCGRRRWEARHGWTLPAHASQPSPRTVVATATGAEVSACAGRSAGTRVARPESQLSHLYGWDKYSNPRPSRRARAVARVHALEQAPILCRALRWGLTQFLRGTSPVTQSVPFS",
  "base_ll": -3.2529473304748535,
  "base_perplexity": 25.866464614868164,
  "base_kl": 0.4888812005519867,
  "base_nmse": 0.296486496925354,
  "recovered_sequence": "MGGFGSRFWQEGVWDRDLEKSTRLEEDAMESEELAELDPERLGRRRWEARHGWTLPAHASQPSPRTVVATATGAEVSACAGRSAGTRVARPESQLSHLYGWDKYSNPRPSRRARAVARVHALEQAPILCRALRWGLTQFLRGTSPVTQSVPFS",
  "recovered_ll": -2.4170820713043213,
  "recovered_perplexity": 11.213092803955078,
  "recovered_kl": 0.26997658610343933,
  "recovered_nmse": 0.09209664165973663,
  "nodes": {
    "9": [
      1,
      7,
      76,
      138,
      180,
      233,
      255,
      374,
      419,
      426,
      467,
      492,
      597,
      601,
      631,
      694,
      905,
      963,
      1037,
      1075,
      1106,
      1234,
      1415,
      1611,
      1751,
      1763,
      1769,
      1813,
      1840,
      1879,
      1945,
      2242,
      2429,
      2434,
      2519,
      2610,
      2710,
      2728,
      2898,
      2924,
      2953,
      3146,
      3163,
      3276,
      3365,
      3448,
      3692,
      3773,
      3831,
      3886,
      4005,
      4116,
      4144,
      4233,
      4317,
      4330,
      4345,
      4353,
      4513,
      4570,
      4594
    ],
    "8": [
      1831,
      1863,
      2999
    ]
  }
}
