{
  "entry": "Q8TGM1",
  "entry_name": "YL399_YEAST",
  "type": "CLM",
  "prompt": "MFLAICDMPAFGPLNLILLLTMRLKSS",
  "k": 608,
  "original_sequence": "MFLAICDMPAFGPLNLILLLTMRLKSSVICSGTS",
  "original_ll": -2.8620381355285645,
  "original_perplexity": 17.49715232849121,
  "progen3_sequence": "MFLAICDMPAFGPLNLILLLTMRLKSSFPGSVTS",
  "progen3_ll": -2.7963860034942627,
  "progen3_perplexity": 16.38532257080078,
  "max_sequence": "MFLAICDMPAFGPLNLILLLTMRLKSSDKESLLA",
  "max_ll": -2.714177370071411,
  "max_perplexity": 15.092190742492676,
  "max_kl": 0.0029698575381189585,
  "max_nmse": 0.0031030173413455486,
  "base_sequence": "MFLAICDMPAFGPLNLILLLTMRLKSSPVSSTAL",
  "base_ll": -2.548765182495117,
  "base_perplexity": 12.791299819946289,
  "base_kl": 0.052624836564064026,
  "base_nmse": 0.29267752170562744,
  "recovered_sequence": "MFLAICDMPAFGPLNLILLLTMRLKSSFPGSVTS",
  "recovered_ll": -2.7963860034942627,
  "recovered_perplexity": 16.38532257080078,
  "recovered_kl": 0.0030583548359572887,
  "recovered_nmse": 0.007326264400035143,
  "nodes": {
    "9": [
      1,
      7,
      14,
      21,
      38,
      76,
      103,
      138,
      180,
      216,
      233,
      255,
      326,
      333,
      382,
      419,
      426,
      467,
      492,
      579,
      597,
      601,
      631,
      732,
      813,
      905,
      907,
      963,
      1027,
      1037,
      1106,
      1234,
      1544,
      1583,
      1611,
      1769,
      1840,
      1879,
      1945,
      2103,
      2242,
      2245,
      2377,
      2429,
      2434,
      2519,
      2610,
      2710,
      2728,
      2831,
      2843,
      2868,
      2898,
      2914,
      2924,
      3008,
      3107,
      3146,
      3163,
      3226,
      3284,
      3365,
      3448,
      3692,
      3707,
      3752,
      3788,
      3831,
      3886,
      3963,
      4005,
      4144,
      4317,
      4330,
      4345,
      4353,
      4438,
      4513,
      4525,
      4591,
      4594
    ],
    "2": [
      53,
      257,
      366,
      386,
      579,
      703,
      915,
      952,
      1027,
      1214,
      1359,
      1420,
      1659,
      2046,
      2149,
      2201,
      2204,
      2336,
      2825,
      2869,
      2915,
      3063,
      3071,
      3107,
      3311,
      3322,
      3501,
      3613,
      3663,
      3897,
      3989,
      4135,
      4138,
      4141,
      4237,
      4247,
      4305,
      4341,
      4362,
      4426,
      4538,
      4577
    ],
    "0": [
      218,
      256,
      531,
      904,
      1205,
      1494,
      1656,
      1773,
      1813,
      2027,
      2063,
      2070,
      2205,
      2369,
      2373,
      2824,
      3021,
      3434,
      3441,
      3499,
      3627,
      3908,
      4297,
      4421
    ],
    "8": [
      83,
      113,
      137,
      181,
      208,
      265,
      268,
      527,
      534,
      603,
      678,
      681,
      725,
      930,
      951,
      985,
      1000,
      1014,
      1085,
      1230,
      1342,
      1448,
      1479,
      1483,
      1529,
      1533,
      1617,
      1684,
      1747,
      1809,
      1970,
      1974,
      1992,
      2064,
      2082,
      2194,
      2211,
      2253,
      2280,
      2327,
      2385,
      2440,
      2466,
      2534,
      2906,
      2960,
      2989,
      2999,
      3080,
      3266,
      3292,
      3300,
      3435,
      3463,
      3527,
      3544,
      3601,
      3622,
      3624,
      3693,
      3716,
      3730,
      3769,
      3855,
      3866,
      3958,
      4016,
      4041,
      4047,
      4059,
      4094,
      4112,
      4114,
      4120,
      4131,
      4135,
      4179,
      4184,
      4223,
      4322,
      4395,
      4475,
      4510,
      4525,
      4566
    ],
    "7": [
      13,
      136,
      213,
      236,
      268,
      355,
      442,
      486,
      511,
      682,
      750,
      764,
      904,
      909,
      911,
      923,
      976,
      1082,
      1161,
      1163,
      1172,
      1175,
      1329,
      1369,
      1441,
      1477,
      1626,
      1642,
      1649,
      1671,
      1676,
      1835,
      1876,
      2161,
      2210,
      2217,
      2244,
      2289,
      2308,
      2339,
      2351,
      2434,
      2627,
      2685,
      2794,
      2802,
      3108,
      3231,
      3236,
      3466,
      3543,
      3584,
      3656,
      3663,
      3713,
      3729,
      3767,
      3772,
      3792,
      3871,
      3876,
      3903,
      3926,
      4005,
      4139,
      4222,
      4334
    ],
    "6": [
      20,
      117,
      184,
      298,
      326,
      344,
      445,
      628,
      663,
      714,
      758,
      1061,
      1102,
      1230,
      1260,
      1336,
      1337,
      1386,
      1410,
      1596,
      1716,
      1721,
      1743,
      1833,
      1910,
      1940,
      2024,
      2031,
      2051,
      2120,
      2481,
      2545,
      2547,
      2557,
      2690,
      2705,
      2744,
      2788,
      2833,
      2867,
      2898,
      2989,
      3051,
      3088,
      3129,
      3322,
      3382,
      3435,
      3481,
      3529,
      3788,
      3920,
      3973,
      4137,
      4171,
      4183,
      4214,
      4366,
      4415,
      4548
    ],
    "4": [
      198,
      269,
      356,
      412,
      531,
      545,
      547,
      567,
      817,
      850,
      997,
      1135,
      1153,
      1281,
      1318,
      1359,
      1434,
      1478,
      1508,
      1650,
      1708,
      1711,
      1869,
      1907,
      1929,
      2117,
      2225,
      2259,
      2260,
      2389,
      2476,
      2507,
      2508,
      2521,
      2559,
      2670,
      2693,
      2740,
      2820,
      2840,
      2879,
      2889,
      2923,
      2981,
      3126,
      3200,
      3252,
      3340,
      3398,
      3416,
      3418,
      3448,
      3464,
      3488,
      3499,
      3538,
      3560,
      3565,
      3613,
      3625,
      3637,
      3690,
      4029,
      4043,
      4065,
      4097,
      4186,
      4207,
      4342,
      4395,
      4409,
      4510,
      4604
    ],
    "1": [
      469,
      495,
      585,
      649,
      802,
      807,
      864,
      1084,
      1154,
      1311,
      1321,
      1413,
      1668,
      1705,
      1843,
      1955,
      1960,
      2034,
      2048,
      2094,
      2137,
      2146,
      2241,
      2376,
      2377,
      2388,
      2410,
      2442,
      2457,
      2467,
      2649,
      2733,
      2775,
      2913,
      3045,
      3091,
      3170,
      3174,
      3215,
      3464,
      3504,
      3734,
      3865,
      3867,
      4069,
      4095,
      4113,
      4124,
      4183,
      4261,
      4327,
      4408
    ],
    "3": [
      54,
      93,
      95,
      164,
      175,
      218,
      230,
      241,
      430,
      482,
      832,
      906,
      1017,
      1044,
      1083,
      1243,
      1277,
      1286,
      1307,
      1345,
      1446,
      1572,
      1656,
      1762,
      1882,
      1956,
      1958,
      2015,
      2049,
      2101,
      2105,
      2163,
      2275,
      2294,
      2362,
      2428,
      2490,
      2625,
      2687,
      2797,
      2813,
      2886,
      2900,
      3045,
      3183,
      3197,
      3287,
      3318,
      3382,
      3405,
      3505,
      3570,
      3575,
      3783,
      3798,
      3919,
      3955,
      4093,
      4162,
      4403,
      4432,
      4434,
      4435,
      4499,
      4543,
      4581
    ],