{
  "entry": "Q8XCN8",
  "entry_name": "YEBO_ECO57",
  "type": "CLM",
  "prompt": "MNEVVNSGVMNIASLVVSVVVLLIGLILWFFINRASSRTNEQIELLEALLDQQKRQNALLRRLCEANEPEKADKKT",
  "k": 608,
  "original_sequence": "MNEVVNSGVMNIASLVVSVVVLLIGLILWFFINRASSRTNEQIELLEALLDQQKRQNALLRRLCEANEPEKADKKTIESQKSVEDEDIIRLVAER",
  "original_ll": -2.69343638420105,
  "original_perplexity": 14.782386779785156,
  "progen3_sequence": "MNEVVNSGVMNIASLVVSVVVLLIGLILWFFINRASSRTNEQIELLEALLDQQKRQNALLRRLCEANEPEKADKKTDESQILALLEELREKAKEE",
  "progen3_ll": -2.2951741218566895,
  "progen3_perplexity": 9.926164627075195,
  "max_sequence": "MNEVVNSGVMNIASLVVSVVVLLIGLILWFFINRASSRTNEQIELLEALLDQQKRQNALLRRLCEANEPEKADKKTIDKRDLKNEEQKLDAELKE",
  "max_ll": -2.551088333129883,
  "max_perplexity": 12.821049690246582,
  "max_kl": 0.028221532702445984,
  "max_nmse": 0.00784885324537754,
  "base_sequence": "MNEVVNSGVMNIASLVVSVVVLLIGLILWFFINRASSRTNEQIELLEALLDQQKRQNALLRRLCEANEPEKADKKTLILLDADIFKPTKNPIDED",
  "base_ll": -2.84375,
  "base_perplexity": 17.180070877075195,
  "base_kl": 0.10592376440763474,
  "base_nmse": 0.09695234894752502,
  "recovered_sequence": "MNEVVNSGVMNIASLVVSVVVLLIGLILWFFINRASSRTNEQIELLEALLDQQKRQNALLRRLCEANEPEKADKKTDESQILALEEELDEKAKEE",
  "recovered_ll": -2.497838258743286,
  "recovered_perplexity": 12.156187057495117,
  "recovered_kl": 0.03378516435623169,
  "recovered_nmse": 0.007830271497368813,
  "nodes": {
    "9": [
      7,
      14,
      38,
      76,
      103,
      138,
      180,
      233,
      255,
      266,
      333,
      374,
      419,
      467,
      597,
      601,
      631,
      671,
      694,
      732,
      902,
      905,
      907,
      963,
      1037,
      1075,
      1106,
      1232,
      1234,
      1252,
      1415,
      1435,
      1447,
      1611,
      1622,
      1740,
      1751,
      1763,
      1769,
      1840,
      1879,
      1945,
      2103,
      2147,
      2242,
      2421,
      2429,
      2613,
      2669,
      2728,
      2831,
      2843,
      2898,
      2924,
      2953,
      3107,
      3114,
      3115,
      3163,
      3175,
      3365,
      3390,
      3448,
      3707,
      3831,
      3868,
      3886,
      3935,
      4005,
      4116,
      4233,
      4330,
      4345,
      4353,
      4355,
      4438,
      4470,
      4513,
      4594
    ],
    "7": [
      0,
      111,
      168,
      222,
      254,
      309,
      318,
      324,
      371,
      490,
      495,
      621,
      645,
      647,
      664,
      744,
      757,
      768,
      770,
      883,
      900,
      1025,
      1089,
      1155,
      1237,
      1283,
      1287,
      1308,
      1371,
      1442,
      1451,
      1493,
      1511,
      1668,
      1742,
      1780,
      1844,
      1857,
      1867,
      1961,
      1981,
      1983,
      1988,
      2081,
      2089,
      2090,
      2221,
      2258,
      2362,
      2423,
      2671,
      2702,
      2707,
      2720,
      2878,
      2930,
      2985,
      2998,
      2999,
      3031,
      3117,
      3145,
      3257,
      3324,
      3333,
      3439,
      3630,
      3642,
      3735,
      3782,
      3801,
      3806,
      3820,
      3868,
      3877,
      3915,
      3920,
      4027,
      4100,
      4129,
      4149,
      4201,
      4204,
      4245,
      4336,
      4361,
      4384,
      4415,
      4429,
      4495,
      4511,
      4516,
      4533
    ],
    "5": [
      21,
      58,
      61,
      322,
      365,
      376,
      425,
      517,
      841,
      843,
      907,
      937,
      990,
      1004,
      1039,
      1139,
      1179,
      1198,
      1225,
      1229,
      1247,
      1329,
      1333,
      1348,
      1376,
      1404,
      1410,
      1428,
      1432,
      1564,
      1609,
      1684,
      1812,
      1851,
      1866,
      1868,
      1974,
      2225,
      2240,
      2256,
      2275,
      2357,
      2392,
      2420,
      2427,
      2457,
      2471,
      2475,
      2540,
      2696,
      2712,
      2881,
      2945,
      3117,
      3185,
      3233,
      3270,
      3306,
      3368,
      3379,
      3572,
      3596,
      3603,
      3634,
      3642,
      3670,
      3740,
      3851,
      3909,
      3955,
      4044,
      4297,
      4357,
      4374,
      4466,
      4564,
      4573,
      4587,
      4602
    ],
    "8": [
      8,
      95,
      208,
      215,
      390,
      393,
      603,
      678,
      722,
      759,
      777,
      974,
      1003,
      1014,
      1042,
      1337,
      1342,
      1359,
      1368,
      1479,
      1742,
      1764,
      1831,
      1887,
      1970,
      1972,
      1974,
      1976,
      1992,
      2120,
      2280,
      2327,
      2328,
      2438,
      2841,
      2859,
      2874,
      2955,
      3076,
      3080,
      3094,
      3108,
      3209,
      3215,
      3394,
      3463,
      3465,
      3491,
      3497,
      3499,
      3503,
      3519,
      3611,
      3650,
      3705,
      3741,
      3793,
      3827,
      3847,
      3880,
      3886,
      3938,
      3958,
      4012,
      4016,
      4049,
      4142,
      4151,
      4179,
      4227,
      4303,
      4309,
      4405,
      4471,
      4477
    ],
    "0": [
      218,
      531,
      1205,
      1290,
      1813,
      1840,
      2352,
      3198,
      3229,
      3587,
      3605
    ],
    "3": [
      56,
      60,
      287,
      298,
      490,
      609,
      651,
      773,
      843,
      875,
      971,
      1006,
      1026,
      1131,
      1134,
      1143,
      1301,
      1341,
      1374,
      1379,
      1485,
      1536,
      1549,
      1551,
      1555,
      1700,
      1734,
      1789,
      1799,
      1957,
      2041,
      2177,
      2205,
      2403,
      2500,
      2512,
      2534,
      2806,
      2890,
      2891,
      2980,
      2997,
      3100,
      3475,
      3482,
      3570,
      3647,
      3667,
      3763,
      3941,
      3949,
      3954,
      3998,
      4046,
      4078,
      4185,
      4207,
      4237,
      4337,
      4361,
      4435,
      4485,
      4565,
      4581,
      4594,
      4599
    ],
    "2": [
      124,
      160,
      403,
      841,
      951,
      1050,
      1190,
      1311,
      1737,
      1801,
      2046,
      2076,
      2321,
      2363,
      2623,
      2677,
      2693,
      2915,
      2988,
      3241,
      3247,
      3333,
      3421,
      3451,
      4301
    ],
    "4": [
      87,
      487,
      581,
      605,
      740,
      765,
      847,
      869,
      951,
      980,
      1015,
      1016,
      1156,
      1185,
      1452,
      1488,
      1557,
      1608,
      1623,
      1648,
      1688,
      1734,
      1849,
      1912,
      1943,
      1996,
      2009,
      2241,
      2320,
      2348,
      2393,
      2403,
      2439,
      2519,
      2616,
      2668,
      2709,
      2738,
      2753,
      2825,
      2995,
      3093,
      3188,
      3219,
      3266,
      3405,
      3456,
      3503,
      3545,
      3547,
      3569,
      3646,
      3656,
      3676,
      3688,
      3733,
      3815,
      3838,
      3973,
      4033,
      4082,
      4238,
      4246,
      4303,
      4454,
      4527,
      4551,
      4559
    ],