{
  "entry": "Q8ZSD2",
  "entry_name": "SSB2_NOSS1",
  "type": "GLM_2",
  "prompt": "MNYINKVMLVGRCGQEPDLKFFESGAVKASISIAVRPPYRSEQALWFDLVAWGNQAEVIGNYVRKGTQIAITGEFGFDRWADKNSGTMRQKPVITINTIELLGSPRKEESTSTSAPNETQAVANANF[GLM]14-56-42",
  "k": 864,
  "original_sequence": "MNYINKVMLVGRCGQEPDLKFFESGAVKASISIAVRPPYRSEQALWFDLVAWGNQAEVIGNYVRKGTQIAITGEFGFDRWADKNSGTMRQKPVITINTIELLGSPRKEESTSTSAPNETQAVANANF",
  "original_ll": -2.1578023433685303,
  "original_perplexity": 8.65210247039795,
  "progen3_sequence": "MNYINKVMLVGRCGYVIFRMGGNTWMIGKDIGILGNPTPDRMTGDPTEKDPRKANQEVIGNYVRKGTQIAITGEFGFDRWADKNSGTMRQKPVITINTIELLGSPRKEESTSTSAPNETQAVANANF",
  "progen3_ll": -2.9794230461120605,
  "progen3_perplexity": 19.676462173461914,
  "max_sequence": "MNYINKVMLVGRCGGVIKMINSNKKNPGSNLTIKKGTQPQYKEGNEMKIKNSGYENEVIGNYVRKGTQIAITGEFGFDRWADKNSGTMRQKPVITINTIELLGSPRKEESTSTSAPNETQAVANANF",
  "max_ll": -2.8585331439971924,
  "max_perplexity": 17.435932159423828,
  "max_kl": 0.10641217231750488,
  "max_nmse": 0.053182706236839294,
  "base_sequence": "MNYINKVMLVGRCGVIMYNKFYNFNMCNMMYMNNYNKKKVMMKYNMKNINKMVMEMEVIGNYVRKGTQIAITGEFGFDRWADKNSGTMRQKPVITINTIELLGSPRKEESTSTSAPNETQAVANANF",
  "base_ll": -2.806602954864502,
  "base_perplexity": 16.5535888671875,
  "base_kl": 0.481118381023407,
  "base_nmse": 2.3352432250976562,
  "recovered_sequence": "MNYINKVMLVGRCGDVEEKMLPNKDMKYNNIKINYNPKPDGTTGDPPNKDPKKKNMEVIGNYVRKGTQIAITGEFGFDRWADKNSGTMRQKPVITINTIELLGSPRKEESTSTSAPNETQAVANANF",
  "recovered_ll": -2.8763911724090576,
  "recovered_perplexity": 17.75010108947754,
  "recovered_kl": 0.15549156069755554,
  "recovered_nmse": 0.07500633597373962,
  "nodes": {
    "9": [
      7,
      20,
      138,
      180,
      222,
      233,
      255,
      266,
      315,
      316,
      342,
      374,
      419,
      467,
      484,
      506,
      519,
      579,
      601,
      671,
      694,
      729,
      765,
      813,
      902,
      905,
      907,
      941,
      998,
      1028,
      1037,
      1075,
      1106,
      1175,
      1183,
      1195,
      1232,
      1234,
      1252,
      1274,
      1348,
      1415,
      1437,
      1443,
      1447,
      1468,
      1544,
      1550,
      1565,
      1583,
      1622,
      1652,
      1666,
      1698,
      1748,
      1751,
      1763,
      1810,
      1813,
      1824,
      1879,
      1965,
      2103,
      2174,
      2242,
      2283,
      2309,
      2390,
      2399,
      2426,
      2444,
      2483,
      2613,
      2631,
      2669,
      2831,
      2838,
      2843,
      2933,
      2945,
      2953,
      2989,
      3029,
      3037,
      3114,
      3115,
      3123,
      3175,
      3194,
      3203,
      3226,
      3258,
      3290,
      3339,
      3349,
      3365,
      3376,
      3390,
      3448,
      3454,
      3515,
      3650,
      3692,
      3707,
      3773,
      3868,
      3886,
      3945,
      4005,
      4012,
      4131,
      4203,
      4252,
      4258,
      4264,
      4274,
      4283,
      4301,
      4317,
      4330,
      4341,
      4355,
      4429,
      4470,
      4513,
      4570,
      4584,
      4594
    ],
    "8": [
      32,
      87,
      174,
      176,
      192,
      232,
      274,
      294,
      307,
      311,
      344,
      355,
      368,
      378,
      475,
      492,
      524,
      555,
      560,
      581,
      588,
      615,
      637,
      659,
      692,
      701,
      725,
      743,
      762,
      798,
      825,
      832,
      839,
      846,
      855,
      872,
      910,
      930,
      951,
      954,
      963,
      969,
      999,
      1000,
      1034,
      1051,
      1072,
      1132,
      1145,
      1147,
      1174,
      1183,
      1213,
      1233,
      1291,
      1302,
      1337,
      1356,
      1363,
      1389,
      1393,
      1425,
      1438,
      1479,
      1482,
      1489,
      1491,
      1530,
      1582,
      1650,
      1659,
      1662,
      1707,
      1738,
      1762,
      1768,
      1771,
      1785,
      1791,
      1887,
      1928,
      1929,
      1946,
      1962,
      1972,
      1987,
      2002,
      2028,
      2029,
      2031,
      2038,
      2050,
      2104,
      2148,
      2157,
      2162,
      2184,
      2188,
      2191,
      2233,
      2247,
      2285,
      2322,
      2326,
      2327,
      2328,
      2394,
      2414,
      2418,
      2422,
      2439,
      2443,
      2450,
      2454,
      2506,
      2530,
      2534,
      2536,
      2575,
      2644,
      2668,
      2672,
      2719,
      2788,
      2789,
      2808,
      2827,
      2858,
      2875,
      2882,
      2911,
      2949,
      2978,
      2998,
      3003,
      3037,
      3049,
      3056,
      3091,
      3101,
      3109,
      3149,
      3156,
      3199,
      3204,
      3210,
      3331,
      3377,
      3385,
      3429,
      3447,
      3468,
      3493,
      3495,
      3552,
      3605,
      3619,
      3625,
      3629,
      3646,
      3667,
      3690,
      3695,
      3700,
      3718,
      3727,
      3733,
      3847,
      3860,
      3901,
      3918,
      3929,
      3940,
      4034,
      4049,
      4066,
      4070,
      4083,
      4179,
      4189,
      4202,
      4204,
      4267,
      4280,
      4281,
      4292,
      4301,
      4319,
      4347,
      4356,
      4367,
      4380,
      4381,
      4408,
      4441,
      4442,
      4453,
      4521,
      4533,
      4569,
      4592,
      4597
    ],
    "7": [
      15,
      75,
      78,
      80,
      90,
      136,
      183,
      189,
      206,
      225,
      277,
      305,
      312,
      325,
      398,
      401,
      425,
      548,
      550,
      553,
      565,
      617,
      676,
      682,
      809,
      1094,
      1117,
      1162,
      1211,
      1219,
      1230,
      1259,
      1328,
      1339,
      1358,
      1455,
      1554,
      1570,
      1626,
      1715,
      1743,
      1762,
      1815,
      1823,
      1905,
      1970,
      1972,
      1989,
      2002,
      2007,
      2128,
      2136,
      2141,
      2147,
      2156,
      2161,
      2173,
      2217,
      2220,
      2271,
      2289,
      2345,
      2374,
      2407,
      2434,
      2440,
      2441,
      2443,
      2448,
      2464,
      2467,
      2499,
      2507,
      2512,
      2560,
      2576,
      2606,
      2611,
      2622,
      2659,
      2671,
      2688,
      2732,
      2744,
      2786,
      2800,
      2804,
      2832,
      2849,
      2881,
      2892,
      2915,
      2997,
      3018,
      3028,
      3072,
      3089,
      3097,
      3098,
      3119,
      3132,
      3163,
      3167,
      3187,
      3231,
      3279,
      3370,
      3401,
      3434,
      3535,
      3540,
      3563,
      3655,
      3675,
      3684,
      3695,
      3716,
      3729,
      3816,
      3817,
      3830,
      3899,
      3964,
      4013,
      4014,
      4047,
      4090,
      4107,
      4114,
      4132,
      4163,
      4326,
      4347,
      4353,
      4391,
      4413,
      4421,
      4426,
      4441,
      4444,
      4474,
      4476,
      4503,
      4604
    ],
    "0": [
      531,
      567,
      1205,
      1290,
      1813,
      1840,
      1942,
      1995,
      2711,
      2964,
      3908
    ],