{
  "entry": "Q93WP7",
  "entry_name": "HSYB_TOBAC",
  "type": "CLM",
  "prompt": "MRALFLIYLILSPFRAVSRTLLENHEGLNVGSGYGRGTNLPPPSPASSPPSKEVSNSVSPTRTDEKTSENTELVMTTIAQGENSNQLFPFLTSSDNYQLASFKKLSISYLLPVSYVWKLISSSSFNHDLVD",
  "k": 800,
  "original_sequence": "MRALFLIYLILSPFRAVSRTLLENHEGLNVGSGYGRGTNLPPPSPASSPPSKEVSNSVSPTRTDEKTSENTELVMTTIAQGENSNQLFPFLTSSDNYQLASFKKLSISYLLPVSYVWKLISSSSFNHDLVDIFDTSSDEKYWNRKPLSPPSPKPADGHRPLQSY",
  "original_ll": -2.902895450592041,
  "original_perplexity": 18.226844787597656,
  "progen3_sequence": "MRALFLIYLILSPFRAVSRTLLENHEGLNVGSGYGRGTNLPPPSPASSPPSKEVSNSVSPTRTDEKTSENTELVMTTIAQGENSNQLFPFLTSSDNYQLASFKKLSISYLLPVSYVWKLISSSSFNHDLVDLNKSELIKNPIERQALTDLSTNFSSSPSSSSSS",
  "progen3_ll": -2.4662082195281982,
  "progen3_perplexity": 11.777704238891602,
  "max_sequence": "MRALFLIYLILSPFRAVSRTLLENHEGLNVGSGYGRGTNLPPPSPASSPPSKEVSNSVSPTRTDEKTSENTELVMTTIAQGENSNQLFPFLTSSDNYQLASFKKLSISYLLPVSYVWKLISSSSFNHDLVDASKISVSTSFNLTGKIAFLIQLNDSSVSLNPSS",
  "max_ll": -2.633195638656616,
  "max_perplexity": 13.918176651000977,
  "max_kl": 0.006045080721378326,
  "max_nmse": 0.0057494863867759705,
  "base_sequence": "MRALFLIYLILSPFRAVSRTLLENHEGLNVGSGYGRGTNLPPPSPASSPPSKEVSNSVSPTRTDEKTSENTELVMTTIAQGENSNQLFPFLTSSDNYQLASFKKLSISYLLPVSYVWKLISSSSFNHDLVDGFSLNSQSKNNLLNSYNQNLLTLIFSSLSSSSS",
  "base_ll": -2.4610159397125244,
  "base_perplexity": 11.71670913696289,
  "base_kl": 0.1398211270570755,
  "base_nmse": 0.31198787689208984,
  "recovered_sequence": "MRALFLIYLILSPFRAVSRTLLENHEGLNVGSGYGRGTNLPPPSPASSPPSKEVSNSVSPTRTDEKTSENTELVMTTIAQGENSNQLFPFLTSSDNYQLASFKKLSISYLLPVSYVWKLISSSSFNHDLVDLNKSELIKNLIERQALTDSSTNFSYSFSSSDSS",
  "recovered_ll": -2.5736660957336426,
  "recovered_perplexity": 13.113813400268555,
  "recovered_kl": 0.007242988329380751,
  "recovered_nmse": 0.01152871921658516,
  "nodes": {
    "9": [
      1,
      7,
      14,
      38,
      76,
      103,
      138,
      180,
      233,
      255,
      326,
      333,
      374,
      382,
      419,
      426,
      467,
      492,
      519,
      579,
      597,
      601,
      631,
      694,
      732,
      813,
      905,
      907,
      941,
      963,
      1027,
      1037,
      1075,
      1106,
      1234,
      1252,
      1415,
      1435,
      1447,
      1583,
      1611,
      1622,
      1740,
      1769,
      1840,
      1879,
      1945,
      2103,
      2147,
      2242,
      2377,
      2390,
      2429,
      2434,
      2519,
      2613,
      2669,
      2710,
      2728,
      2831,
      2843,
      2898,
      2924,
      2953,
      3008,
      3107,
      3146,
      3163,
      3175,
      3276,
      3290,
      3365,
      3448,
      3692,
      3707,
      3773,
      3788,
      3831,
      3868,
      3886,
      3959,
      4005,
      4012,
      4116,
      4144,
      4203,
      4233,
      4317,
      4330,
      4345,
      4353,
      4438,
      4513,
      4591,
      4594
    ],
    "0": [
      90,
      131,
      218,
      531,
      1149,
      1205,
      1290,
      1446,
      1625,
      1840,
      1942,
      2176,
      2205,
      2639,
      2964,
      3871,
      3908,
      3911,
      3915,
      4084,
      4290
    ],
    "4": [
      15,
      122,
      130,
      181,
      271,
      307,
      329,
      373,
      412,
      477,
      497,
      507,
      535,
      545,
      605,
      614,
      761,
      849,
      893,
      911,
      1003,
      1016,
      1081,
      1150,
      1206,
      1279,
      1336,
      1372,
      1468,
      1502,
      1544,
      1554,
      1557,
      1584,
      1586,
      1728,
      1730,
      1774,
      1776,
      1780,
      1785,
      1798,
      1869,
      2117,
      2188,
      2221,
      2258,
      2302,
      2355,
      2455,
      2508,
      2534,
      2586,
      2684,
      2775,
      2779,
      2799,
      2853,
      2877,
      3016,
      3089,
      3142,
      3183,
      3186,
      3195,
      3394,
      3502,
      3540,
      3545,
      3655,
      3711,
      3735,
      3742,
      4000,
      4038,
      4123,
      4227,
      4320,
      4399,
      4416,
      4471,
      4550,
      4580,
      4593
    ],
    "7": [
      62,
      136,
      172,
      181,
      320,
      329,
      380,
      402,
      486,
      490,
      525,
      653,
      676,
      682,
      746,
      757,
      986,
      1089,
      1161,
      1175,
      1181,
      1237,
      1283,
      1329,
      1335,
      1369,
      1626,
      1649,
      1676,
      1693,
      1746,
      1835,
      2021,
      2073,
      2217,
      2255,
      2258,
      2340,
      2355,
      2382,
      2389,
      2423,
      2467,
      2515,
      2548,
      2571,
      2575,
      2597,
      2680,
      2685,
      2734,
      2736,
      2777,
      2802,
      2889,
      2914,
      2936,
      3018,
      3041,
      3044,
      3065,
      3108,
      3112,
      3231,
      3264,
      3358,
      3378,
      3426,
      3428,
      3588,
      3605,
      3634,
      3713,
      3729,
      3772,
      3792,
      3820,
      4009,
      4046,
      4073,
      4132,
      4187,
      4353,
      4358,
      4365,
      4495,
      4505,
      4507,
      4533
    ],
    "8": [
      6,
      21,
      50,
      95,
      97,
      113,
      117,
      200,
      208,
      209,
      246,
      324,
      335,
      351,
      399,
      496,
      505,
      534,
      603,
      633,
      678,
      719,
      722,
      743,
      759,
      765,
      777,
      815,
      864,
      887,
      906,
      974,
      987,
      988,
      1000,
      1014,
      1058,
      1086,
      1098,
      1113,
      1141,
      1291,
      1292,
      1342,
      1360,
      1382,
      1483,
      1505,
      1514,
      1522,
      1529,
      1574,
      1617,
      1620,
      1665,
      1730,
      1774,
      1791,
      1809,
      1814,
      1831,
      1832,
      1861,
      1870,
      1970,
      1974,
      1976,
      1992,
      2037,
      2055,
      2064,
      2082,
      2087,
      2194,
      2223,
      2260,
      2338,
      2351,
      2373,
      2378,
      2385,
      2418,
      2438,
      2440,
      2443,
      2487,
      2533,
      2536,
      2542,
      2640,
      2668,
      2694,
      2744,
      2764,
      2874,
      2900,
      2942,
      2955,
      2962,
      2999,
      3094,
      3128,
      3151,
      3158,
      3198,
      3258,
      3266,
      3281,
      3300,
      3322,
      3415,
      3435,
      3463,
      3474,
      3504,
      3527,
      3544,
      3562,
      3622,
      3677,
      3705,
      3730,
      3736,
      3741,
      3827,
      3849,
      3855,
      3940,
      3958,
      3959,
      3971,
      4047,
      4059,
      4072,
      4083,
      4091,
      4114,
      4131,
      4137,
      4142,
      4179,
      4184,
      4223,
      4295,
      4317,
      4322,
      4424,
      4465,
      4521,
      4525,
      4537,
      4551,
      4586,
      4598
    ],