{
  "entry": "Q965E2",
  "entry_name": "ALL2_PSOOV",
  "type": "GLM_1",
  "prompt": "MMKTLVVLAITLAVVSAGKVKFQDCGKGEVESLEVEGCSGDYCVIHKGKKLDLAISVTSNQDSANLKLDIVADINGVQIEVPGVDHDGCHYVKCPIKKGQHFDVKYTYSIPAILPTTKAKIIAKIIGDKGLGGCIVINGEIQD[GLM]61-90-29",
  "k": 544,
  "original_sequence": "MMKTLVVLAITLAVVSAGKVKFQDCGKGEVESLEVEGCSGDYCVIHKGKKLDLAISVTSNQDSANLKLDIVADINGVQIEVPGVDHDGCHYVKCPIKKGQHFDVKYTYSIPAILPTTKAKIIAKIIGDKGLGGCIVINGEIQD",
  "original_ll": -2.781712532043457,
  "original_perplexity": 16.146650314331055,
  "progen3_sequence": "MMKTLVVLAITLAVVSAGKVKFQDCGKGEVESLEVEGCSGDYCVIHKGKKLDLAISVTSNQKVLKLKKDEIIEGNIKYSFMFKLCKLVTNYVKCPIKKGQHFDVKYTYSIPAILPTTKAKIIAKIIGDKGLGGCIVINGEIQD",
  "progen3_ll": -2.8028459548950195,
  "progen3_perplexity": 16.491514205932617,
  "max_sequence": "MMKTLVVLAITLAVVSAGKVKFQDCGKGEVESLEVEGCSGDYCVIHKGKKLDLAISVTSNQKLNDSRGIDIRVKVENRRLPILLILKKAYVKCPIKKGQHFDVKYTYSIPAILPTTKAKIIAKIIGDKGLGGCIVINGEIQD",
  "max_ll": -2.840865135192871,
  "max_perplexity": 17.130578994750977,
  "max_kl": 0.11862166225910187,
  "max_nmse": 0.09796382486820221,
  "base_sequence": "MMKTLVVLAITLAVVSAGKVKFQDCGKGEVESLEVEGCSGDYCVIHKGKKLDLAISVTSNQMCNYMNNKYYMMKMCKKKYKMMMFYMYMFYVKCPIKKGQHFDVKYTYSIPAILPTTKAKIIAKIIGDKGLGGCIVINGEIQD",
  "base_ll": -3.152334213256836,
  "base_perplexity": 23.390600204467773,
  "base_kl": 0.6952192187309265,
  "base_nmse": 0.7871533632278442,
  "recovered_sequence": "MMKTLVVLAITLAVVSAGKVKFQDCGKGEVESLEVEGCSGDYCVIHKGKKLDLAISVTSNQFVMKEKKYEDMEGGIKYMKMPKFSKLVTNYVKCPIKKGQHFDVKYTYSIPAILPTTKAKIIAKIIGDKGLGGCIVINGEIQD",
  "recovered_ll": -2.9547293186187744,
  "recovered_perplexity": 19.19652557373047,
  "recovered_kl": 0.20102989673614502,
  "recovered_nmse": 0.1468297839164734,
  "nodes": {
    "9": [
      1,
      7,
      14,
      76,
      138,
      180,
      255,
      326,
      333,
      374,
      382,
      467,
      519,
      597,
      601,
      631,
      671,
      732,
      813,
      905,
      907,
      940,
      963,
      1037,
      1075,
      1106,
      1234,
      1252,
      1415,
      1447,
      1583,
      1611,
      1622,
      1740,
      1751,
      1840,
      1879,
      1945,
      2103,
      2242,
      2377,
      2390,
      2429,
      2444,
      2474,
      2482,
      2519,
      2613,
      2631,
      2669,
      2710,
      2728,
      2843,
      2924,
      2933,
      2945,
      2953,
      3008,
      3107,
      3115,
      3163,
      3175,
      3226,
      3349,
      3365,
      3390,
      3448,
      3692,
      3707,
      3831,
      3868,
      3886,
      3959,
      3963,
      4116,
      4144,
      4233,
      4283,
      4317,
      4330,
      4341,
      4345,
      4353,
      4355,
      4438,
      4513,
      4591,
      4594
    ],
    "8": [
      12,
      37,
      83,
      95,
      140,
      200,
      208,
      216,
      257,
      308,
      328,
      363,
      399,
      444,
      505,
      546,
      603,
      647,
      654,
      676,
      719,
      730,
      753,
      760,
      764,
      765,
      819,
      848,
      865,
      906,
      969,
      1000,
      1077,
      1078,
      1114,
      1141,
      1152,
      1186,
      1280,
      1285,
      1382,
      1390,
      1397,
      1405,
      1408,
      1511,
      1574,
      1606,
      1614,
      1662,
      1695,
      1761,
      1774,
      1779,
      1783,
      1814,
      1824,
      1831,
      1844,
      1861,
      1870,
      1900,
      1920,
      1926,
      1950,
      1983,
      2003,
      2006,
      2042,
      2066,
      2081,
      2087,
      2106,
      2123,
      2154,
      2162,
      2294,
      2373,
      2378,
      2400,
      2438,
      2443,
      2455,
      2500,
      2566,
      2620,
      2663,
      2686,
      2744,
      2875,
      2942,
      2953,
      2974,
      3013,
      3039,
      3094,
      3127,
      3128,
      3194,
      3248,
      3284,
      3322,
      3338,
      3395,
      3397,
      3434,
      3443,
      3449,
      3474,
      3562,
      3605,
      3635,
      3638,
      3640,
      3687,
      3814,
      3827,
      3855,
      3857,
      3862,
      3892,
      3909,
      3911,
      3922,
      3946,
      3959,
      3971,
      3995,
      4047,
      4072,
      4130,
      4131,
      4137,
      4142,
      4149,
      4179,
      4200,
      4274,
      4277,
      4280,
      4335,
      4376,
      4485,
      4493,
      4495,
      4497,
      4527,
      4551,
      4555,
      4576,
      4587
    ],
    "0": [
      531,
      884,
      1290,
      1942,
      1995,
      2176,
      3908
    ],
    "6": [
      1,
      53,
      242,
      309,
      445,
      542,
      632,
      714,
      824,
      1014,
      1061,
      1108,
      1118,
      1285,
      1423,
      1460,
      1474,
      1534,
      1593,
      1638,
      1753,
      1795,
      1799,
      1845,
      1852,
      1973,
      2037,
      2051,
      2092,
      2261,
      2283,
      2486,
      2634,
      2808,
      2828,
      2913,
      2958,
      2961,
      3065,
      3095,
      3177,
      3234,
      3281,
      3341,
      3485,
      3699,
      3769,
      3777,
      3788,
      3835,
      3848,
      3890,
      4012,
      4076,
      4194,
      4334,
      4507,
      4509,
      4530,
      4582
    ],
    "3": [
      354,
      649,
      743,
      990,
      1453,
      1781,
      2825,
      3465,
      3518,
      3763,
      3956,
      4031,
      4371,
      4581
    ],
    "2": [
      403,
      912,
      1181,
      1905,
      2532,
      3228,
      3904,
      4237,
      4532
    ],
    "5": [
      0,
      11,
      25,
      75,
      186,
      239,
      252,
      297,
      298,
      307,
      409,
      453,
      480,
      484,
      503,
      504,
      521,
      570,
      581,
      589,
      615,
      729,
      746,
      799,
      823,
      853,
      903,
      998,
      1043,
      1131,
      1165,
      1215,
      1274,
      1320,
      1424,
      1546,
      1568,
      1833,
      1847,
      2078,
      2081,
      2171,
      2226,
      2299,
      2300,
      2312,
      2403,
      2430,
      2439,
      2476,
      2603,
      2613,
      2624,
      2630,
      2640,
      2653,
      2670,
      2740,
      2749,
      2803,
      2834,
      2861,
      2899,
      2951,
      3068,
      3180,
      3318,
      3356,
      3452,
      3531,
      3586,
      3641,
      3729,
      3766,
      3783,
      3811,
      3836,
      3904,
      3919,
      3982,
      3986,
      3999,
      4038,
      4126,
      4232,
      4329,
      4337,
      4368,
      4378,
      4420,
      4427,
      4486,
      4490
    ],
    "7": [
      136,
      147,
      486,
      571,
      682,
      797,
      976,
      1091,
      1172,
      1232,
      1407,
      1626,
      1630,
      1676,
      1831,
      1835,
      1986,
      2045,
      2073,
      2136,
      2147,
      2217,
      2258,
      2273,
      2313,
      2374,
      2434,
      2509,
      2571,
      2688,
      2734,
      2828,
      3010,
      3018,
      3034,
      3042,
      3044,
      3119,
      3166,
      3370,
      3400,
      3428,
      3508,
      3535,
      3546,
      3584,
      3675,
      3713,
      3816,
      3871,
      3923,
      4024,
      4074,
      4132,
      4162,
      4334,
      4378,
      4485,
      4495,
      4533
    ],
    "4": [
      86,
      226,
      317,
      331,
      426,
      497,
      920,
      948,
      1255,
      1259,
      1503,
      1575,
      1586,
      1774,
      1778,
      1833,
      1882,
      2183,
      2760,
      2785,
      2802,
      2873,
      3106,
      3127,
      3279,
      3380,
      3392,
      3810,
      3860,
      4000,
      4421,
      4450,
      4550
    ],