{
  "entry": "Q96FQ7",
  "entry_name": "CR018_HUMAN",
  "type": "GLM_1",
  "prompt": "MSHSYKKAISDEALRPFQMDYFGGLPPGQYATRMTGQVHGSGCHLRSAPCDLGASQRKLSSNFSEIDAGLFSQGKSAAYTDIGATKPVEQRETAS[GLM]3-11-8",
  "k": 608,
  "original_sequence": "MSHSYKKAISDEALRPFQMDYFGGLPPGQYATRMTGQVHGSGCHLRSAPCDLGASQRKLSSNFSEIDAGLFSQGKSAAYTDIGATKPVEQRETAS",
  "original_ll": -2.8400397300720215,
  "original_perplexity": 17.116445541381836,
  "progen3_sequence": "MSHLNQPTLVAEALRPFQMDYFGGLPPGQYATRMTGQVHGSGCHLRSAPCDLGASQRKLSSNFSEIDAGLFSQGKSAAYTDIGATKPVEQRETAS",
  "progen3_ll": -2.7239346504211426,
  "progen3_perplexity": 15.240168571472168,
  "max_sequence": "MSHERPAPTPPEALRPFQMDYFGGLPPGQYATRMTGQVHGSGCHLRSAPCDLGASQRKLSSNFSEIDAGLFSQGKSAAYTDIGATKPVEQRETAS",
  "max_ll": -2.460019588470459,
  "max_perplexity": 11.70504093170166,
  "max_kl": 0.029912959784269333,
  "max_nmse": 0.05682595074176788,
  "base_sequence": "MSHTYFLMPLMEALRPFQMDYFGGLPPGQYATRMTGQVHGSGCHLRSAPCDLGASQRKLSSNFSEIDAGLFSQGKSAAYTDIGATKPVEQRETAS",
  "base_ll": -3.198493480682373,
  "base_perplexity": 24.4955997467041,
  "base_kl": 0.25675860047340393,
  "base_nmse": 2.077327251434326,
  "recovered_sequence": "MSHLNQPELLAEALRPFQMDYFGGLPPGQYATRMTGQVHGSGCHLRSAPCDLGASQRKLSSNFSEIDAGLFSQGKSAAYTDIGATKPVEQRETAS",
  "recovered_ll": -2.626477003097534,
  "recovered_perplexity": 13.824978828430176,
  "recovered_kl": 0.03595493733882904,
  "recovered_nmse": 0.17262989282608032,
  "nodes": {
    "9": [
      1,
      7,
      14,
      21,
      38,
      53,
      76,
      103,
      138,
      180,
      233,
      255,
      266,
      326,
      333,
      419,
      426,
      467,
      492,
      579,
      597,
      601,
      631,
      671,
      694,
      732,
      905,
      907,
      963,
      1037,
      1075,
      1106,
      1234,
      1252,
      1415,
      1447,
      1544,
      1583,
      1611,
      1622,
      1740,
      1751,
      1763,
      1769,
      1813,
      1840,
      1879,
      1945,
      2103,
      2242,
      2519,
      2610,
      2613,
      2669,
      2710,
      2728,
      2843,
      2924,
      2953,
      3008,
      3107,
      3114,
      3115,
      3163,
      3175,
      3284,
      3365,
      3390,
      3448,
      3692,
      3707,
      3773,
      3788,
      3831,
      3868,
      3886,
      3935,
      3959,
      3963,
      4005,
      4012,
      4144,
      4233,
      4317,
      4330,
      4353,
      4513,
      4594
    ],
    "7": [
      80,
      136,
      177,
      355,
      393,
      402,
      490,
      511,
      525,
      627,
      667,
      676,
      710,
      711,
      790,
      909,
      923,
      980,
      1056,
      1161,
      1259,
      1329,
      1335,
      1369,
      1396,
      1441,
      1454,
      1455,
      1477,
      1642,
      1649,
      1671,
      1676,
      1723,
      1835,
      1876,
      2007,
      2161,
      2217,
      2268,
      2299,
      2374,
      2423,
      2467,
      2565,
      2663,
      2802,
      2881,
      2900,
      3070,
      3108,
      3358,
      3466,
      3475,
      3520,
      3656,
      3663,
      3665,
      3713,
      3767,
      3792,
      3820,
      3876,
      3910,
      4005,
      4009,
      4073,
      4182,
      4309,
      4495,
      4505,
      4533
    ],
    "8": [
      6,
      117,
      137,
      209,
      215,
      246,
      390,
      603,
      633,
      770,
      777,
      832,
      864,
      869,
      887,
      899,
      930,
      951,
      974,
      985,
      1000,
      1003,
      1085,
      1086,
      1098,
      1141,
      1179,
      1230,
      1350,
      1479,
      1533,
      1617,
      1806,
      1809,
      1831,
      1832,
      1879,
      1974,
      1976,
      1992,
      2055,
      2211,
      2260,
      2282,
      2327,
      2428,
      2438,
      2440,
      2846,
      2883,
      2906,
      2942,
      2955,
      2999,
      3070,
      3080,
      3198,
      3215,
      3332,
      3463,
      3527,
      3544,
      3705,
      3730,
      3769,
      3865,
      3919,
      3938,
      3958,
      4016,
      4063,
      4091,
      4094,
      4131,
      4179,
      4322,
      4380,
      4395,
      4461,
      4475,
      4508,
      4510,
      4566,
      4575
    ],
    "2": [
      53,
      153,
      327,
      463,
      477,
      631,
      642,
      649,
      655,
      716,
      749,
      880,
      984,
      1006,
      1122,
      1132,
      1176,
      1207,
      1299,
      1357,
      1405,
      1428,
      1460,
      1480,
      1512,
      1612,
      1693,
      1757,
      1825,
      1830,
      1858,
      1874,
      1980,
      2004,
      2046,
      2162,
      2233,
      2294,
      2451,
      2522,
      2575,
      2578,
      2666,
      2677,
      2773,
      2964,
      2991,
      3023,
      3164,
      3211,
      3300,
      3370,
      3464,
      3499,
      3520,
      3547,
      3611,
      3731,
      3862,
      4040,
      4070,
      4259,
      4320,
      4446,
      4481,
      4586,
      4603
    ],
    "0": [
      531,
      567,
      678,
      1079,
      1205,
      1217,
      1251,
      1286,
      1402,
      1695,
      1800,
      1883,
      1923,
      1995,
      2117,
      2176,
      2217,
      2251,
      2468,
      2497,
      2595,
      3026,
      3309,
      3373,
      3572,
      3871,
      4084
    ],
    "3": [
      5,
      21,
      243,
      247,
      296,
      333,
      386,
      417,
      442,
      552,
      566,
      585,
      619,
      623,
      784,
      832,
      837,
      873,
      892,
      1053,
      1114,
      1115,
      1198,
      1238,
      1249,
      1270,
      1294,
      1471,
      1625,
      1637,
      1755,
      1887,
      1925,
      1950,
      2086,
      2130,
      2165,
      2177,
      2208,
      2220,
      2252,
      2276,
      2449,
      2455,
      2600,
      2688,
      2765,
      2799,
      2963,
      2985,
      3053,
      3081,
      3447,
      3570,
      3605,
      3606,
      3608,
      3647,
      3790,
      3814,
      3934,
      3938,
      3941,
      4009,
      4039,
      4055,
      4149,
      4330,
      4437,
      4499,
      4546,
      4569,
      4581
    ],
    "1": [
      287,
      340,
      421,
      495,
      514,
      585,
      649,
      864,
      944,
      1084,
      1154,
      1157,
      1230,
      1321,
      1391,
      1413,
      1441,
      1492,
      1668,
      1705,
      1843,
      1900,
      1955,
      1960,
      2034,
      2048,
      2137,
      2146,
      2231,
      2241,
      2322,
      2376,
      2388,
      2410,
      2442,
      2457,
      2747,
      2779,
      2917,
      3045,
      3091,
      3215,
      3294,
      3504,
      3865,
      3904,
      3975,
      4095,
      4113,
      4124,
      4261
    ],
    "6": [
      217,
      243,
      261,
      266,
      298,
      314,
      344,
      379,
      445,
      542,
      571,
      712,
      714,
      758,
      836,
      841,
      893,
      1100,
      1102,
      1177,
      1260,
      1337,
      1376,
      1461,
      1721,
      1736,
      1792,
      2024,
      2051,
      2052,
      2253,
      2258,
      2419,
      2547,
      2589,
      2652,
      2833,
      2838,
      3096,
      3111,
      3129,
      3322,
      3325,
      3382,
      3407,
      3659,
      3728,
      3761,
      3796,
      3803,
      3819,
      3851,
      3889,
      3964,
      4121,
      4214,
      4321,
      4459,
      4585,
      4586,
      4598
    ],