{
  "entry": "Q96FQ7",
  "entry_name": "CR018_HUMAN",
  "type": "GLM_2",
  "prompt": "MSHSYKKAISDEALRPFQMDYFGGLPPGQYATRMTGQVHGSGCHLRSAPCDLGASQRKLSSNFSEIDAGLFSQGKSAAYTDIGATKPVEQRETAS[GLM]52-66-14",
  "k": 608,
  "original_sequence": "MSHSYKKAISDEALRPFQMDYFGGLPPGQYATRMTGQVHGSGCHLRSAPCDLGASQRKLSSNFSEIDAGLFSQGKSAAYTDIGATKPVEQRETAS",
  "original_ll": -2.8993072509765625,
  "original_perplexity": 18.16156005859375,
  "progen3_sequence": "MSHSYKKAISDEALRPFQMDYFGGLPPGQYATRMTGQVHGSGCHLRSAPCDLVLAAVQAAYSLGPPDAGLFSQGKSAAYTDIGATKPVEQRETAS",
  "progen3_ll": -2.7351138591766357,
  "progen3_perplexity": 15.411498069763184,
  "max_sequence": "MSHSYKKAISDEALRPFQMDYFGGLPPGQYATRMTGQVHGSGCHLRSAPCDLDGMGPGGRLAGGPGDAGLFSQGKSAAYTDIGATKPVEQRETAS",
  "max_ll": -2.620131254196167,
  "max_perplexity": 13.737527847290039,
  "max_kl": 0.028253816068172455,
  "max_nmse": 0.17287671566009521,
  "base_sequence": "MSHSYKKAISDEALRPFQMDYFGGLPPGQYATRMTGQVHGSGCHLRSAPCDLMMYPMMPLFMMAMPDAGLFSQGKSAAYTDIGATKPVEQRETAS",
  "base_ll": -3.2521328926086426,
  "base_perplexity": 25.845407485961914,
  "base_kl": 0.26436832547187805,
  "base_nmse": 3.17683482170105,
  "recovered_sequence": "MSHSYKKAISDEALRPFQMDYFGGLPPGQYATRMTGQVHGSGCHLRSAPCDLVLIAVQAAYILEPPDAGLFSQGKSAAYTDIGATKPVEQRETAS",
  "recovered_ll": -2.900012254714966,
  "recovered_perplexity": 18.174367904663086,
  "recovered_kl": 0.04012943431735039,
  "recovered_nmse": 0.2390907108783722,
  "nodes": {
    "9": [
      7,
      14,
      21,
      38,
      53,
      76,
      103,
      138,
      154,
      180,
      216,
      233,
      255,
      326,
      333,
      382,
      426,
      467,
      492,
      597,
      601,
      631,
      694,
      732,
      813,
      905,
      907,
      963,
      1027,
      1037,
      1106,
      1234,
      1252,
      1415,
      1544,
      1611,
      1763,
      1769,
      1840,
      1879,
      1945,
      2103,
      2147,
      2242,
      2245,
      2377,
      2429,
      2434,
      2474,
      2519,
      2610,
      2710,
      2728,
      2831,
      2843,
      2868,
      2898,
      2924,
      2953,
      3008,
      3107,
      3146,
      3163,
      3175,
      3276,
      3290,
      3365,
      3448,
      3707,
      3752,
      3788,
      3831,
      3886,
      4005,
      4116,
      4144,
      4203,
      4233,
      4330,
      4345,
      4353,
      4407,
      4438,
      4513,
      4525,
      4591,
      4594
    ],
    "2": [
      33,
      262,
      300,
      841,
      1190,
      1245,
      1315,
      1438,
      2046,
      2124,
      2331,
      3164,
      3204,
      3333,
      3452,
      3649,
      3948,
      4050,
      4237,
      4339,
      4475,
      4586
    ],
    "0": [
      109,
      131,
      567,
      1205,
      1625,
      1750,
      1840,
      1995,
      2205,
      2711,
      3441,
      3605,
      3871,
      3908,
      4119,
      4337
    ],
    "8": [
      113,
      117,
      137,
      208,
      246,
      265,
      278,
      324,
      390,
      527,
      534,
      603,
      633,
      678,
      725,
      764,
      770,
      815,
      832,
      864,
      887,
      906,
      951,
      974,
      1000,
      1014,
      1060,
      1086,
      1098,
      1141,
      1230,
      1234,
      1291,
      1292,
      1342,
      1382,
      1479,
      1483,
      1522,
      1529,
      1530,
      1533,
      1582,
      1617,
      1809,
      1831,
      1861,
      1863,
      1970,
      1974,
      1976,
      1992,
      2064,
      2082,
      2120,
      2194,
      2211,
      2260,
      2327,
      2378,
      2385,
      2438,
      2440,
      2518,
      2534,
      2694,
      2788,
      2841,
      2846,
      2859,
      2874,
      2900,
      2906,
      2942,
      2955,
      2960,
      2989,
      2999,
      3080,
      3158,
      3198,
      3266,
      3292,
      3435,
      3463,
      3474,
      3544,
      3562,
      3601,
      3622,
      3624,
      3687,
      3693,
      3705,
      3716,
      3730,
      3769,
      3849,
      3855,
      3958,
      3959,
      4016,
      4047,
      4072,
      4074,
      4114,
      4131,
      4135,
      4142,
      4179,
      4184,
      4277,
      4317,
      4322,
      4395,
      4475,
      4510,
      4598
    ],
    "7": [
      67,
      136,
      172,
      402,
      473,
      486,
      490,
      525,
      676,
      682,
      909,
      912,
      1089,
      1161,
      1175,
      1181,
      1329,
      1335,
      1369,
      1561,
      1626,
      1649,
      1676,
      1782,
      1835,
      1876,
      1928,
      2007,
      2136,
      2161,
      2217,
      2258,
      2271,
      2289,
      2389,
      2423,
      2467,
      2575,
      2663,
      2685,
      2688,
      2794,
      2914,
      2915,
      3041,
      3117,
      3231,
      3264,
      3378,
      3466,
      3520,
      3663,
      3713,
      3763,
      3772,
      3792,
      3820,
      3871,
      3954,
      3974,
      4139,
      4275,
      4334,
      4358,
      4459,
      4485,
      4495,
      4505
    ],
    "3": [
      42,
      175,
      205,
      264,
      287,
      315,
      350,
      562,
      783,
      979,
      1072,
      1085,
      1198,
      1321,
      1512,
      1679,
      1867,
      1876,
      1937,
      1984,
      2001,
      2033,
      2049,
      2205,
      2362,
      2377,
      2477,
      2652,
      2772,
      2806,
      3053,
      3060,
      3255,
      3442,
      3467,
      3475,
      3505,
      3570,
      3575,
      3775,
      3790,
      3798,
      3941,
      4099,
      4434,
      4485
    ],
    "6": [
      243,
      298,
      367,
      445,
      542,
      568,
      571,
      584,
      628,
      663,
      712,
      714,
      758,
      796,
      931,
      1136,
      1260,
      1313,
      1336,
      1346,
      1403,
      1432,
      1478,
      1523,
      1553,
      1564,
      1693,
      1721,
      1940,
      1961,
      2051,
      2120,
      2138,
      2164,
      2204,
      2258,
      2540,
      2545,
      2547,
      2554,
      2576,
      2592,
      2621,
      2634,
      2640,
      2705,
      2808,
      2833,
      2987,
      3089,
      3111,
      3118,
      3158,
      3435,
      3526,
      3529,
      3633,
      3746,
      3788,
      3796,
      3826,
      3857,
      4086,
      4121,
      4280,
      4290,
      4389,
      4450,
      4478,
      4548,
      4582,
      4586
    ],
    "4": [
      20,
      96,
      99,
      198,
      247,
      277,
      413,
      510,
      533,
      545,
      547,
      580,
      605,
      851,
      867,
      927,
      997,
      1004,
      1365,
      1385,
      2054,
      2057,
      2079,
      2117,
      2131,
      2163,
      2183,
      2231,
      2258,
      2321,
      2347,
      2525,
      2730,
      2813,
      2944,
      3048,
      3073,
      3230,
      3259,
      3409,
      3416,
      3418,
      3473,
      3501,
      3545,
      3562,
      3569,
      3718,
      3807,
      3874,
      3950,
      4013,
      4023,
      4065,
      4227,
      4550
    ],
    "5": [
      5,
      11,
      183,
      233,
      297,
      392,
      553,
      589,
      688,
      714,
      729,
      872,
      877,
      1074,
      1136,
      1220,
      1245,
      1264,
      1516,
      1651,
      1652,
      1753,
      1773,
      1847,
      1982,
      1993,
      2072,
      2104,
      2362,
      2385,
      2430,
      2561,
      2563,
      2565,
      2585,
      2624,
      2653,
      2715,
      2796,
      2981,
      3104,
      3159,
      3192,
      3255,
      3260,
      3334,
      3342,
      3373,
      3494,
      3663,
      3715,
      3941,
      3981,
      4015,
      4057,
      4117,
      4162,
      4255,
      4303,
      4306,
      4561
    ],