{
  "entry": "Q99547",
  "entry_name": "MPH6_HUMAN",
  "type": "CLM",
  "prompt": "MAAERKTRLSKNLLRMKFMQRGLDSETKKQLEEEEKKIISEEHWYLDLPELKEKESFIIEEQSFLLCEDLLYGRMSFRGFNPEVEKLMLQMNAKHKAEEVEDETVELDVSDEEMARRYETLVGTIGKK",
  "k": 1000,
  "original_sequence": "MAAERKTRLSKNLLRMKFMQRGLDSETKKQLEEEEKKIISEEHWYLDLPELKEKESFIIEEQSFLLCEDLLYGRMSFRGFNPEVEKLMLQMNAKHKAEEVEDETVELDVSDEEMARRYETLVGTIGKKFARKRDHANYEEDENGDITPIKAKKMFLKPQD",
  "original_ll": -2.9200007915496826,
  "original_perplexity": 18.541301727294922,
  "progen3_sequence": "MAAERKTRLSKNLLRMKFMQRGLDSETKKQLEEEEKKIISEEHWYLDLPELKEKESFIIEEQSFLLCEDLLYGRMSFRGFNPEVEKLMLQMNAKHKAEEVEDETVELDVSDEEMARRYETLVGTIGKKVPERFKKLLSEGKSAFDSILEAFGDLEKDHFT",
  "progen3_ll": -2.61954927444458,
  "progen3_perplexity": 13.729534149169922,
  "max_sequence": "MAAERKTRLSKNLLRMKFMQRGLDSETKKQLEEEEKKIISEEHWYLDLPELKEKESFIIEEQSFLLCEDLLYGRMSFRGFNPEVEKLMLQMNAKHKAEEVEDETVELDVSDEEMARRYETLVGTIGKKFKILIKRKKEKGKKLYAFLVQEIKSEKEEESE",
  "max_ll": -2.533559560775757,
  "max_perplexity": 12.598270416259766,
  "max_kl": 0.01912498101592064,
  "max_nmse": 0.004334524739533663,
  "base_sequence": "MAAERKTRLSKNLLRMKFMQRGLDSETKKQLEEEEKKIISEEHWYLDLPELKEKESFIIEEQSFLLCEDLLYGRMSFRGFNPEVEKLMLQMNAKHKAEEVEDETVELDVSDEEMARRYETLVGTIGKKKIMKLKLKYEYYIFYETVYMIYIYKTLKLVKK",
  "base_ll": -2.8986620903015137,
  "base_perplexity": 18.149845123291016,
  "base_kl": 0.1256219893693924,
  "base_nmse": 0.20363010466098785,
  "recovered_sequence": "MAAERKTRLSKNLLRMKFMQRGLDSETKKQLEEEEKKIISEEHWYLDLPELKEKESFIIEEQSFLLCEDLLYGRMSFRGFNPEVEKLMLQMNAKHKAEEVEDETVELDVSDEEMARRYETLVGTIGKKVPERFKYLLSEGKSAFDSIKEAFGDLEKDEFT",
  "recovered_ll": -2.694180488586426,
  "recovered_perplexity": 14.793390274047852,
  "recovered_kl": 0.02433522790670395,
  "recovered_nmse": 0.0035967151634395123,
  "nodes": {
    "9": [
      7,
      14,
      38,
      76,
      103,
      138,
      180,
      233,
      255,
      266,
      326,
      333,
      374,
      426,
      467,
      519,
      579,
      597,
      601,
      631,
      671,
      694,
      732,
      813,
      905,
      907,
      963,
      1037,
      1075,
      1106,
      1232,
      1234,
      1252,
      1415,
      1435,
      1443,
      1447,
      1611,
      1622,
      1751,
      1763,
      1769,
      1813,
      1840,
      1879,
      1945,
      2103,
      2242,
      2390,
      2421,
      2429,
      2434,
      2474,
      2519,
      2613,
      2669,
      2710,
      2728,
      2831,
      2843,
      2898,
      2924,
      2953,
      3008,
      3107,
      3114,
      3115,
      3146,
      3163,
      3175,
      3226,
      3276,
      3365,
      3390,
      3448,
      3707,
      3831,
      3868,
      3886,
      3935,
      4005,
      4116,
      4144,
      4233,
      4317,
      4330,
      4345,
      4353,
      4355,
      4438,
      4513,
      4591,
      4594
    ],
    "0": [
      86,
      90,
      208,
      218,
      531,
      559,
      567,
      713,
      985,
      1082,
      1290,
      1446,
      1526,
      1584,
      1705,
      1823,
      1840,
      1942,
      1995,
      2027,
      2117,
      2176,
      2625,
      2669,
      2678,
      3076,
      3101,
      3267,
      3505,
      3605,
      3692,
      3847,
      3871,
      3908,
      4009,
      4084,
      4337,
      4441,
      4550
    ],
    "3": [
      19,
      56,
      60,
      100,
      114,
      131,
      264,
      287,
      322,
      337,
      357,
      372,
      375,
      438,
      696,
      703,
      715,
      724,
      750,
      773,
      948,
      955,
      974,
      976,
      1046,
      1131,
      1198,
      1213,
      1251,
      1318,
      1341,
      1374,
      1476,
      1507,
      1539,
      1541,
      1582,
      1625,
      1741,
      1789,
      1864,
      1877,
      1924,
      1948,
      2071,
      2073,
      2074,
      2090,
      2205,
      2318,
      2333,
      2367,
      2377,
      2435,
      2437,
      2454,
      2500,
      2576,
      2631,
      2650,
      2678,
      2736,
      2738,
      2806,
      2822,
      2837,
      2891,
      2898,
      2965,
      3002,
      3052,
      3063,
      3105,
      3107,
      3127,
      3161,
      3190,
      3201,
      3290,
      3320,
      3337,
      3371,
      3442,
      3482,
      3561,
      3575,
      3667,
      3763,
      3790,
      3792,
      3825,
      3941,
      4015,
      4046,
      4101,
      4236,
      4237,
      4308,
      4343,
      4361,
      4371,
      4378,
      4400,
      4435,
      4485,
      4581,
      4592,
      4594
    ],
    "2": [
      45,
      124,
      160,
      210,
      220,
      299,
      403,
      573,
      580,
      653,
      657,
      951,
      1181,
      1190,
      1285,
      1375,
      1698,
      1755,
      1774,
      1813,
      1825,
      1948,
      2009,
      2036,
      2124,
      2167,
      2218,
      2231,
      2372,
      2384,
      2477,
      2703,
      2828,
      2873,
      2915,
      2973,
      3008,
      3164,
      3167,
      3228,
      3333,
      3484,
      3530,
      3539,
      3609,
      3690,
      3705,
      3741,
      3904,
      3982,
      4055,
      4237,
      4273,
      4392,
      4443,
      4532,
      4586
    ],
    "6": [
      1,
      61,
      117,
      169,
      242,
      261,
      266,
      279,
      298,
      314,
      369,
      437,
      445,
      514,
      530,
      542,
      571,
      609,
      611,
      705,
      712,
      714,
      724,
      749,
      758,
      768,
      780,
      796,
      833,
      836,
      931,
      996,
      1030,
      1089,
      1136,
      1164,
      1180,
      1203,
      1254,
      1260,
      1313,
      1344,
      1346,
      1423,
      1441,
      1462,
      1517,
      1521,
      1611,
      1643,
      1693,
      1721,
      1753,
      1795,
      1889,
      1914,
      1917,
      1918,
      1985,
      2024,
      2050,
      2051,
      2073,
      2094,
      2195,
      2217,
      2229,
      2302,
      2486,
      2520,
      2547,
      2555,
      2592,
      2707,
      2763,
      2833,
      2961,
      3065,
      3071,
      3120,
      3158,
      3218,
      3232,
      3275,
      3281,
      3303,
      3325,
      3526,
      3529,
      3574,
      3589,
      3597,
      3631,
      3633,
      3635,
      3659,
      3754,
      3803,
      3848,
      3913,
      4012,
      4028,
      4054,
      4076,
      4121,
      4130,
      4178,
      4194,
      4220,
      4280,
      4322,
      4389,
      4450,
      4509,
      4566,
      4586,
      4594
    ],