{
  "entry": "Q9LEK8",
  "entry_name": "PIN1_DIGLA",
  "type": "CLM",
  "prompt": "MSSEKVRASHILIKHQGSRRKSSWKDPDGSLISATTRDDAVSQLQSLRQELLSDPASFSDLASRHSHCSSAKRGGDLGPFGRGQMQKPFEEATF",
  "k": 96,
  "original_sequence": "MSSEKVRASHILIKHQGSRRKSSWKDPDGSLISATTRDDAVSQLQSLRQELLSDPASFSDLASRHSHCSSAKRGGDLGPFGRGQMQKPFEEATFALKVGEISDIVDTDSGVHIIKRTG",
  "original_ll": -1.6368252038955688,
  "original_perplexity": 5.138828754425049,
  "progen3_sequence": "MSSEKVRASHILIKHQGSRRKSSWKDPDGSLISATTRDDAVSQLQSLRQELLSDPASFSDLASRHSHCSSAKRGGDLGPFGRGQMQKPFEEATFALQVGDVSEPVRTQFGFHLLKRRS",
  "progen3_ll": -1.049796223640442,
  "progen3_perplexity": 2.8570690155029297,
  "max_sequence": "MSSEKVRASHILIKHQGSRRKSSWKDPDGSLISATTRDDAVSQLQSLRQELLSDPASFSDLASRHSHCSSAKRGGDLGPFGRGQMQKPFEEATFAVSTGSLVAIVVFVFFFVLSAVVF",
  "max_ll": -2.6284782886505127,
  "max_perplexity": 13.85267448425293,
  "max_kl": 1.042229175567627,
  "max_nmse": 0.4100973606109619,
  "base_sequence": "MSSEKVRASHILIKHQGSRRKSSWKDPDGSLISATTRDDAVSQLQSLRQELLSDPASFSDLASRHSHCSSAKRGGDLGPFGRGQMQKPFEEATFLGLLALVAPVLPFVVISVESD",
  "base_ll": -3.0277364253997803,
  "base_perplexity": 20.650436401367188,
  "base_kl": 1.1392136812210083,
  "base_nmse": 0.7882177829742432,
  "recovered_sequence": "MSSEKVRASHILIKHQGSRRKSSWKDPDGSLISATTRDDAVSQLQSLRQELLSDPASFSDLASRHSHCSSAKRGGDLGPFGRGQMQKPFEEATFFLVIGKVVPVLTYYFYFVLLYFFF",
  "recovered_ll": -2.956641435623169,
  "recovered_perplexity": 19.233266830444336,
  "recovered_kl": 1.2010592222213745,
  "recovered_nmse": 0.47237658500671387,
  "nodes": {
    "9": [
      20,
      222,
      374,
      484,
      716,
      729,
      765,
      941,
      998,
      1106,
      1183,
      1234,
      1274,
      1348,
      1437,
      1447,
      1468,
      1652,
      1666,
      1748,
      1751,
      1824,
      1879,
      2103,
      2174,
      2283,
      2426,
      2444,
      2474,
      2613,
      2631,
      2838,
      2933,
      3037,
      3258,
      3349,
      3376,
      3650,
      3692,
      3707,
      4203,
      4258,
      4264,
      4274,
      4283,
      4317,
      4341,
      4355,
      4513,
      4584,
      4594
    ],
    "8": [
      50,
      123,
      216,
      315,
      620,
      630,
      727,
      930,
      998,
      1022,
      1064,
      1150,
      1202,
      1226,
      1259,
      1687,
      1700,
      1743,
      1779,
      1870,
      2162,
      2605,
      2663,
      2911,
      3039,
      3048,
      3066,
      3323,
      3552,
      3638,
      3946,
      4036,
      4065,
      4075,
      4330,
      4422,
      4503
    ],
    "6": [
      2884
    ],
    "7": [
      677,
      857,
      1394,
      3573,
      4130,
      4585
    ],
    "5": [
      4425
    ]
  }
}
