{
  "entry": "Q9MBF7",
  "entry_name": "H2B_LILLO",
  "type": "GLM_1",
  "prompt": "MPPRRKKKAAAAAAAAAAAAAAAGKAAAGKDGKAGIMTPKKPKKGKKKIPLMKYRVYIRRVLTQVRPELGISSKSMLIMNNFVVHNFQNIAKEASILAQYSKKKTITVKELKAAVKLVLPHQLLEYADRDGDRAVHNFESETSKKNSQGRKRGRGQQT[GLM]108-126-18",
  "k": 800,
  "original_sequence": "MPPRRKKKAAAAAAAAAAAAAAAGKAAAGKDGKAGIMTPKKPKKGKKKIPLMKYRVYIRRVLTQVRPELGISSKSMLIMNNFVVHNFQNIAKEASILAQYSKKKTITVKELKAAVKLVLPHQLLEYADRDGDRAVHNFESETSKKNSQGRKRGRGQQT",
  "original_ll": -2.6206717491149902,
  "original_perplexity": 13.744954109191895,
  "progen3_sequence": "MPPRRKKKAAAAAAAAAAAAAAAGKAAAGKDGKAGIMTPKKPKKGKKKIPLMKYRVYIRRVLTQVRPELGISSKSMLIMNNFVVHNFQNIAKEASILAQYSKKKTITVKVDIVNEMVYLTLKIESEADRDGDRAVHNFESETSKKNSQGRKRGRGQQT",
  "progen3_ll": -2.8313233852386475,
  "progen3_perplexity": 16.9679012298584,
  "max_sequence": "MPPRRKKKAAAAAAAAAAAAAAAGKAAAGKDGKAGIMTPKKPKKGKKKIPLMKYRVYIRRVLTQVRPELGISSKSMLIMNNFVVHNFQNIAKEASILAQYSKKKTITVGLNGEGEDIKIEDIRTTSADRDGDRAVHNFESETSKKNSQGRKRGRGQQT",
  "max_ll": -2.8003721237182617,
  "max_perplexity": 16.450767517089844,
  "max_kl": 0.12143296748399734,
  "max_nmse": 0.17907632887363434,
  "base_sequence": "MPPRRKKKAAAAAAAAAAAAAAAGKAAAGKDGKAGIMTPKKPKKGKKKIPLMKYRVYIRRVLTQVRPELGISSKSMLIMNNFVVHNFQNIAKEASILAQYSKKKTITVDMEMDMEYCYCCYKMMKYADRDGDRAVHNFESETSKKNSQGRKRGRGQQT",
  "base_ll": -3.2930493354797363,
  "base_perplexity": 26.924842834472656,
  "base_kl": 0.48225095868110657,
  "base_nmse": 0.8840181231498718,
  "recovered_sequence": "MPPRRKKKAAAAAAAAAAAAAAAGKAAAGKDGKAGIMTPKKPKKGKKKIPLMKYRVYIRRVLTQVRPELGISSKSMLIMNNFVVHNFQNIAKEASILAQYSKKKTITVKVKPDNEMGDKYLKIEEDADRDGDRAVHNFESETSKKNSQGRKRGRGQQT",
  "recovered_ll": -2.793717861175537,
  "recovered_perplexity": 16.341663360595703,
  "recovered_kl": 0.151681050658226,
  "recovered_nmse": 0.1985042840242386,
  "nodes": {
    "9": [
      7,
      14,
      38,
      76,
      138,
      180,
      255,
      266,
      326,
      333,
      374,
      382,
      419,
      467,
      519,
      579,
      597,
      601,
      631,
      671,
      729,
      732,
      813,
      902,
      905,
      907,
      963,
      1037,
      1075,
      1106,
      1234,
      1252,
      1348,
      1415,
      1443,
      1447,
      1550,
      1611,
      1622,
      1740,
      1748,
      1751,
      1763,
      1769,
      1840,
      1879,
      1945,
      1965,
      2103,
      2242,
      2390,
      2399,
      2429,
      2444,
      2474,
      2519,
      2613,
      2631,
      2669,
      2728,
      2831,
      2843,
      2898,
      2924,
      2933,
      2945,
      3037,
      3107,
      3114,
      3115,
      3163,
      3175,
      3194,
      3226,
      3365,
      3390,
      3448,
      3707,
      3831,
      3868,
      3886,
      3935,
      3945,
      3959,
      4005,
      4068,
      4131,
      4144,
      4233,
      4330,
      4345,
      4353,
      4355,
      4438,
      4470,
      4513,
      4591,
      4594
    ],
    "0": [
      284,
      318,
      450,
      1115,
      1349,
      1622,
      1656,
      1813,
      1942,
      1980,
      1995,
      2109,
      2117,
      2172,
      2176,
      2625,
      2711,
      2957,
      3272,
      3287,
      3306,
      3605,
      3861,
      3871,
      4241,
      4441,
      4549
    ],
    "8": [
      8,
      80,
      91,
      205,
      208,
      274,
      390,
      393,
      428,
      433,
      496,
      524,
      581,
      603,
      604,
      655,
      686,
      725,
      732,
      832,
      835,
      869,
      963,
      974,
      987,
      1003,
      1009,
      1014,
      1042,
      1134,
      1225,
      1230,
      1245,
      1284,
      1337,
      1342,
      1359,
      1368,
      1479,
      1505,
      1507,
      1530,
      1592,
      1615,
      1697,
      1742,
      1754,
      1865,
      1887,
      1972,
      1974,
      1992,
      2269,
      2280,
      2327,
      2438,
      2518,
      2640,
      2726,
      2747,
      2788,
      2841,
      2846,
      2859,
      2874,
      2882,
      2989,
      3048,
      3108,
      3109,
      3169,
      3213,
      3215,
      3371,
      3452,
      3454,
      3465,
      3476,
      3519,
      3544,
      3602,
      3611,
      3693,
      3705,
      3741,
      3758,
      3769,
      3793,
      3847,
      3855,
      3866,
      3896,
      3912,
      3932,
      3938,
      3940,
      4012,
      4016,
      4030,
      4049,
      4083,
      4126,
      4131,
      4138,
      4142,
      4151,
      4227,
      4304,
      4328,
      4405,
      4450,
      4471,
      4477
    ],
    "5": [
      11,
      114,
      115,
      208,
      241,
      247,
      311,
      350,
      481,
      498,
      517,
      623,
      670,
      694,
      814,
      833,
      834,
      864,
      931,
      971,
      1039,
      1046,
      1054,
      1121,
      1208,
      1391,
      1485,
      1513,
      1590,
      1745,
      1750,
      1804,
      1840,
      1850,
      1909,
      2066,
      2070,
      2131,
      2164,
      2195,
      2230,
      2240,
      2244,
      2256,
      2275,
      2279,
      2294,
      2335,
      2404,
      2436,
      2514,
      2536,
      2560,
      2563,
      2569,
      2572,
      2725,
      2829,
      2830,
      2921,
      3086,
      3097,
      3099,
      3134,
      3185,
      3222,
      3255,
      3260,
      3302,
      3326,
      3331,
      3379,
      3418,
      3440,
      3491,
      3715,
      3739,
      3790,
      3852,
      3894,
      3927,
      3959,
      3965,
      3978,
      4007,
      4015,
      4041,
      4044,
      4064,
      4080,
      4089,
      4260,
      4341,
      4384,
      4452
    ],
    "3": [
      28,
      85,
      142,
      205,
      218,
      264,
      331,
      412,
      415,
      430,
      478,
      552,
      579,
      666,
      976,
      990,
      1054,
      1131,
      1198,
      1318,
      1341,
      1442,
      1485,
      1489,
      1495,
      1502,
      1512,
      1558,
      1799,
      1810,
      1856,
      1948,
      1998,
      2033,
      2112,
      2201,
      2500,
      2602,
      2632,
      2650,
      2796,
      3022,
      3051,
      3127,
      3161,
      3220,
      3253,
      3371,
      3397,
      3458,
      3475,
      3513,
      3647,
      3733,
      3760,
      3888,
      3941,
      3967,
      4006,
      4188,
      4202,
      4329,
      4332,
      4400,
      4482,
      4485,
      4588,
      4591
    ],
    "2": [
      53,
      131,
      178,
      472,
      586,
      657,
      703,
      1147,
      1217,
      1289,
      1586,
      1677,
      1801,
      1938,
      1983,
      2036,
      2071,
      2086,
      2167,
      2291,
      2477,
      2701,
      2879,
      2890,
      2973,
      3034,
      3098,
      3164,
      3213,
      3333,
      3469,
      3518,
      3634,
      4010,
      4405,
      4468,
      4525,
      4586
    ],