{
  "entry": "Q9RA13",
  "entry_name": "AC4CH_MORMI",
  "type": "CLM",
  "prompt": "MYSCITFFQRLERSILSGNKTATIRDKSDSHYLVGQMLDACTHEDNRKMCQIEILSIEYVTFSELNRAHANAEGLPFLFMLKWIVR",
  "k": 1000,
  "original_sequence": "MYSCITFFQRLERSILSGNKTATIRDKSDSHYLVGQMLDACTHEDNRKMCQIEILSIEYVTFSELNRAHANAEGLPFLFMLKWIVRKIYPTSNDLFFISFRVVTIDIL",
  "original_ll": -2.873734474182129,
  "original_perplexity": 17.703006744384766,
  "progen3_sequence": "MYSCITFFQRLERSILSGNKTATIRDKSDSHYLVGQMLDACTHEDNRKMCQIEILSIEYVTFSELNRAHANAEGLPFLFMLKWIVRNLLEQLDADLDDNTLLSRSNVR",
  "progen3_ll": -2.705531358718872,
  "progen3_perplexity": 14.962265014648438,
  "max_sequence": "MYSCITFFQRLERSILSGNKTATIRDKSDSHYLVGQMLDACTHEDNRKMCQIEILSIEYVTFSELNRAHANAEGLPFLFMLKWIVRSFYLALLQIDLIDILLDGLALI",
  "max_ll": -2.7097861766815186,
  "max_perplexity": 15.026062965393066,
  "max_kl": 0.008257339708507061,
  "max_nmse": 0.00332281063310802,
  "base_sequence": "MYSCITFFQRLERSILSGNKTATIRDKSDSHYLVGQMLDACTHEDNRKMCQIEILSIEYVTFSELNRAHANAEGLPFLFMLKWIVRDFNRHYTKCCRELPICKAEYIY",
  "base_ll": -3.0473814010620117,
  "base_perplexity": 21.060123443603516,
  "base_kl": 0.11517995595932007,
  "base_nmse": 0.21342740952968597,
  "recovered_sequence": "MYSCITFFQRLERSILSGNKTATIRDKSDSHYLVGQMLDACTHEDNRKMCQIEILSIEYVTFSELNRAHANAEGLPFLFMLKWIVRGSLESLLATLDDNTLVSRSNVR",
  "recovered_ll": -2.7303130626678467,
  "recovered_perplexity": 15.337687492370605,
  "recovered_kl": 0.011649365536868572,
  "recovered_nmse": 0.0013946465915068984,
  "nodes": {
    "9": [
      7,
      38,
      76,
      138,
      180,
      233,
      255,
      266,
      326,
      333,
      382,
      426,
      467,
      492,
      597,
      601,
      631,
      671,
      694,
      732,
      813,
      905,
      907,
      963,
      1027,
      1037,
      1075,
      1106,
      1234,
      1252,
      1415,
      1544,
      1583,
      1611,
      1622,
      1769,
      1840,
      1879,
      1945,
      2103,
      2147,
      2242,
      2245,
      2377,
      2390,
      2429,
      2434,
      2474,
      2519,
      2669,
      2710,
      2728,
      2831,
      2843,
      2868,
      2898,
      2924,
      3008,
      3107,
      3115,
      3146,
      3163,
      3175,
      3365,
      3448,
      3692,
      3707,
      3752,
      3831,
      3868,
      3886,
      3935,
      3963,
      4005,
      4116,
      4144,
      4233,
      4330,
      4345,
      4353,
      4429,
      4438,
      4513,
      4591,
      4594
    ],
    "0": [
      120,
      218,
      251,
      318,
      531,
      904,
      1094,
      1149,
      1205,
      1290,
      1397,
      1705,
      1773,
      1813,
      1840,
      1942,
      2027,
      2043,
      2205,
      2304,
      2499,
      2669,
      2735,
      2761,
      3011,
      3050,
      3122,
      3837,
      3871,
      3911,
      4084,
      4426
    ],
    "8": [
      8,
      80,
      83,
      91,
      205,
      208,
      215,
      265,
      268,
      274,
      278,
      390,
      428,
      433,
      475,
      502,
      534,
      581,
      603,
      604,
      678,
      725,
      743,
      777,
      823,
      832,
      846,
      869,
      872,
      951,
      963,
      974,
      988,
      1000,
      1003,
      1014,
      1085,
      1215,
      1225,
      1230,
      1245,
      1284,
      1291,
      1292,
      1337,
      1342,
      1360,
      1382,
      1393,
      1479,
      1483,
      1499,
      1505,
      1530,
      1582,
      1592,
      1615,
      1619,
      1669,
      1742,
      1754,
      1791,
      1831,
      1970,
      1972,
      1974,
      1981,
      1992,
      2028,
      2082,
      2120,
      2157,
      2159,
      2208,
      2269,
      2280,
      2327,
      2422,
      2424,
      2428,
      2440,
      2487,
      2518,
      2536,
      2547,
      2743,
      2747,
      2788,
      2841,
      2846,
      2859,
      2874,
      2882,
      2892,
      2906,
      2955,
      2960,
      2962,
      2964,
      2998,
      2999,
      3080,
      3108,
      3169,
      3213,
      3215,
      3266,
      3300,
      3371,
      3413,
      3435,
      3452,
      3463,
      3465,
      3504,
      3519,
      3544,
      3602,
      3611,
      3622,
      3624,
      3693,
      3730,
      3769,
      3793,
      3855,
      3866,
      3912,
      3932,
      3938,
      3958,
      4012,
      4013,
      4016,
      4030,
      4034,
      4047,
      4059,
      4083,
      4094,
      4126,
      4131,
      4138,
      4142,
      4151,
      4179,
      4184,
      4223,
      4259,
      4304,
      4380,
      4471,
      4475,
      4510,
      4521,
      4598
    ],
    "1": [
      396,
      403,
      421,
      469,
      495,
      505,
      514,
      585,
      649,
      802,
      807,
      864,
      868,
      1076,
      1084,
      1087,
      1154,
      1157,
      1230,
      1311,
      1321,
      1391,
      1410,
      1413,
      1441,
      1464,
      1492,
      1594,
      1668,
      1705,
      1728,
      1843,
      1900,
      1955,
      1960,
      2034,
      2048,
      2094,
      2104,
      2137,
      2145,
      2146,
      2241,
      2388,
      2410,
      2442,
      2457,
      2467,
      2649,
      2733,
      2775,
      2912,
      2913,
      2917,
      3014,
      3045,
      3091,
      3174,
      3215,
      3387,
      3464,
      3504,
      3734,
      3865,
      3867,
      3904,
      3964,
      3975,
      4069,
      4095,
      4113,
      4124,
      4183,
      4261,
      4327,
      4378,
      4408
    ],
    "7": [
      2,
      13,
      108,
      136,
      181,
      213,
      278,
      287,
      309,
      320,
      329,
      466,
      473,
      486,
      511,
      525,
      555,
      621,
      645,
      676,
      682,
      746,
      761,
      912,
      975,
      1005,
      1082,
      1161,
      1175,
      1181,
      1272,
      1286,
      1329,
      1330,
      1335,
      1369,
      1424,
      1561,
      1618,
      1638,
      1649,
      1676,
      1835,
      1876,
      1912,
      1982,
      2007,
      2020,
      2136,
      2161,
      2178,
      2179,
      2217,
      2231,
      2244,
      2256,
      2271,
      2306,
      2339,
      2374,
      2391,
      2421,
      2423,
      2446,
      2484,
      2537,
      2575,
      2613,
      2640,
      2685,
      2734,
      2736,
      2777,
      2842,
      2870,
      2889,
      2927,
      2928,
      3031,
      3037,
      3117,
      3119,
      3122,
      3132,
      3370,
      3378,
      3426,
      3446,
      3466,
      3540,
      3584,
      3647,
      3656,
      3663,
      3713,
      3729,
      3772,
      3786,
      3792,
      3793,
      3807,
      3854,
      3926,
      3967,
      3974,
      3976,
      4005,
      4025,
      4089,
      4117,
      4222,
      4230,
      4250,
      4275,
      4338,
      4353,
      4358,
      4380,
      4442,
      4485,
      4533,
      4575,
      4593,
      4604,
      4606
    ],