{
  "entry": "Q9ZCZ6",
  "entry_name": "RIMP_RICPR",
  "type": "CLM",
  "prompt": "MQTIAQQITNIIEESLTDMGFELVLVKFKGVSPKVVEVLIDSLNGNKISIEDCTNVSRTISAILDVEDLIEEAYSLEVSSSGIERTLVKFENY",
  "k": 192,
  "original_sequence": "MQTIAQQITNIIEESLTDMGFELVLVKFKGVSPKVVEVLIDSLNGNKISIEDCTNVSRTISAILDVEDLIEEAYSLEVSSSGIERTLVKFENYNRFLGREVKIKLKELLNGKTLYPR",
  "original_ll": -2.179882764816284,
  "original_perplexity": 8.845269203186035,
  "progen3_sequence": "MQTIAQQITNIIEESLTDMGFELVLVKFKGVSPKVVEVLIDSLNGNKISIEDCTNVSRTISAILDVEDLIEEAYSLEVSSSGIERTLVKFENYDIHLGKKVKIKTKNLIDNKKKIIL",
  "progen3_ll": -1.4493070840835571,
  "progen3_perplexity": 4.260161399841309,
  "max_sequence": "MQTIAQQITNIIEESLTDMGFELVLVKFKGVSPKVVEVLIDSLNGNKISIEDCTNVSRTISAILDVEDLIEEAYSLEVSSSGIERTLVKFENYSNIVGSIILLVLKGILKGKKKIGG",
  "max_ll": -2.2298543453216553,
  "max_perplexity": 9.298511505126953,
  "max_kl": 0.472833514213562,
  "max_nmse": 0.10881378501653671,
  "base_sequence": "MQTIAQQITNIIEESLTDMGFELVLVKFKGVSPKVVEVLIDSLNGNKISIEDCTNVSRTISAILDVEDLIEEAYSLEVSSSGIERTLVKFENYKKKIGKIVIVNPKIIKKKKKKIIG",
  "base_ll": -1.9982174634933472,
  "base_perplexity": 7.37589693069458,
  "base_kl": 0.49462950229644775,
  "base_nmse": 0.23459595441818237,
  "recovered_sequence": "MQTIAQQITNIIEESLTDMGFELVLVKFKGVSPKVVEVLIDSLNGNKISIEDCTNVSRTISAILDVEDLIEEAYSLEVSSSGIERTLVKFENYDKLLGKIIGIKPKPLIKGKKKIGG",
  "recovered_ll": -2.3137457370758057,
  "recovered_perplexity": 10.112231254577637,
  "recovered_kl": 0.5563467144966125,
  "recovered_nmse": 0.07780250906944275,
  "nodes": {
    "9": [
      7,
      222,
      233,
      266,
      342,
      374,
      484,
      597,
      671,
      729,
      732,
      765,
      813,
      902,
      907,
      941,
      998,
      1075,
      1106,
      1175,
      1183,
      1195,
      1234,
      1252,
      1274,
      1348,
      1437,
      1447,
      1468,
      1550,
      1565,
      1583,
      1652,
      1666,
      1748,
      1751,
      1763,
      1810,
      1824,
      1879,
      2103,
      2147,
      2174,
      2283,
      2444,
      2474,
      2613,
      2631,
      2669,
      2831,
      2933,
      2953,
      3029,
      3037,
      3114,
      3175,
      3194,
      3226,
      3339,
      3349,
      3376,
      3390,
      3692,
      3707,
      3773,
      3868,
      3945,
      4131,
      4283,
      4317,
      4341,
      4355,
      4470,
      4513,
      4594
    ],
    "8": [
      1,
      3,
      30,
      87,
      91,
      232,
      250,
      311,
      368,
      492,
      524,
      671,
      700,
      701,
      844,
      910,
      957,
      969,
      1047,
      1095,
      1132,
      1150,
      1156,
      1183,
      1208,
      1233,
      1283,
      1386,
      1520,
      1534,
      1650,
      1752,
      1768,
      1771,
      1777,
      1778,
      1801,
      1886,
      1940,
      2094,
      2115,
      2188,
      2212,
      2247,
      2271,
      2326,
      2414,
      2491,
      2617,
      2644,
      2663,
      2675,
      2878,
      2882,
      2994,
      3074,
      3149,
      3162,
      3213,
      3291,
      3495,
      3552,
      3608,
      3646,
      3690,
      3695,
      3709,
      3868,
      3883,
      3947,
      4040,
      4056,
      4066,
      4188,
      4189,
      4301,
      4380,
      4381,
      4453,
      4539,
      4544,
      4592,
      4597
    ],
    "7": [
      22,
      305,
      365,
      550,
      705,
      720,
      739,
      1365,
      2032,
      2141,
      2156,
      2732,
      3422,
      3485,
      3563,
      3650,
      3688,
      3817,
      3882,
      4112,
      4335,
      4403,
      4477
    ],
    "6": [
      57,
      632,
      2829,
      3053,
      3606,
      3673,
      4001,
      4381,
      4395,
      4574
    ],
    "5": [
      1454
    ]
  }
}
