{
    "method": "clt_sequential_unfreeze",
    "n_train": 128,
    "k": 32,
    "sequential": true,
    "freeze_attention": false,
    "nodes": {
        "9": [
            3821,
            3624,
            1957,
            3540,
            3199,
            1844
        ],
        "3": [
            3440
        ],
        "0": [
            4596,
            3963,
            4488,
            1521,
            933,
            4426,
            2984,
            2692,
            2722,
            3853,
            460
        ],
        "6": [
            947,
            3507
        ],
        "4": [
            2522,
            1323,
            1891,
            3985,
            678
        ],
        "8": [
            3960,
            141
        ],
        "7": [
            2261,
            933,
            1392,
            3464
        ],
        "2": [
            3094
        ]
    },
    "clean_spearman": 0.5413834395201638,
    "max_spearman": 0.4075404657238057,
    "no_latents_spearman": 0.13338644394832527,
    "recovered_spearman": 0.21485534973445594
}