{
    "method": "clt_sequential_unfreeze",
    "n_train": 256,
    "k": 64,
    "sequential": true,
    "freeze_attention": false,
    "nodes": {
        "9": [
            3821,
            3624,
            1957,
            3540,
            3199,
            1844,
            1184,
            957
        ],
        "3": [
            3440,
            545,
            3426
        ],
        "0": [
            4596,
            3963,
            4488,
            933,
            1521,
            4426,
            2984,
            2692,
            2722,
            3853,
            460,
            200,
            4050,
            2117,
            276,
            3057,
            2968,
            2594
        ],
        "6": [
            947,
            3507,
            1072,
            483,
            1657,
            1292,
            1546
        ],
        "4": [
            2522,
            1323,
            1891,
            3985,
            678,
            4252,
            1187,
            3984,
            1272,
            2214,
            4475,
            446,
            514
        ],
        "8": [
            3960,
            141,
            3741,
            1581,
            1301
        ],
        "7": [
            2261,
            933,
            1392,
            3464,
            3389,
            2986,
            66,
            1264
        ],
        "2": [
            3094,
            1224
        ]
    },
    "clean_spearman": 0.48693358298321365,
    "max_spearman": 0.35327886567233135,
    "no_latents_spearman": 0.14163431020552528,
    "recovered_spearman": 0.2089230036205341
}