{
    "method": "clt_direct",
    "n_train": 128,
    "k": 32,
    "sequential": false,
    "freeze_attention": true,
    "nodes": {
        "9": [
            3624,
            3821,
            1957,
            3199,
            3540,
            957,
            3382,
            1844,
            3802,
            967,
            1184,
            4544,
            1491,
            162,
            3050,
            1579,
            3779,
            407,
            2005,
            1302,
            1851,
            3513,
            1832,
            2975,
            2287,
            12,
            2787
        ],
        "8": [
            1664,
            4471,
            2621
        ],
        "7": [
            1454
        ],
        "6": [
            947
        ]
    },
    "clean_spearman": 0.16201636350741808,
    "max_spearman": 0.22925279552565336,
    "no_latents_spearman": 0.13087281777316634,
    "recovered_spearman": 0.19470853019914494
}