{
    "method": "plt_sequential_freeze",
    "n_train": 128,
    "k": 32,
    "sequential": true,
    "freeze_attention": true,
    "nodes": {
        "9": [
            4513,
            4594,
            1106,
            1840,
            601,
            467,
            180,
            2728,
            103,
            1611,
            506,
            1447,
            1075,
            255,
            4233,
            138,
            694,
            374,
            2953,
            4353,
            20,
            1622,
            3276,
            3831,
            1763,
            3365,
            940,
            2429,
            3935,
            4330,
            1769,
            1435
        ]
    },
    "clean_spearman": 0.3971682262747779,
    "max_spearman": 0.37080738615645215,
    "no_latents_spearman": 0.3085035796413481,
    "recovered_spearman": 0.3059256794456661
}