{
    "method": "clt_sequential_unfreeze",
    "n_train": 256,
    "k": 32,
    "sequential": true,
    "freeze_attention": false,
    "nodes": {
        "0": [
            3963,
            1521,
            2722,
            4426,
            4596,
            2692,
            2991,
            3853,
            4488,
            2984,
            933,
            694,
            460,
            276,
            2031,
            3057
        ],
        "6": [
            947,
            1546,
            1657
        ],
        "9": [
            3624,
            3821,
            1957,
            3540,
            3199
        ],
        "3": [
            3440,
            545
        ],
        "7": [
            2261,
            3464,
            933
        ],
        "4": [
            3985,
            2522,
            446
        ]
    },
    "clean_spearman": 0.17974337738105142,
    "max_spearman": 0.25379931355006835,
    "no_latents_spearman": -0.2899098663466215,
    "recovered_spearman": 0.25357071622068633
}