{
    "method": "plt_sequential_freeze",
    "n_train": 128,
    "k": 32,
    "sequential": true,
    "freeze_attention": true,
    "nodes": {
        "9": [
            4594,
            4513,
            1106,
            601,
            484,
            2103,
            2474,
            1879,
            255,
            1468,
            2838,
            138,
            3707,
            1751,
            3365,
            2444,
            1447,
            467,
            4258,
            1234,
            1840,
            1183,
            2613,
            1666,
            1824,
            1075,
            2174,
            3650,
            732,
            4355,
            3349
        ],
        "8": [
            930
        ]
    },
    "clean_spearman": 0.49759647384410644,
    "max_spearman": 0.4415358598709499,
    "no_latents_spearman": 0.4035122623021254,
    "recovered_spearman": 0.42720127646543127
}