{
    "method": "plt_sequential_freeze",
    "n_train": 256,
    "k": 32,
    "sequential": true,
    "freeze_attention": true,
    "nodes": {
        "9": [
            4594,
            4513,
            1106,
            601,
            484,
            2103,
            2474,
            1879,
            255,
            1468,
            2838,
            138,
            3707,
            1751,
            3365,
            2444,
            1447,
            467,
            1234,
            4258,
            1840,
            2613,
            1183,
            1824,
            1666,
            1075,
            2174,
            4355,
            732,
            3650,
            3349
        ],
        "8": [
            930
        ]
    },
    "clean_spearman": 0.48692468121861465,
    "max_spearman": 0.43113216700009743,
    "no_latents_spearman": 0.3764295341445951,
    "recovered_spearman": 0.40498430006840563
}