{
  "entry": "A0A0B4J234",
  "entry_name": "TVA2_HUMAN",
  "type": "GLM_1",
  "prompt": "MALQSTLGAVWLGLLLNSLWKVAESKDQVFQPSTVASSEGAVVEIFCNHSVSNAYNFFWYLHFPGCAPRLLVKGSKPSQQGRYNMTYERFSSSLLILQVREADAAVYYCAVE[GLM]87-90-3",
  "k": 96,
  "original_sequence": "MALQSTLGAVWLGLLLNSLWKVAESKDQVFQPSTVASSEGAVVEIFCNHSVSNAYNFFWYLHFPGCAPRLLVKGSKPSQQGRYNMTYERFSSSLLILQVREADAAVYYCAVE",
  "original_ll": -3.136354684829712,
  "original_perplexity": 23.019800186157227,
  "progen3_sequence": "MALQSTLGAVWLGLLLNSLWKVAESKDQVFQPSTVASSEGAVVEIFCNHSVSNAYNFFWYLHFPGCAPRLLVKGSKPSQQGRYNMTYVRISSSLLILQVREADAAVYYCAVE",
  "progen3_ll": -2.9488277435302734,
  "progen3_perplexity": 19.08357048034668,
  "max_sequence": "MALQSTLGAVWLGLLLNSLWKVAESKDQVFQPSTVASSEGAVVEIFCNHSVSNAYNFFWYLHFPGCAPRLLVKGSKPSQQGRYNMTYLKLSSSLLILQVREADAAVYYCAVE",
  "max_ll": -2.3797407150268555,
  "max_perplexity": 10.802102088928223,
  "max_kl": 0.2592003345489502,
  "max_nmse": 0.05361069738864899,
  "base_sequence": "MALQSTLGAVWLGLLLNSLWKVAESKDQVFQPSTVASSEGAVVEIFCNHSVSNAYNFFWYLHFPGCAPRLLVKGSKPSQQGRYNMTYYWCSSSLLILQVREADAAVYYCAVE",
  "base_ll": -4.4936957359313965,
  "base_perplexity": 89.45142364501953,
  "base_kl": 0.6330174803733826,
  "base_nmse": 0.36446619033813477,
  "recovered_sequence": "MALQSTLGAVWLGLLLNSLWKVAESKDQVFQPSTVASSEGAVVEIFCNHSVSNAYNFFWYLHFPGCAPRLLVKGSKPSQQGRYNMTYVRESSSLLILQVREADAAVYYCAVE",
  "recovered_ll": -2.8498694896698,
  "recovered_perplexity": 17.285526275634766,
  "recovered_kl": 0.304370254278183,
  "recovered_nmse": 0.24914999306201935,
  "nodes": {
    "9": [
      52,
      88,
      407,
      760,
      957,
      967,
      1036,
      1176,
      1184,
      1303,
      1844,
      1851,
      1931,
      1957,
      2005,
      2178,
      2467,
      2732,
      2763,
      2787,
      3050,
      3105,
      3199,
      3513,
      3526,
      3540,
      3624,
      3779,
      3821,
      4284,
      4419,
      4544
    ],
    "7": [
      145,
      416,
      509,
      604,
      1277,
      1629,
      1848,
      1966,
      1979,
      2147,
      2351,
      2491,
      2922,
      3567,
      4195,
      4331
    ],
    "8": [
      27,
      129,
      155,
      228,
      240,
      443,
      567,
      666,
      745,
      811,
      855,
      906,
      1696,
      1747,
      1842,
      2070,
      2152,
      2278,
      2482,
      2600,
      2643,
      2871,
      2985,
      3039,
      3422,
      3704,
      3811,
      3968,
      4512,
      4594
    ],
    "5": [
      231,
      1107,
      2086,
      2824,
      3369,
      3534,
      4063,
      4066
    ],
    "0": [
      972,
      1297,
      2968,
      3057,
      3182,
      4195
    ],
    "6": [
      1528,
      1657,
      2918,
      3067
    ]
  }
}
