{
  "entry": "A0A1B0GUC4",
  "entry_name": "MYCOS_HUMAN",
  "type": "GLM_2",
  "prompt": "MAQKSLANNSINLPYKDLTSEVTRRRVTMITRKEIITQKSDEAKEMLSHLDLEQAPPPHRTYLTVPPAPPPSPAEDPTVS[GLM]59-79-20",
  "k": 1000,
  "original_sequence": "MAQKSLANNSINLPYKDLTSEVTRRRVTMITRKEIITQKSDEAKEMLSHLDLEQAPPPHRTYLTVPPAPPPSPAEDPTVS",
  "original_ll": -2.6063010692596436,
  "original_perplexity": 13.548842430114746,
  "progen3_sequence": "MAQKSLANNSINLPYKDLTSEVTRRRVTMITRKEIITQKSDEAKEMLSHLDLEQAPPPHMALLKKLFIIEEEKYRSRGLS",
  "progen3_ll": -2.8213164806365967,
  "progen3_perplexity": 16.798952102661133,
  "max_sequence": "MAQKSLANNSINLPYKDLTSEVTRRRVTMITRKEIITQKSDEAKEMLSHLDLEQAPPPHEEEEVMKREVQTEIQINKKAS",
  "max_ll": -2.7970802783966064,
  "max_perplexity": 16.39670181274414,
  "max_kl": 0.03631038963794708,
  "max_nmse": 0.09273719787597656,
  "base_sequence": "MAQKSLANNSINLPYKDLTSEVTRRRVTMITRKEIITQKSDEAKEMLSHLDLEQAPPPHMENYEFIMFMMMERVIMMEMS",
  "base_ll": -3.1962637901306152,
  "base_perplexity": 24.441041946411133,
  "base_kl": 0.21883073449134827,
  "base_nmse": 1.1010440587997437,
  "recovered_sequence": "MAQKSLANNSINLPYKDLTSEVTRRRVTMITRKEIITQKSDEAKEMLSHLDLEQAPPPHMALQFKLYIIDLSKYRILKLS",
  "recovered_ll": -2.9372851848602295,
  "recovered_perplexity": 18.86456298828125,
  "recovered_kl": 0.05321377515792847,
  "recovered_nmse": 0.08835046738386154,
  "nodes": {
    "0": [
      20,
      116,
      123,
      145,
      151,
      169,
      174,
      251,
      260,
      337,
      460,
      527,
      530,
      584,
      676,
      694,
      755,
      762,
      819,
      856,
      871,
      887,
      889,
      940,
      974,
      1006,
      1015,
      1028,
      1039,
      1067,
      1087,
      1129,
      1155,
      1171,
      1238,
      1247,
      1269,
      1272,
      1297,
      1435,
      1468,
      1474,
      1491,
      1493,
      1659,
      1700,
      1711,
      1763,
      1864,
      1906,
      1974,
      1977,
      1991,
      2021,
      2060,
      2149,
      2171,
      2234,
      2245,
      2251,
      2258,
      2268,
      2413,
      2463,
      2520,
      2692,
      2722,
      2776,
      2888,
      2956,
      2968,
      2991,
      2999,
      3000,
      3008,
      3023,
      3057,
      3059,
      3203,
      3225,
      3229,
      3256,
      3315,
      3386,
      3429,
      3497,
      3561,
      3564,
      3600,
      3647,
      3696,
      3716,
      3758,
      3768,
      3833,
      3835,
      3841,
      3848,
      3853,
      3916,
      3931,
      3936,
      3938,
      3955,
      3960,
      3963,
      4145,
      4297,
      4331,
      4343,
      4383,
      4392,
      4414,
      4426,
      4429,
      4490,
      4493,
      4503,
      4543,
      4566,
      4573
    ],
    "9": [
      12,
      24,
      63,
      158,
      162,
      194,
      284,
      381,
      407,
      414,
      416,
      429,
      464,
      538,
      545,
      734,
      760,
      763,
      875,
      909,
      957,
      967,
      991,
      1039,
      1042,
      1184,
      1190,
      1251,
      1277,
      1302,
      1306,
      1307,
      1426,
      1443,
      1491,
      1564,
      1579,
      1713,
      1782,
      1828,
      1832,
      1844,
      1851,
      1942,
      1957,
      2001,
      2005,
      2046,
      2086,
      2105,
      2108,
      2282,
      2287,
      2291,
      2376,
      2423,
      2455,
      2510,
      2732,
      2787,
      2805,
      2809,
      2865,
      2874,
      2941,
      2957,
      2975,
      2982,
      2983,
      3006,
      3008,
      3018,
      3050,
      3105,
      3146,
      3147,
      3162,
      3199,
      3234,
      3245,
      3351,
      3372,
      3382,
      3513,
      3526,
      3540,
      3581,
      3624,
      3676,
      3695,
      3740,
      3760,
      3779,
      3802,
      3821,
      3832,
      3848,
      3856,
      3906,
      3925,
      3952,
      3965,
      3999,
      4088,
      4106,
      4129,
      4190,
      4250,
      4419,
      4482,
      4526,
      4544,
      4587
    ],
    "3": [
      36,
      43,
      51,
      62,
      132,
      208,
      224,
      273,
      279,
      340,
      350,
      414,
      545,
      568,
      639,
      701,
      752,
      753,
      834,
      963,
      981,
      1037,
      1086,
      1108,
      1115,
      1123,
      1139,
      1167,
      1183,
      1213,
      1311,
      1410,
      1481,
      1502,
      1542,
      1568,
      1570,
      1611,
      1635,
      1674,
      1711,
      1740,
      1770,
      1970,
      2029,
      2036,
      2037,
      2082,
      2129,
      2141,
      2178,
      2293,
      2314,
      2402,
      2443,
      2479,
      2495,
      2520,
      2542,
      2560,
      2585,
      2589,
      2591,
      2594,
      2659,
      2669,
      2690,
      2748,
      2793,
      2862,
      2929,
      3061,
      3129,
      3289,
      3346,
      3351,
      3369,
      3446,
      3475,
      3485,
      3494,
      3536,
      3550,
      3595,
      3624,
      3647,
      3762,
      3767,
      3818,
      3836,
      3943,
      3981,
      3988,
      4014,
      4293,
      4351,
      4428,
      4442,
      4482,
      4489,
      4518,
      4562
    ],
    "1": [
      15,
      16,
      17,
      40,
      57,
      97,
      104,
      175,
      225,
      234,
      261,
      291,
      347,
      394,
      399,
      433,
      456,
      480,
      606,
      651,
      661,
      722,
      767,
      787,
      808,
      821,
      837,
      864,
      879,
      930,
      934,
      1018,
      1042,
      1069,
      1105,
      1342,
      1345,
      1370,
      1415,
      1419,
      1437,
      1438,
      1467,
      1473,
      1521,
      1526,
      1528,
      1586,
      1620,
      1635,
      1690,
      1696,
      1705,
      1730,
      1810,
      1821,
      1847,
      1888,
      1915,
      1927,
      1929,
      1979,
      1980,
      2060,
      2084,
      2129,
      2146,
      2173,
      2286,
      2304,
      2344,
      2361,
      2387,
      2410,
      2440,
      2491,
      2550,
      2560,
      2567,
      2586,
      2622,
      2644,
      2696,
      2705,
      2750,
      2766,
      2790,
      2827,
      2837,
      2845,
      2847,
      2865,
      2899,
      2906,
      2936,
      2942,
      2960,
      3001,
      3065,
      3099,
      3169,
      3223,
      3249,
      3256,
      3260,
      3263,
      3423,
      3453,
      3466,
      3510,
      3547,
      3572,
      3643,
      3728,
      3757,
      3948,
      3950,
      3953,
      3983,
      4009,
      4025,
      4036,
      4054,
      4085,
      4100,
      4187,
      4244,
      4254,
      4275,
      4314,
      4344,
      4375,
      4389,
      4404,
      4423,
      4450,
      4509,
      4543,
      4577,
      4579,
      4582,
      4585,
      4607
    ],
    "8": [
      372,
      394,
      417,
      756,
      817,
      949,
      999,
      1004,
      1006,
      1008,
      1121,
      1136,
      1165,
      1400,
      1444,
      1486,
      1494,
      1535,
      1557,
      1664,
      1678,
      1744,
      1954,
      1956,
      2077,
      2106,
      2109,
      2112,
      2199,
      2201,
      2240,
      2329,
      2374,
      2401,
      2407,
      2479,
      2542,
      2567,
      2587,
      2596,
      2605,
      2621,
      2710,
      2743,
      2779,
      2986,
      3009,
      3088,
      3126,
      3195,
      3267,
      3321,
      3396,
      3432,
      3485,
      3535,
      3653,
      3735,
      3741,
      3849,
      3865,
      3874,
      4010,
      4021,
      4121,
      4167,
      4310,
      4334,
      4371,
      4471,
      4488,
      4546,
      4559,
      4578,
      4596
    ],