{
  "entry": "A0A140LHV9",
  "entry_name": "SIM27_MOUSE",
  "type": "CLM",
  "prompt": "MRPMSRRSLDWTYSLLLLAIVLLSWGFVIYASTVAARRQ",
  "k": 1000,
  "original_sequence": "MRPMSRRSLDWTYSLLLLAIVLLSWGFVIYASTVAARRQLQKEFPDKFF",
  "original_ll": -3.158010482788086,
  "original_perplexity": 23.52374839782715,
  "progen3_sequence": "MRPMSRRSLDWTYSLLLLAIVLLSWGFVIYASTVAARRQTTERDEALRR",
  "progen3_ll": -2.3353147506713867,
  "progen3_perplexity": 10.332712173461914,
  "max_sequence": "MRPMSRRSLDWTYSLLLLAIVLLSWGFVIYASTVAARRQLSRAELAAAA",
  "max_ll": -2.119663715362549,
  "max_perplexity": 8.328335762023926,
  "max_kl": 0.00935350637882948,
  "max_nmse": 0.008096798323094845,
  "base_sequence": "MRPMSRRSLDWTYSLLLLAIVLLSWGFVIYASTVAARRQQWLFQQLLAA",
  "base_ll": -2.7888927459716797,
  "base_perplexity": 16.263002395629883,
  "base_kl": 0.11012929677963257,
  "base_nmse": 0.028139788657426834,
  "recovered_sequence": "MRPMSRRSLDWTYSLLLLAIVLLSWGFVIYASTVAARRQTTERAEQQRR",
  "recovered_ll": -2.4453768730163574,
  "recovered_perplexity": 11.534896850585938,
  "recovered_kl": 0.014232384972274303,
  "recovered_nmse": 0.012776067480444908,
  "nodes": {
    "9": [
      12,
      162,
      258,
      284,
      353,
      407,
      425,
      447,
      448,
      466,
      538,
      545,
      555,
      603,
      631,
      639,
      654,
      734,
      745,
      758,
      760,
      782,
      804,
      924,
      957,
      967,
      991,
      1043,
      1049,
      1055,
      1184,
      1190,
      1251,
      1256,
      1302,
      1320,
      1491,
      1523,
      1528,
      1530,
      1579,
      1648,
      1663,
      1725,
      1828,
      1835,
      1844,
      1851,
      1872,
      1941,
      1942,
      1957,
      2005,
      2029,
      2046,
      2191,
      2212,
      2221,
      2224,
      2264,
      2287,
      2317,
      2376,
      2423,
      2488,
      2497,
      2510,
      2511,
      2516,
      2590,
      2732,
      2739,
      2787,
      2809,
      2819,
      2828,
      2829,
      2858,
      2865,
      2891,
      2923,
      2941,
      2946,
      2982,
      2983,
      3004,
      3050,
      3058,
      3140,
      3199,
      3245,
      3341,
      3372,
      3382,
      3408,
      3414,
      3422,
      3513,
      3526,
      3540,
      3624,
      3649,
      3695,
      3779,
      3802,
      3821,
      3861,
      3952,
      4103,
      4106,
      4129,
      4145,
      4263,
      4279,
      4288,
      4452,
      4482,
      4544,
      4603
    ],
    "6": [
      20,
      43,
      85,
      109,
      177,
      226,
      265,
      321,
      360,
      510,
      600,
      618,
      844,
      857,
      897,
      898,
      902,
      947,
      964,
      1174,
      1178,
      1211,
      1283,
      1306,
      1348,
      1388,
      1410,
      1415,
      1444,
      1479,
      1575,
      1584,
      1710,
      1743,
      1786,
      1820,
      1915,
      2005,
      2010,
      2021,
      2065,
      2252,
      2297,
      2349,
      2389,
      2426,
      2588,
      2608,
      2625,
      2664,
      2747,
      2963,
      2993,
      3166,
      3213,
      3273,
      3308,
      3390,
      3396,
      3416,
      3440,
      3520,
      3671,
      3727,
      3841,
      3933,
      3952,
      4000,
      4054,
      4061,
      4079,
      4217,
      4245,
      4250,
      4256,
      4342,
      4418,
      4518,
      4591
    ],
    "0": [
      15,
      74,
      81,
      88,
      92,
      253,
      318,
      422,
      514,
      566,
      611,
      648,
      659,
      694,
      703,
      715,
      722,
      734,
      831,
      834,
      917,
      933,
      951,
      957,
      972,
      1016,
      1025,
      1134,
      1154,
      1156,
      1158,
      1173,
      1193,
      1207,
      1227,
      1239,
      1250,
      1257,
      1297,
      1333,
      1350,
      1675,
      1721,
      1793,
      1800,
      1875,
      1883,
      1911,
      1927,
      2031,
      2064,
      2089,
      2211,
      2239,
      2254,
      2284,
      2299,
      2313,
      2369,
      2397,
      2470,
      2482,
      2524,
      2589,
      2595,
      2692,
      2735,
      2755,
      2824,
      2889,
      2900,
      2937,
      2948,
      2972,
      3139,
      3181,
      3214,
      3278,
      3293,
      3370,
      3430,
      3453,
      3461,
      3505,
      3573,
      3581,
      3668,
      3678,
      3733,
      3751,
      3963,
      3990,
      3997,
      4013,
      4041,
      4111,
      4195,
      4196,
      4227,
      4240,
      4250,
      4292,
      4357,
      4373,
      4426,
      4466,
      4483,
      4488,
      4581
    ],
    "4": [
      24,
      39,
      46,
      81,
      154,
      171,
      219,
      233,
      298,
      321,
      479,
      524,
      588,
      695,
      696,
      776,
      849,
      877,
      931,
      990,
      1068,
      1180,
      1211,
      1295,
      1319,
      1321,
      1335,
      1384,
      1506,
      1589,
      1673,
      1719,
      1759,
      1794,
      1853,
      1861,
      1944,
      1967,
      1982,
      2009,
      2055,
      2136,
      2173,
      2177,
      2181,
      2244,
      2389,
      2391,
      2430,
      2483,
      2555,
      2569,
      2572,
      2573,
      2590,
      2682,
      2731,
      2780,
      2799,
      2859,
      2934,
      3142,
      3155,
      3238,
      3301,
      3350,
      3420,
      3508,
      3558,
      3560,
      3607,
      3613,
      3616,
      3787,
      3788,
      3806,
      3815,
      3828,
      3873,
      3893,
      3909,
      3931,
      4005,
      4031,
      4064,
      4080,
      4109,
      4184,
      4185,
      4245,
      4260,
      4274,
      4311,
      4370,
      4436,
      4475,
      4586
    ],
    "5": [
      18,
      198,
      410,
      449,
      473,
      490,
      503,
      552,
      616,
      658,
      672,
      678,
      692,
      701,
      706,
      845,
      861,
      884,
      893,
      956,
      981,
      1070,
      1078,
      1082,
      1200,
      1237,
      1241,
      1295,
      1317,
      1323,
      1328,
      1365,
      1399,
      1442,
      1462,
      1479,
      1490,
      1499,
      1566,
      1590,
      1631,
      1648,
      1670,
      1747,
      1758,
      1775,
      1790,
      1796,
      1809,
      1817,
      1832,
      1834,
      1847,
      1867,
      1878,
      1906,
      2058,
      2116,
      2118,
      2134,
      2139,
      2243,
      2311,
      2414,
      2415,
      2418,
      2424,
      2432,
      2509,
      2777,
      2801,
      2848,
      3051,
      3203,
      3207,
      3254,
      3263,
      3265,
      3266,
      3276,
      3301,
      3508,
      3520,
      3536,
      3587,
      3599,
      3665,
      3667,
      3714,
      3724,
      3791,
      3808,
      3828,
      3832,
      3853,
      3910,
      3961,
      3970,
      4067,
      4086,
      4516,
      4539
    ],
    "7": [
      66,
      98,
      198,
      362,
      520,
      521,
      553,
      584,
      740,
      781,
      791,
      810,
      872,
      889,
      907,
      1010,
      1233,
      1256,
      1320,
      1419,
      1625,
      1695,
      1751,
      1762,
      1824,
      1830,
      1929,
      1961,
      2013,
      2304,
      2428,
      2459,
      2472,
      2513,
      2617,
      2656,
      2701,
      2747,
      2755,
      2802,
      2829,
      2932,
      2998,
      3010,
      3037,
      3135,
      3326,
      3389,
      3511,
      3760,
      3956,
      3970,
      3975,
      4014,
      4021,
      4045,
      4052,
      4055,
      4063,
      4072,
      4123,
      4143,
      4317,
      4421,
      4455
    ],