{
  "entry": "A0A1P8B1G7",
  "entry_name": "SOP21_ARATH",
  "type": "CLM",
  "prompt": "MLELHFEFIDLNQPKMYKFVVCLLTLSFLLLSGLSNTALARVHHESSNPKIGNRVWDQKIFNNV",
  "k": 832,
  "original_sequence": "MLELHFEFIDLNQPKMYKFVVCLLTLSFLLLSGLSNTALARVHHESSNPKIGNRVWDQKIFNNVKVRVLPSASRRGPGQTG",
  "original_ll": -2.826751708984375,
  "original_perplexity": 16.890506744384766,
  "progen3_sequence": "MLELHFEFIDLNQPKMYKFVVCLLTLSFLLLSGLSNTALARVHHESSNPKIGNRVWDQKIFNNVATGKAYGDYKGLIKLNN",
  "progen3_ll": -2.7194528579711914,
  "progen3_perplexity": 15.172019004821777,
  "max_sequence": "MLELHFEFIDLNQPKMYKFVVCLLTLSFLLLSGLSNTALARVHHESSNPKIGNRVWDQKIFNNVVDQNDLTNPASKPSVGQ",
  "max_ll": -2.8526298999786377,
  "max_perplexity": 17.33330726623535,
  "max_kl": 0.0034170655999332666,
  "max_nmse": 0.003319123759865761,
  "base_sequence": "MLELHFEFIDLNQPKMYKFVVCLLTLSFLLLSGLSNTALARVHHESSNPKIGNRVWDQKIFNNVGNYFYISLSIFLNWDKK",
  "base_ll": -2.993997812271118,
  "base_perplexity": 19.96533966064453,
  "base_kl": 0.09051741659641266,
  "base_nmse": 0.23625290393829346,
  "recovered_sequence": "MLELHFEFIDLNQPKMYKFVVCLLTLSFLLLSGLSNTALARVHHESSNPKIGNRVWDQKIFNNVATGVGAGDYGGLIKLNN",
  "recovered_ll": -2.737287998199463,
  "recovered_perplexity": 15.44504165649414,
  "recovered_kl": 0.006512757856398821,
  "recovered_nmse": 0.006268485449254513,
  "nodes": {
    "9": [
      12,
      80,
      162,
      224,
      378,
      381,
      407,
      447,
      466,
      506,
      538,
      598,
      696,
      734,
      746,
      755,
      758,
      760,
      763,
      957,
      967,
      1036,
      1073,
      1081,
      1176,
      1184,
      1233,
      1251,
      1302,
      1374,
      1466,
      1491,
      1537,
      1560,
      1579,
      1584,
      1648,
      1713,
      1742,
      1783,
      1828,
      1832,
      1844,
      1851,
      1872,
      1942,
      1957,
      2005,
      2094,
      2105,
      2134,
      2287,
      2349,
      2360,
      2510,
      2511,
      2514,
      2524,
      2570,
      2664,
      2732,
      2756,
      2763,
      2787,
      2791,
      2892,
      2941,
      2975,
      2983,
      3050,
      3079,
      3105,
      3134,
      3162,
      3198,
      3199,
      3340,
      3372,
      3381,
      3382,
      3500,
      3513,
      3526,
      3538,
      3540,
      3579,
      3581,
      3624,
      3649,
      3676,
      3695,
      3779,
      3802,
      3821,
      3932,
      3952,
      3965,
      3999,
      4103,
      4106,
      4129,
      4250,
      4419,
      4428,
      4452,
      4468,
      4469,
      4482,
      4526,
      4544,
      4603
    ],
    "0": [
      253,
      274,
      460,
      639,
      694,
      762,
      1017,
      1252,
      1583,
      1653,
      1800,
      1824,
      1878,
      2001,
      2022,
      2031,
      2111,
      2299,
      2423,
      2502,
      2722,
      2867,
      2968,
      2984,
      2991,
      3054,
      3182,
      3322,
      3429,
      3440,
      3600,
      3619,
      3659,
      3853,
      3900,
      3963,
      3982,
      3988,
      4066,
      4488,
      4596
    ],
    "8": [
      17,
      94,
      194,
      240,
      274,
      323,
      434,
      466,
      513,
      521,
      543,
      583,
      611,
      627,
      628,
      682,
      703,
      738,
      757,
      811,
      855,
      861,
      882,
      999,
      1005,
      1108,
      1136,
      1187,
      1258,
      1272,
      1289,
      1291,
      1324,
      1356,
      1387,
      1400,
      1428,
      1513,
      1535,
      1557,
      1651,
      1664,
      1687,
      1724,
      1730,
      1734,
      1757,
      1800,
      1839,
      1842,
      1954,
      2021,
      2023,
      2054,
      2077,
      2109,
      2112,
      2201,
      2271,
      2278,
      2329,
      2387,
      2564,
      2567,
      2575,
      2578,
      2596,
      2600,
      2605,
      2621,
      2661,
      2793,
      2829,
      2891,
      2903,
      2917,
      2918,
      3001,
      3037,
      3106,
      3159,
      3259,
      3323,
      3399,
      3409,
      3422,
      3524,
      3600,
      3652,
      3653,
      3686,
      3741,
      3803,
      3809,
      3812,
      3846,
      3849,
      3865,
      3960,
      4058,
      4115,
      4121,
      4167,
      4216,
      4276,
      4294,
      4310,
      4364,
      4449,
      4471,
      4504,
      4546
    ],
    "7": [
      66,
      78,
      230,
      362,
      509,
      543,
      872,
      889,
      907,
      912,
      1010,
      1040,
      1151,
      1233,
      1256,
      1338,
      1454,
      1510,
      1520,
      1544,
      1625,
      1709,
      1751,
      1762,
      1765,
      1816,
      1824,
      1830,
      1929,
      1969,
      2113,
      2227,
      2261,
      2263,
      2279,
      2401,
      2491,
      2513,
      2746,
      2747,
      2786,
      2802,
      2842,
      2877,
      2998,
      3029,
      3135,
      3227,
      3251,
      3353,
      3389,
      3464,
      3487,
      3542,
      3599,
      3690,
      3760,
      3914,
      3970,
      4024,
      4055,
      4063,
      4110,
      4130,
      4141,
      4220,
      4317,
      4322,
      4413
    ],
    "4": [
      156,
      200,
      377,
      408,
      516,
      638,
      708,
      718,
      729,
      759,
      762,
      924,
      972,
      1041,
      1071,
      1176,
      1180,
      1186,
      1203,
      1278,
      1295,
      1325,
      1335,
      1365,
      1412,
      1547,
      1565,
      1566,
      1583,
      1715,
      1727,
      1749,
      1762,
      1807,
      1827,
      2029,
      2055,
      2122,
      2134,
      2141,
      2242,
      2247,
      2323,
      2328,
      2337,
      2390,
      2447,
      2526,
      2573,
      2602,
      2693,
      2739,
      2745,
      2852,
      2879,
      2884,
      2914,
      2934,
      2966,
      3165,
      3195,
      3214,
      3226,
      3386,
      3455,
      3597,
      3600,
      3604,
      3678,
      3709,
      3732,
      3787,
      3820,
      3829,
      3836,
      3875,
      3880,
      3914,
      3916,
      3945,
      3981,
      4160,
      4198,
      4211,
      4218,
      4221,
      4227,
      4233,
      4260,
      4264,
      4313,
      4325,
      4327,
      4340,
      4404,
      4488,
      4502,
      4535,
      4538,
      4540,
      4579,
      4584
    ],
    "5": [
      160,
      196,
      340,
      344,
      380,
      386,
      405,
      424,
      495,
      596,
      616,
      628,
      732,
      735,
      753,
      761,
      858,
      870,
      912,
      975,
      979,
      1011,
      1109,
      1141,
      1200,
      1249,
      1550,
      1584,
      1647,
      1670,
      1709,
      1792,
      1810,
      1824,
      1830,
      1847,
      1870,
      1908,
      1966,
      1968,
      2021,
      2139,
      2148,
      2186,
      2189,
      2231,
      2278,
      2287,
      2504,
      2506,
      2520,
      2557,
      2576,
      2588,
      2642,
      2675,
      2706,
      2744,
      2762,
      2772,
      2777,
      2800,
      2957,
      2983,
      3101,
      3145,
      3217,
      3244,
      3271,
      3302,
      3305,
      3425,
      3477,
      3514,
      3588,
      3596,
      3616,
      3692,
      3710,
      3810,
      3819,
      3901,
      3950,
      3965,
      4086,
      4098,
      4099,
      4108,
      4208,
      4261,
      4285,
      4402,
      4426,
      4450,
      4516,
      4555,
      4577
    ],