{
  "entry": "A0R2D3",
  "entry_name": "RSEA_MYCS2",
  "type": "CLM",
  "prompt": "MADPGHVFRRAFSWLPSQFASQSDAPVGAPRQFGSTEHLSVEAIAAFVDGELRMSAHLRAAHHLSLCPECAAEVDAQSQARTALRESCPIAIPNSLLGMLSQIPH",
  "k": 960,
  "original_sequence": "MADPGHVFRRAFSWLPSQFASQSDAPVGAPRQFGSTEHLSVEAIAAFVDGELRMSAHLRAAHHLSLCPECAAEVDAQSQARTALRESCPIAIPNSLLGMLSQIPHRTPEVTPDVSEQAKFADDPTRGRRKRR",
  "original_ll": -2.6743438243865967,
  "original_perplexity": 14.502830505371094,
  "progen3_sequence": "MADPGHVFRRAFSWLPSQFASQSDAPVGAPRQFGSTEHLSVEAIAAFVDGELRMSAHLRAAHHLSLCPECAAEVDAQSQARTALRESCPIAIPNSLLGMLSQIPHGSR",
  "progen3_ll": -2.4152567386627197,
  "progen3_perplexity": 11.192643165588379,
  "max_sequence": "MADPGHVFRRAFSWLPSQFASQSDAPVGAPRQFGSTEHLSVEAIAAFVDGELRMSAHLRAAHHLSLCPECAAEVDAQSQARTALRESCPIAIPNSLLGMLSQIPHLAS",
  "max_ll": -2.5730319023132324,
  "max_perplexity": 13.105499267578125,
  "max_kl": 0.011753442697227001,
  "max_nmse": 0.005664396099746227,
  "base_sequence": "MADPGHVFRRAFSWLPSQFASQSDAPVGAPRQFGSTEHLSVEAIAAFVDGELRMSAHLRAAHHLSLCPECAAEVDAQSQARTALRESCPIAIPNSLLGMLSQIPHLSTM",
  "base_ll": -3.1905081272125244,
  "base_perplexity": 24.300771713256836,
  "base_kl": 0.0723680704832077,
  "base_nmse": 0.41977426409721375,
  "recovered_sequence": "MADPGHVFRRAFSWLPSQFASQSDAPVGAPRQFGSTEHLSVEAIAAFVDGELRMSAHLRAAHHLSLCPECAAEVDAQSQARTALRESCPIAIPNSLLGMLSQIPHGSR",
  "recovered_ll": -2.4152567386627197,
  "recovered_perplexity": 11.192643165588379,
  "recovered_kl": 0.018823331221938133,
  "recovered_nmse": 0.0023601644206792116,
  "nodes": {
    "9": [
      12,
      50,
      113,
      162,
      284,
      353,
      380,
      407,
      425,
      429,
      452,
      454,
      464,
      466,
      545,
      555,
      690,
      760,
      790,
      793,
      956,
      957,
      967,
      1005,
      1184,
      1306,
      1491,
      1528,
      1713,
      1835,
      1844,
      1851,
      1957,
      1974,
      2029,
      2109,
      2191,
      2264,
      2287,
      2376,
      2443,
      2467,
      2510,
      2542,
      2543,
      2577,
      2592,
      2732,
      2787,
      2924,
      2936,
      2941,
      2946,
      2975,
      3004,
      3050,
      3058,
      3199,
      3276,
      3310,
      3325,
      3353,
      3355,
      3540,
      3602,
      3603,
      3624,
      3649,
      3713,
      3779,
      3802,
      3821,
      3836,
      3965,
      3999,
      4079,
      4106,
      4129,
      4396,
      4441,
      4482,
      4544,
      4575
    ],
    "6": [
      4,
      17,
      77,
      78,
      133,
      155,
      168,
      180,
      228,
      326,
      404,
      408,
      427,
      452,
      491,
      549,
      685,
      742,
      817,
      851,
      898,
      942,
      947,
      1125,
      1126,
      1167,
      1174,
      1189,
      1375,
      1377,
      1388,
      1425,
      1490,
      1496,
      1520,
      1576,
      1656,
      1692,
      1712,
      1793,
      1826,
      1876,
      1880,
      1904,
      1963,
      1969,
      2010,
      2041,
      2054,
      2089,
      2158,
      2172,
      2194,
      2218,
      2234,
      2252,
      2349,
      2363,
      2389,
      2402,
      2536,
      2588,
      2604,
      2609,
      2646,
      2654,
      2679,
      2734,
      3042,
      3102,
      3133,
      3136,
      3294,
      3340,
      3374,
      3395,
      3440,
      3467,
      3472,
      3717,
      3727,
      3734,
      3761,
      3826,
      3921,
      3922,
      3986,
      4095,
      4114,
      4167,
      4174,
      4195,
      4228,
      4342,
      4480,
      4504,
      4520,
      4544
    ],
    "7": [
      16,
      72,
      124,
      152,
      173,
      181,
      205,
      279,
      324,
      342,
      353,
      455,
      495,
      517,
      636,
      696,
      715,
      726,
      878,
      893,
      907,
      1007,
      1027,
      1242,
      1368,
      1370,
      1377,
      1484,
      1698,
      1707,
      1816,
      1856,
      1861,
      1880,
      1886,
      1929,
      1969,
      2156,
      2229,
      2284,
      2358,
      2377,
      2408,
      2488,
      2560,
      2582,
      2802,
      2827,
      2829,
      2891,
      2916,
      2945,
      3067,
      3110,
      3150,
      3195,
      3253,
      3311,
      3315,
      3358,
      3395,
      3455,
      3492,
      3551,
      3564,
      3570,
      3713,
      3727,
      3766,
      3894,
      3966,
      4030,
      4155,
      4171,
      4301,
      4421,
      4436,
      4463,
      4480,
      4489,
      4490,
      4523,
      4525,
      4552,
      4553,
      4600
    ],
    "8": [
      31,
      165,
      202,
      253,
      376,
      454,
      463,
      554,
      581,
      602,
      605,
      693,
      858,
      862,
      900,
      949,
      1139,
      1156,
      1230,
      1251,
      1335,
      1413,
      1431,
      1439,
      1459,
      1498,
      1621,
      1701,
      1790,
      1859,
      1890,
      2089,
      2168,
      2224,
      2245,
      2252,
      2255,
      2305,
      2329,
      2473,
      2537,
      2621,
      2642,
      2647,
      2711,
      2778,
      2781,
      2939,
      2959,
      2960,
      2963,
      3009,
      3016,
      3027,
      3031,
      3058,
      3153,
      3219,
      3235,
      3256,
      3360,
      3440,
      3450,
      3501,
      3648,
      3669,
      3741,
      3753,
      3828,
      3995,
      4004,
      4030,
      4105,
      4200,
      4203,
      4215,
      4296,
      4350,
      4511,
      4550,
      4569,
      4606
    ],
    "0": [
      21,
      36,
      56,
      62,
      123,
      184,
      295,
      306,
      316,
      337,
      342,
      410,
      452,
      498,
      500,
      600,
      611,
      674,
      692,
      753,
      843,
      873,
      889,
      940,
      963,
      1039,
      1060,
      1065,
      1140,
      1237,
      1299,
      1312,
      1327,
      1338,
      1342,
      1352,
      1373,
      1387,
      1402,
      1416,
      1434,
      1514,
      1617,
      1630,
      1642,
      1763,
      1791,
      1816,
      1838,
      1852,
      1855,
      1874,
      1896,
      1901,
      1957,
      1974,
      1991,
      2014,
      2049,
      2055,
      2251,
      2260,
      2261,
      2268,
      2278,
      2372,
      2546,
      2593,
      2609,
      2620,
      2697,
      2700,
      2716,
      2727,
      2728,
      2730,
      2738,
      2741,
      2822,
      2826,
      2837,
      2888,
      2968,
      2991,
      3008,
      3059,
      3074,
      3119,
      3126,
      3145,
      3182,
      3212,
      3234,
      3239,
      3247,
      3325,
      3356,
      3363,
      3422,
      3431,
      3521,
      3536,
      3571,
      3594,
      3645,
      3696,
      3938,
      3952,
      4033,
      4095,
      4107,
      4108,
      4124,
      4145,
      4147,
      4152,
      4173,
      4194,
      4235,
      4279,
      4383,
      4418,
      4429,
      4466,
      4519
    ],