{
  "entry": "B0UN75",
  "entry_name": "RPOZ_METS4",
  "type": "GLM_2",
  "prompt": "MARVTVEDCIDKVENRFELVLLAGHRARLLSSGAPLTVDRDRDKNPVVALREIADETITPDDLKEQLIHSLQKYVEVDEPEPEAVPLLSSSPAAAAVAPQAASGDDNDIQFDRMSEEDLLRGLENLAPPTETEDEGD[GLM]3-10-7",
  "k": 704,
  "original_sequence": "MARVTVEDCIDKVENRFELVLLAGHRARLLSSGAPLTVDRDRDKNPVVALREIADETITPDDLKEQLIHSLQKYVEVDEPEPEAVPLLSSSPAAAAVAPQAASGDDNDIQFDRMSEEDLLRGLENLAPPTETEDEGD",
  "original_ll": -1.0580271482467651,
  "original_perplexity": 2.8806822299957275,
  "progen3_sequence": "MARIDTIVTFDKVENRFELVLLAGHRARLLSSGAPLTVDRDRDKNPVVALREIADETITPDDLKEQLIHSLQKYVEVDEPEPEAVPLLSSSPAAAAVAPQAASGDDNDIQFDRMSEEDLLRGLENLAPPTETEDEGD",
  "progen3_ll": -2.8985912799835205,
  "progen3_perplexity": 18.148561477661133,
  "max_sequence": "MARIELVVYIDKVENRFELVLLAGHRARLLSSGAPLTVDRDRDKNPVVALREIADETITPDDLKEQLIHSLQKYVEVDEPEPEAVPLLSSSPAAAAVAPQAASGDDNDIQFDRMSEEDLLRGLENLAPPTETEDEGD",
  "max_ll": -3.0875351428985596,
  "max_perplexity": 21.9229736328125,
  "max_kl": 0.35893958806991577,
  "max_nmse": 0.0895819216966629,
  "base_sequence": "MAREPVMMPLDKVENRFELVLLAGHRARLLSSGAPLTVDRDRDKNPVVALREIADETITPDDLKEQLIHSLQKYVEVDEPEPEAVPLLSSSPAAAAVAPQAASGDDNDIQFDRMSEEDLLRGLENLAPPTETEDEGD",
  "base_ll": -3.269235849380493,
  "base_perplexity": 26.291240692138672,
  "base_kl": 0.580091118812561,
  "base_nmse": 0.17592006921768188,
  "recovered_sequence": "MARRDTPPRFDKVENRFELVLLAGHRARLLSSGAPLTVDRDRDKNPVVALREIADETITPDDLKEQLIHSLQKYVEVDEPEPEAVPLLSSSPAAAAVAPQAASGDDNDIQFDRMSEEDLLRGLENLAPPTETEDEGD",
  "recovered_ll": -2.820422410964966,
  "recovered_perplexity": 16.783939361572266,
  "recovered_kl": 0.485246479511261,
  "recovered_nmse": 0.07702187448740005,
  "nodes": {
    "9": [
      7,
      12,
      22,
      58,
      89,
      224,
      231,
      236,
      277,
      407,
      466,
      486,
      531,
      588,
      654,
      667,
      706,
      715,
      734,
      771,
      780,
      857,
      871,
      878,
      957,
      981,
      992,
      1016,
      1061,
      1068,
      1088,
      1094,
      1125,
      1184,
      1245,
      1251,
      1286,
      1312,
      1343,
      1352,
      1358,
      1380,
      1394,
      1405,
      1502,
      1554,
      1566,
      1633,
      1741,
      1745,
      1771,
      1844,
      1851,
      1875,
      1912,
      1934,
      1937,
      1957,
      2004,
      2005,
      2043,
      2094,
      2191,
      2204,
      2218,
      2231,
      2236,
      2240,
      2313,
      2411,
      2417,
      2423,
      2427,
      2438,
      2465,
      2510,
      2511,
      2514,
      2553,
      2592,
      2664,
      2695,
      2704,
      2716,
      2771,
      2788,
      2791,
      2817,
      2863,
      2877,
      2892,
      2954,
      2955,
      3021,
      3028,
      3031,
      3050,
      3086,
      3123,
      3157,
      3192,
      3199,
      3221,
      3228,
      3262,
      3284,
      3363,
      3369,
      3382,
      3411,
      3481,
      3494,
      3500,
      3526,
      3528,
      3540,
      3624,
      3632,
      3685,
      3698,
      3709,
      3715,
      3747,
      3763,
      3779,
      3821,
      3925,
      3972,
      3995,
      3999,
      4049,
      4062,
      4069,
      4072,
      4098,
      4142,
      4158,
      4168,
      4313,
      4320,
      4325,
      4405,
      4442,
      4544,
      4558
    ],
    "0": [
      26,
      30,
      116,
      367,
      460,
      513,
      531,
      640,
      648,
      990,
      1053,
      1146,
      1167,
      1297,
      1317,
      1376,
      1393,
      1465,
      1740,
      1772,
      1773,
      1781,
      1857,
      1912,
      2076,
      2117,
      2195,
      2236,
      2254,
      2297,
      2309,
      2354,
      2423,
      2573,
      2673,
      2691,
      2692,
      2752,
      2789,
      2840,
      2937,
      2991,
      2993,
      3006,
      3012,
      3047,
      3054,
      3216,
      3256,
      3258,
      3261,
      3347,
      3395,
      3401,
      3441,
      3462,
      3525,
      3604,
      3668,
      3786,
      3848,
      3893,
      3941,
      4038,
      4059,
      4129,
      4150,
      4169,
      4195,
      4294,
      4341,
      4426,
      4466
    ],
    "1": [
      4,
      8,
      72,
      103,
      120,
      158,
      165,
      182,
      188,
      192,
      340,
      448,
      674,
      703,
      750,
      755,
      875,
      958,
      1027,
      1073,
      1107,
      1141,
      1170,
      1174,
      1198,
      1226,
      1289,
      1314,
      1502,
      1557,
      1606,
      1662,
      1754,
      1763,
      1806,
      1878,
      1961,
      1989,
      2015,
      2050,
      2104,
      2154,
      2259,
      2271,
      2316,
      2334,
      2341,
      2368,
      2429,
      2464,
      2470,
      2512,
      2641,
      2714,
      2817,
      2818,
      2872,
      2938,
      2985,
      3102,
      3173,
      3195,
      3232,
      3362,
      3479,
      3577,
      3630,
      3804,
      3858,
      3864,
      3910,
      4008,
      4028,
      4100,
      4119,
      4210,
      4216,
      4282,
      4423,
      4597
    ],
    "3": [
      126,
      267,
      311,
      327,
      354,
      447,
      545,
      704,
      761,
      779,
      789,
      844,
      1143,
      1195,
      1221,
      1254,
      1320,
      1353,
      1381,
      1556,
      1603,
      1756,
      1847,
      1875,
      1907,
      1923,
      1940,
      1959,
      2033,
      2069,
      2076,
      2091,
      2164,
      2183,
      2199,
      2292,
      2401,
      2486,
      2494,
      2560,
      2588,
      2591,
      2668,
      2685,
      2728,
      2838,
      2919,
      2927,
      3019,
      3158,
      3239,
      3290,
      3318,
      3373,
      3433,
      3448,
      3459,
      3480,
      3564,
      3569,
      3595,
      3792,
      3831,
      3917,
      4112,
      4160,
      4247,
      4255,
      4365,
      4433,
      4505,
      4607
    ],
    "8": [
      80,
      140,
      204,
      240,
      257,
      291,
      392,
      417,
      475,
      583,
      657,
      707,
      756,
      768,
      949,
      1004,
      1006,
      1057,
      1090,
      1136,
      1165,
      1166,
      1404,
      1444,
      1486,
      1494,
      1557,
      1560,
      1576,
      1664,
      1784,
      1870,
      1954,
      2004,
      2023,
      2127,
      2163,
      2199,
      2201,
      2240,
      2279,
      2344,
      2346,
      2361,
      2596,
      2605,
      2613,
      2636,
      2710,
      2717,
      2743,
      2897,
      2916,
      2928,
      2932,
      2961,
      3007,
      3193,
      3268,
      3380,
      3396,
      3485,
      3507,
      3667,
      3711,
      3735,
      3865,
      3914,
      4177,
      4310,
      4408,
      4471,
      4515,
      4534,
      4559,
      4605
    ],
    "7": [
      7,
      66,
      99,
      158,
      341,
      483,
      701,
      872,
      889,
      914,
      1088,
      1128,
      1256,
      1454,
      1496,
      1625,
      1709,
      1751,
      1824,
      1830,
      1898,
      1929,
      1935,
      1958,
      1969,
      2089,
      2091,
      2227,
      2248,
      2328,
      2433,
      2464,
      2513,
      2747,
      2802,
      2816,
      2994,
      2998,
      3135,
      3225,
      3316,
      3357,
      3486,
      3487,
      3551,
      3690,
      3760,
      3958,
      4421
    ],