{
  "entry": "B0UN75",
  "entry_name": "RPOZ_METS4",
  "type": "GLM_1",
  "prompt": "MARVTVEDCIDKVENRFELVLLAGHRARLLSSGAPLTVDRDRDKNPVVALREIADETITPDDLKEQLIHSLQKYVEVDEPEPEAVPLLSSSPAAAAVAPQAASGDDNDIQFDRMSEEDLLRGLENLAPPTETEDEGD[GLM]39-90-51",
  "k": 864,
  "original_sequence": "MARVTVEDCIDKVENRFELVLLAGHRARLLSSGAPLTVDRDRDKNPVVALREIADETITPDDLKEQLIHSLQKYVEVDEPEPEAVPLLSSSPAAAAVAPQAASGDDNDIQFDRMSEEDLLRGLENLAPPTETEDEGD",
  "original_ll": -0.9047406315803528,
  "original_perplexity": 2.4712910652160645,
  "progen3_sequence": "MARVTVEDCIDKVENRFELVLLAGHRARLLSSGAPLTVDPPVVRLGAKAEGEDFSIVYYRETRDLALFMKVNELLTIYFTPVTTSNGFPLSPAAAAVAPQAASGDDNDIQFDRMSEEDLLRGLENLAPPTETEDEGD",
  "progen3_ll": -3.629305601119995,
  "progen3_perplexity": 37.68663787841797,
  "max_sequence": "MARVTVEDCIDKVENRFELVLLAGHRARLLSSGAPLTVDILDRDNTEGIDQTDFDIGGEKRYPQLAEYEYYDSKLQLHRNRSDNTTAFVISPAAAAVAPQAASGDDNDIQFDRMSEEDLLRGLENLAPPTETEDEGD",
  "max_ll": -3.822974681854248,
  "max_perplexity": 45.74007034301758,
  "max_kl": 0.4055795669555664,
  "max_nmse": 0.05755588039755821,
  "base_sequence": "MARVTVEDCIDKVENRFELVLLAGHRARLLSSGAPLTVDRLLMMTMELLMEWWMMRNWMRRLMMVMMMVRYDQMMMMQSMMVMTQDTTMMSPAAAAVAPQAASGDDNDIQFDRMSEEDLLRGLENLAPPTETEDEGD",
  "base_ll": -3.4856555461883545,
  "base_perplexity": 32.64381790161133,
  "base_kl": 0.6233289241790771,
  "base_nmse": 0.8843926787376404,
  "recovered_sequence": "MARVTVEDCIDKVENRFELVLLAGHRARLLSSGAPLTVDRPVRRLREKFVMWPEMVVRYRRRRRLMMMMKRRMLLPMMRPREPMEMDFFLSPAAAAVAPQAASGDDNDIQFDRMSEEDLLRGLENLAPPTETEDEGD",
  "recovered_ll": -3.6516175270080566,
  "recovered_perplexity": 38.536949157714844,
  "recovered_kl": 0.5657695531845093,
  "recovered_nmse": 0.3424145579338074,
  "nodes": {
    "9": [
      12,
      18,
      27,
      33,
      41,
      50,
      57,
      59,
      69,
      76,
      88,
      111,
      114,
      128,
      162,
      234,
      239,
      248,
      302,
      305,
      325,
      361,
      384,
      391,
      398,
      402,
      438,
      470,
      488,
      494,
      506,
      516,
      520,
      528,
      541,
      573,
      574,
      588,
      625,
      629,
      636,
      665,
      706,
      715,
      729,
      744,
      752,
      760,
      770,
      790,
      792,
      826,
      828,
      858,
      911,
      923,
      931,
      932,
      967,
      980,
      981,
      992,
      1000,
      1005,
      1012,
      1040,
      1048,
      1061,
      1068,
      1088,
      1094,
      1111,
      1120,
      1193,
      1195,
      1200,
      1222,
      1230,
      1244,
      1256,
      1284,
      1285,
      1292,
      1314,
      1328,
      1340,
      1341,
      1343,
      1348,
      1352,
      1366,
      1384,
      1392,
      1394,
      1405,
      1406,
      1426,
      1431,
      1454,
      1486,
      1491,
      1521,
      1551,
      1554,
      1574,
      1582,
      1594,
      1651,
      1739,
      1751,
      1752,
      1795,
      1815,
      1824,
      1833,
      1837,
      1840,
      1858,
      1903,
      1934,
      1937,
      1957,
      1966,
      1968,
      1976,
      1980,
      1986,
      2017,
      2029,
      2047,
      2079,
      2094,
      2123,
      2132,
      2164,
      2183,
      2194,
      2204,
      2209,
      2218,
      2222,
      2223,
      2227,
      2230,
      2231,
      2282,
      2306,
      2313,
      2315,
      2319,
      2334,
      2342,
      2343,
      2372,
      2376,
      2390,
      2394,
      2411,
      2417,
      2418,
      2423,
      2427,
      2428,
      2430,
      2438,
      2443,
      2455,
      2504,
      2510,
      2511,
      2514,
      2535,
      2542,
      2543,
      2545,
      2559,
      2577,
      2619,
      2640,
      2641,
      2646,
      2674,
      2687,
      2731,
      2739,
      2741,
      2771,
      2775,
      2788,
      2814,
      2834,
      2836,
      2855,
      2876,
      2877,
      2882,
      2894,
      2900,
      2906,
      2911,
      2935,
      2941,
      2946,
      2953,
      2955,
      2957,
      2987,
      3016,
      3021,
      3023,
      3031,
      3036,
      3071,
      3073,
      3133,
      3147,
      3196,
      3255,
      3260,
      3262,
      3271,
      3273,
      3278,
      3296,
      3325,
      3331,
      3332,
      3346,
      3355,
      3372,
      3376,
      3395,
      3432,
      3466,
      3484,
      3487,
      3491,
      3499,
      3540,
      3563,
      3578,
      3590,
      3606,
      3609,
      3616,
      3624,
      3630,
      3657,
      3661,
      3685,
      3690,
      3698,
      3740,
      3760,
      3763,
      3783,
      3797,
      3799,
      3812,
      3821,
      3840,
      3854,
      3856,
      3861,
      3872,
      3899,
      3912,
      3920,
      3925,
      3980,
      3995,
      4011,
      4028,
      4029,
      4047,
      4050,
      4067,
      4069,
      4098,
      4107,
      4108,
      4118,
      4142,
      4168,
      4192,
      4202,
      4220,
      4231,
      4297,
      4320,
      4393,
      4415,
      4458,
      4462,
      4482,
      4520,
      4524,
      4529,
      4544,
      4575,
      4583,
      4590
    ],
    "8": [
      107,
      128,
      138,
      147,
      149,
      151,
      189,
      241,
      247,
      253,
      293,
      301,
      312,
      315,
      372,
      394,
      399,
      430,
      458,
      480,
      487,
      492,
      591,
      686,
      704,
      723,
      731,
      754,
      761,
      778,
      792,
      808,
      809,
      828,
      845,
      848,
      850,
      851,
      862,
      865,
      900,
      943,
      959,
      1015,
      1030,
      1097,
      1140,
      1152,
      1160,
      1198,
      1232,
      1237,
      1251,
      1304,
      1306,
      1375,
      1379,
      1385,
      1443,
      1458,
      1459,
      1484,
      1528,
      1554,
      1557,
      1576,
      1615,
      1649,
      1664,
      1669,
      1773,
      1778,
      1784,
      1790,
      1791,
      1826,
      1838,
      1859,
      1893,
      1898,
      1947,
      1955,
      1958,
      2040,
      2077,
      2130,
      2168,
      2224,
      2268,
      2297,
      2307,
      2344,
      2389,
      2456,
      2524,
      2534,
      2536,
      2557,
      2606,
      2619,
      2634,
      2636,
      2642,
      2647,
      2695,
      2702,
      2734,
      2775,
      2781,
      2786,
      2834,
      2887,
      2910,
      2932,
      2939,
      2999,
      3007,
      3013,
      3044,
      3058,
      3092,
      3127,
      3162,
      3185,
      3193,
      3212,
      3236,
      3263,
      3266,
      3283,
      3307,
      3326,
      3329,
      3356,
      3380,
      3389,
      3395,
      3406,
      3419,
      3440,
      3490,
      3501,
      3512,
      3528,
      3543,
      3560,
      3563,
      3590,
      3607,
      3652,
      3669,
      3686,
      3690,
      3709,
      3719,
      3741,
      3828,
      3835,
      3865,
      3938,
      4096,
      4120,
      4135,
      4145,
      4173,
      4176,
      4294,
      4325,
      4326,
      4333,
      4350,
      4532,
      4549,
      4569,
      4606
    ],