{
  "entry": "C0QBV4",
  "entry_name": "RS6_DESAH",
  "type": "GLM_2",
  "prompt": "MRMYETIFITDPDLQDEVRNTLFDRFKGILEQEGGILANFDDWGNKKLAYEIAKKPRGHYVCMTYGGTGTLVTELERNFRLDDKILKYMTILLEKDIDPEALKLQIDAEAAAKSEADAAKAEADAARVEAEAKKAETDETDETVDAETPENEEEN[GLM]33-60-27",
  "k": 480,
  "original_sequence": "MRMYETIFITDPDLQDEVRNTLFDRFKGILEQEGGILANFDDWGNKKLAYEIAKKPRGHYVCMTYGGTGTLVTELERNFRLDDKILKYMTILLEKDIDPEALKLQIDAEAAAKSEADAAKAEADAARVEAEAKKAETDETDETVDAETPENEEEN",
  "original_ll": -1.5867682695388794,
  "original_perplexity": 4.887927055358887,
  "progen3_sequence": "MRMYETIFITDPDLQDEVRNTLFDRFKGILEQEMMVLRDIQVAVVYPVLPINEEIFVNYRVCMTYGGTGTLVTELERNFRLDDKILKYMTILLEKDIDPEALKLQIDAEAAAKSEADAAKAEADAARVEAEAKKAETDETDETVDAETPENEEEN",
  "progen3_ll": -3.399526357650757,
  "progen3_perplexity": 29.949909210205078,
  "max_sequence": "MRMYETIFITDPDLQDEVRNTLFDRFKGILEQEETDRLLVELLLFLLYVSEAVAEYDGSDVCMTYGGTGTLVTELERNFRLDDKILKYMTILLEKDIDPEALKLQIDAEAAAKSEADAAKAEADAARVEAEAKKAETDETDETVDAETPENEEEN",
  "max_ll": -3.0611371994018555,
  "max_perplexity": 21.351825714111328,
  "max_kl": 0.3184356093406677,
  "max_nmse": 0.02938590943813324,
  "base_sequence": "MRMYETIFITDPDLQDEVRNTLFDRFKGILEQEYYRYMMPMMPMVMYMYMKMLMMMCMCMVCMTYGGTGTLVTELERNFRLDDKILKYMTILLEKDIDPEALKLQIDAEAAAKSEADAAKAEADAARVEAEAKKAETDETDETVDAETPENEEEN",
  "base_ll": -3.7743422985076904,
  "base_perplexity": 43.568843841552734,
  "base_kl": 0.5828278064727783,
  "base_nmse": 0.2044113129377365,
  "recovered_sequence": "MRMYETIFITDPDLQDEVRNTLFDRFKGILEQEMKVYRYPVYDVVVYVLPIDEMYYVDYDVCMTYGGTGTLVTELERNFRLDDKILKYMTILLEKDIDPEALKLQIDAEAAAKSEADAAKAEADAARVEAEAKKAETDETDETVDAETPENEEEN",
  "recovered_ll": -3.22709059715271,
  "recovered_perplexity": 25.20621681213379,
  "recovered_kl": 0.3390261232852936,
  "recovered_nmse": 0.10228937119245529,
  "nodes": {
    "9": [
      12,
      44,
      88,
      101,
      126,
      224,
      234,
      300,
      302,
      305,
      310,
      311,
      345,
      466,
      486,
      506,
      528,
      543,
      588,
      606,
      607,
      654,
      667,
      696,
      706,
      715,
      732,
      742,
      828,
      960,
      967,
      978,
      987,
      992,
      1004,
      1016,
      1061,
      1081,
      1088,
      1126,
      1176,
      1184,
      1245,
      1254,
      1285,
      1348,
      1352,
      1362,
      1394,
      1396,
      1456,
      1551,
      1562,
      1566,
      1633,
      1651,
      1732,
      1803,
      1844,
      1858,
      1882,
      1903,
      1934,
      1937,
      1957,
      1980,
      2017,
      2061,
      2097,
      2194,
      2218,
      2231,
      2254,
      2276,
      2319,
      2332,
      2417,
      2428,
      2438,
      2465,
      2475,
      2514,
      2516,
      2534,
      2535,
      2599,
      2609,
      2618,
      2620,
      2678,
      2695,
      2704,
      2771,
      2788,
      2802,
      2817,
      2877,
      2911,
      2935,
      2987,
      3011,
      3021,
      3077,
      3096,
      3116,
      3157,
      3192,
      3228,
      3262,
      3266,
      3284,
      3314,
      3338,
      3363,
      3414,
      3461,
      3528,
      3540,
      3577,
      3624,
      3661,
      3685,
      3715,
      3763,
      3795,
      3797,
      3821,
      3872,
      3877,
      3911,
      3912,
      3920,
      3972,
      3995,
      4007,
      4028,
      4069,
      4091,
      4098,
      4142,
      4157,
      4287,
      4313,
      4320,
      4325,
      4350,
      4393,
      4405,
      4417,
      4424,
      4442,
      4444,
      4454,
      4504,
      4590,
      4599,
      4604
    ],
    "8": [
      128,
      149,
      174,
      298,
      339,
      368,
      405,
      458,
      476,
      487,
      510,
      540,
      644,
      647,
      686,
      716,
      723,
      845,
      863,
      959,
      1027,
      1160,
      1231,
      1306,
      1311,
      1396,
      1399,
      1413,
      1439,
      1484,
      1576,
      1687,
      1791,
      1804,
      1851,
      1859,
      1862,
      1898,
      1951,
      2134,
      2140,
      2167,
      2168,
      2245,
      2256,
      2358,
      2489,
      2583,
      2599,
      2605,
      2647,
      2703,
      2812,
      2817,
      2836,
      2843,
      2846,
      2893,
      2910,
      2965,
      3009,
      3054,
      3142,
      3236,
      3266,
      3274,
      3283,
      3361,
      3387,
      3389,
      3419,
      3437,
      3440,
      3470,
      3480,
      3486,
      3499,
      3528,
      3531,
      3536,
      3560,
      3563,
      3641,
      3647,
      3659,
      3690,
      3709,
      3825,
      3826,
      3865,
      3970,
      3972,
      4011,
      4024,
      4096,
      4145,
      4166,
      4176,
      4268,
      4273,
      4310,
      4391,
      4415,
      4499,
      4506,
      4511,
      4515,
      4537,
      4605,
      4606
    ],
    "0": [
      276,
      694,
      933,
      1026,
      1297,
      1521,
      2299,
      2692,
      2888,
      2968,
      2984,
      3182,
      3256,
      3580,
      3853,
      3963,
      4268,
      4426,
      4488,
      4596
    ],
    "7": [
      7,
      206,
      208,
      230,
      284,
      428,
      483,
      530,
      689,
      690,
      770,
      771,
      836,
      971,
      982,
      997,
      1059,
      1085,
      1172,
      1181,
      1252,
      1442,
      1488,
      1499,
      1578,
      1899,
      1969,
      1986,
      2001,
      2227,
      2500,
      2519,
      2558,
      2667,
      2731,
      2753,
      2802,
      2890,
      2900,
      2978,
      3001,
      3154,
      3251,
      3419,
      3427,
      3459,
      3570,
      3649,
      3951,
      4065,
      4186,
      4243,
      4296,
      4299,
      4317,
      4452,
      4480,
      4487,
      4530
    ],
    "6": [
      118,
      195,
      439,
      441,
      524,
      639,
      709,
      849,
      883,
      954,
      960,
      965,
      1063,
      1120,
      1130,
      1146,
      1166,
      1247,
      1323,
      1421,
      1508,
      1607,
      1699,
      1726,
      1730,
      1751,
      1954,
      2039,
      2079,
      2126,
      2259,
      2266,
      2290,
      2358,
      2370,
      2460,
      2495,
      2523,
      2641,
      2655,
      2733,
      2841,
      2897,
      2903,
      2916,
      3217,
      3229,
      3231,
      3281,
      3375,
      3396,
      3518,
      3555,
      3655,
      3697,
      3820,
      3970,
      3983,
      4216,
      4301,
      4312,
      4416,
      4529,
      4569,
      4598
    ],
    "4": [
      522,
      692,
      885,
      1082,
      1201,
      1284,
      1674,
      1895,
      2308,
      2540,
      2605,
      2779,
      2915,
      3195,
      3410,
      3438,
      3557,
      3965,
      4037,
      4134,
      4159,
      4518,
      4582
    ],
    "5": [
      32,
      39,
      615,
      695,
      776,
      851,
      857,
      979,
      1036,
      1201,
      1394,
      1661,
      2140,
      2182,
      3092,
      3119,
      3338,
      3385,
      3441,
      3681,
      3932,
      4003,
      4049,
      4066,
      4208,
      4597
    ],
    "3": [
      560,
      812,
      1755,
      2030,
      2354,
      2368,
      3349,
      3951,
      4192
    ],
    "2": [
      665,
      1514,
      2103,
      2568,
      3203
    ],
    "1": [
      346,
      791,
      1548,
      2104,
      3896,
      4280
    ]
  }
}
