{
  "entry": "C4K415",
  "entry_name": "ZAPB_HAMD5",
  "type": "CLM",
  "prompt": "MSLEALDQLQEKVQKMLEANALLQMEIEEFKEKNIVLEEKINAISAQQKDLVDQNNELKQEKT",
  "k": 672,
  "original_sequence": "MSLEALDQLQEKVQKMLEANALLQMEIEEFKEKNIVLEEKINAISAQQKDLVDQNNELKQEKTVWQNRLNSLLGKMDDI",
  "original_ll": -2.4345459938049316,
  "original_perplexity": 11.410637855529785,
  "progen3_sequence": "MSLEALDQLQEKVQKMLEANALLQMEIEEFKEKNIVLEEKINAISAQQKDLVDQNNELKQEKTKLNEQIEKLNQEKENL",
  "progen3_ll": -1.646608591079712,
  "progen3_perplexity": 5.189350605010986,
  "max_sequence": "MSLEALDQLQEKVQKMLEANALLQMEIEEFKEKNIVLEEKINAISAQQKDLVDQNNELKQEKTKLKQSLKKLKTKKEEL",
  "max_ll": -2.0022189617156982,
  "max_perplexity": 7.405470848083496,
  "max_kl": 0.029300006106495857,
  "max_nmse": 0.007708466146141291,
  "base_sequence": "MSLEALDQLQEKVQKMLEANALLQMEIEEFKEKNIVLEEKINAISAQQKDLVDQNNELKQEKTKYKLEKENDKKQKKIK",
  "base_ll": -2.423640251159668,
  "base_perplexity": 11.286871910095215,
  "base_kl": 0.2442479133605957,
  "base_nmse": 0.04167108237743378,
  "recovered_sequence": "MSLEALDQLQEKVQKMLEANALLQMEIEEFKEKNIVLEEKINAISAQQKDLVDQNNELKQEKTELNEQIEKLNEEIEDL",
  "recovered_ll": -1.7437567710876465,
  "recovered_perplexity": 5.718787670135498,
  "recovered_kl": 0.04817409813404083,
  "recovered_nmse": 0.010496996343135834,
  "nodes": {
    "9": [
      12,
      57,
      162,
      258,
      269,
      353,
      406,
      407,
      414,
      429,
      465,
      466,
      538,
      545,
      555,
      569,
      631,
      654,
      706,
      745,
      760,
      767,
      803,
      804,
      932,
      957,
      967,
      980,
      1043,
      1049,
      1081,
      1184,
      1190,
      1320,
      1352,
      1374,
      1394,
      1401,
      1402,
      1426,
      1440,
      1483,
      1491,
      1523,
      1567,
      1579,
      1613,
      1663,
      1713,
      1778,
      1828,
      1844,
      1851,
      1941,
      1943,
      1951,
      1957,
      2076,
      2097,
      2183,
      2212,
      2224,
      2264,
      2287,
      2289,
      2376,
      2417,
      2423,
      2455,
      2484,
      2510,
      2511,
      2516,
      2524,
      2542,
      2592,
      2642,
      2732,
      2739,
      2787,
      2819,
      2828,
      2858,
      2865,
      2941,
      2946,
      2949,
      3004,
      3021,
      3045,
      3050,
      3140,
      3199,
      3230,
      3346,
      3372,
      3414,
      3516,
      3540,
      3611,
      3624,
      3649,
      3718,
      3740,
      3760,
      3779,
      3821,
      3841,
      3861,
      3863,
      3866,
      3934,
      3999,
      4079,
      4106,
      4129,
      4232,
      4279,
      4288,
      4417,
      4439,
      4469,
      4482,
      4495,
      4503,
      4530,
      4544,
      4603
    ],
    "5": [
      3,
      57,
      70,
      142,
      198,
      237,
      261,
      330,
      446,
      470,
      473,
      488,
      573,
      731,
      845,
      884,
      936,
      956,
      968,
      981,
      1078,
      1346,
      1405,
      1532,
      1623,
      1708,
      1755,
      1817,
      1848,
      1895,
      1979,
      2016,
      2026,
      2028,
      2034,
      2215,
      2279,
      2392,
      2403,
      2418,
      2628,
      2777,
      2791,
      2921,
      2965,
      3020,
      3023,
      3203,
      3254,
      3381,
      3392,
      3536,
      3568,
      3575,
      3597,
      3665,
      3670,
      3714,
      3807,
      3808,
      3818,
      3827,
      3836,
      3855,
      3878,
      3888,
      3905,
      3910,
      3930,
      3961,
      4044,
      4078,
      4238,
      4246,
      4262,
      4268,
      4310,
      4335,
      4340,
      4394,
      4558,
      4601
    ],
    "4": [
      30,
      132,
      145,
      190,
      301,
      414,
      454,
      483,
      667,
      834,
      916,
      930,
      964,
      1112,
      1259,
      1301,
      1341,
      1537,
      1541,
      1564,
      1570,
      1611,
      1623,
      1818,
      1819,
      1858,
      1859,
      1967,
      1990,
      2158,
      2268,
      2269,
      2271,
      2275,
      2411,
      2413,
      2459,
      2540,
      2547,
      2566,
      2625,
      2643,
      2666,
      2726,
      2746,
      2854,
      2944,
      2950,
      2967,
      3014,
      3023,
      3156,
      3212,
      3226,
      3230,
      3293,
      3320,
      3331,
      3373,
      3394,
      3410,
      3694,
      3841,
      3966,
      3971,
      4003,
      4029,
      4037,
      4171,
      4186,
      4217,
      4319
    ],
    "3": [
      4,
      37,
      89,
      173,
      191,
      287,
      312,
      394,
      474,
      545,
      669,
      698,
      734,
      792,
      804,
      811,
      862,
      871,
      884,
      948,
      994,
      1063,
      1104,
      1192,
      1193,
      1221,
      1464,
      1475,
      1497,
      1501,
      1542,
      1585,
      1606,
      1793,
      1801,
      1857,
      1859,
      1872,
      2009,
      2015,
      2051,
      2110,
      2120,
      2185,
      2328,
      2355,
      2442,
      2445,
      2461,
      2462,
      2543,
      2615,
      2640,
      2720,
      2734,
      2743,
      2759,
      2816,
      3001,
      3050,
      3081,
      3157,
      3176,
      3196,
      3222,
      3249,
      3257,
      3364,
      3421,
      3437,
      3474,
      3618,
      3671,
      3684,
      3725,
      3828,
      3883,
      3991,
      4004,
      4102,
      4133,
      4262,
      4312,
      4344,
      4400,
      4409,
      4412,
      4432,
      4467,
      4553,
      4564
    ],
    "7": [
      76,
      164,
      233,
      241,
      244,
      372,
      446,
      473,
      521,
      530,
      642,
      647,
      689,
      719,
      731,
      781,
      857,
      1033,
      1076,
      1208,
      1256,
      1262,
      1291,
      1319,
      1336,
      1442,
      1445,
      1461,
      1495,
      1578,
      1625,
      1666,
      1875,
      2037,
      2110,
      2164,
      2195,
      2365,
      2395,
      2459,
      2580,
      2666,
      2680,
      2802,
      2940,
      2994,
      3010,
      3038,
      3051,
      3286,
      3295,
      3503,
      3621,
      3632,
      3700,
      3760,
      3788,
      3883,
      3956,
      4014,
      4045,
      4058,
      4261,
      4335,
      4457,
      4471,
      4491,
      4508,
      4509,
      4549
    ],
    "6": [
      20,
      21,
      131,
      226,
      323,
      386,
      447,
      485,
      499,
      592,
      594,
      600,
      750,
      846,
      883,
      932,
      942,
      947,
      1174,
      1178,
      1192,
      1283,
      1320,
      1348,
      1363,
      1423,
      1444,
      1516,
      1575,
      1576,
      1639,
      1684,
      1693,
      1710,
      1729,
      1756,
      1899,
      1945,
      2010,
      2157,
      2160,
      2305,
      2588,
      2608,
      2649,
      2670,
      2799,
      2898,
      2962,
      2970,
      3003,
      3123,
      3365,
      3367,
      3390,
      3466,
      3563,
      3633,
      3734,
      3782,
      3799,
      3900,
      3921,
      3952,
      4015,
      4111,
      4191,
      4195,
      4223,
      4415,
      4425,
      4504,
      4591
    ],
    "8": [
      94,
      463,
      830,
      907,
      991,
      1232,
      1306,
      1408,
      1557,
      1664,
      1678,
      1751,
      1838,
      2005,
      2013,
      2044,
      2112,
      2401,
      2463,
      2479,
      2585,
      2590,
      2763,
      2898,
      2956,
      2967,
      3005,
      3142,
      3153,
      3214,
      3217,
      3236,
      3380,
      3430,
      3708,
      3786,
      3850,
      4337,
      4555
    ],