{
  "entry": "E1BHC3",
  "entry_name": "PT100_BOVIN",
  "type": "CLM",
  "prompt": "MGVKLEVFRMTIYLTFPVAMFWIANQAEWFEDYVIQRKRELWPPEKEDQRRELEEFKERI",
  "k": 992,
  "original_sequence": "MGVKLEVFRMTIYLTFPVAMFWIANQAEWFEDYVIQRKRELWPPEKEDQRRELEEFKERIRKQREEKLLRAAQQGP",
  "original_ll": -2.5215938091278076,
  "original_perplexity": 12.448421478271484,
  "progen3_sequence": "MGVKLEVFRMTIYLTFPVAMFWIANQAEWFEDYVIQRKRELWPPEKEDQRRELEEFKERIEARDGDSGAPGESEAG",
  "progen3_ll": -2.627899646759033,
  "progen3_perplexity": 13.844660758972168,
  "max_sequence": "MGVKLEVFRMTIYLTFPVAMFWIANQAEWFEDYVIQRKRELWPPEKEDQRRELEEFKERIESDEERLAKIKSDTG",
  "max_ll": -2.5432348251342773,
  "max_perplexity": 12.72075366973877,
  "max_kl": 0.007598547264933586,
  "max_nmse": 0.0037737744860351086,
  "base_sequence": "MGVKLEVFRMTIYLTFPVAMFWIANQAEWFEDYVIQRKRELWPPEKEDQRRELEEFKERILEGKDDIDERVRSDG",
  "base_ll": -2.768184185028076,
  "base_perplexity": 15.929681777954102,
  "base_kl": 0.11994357407093048,
  "base_nmse": 0.2234908938407898,
  "recovered_sequence": "MGVKLEVFRMTIYLTFPVAMFWIANQAEWFEDYVIQRKRELWPPEKEDQRRELEEFKERIEARDQDSAPEESEAE",
  "recovered_ll": -2.645569324493408,
  "recovered_perplexity": 14.09146499633789,
  "recovered_kl": 0.026881888508796692,
  "recovered_nmse": 0.00906419102102518,
  "nodes": {
    "9": [
      12,
      162,
      269,
      353,
      407,
      429,
      464,
      538,
      545,
      555,
      631,
      737,
      745,
      758,
      760,
      875,
      909,
      957,
      967,
      1043,
      1092,
      1184,
      1190,
      1302,
      1320,
      1374,
      1426,
      1491,
      1530,
      1579,
      1713,
      1725,
      1828,
      1832,
      1835,
      1844,
      1851,
      1906,
      1942,
      1951,
      1957,
      2001,
      2029,
      2046,
      2076,
      2097,
      2191,
      2224,
      2287,
      2376,
      2383,
      2388,
      2423,
      2455,
      2510,
      2561,
      2642,
      2708,
      2732,
      2739,
      2787,
      2840,
      2858,
      2865,
      2941,
      2946,
      2975,
      3004,
      3008,
      3050,
      3140,
      3147,
      3199,
      3245,
      3272,
      3325,
      3346,
      3372,
      3382,
      3422,
      3516,
      3523,
      3540,
      3624,
      3740,
      3760,
      3779,
      3802,
      3821,
      3836,
      3841,
      3856,
      3880,
      4010,
      4079,
      4106,
      4129,
      4145,
      4190,
      4232,
      4263,
      4279,
      4288,
      4458,
      4482,
      4533,
      4544,
      4603
    ],
    "3": [
      37,
      89,
      106,
      143,
      146,
      155,
      176,
      203,
      381,
      385,
      491,
      544,
      545,
      669,
      683,
      712,
      731,
      792,
      804,
      836,
      851,
      862,
      868,
      871,
      884,
      948,
      963,
      994,
      1063,
      1075,
      1089,
      1110,
      1213,
      1475,
      1484,
      1501,
      1530,
      1537,
      1542,
      1551,
      1664,
      1704,
      1707,
      1745,
      1780,
      1801,
      1803,
      1859,
      1872,
      1907,
      1939,
      1956,
      2179,
      2221,
      2328,
      2522,
      2543,
      2639,
      2640,
      2743,
      2926,
      2945,
      2953,
      3001,
      3007,
      3055,
      3081,
      3131,
      3157,
      3197,
      3222,
      3249,
      3281,
      3341,
      3358,
      3437,
      3675,
      3684,
      3699,
      3725,
      3768,
      3933,
      4004,
      4068,
      4090,
      4131,
      4133,
      4344,
      4412,
      4432,
      4447,
      4455,
      4461
    ],
    "5": [
      17,
      70,
      107,
      140,
      198,
      201,
      330,
      398,
      470,
      473,
      488,
      490,
      513,
      616,
      637,
      648,
      678,
      686,
      701,
      706,
      845,
      884,
      893,
      956,
      981,
      1025,
      1070,
      1078,
      1191,
      1226,
      1237,
      1249,
      1253,
      1384,
      1405,
      1457,
      1477,
      1532,
      1733,
      1786,
      1796,
      1817,
      1848,
      1892,
      1895,
      1923,
      1969,
      1979,
      2016,
      2018,
      2020,
      2026,
      2118,
      2243,
      2279,
      2336,
      2415,
      2509,
      2535,
      2597,
      2628,
      2675,
      2777,
      2781,
      2848,
      2965,
      3020,
      3056,
      3066,
      3093,
      3096,
      3155,
      3207,
      3244,
      3254,
      3263,
      3276,
      3319,
      3381,
      3383,
      3440,
      3459,
      3526,
      3536,
      3587,
      3588,
      3597,
      3615,
      3759,
      3766,
      3791,
      3808,
      3825,
      3855,
      3905,
      3910,
      3961,
      4044,
      4067,
      4084,
      4104,
      4124,
      4180,
      4223,
      4262,
      4335,
      4381,
      4394,
      4406,
      4521,
      4559,
      4602
    ],
    "0": [
      79,
      124,
      146,
      236,
      286,
      306,
      318,
      388,
      449,
      463,
      512,
      515,
      547,
      594,
      611,
      639,
      641,
      667,
      694,
      706,
      722,
      734,
      753,
      808,
      817,
      832,
      834,
      857,
      868,
      939,
      972,
      982,
      1033,
      1038,
      1101,
      1136,
      1175,
      1205,
      1206,
      1228,
      1297,
      1350,
      1361,
      1554,
      1565,
      1588,
      1648,
      1772,
      1800,
      1809,
      1849,
      1939,
      2006,
      2031,
      2053,
      2122,
      2201,
      2265,
      2296,
      2299,
      2329,
      2355,
      2410,
      2511,
      2531,
      2542,
      2581,
      2594,
      2595,
      2678,
      2711,
      2728,
      2741,
      2782,
      2847,
      2900,
      2904,
      2928,
      2936,
      2948,
      2968,
      2984,
      3050,
      3066,
      3068,
      3078,
      3103,
      3122,
      3139,
      3182,
      3205,
      3224,
      3278,
      3284,
      3322,
      3347,
      3444,
      3614,
      3627,
      3644,
      3655,
      3667,
      3668,
      3698,
      3701,
      3726,
      3740,
      3853,
      3865,
      3940,
      3942,
      3971,
      3994,
      4072,
      4156,
      4168,
      4177,
      4195,
      4259,
      4279,
      4300,
      4360,
      4426,
      4466,
      4488,
      4507,
      4531,
      4534,
      4551,
      4556,
      4567,
      4569,
      4581,
      4596
    ],
    "8": [
      349,
      372,
      391,
      417,
      628,
      949,
      1008,
      1064,
      1136,
      1258,
      1408,
      1417,
      1444,
      1486,
      1548,
      1557,
      1664,
      1676,
      1678,
      1744,
      1790,
      1956,
      2077,
      2109,
      2112,
      2199,
      2201,
      2329,
      2463,
      2479,
      2539,
      2540,
      2567,
      2587,
      2596,
      2605,
      2621,
      2710,
      2729,
      2779,
      2898,
      3040,
      3042,
      3107,
      3153,
      3195,
      3217,
      3236,
      3248,
      3485,
      3648,
      3741,
      3849,
      3960,
      4030,
      4135,
      4310,
      4471,
      4534
    ],