{
  "entry": "F4CQ78",
  "entry_name": "RBS_PSEUX",
  "type": "GLM_1",
  "prompt": "MRITQGTFSYLPDFTDEEITAQINYALTNDWPLSVEFTDDPHPRNTYWEMWGLPMFDLRDPAGVLMEVNACRAANPNAYVRLNAYDASLGRQTTALSFIVQRPAEEPGFRLDRAEGRGRAIGYTTHSYATERPVGDRYTQG[GLM]103-116-13",
  "k": 992,
  "original_sequence": "MRITQGTFSYLPDFTDEEITAQINYALTNDWPLSVEFTDDPHPRNTYWEMWGLPMFDLRDPAGVLMEVNACRAANPNAYVRLNAYDASLGRQTTALSFIVQRPAEEPGFRLDRAEGRGRAIGYTTHSYATERPVGDRYTQG",
  "original_ll": -1.5033535957336426,
  "original_perplexity": 4.496744155883789,
  "progen3_sequence": "MRITQGTFSYLPDFTDEEITAQINYALTNDWPLSVEFTDDPHPRNTYWEMWGLPMFDLRDPAGVLMEVNACRAANPNAYVRLNAYDASLGRQTTALSFIVQRPVVALMVDMLGLDDRGRAIGYTTHSYATERPVGDRYTQG",
  "progen3_ll": -3.3327887058258057,
  "progen3_perplexity": 28.0163631439209,
  "max_sequence": "MRITQGTFSYLPDFTDEEITAQINYALTNDWPLSVEFTDDPHPRNTYWEMWGLPMFDLRDPAGVLMEVNACRAANPNAYVRLNAYDASLGRQTTALSFIVQRPVITPNNTTERTNYRGRAIGYTTHSYATERPVGDRYTQG",
  "max_ll": -3.213256597518921,
  "max_perplexity": 24.859914779663086,
  "max_kl": 0.27204373478889465,
  "max_nmse": 0.08145440369844437,
  "base_sequence": "MRITQGTFSYLPDFTDEEITAQINYALTNDWPLSVEFTDDPHPRNTYWEMWGLPMFDLRDPAGVLMEVNACRAANPNAYVRLNAYDASLGRQTTALSFIVQRPLPPMDRCRCVVDMRGRAIGYTTHSYATERPVGDRYTQG",
  "base_ll": -3.4473071098327637,
  "base_perplexity": 31.415679931640625,
  "base_kl": 0.46388500928878784,
  "base_nmse": 1.1188971996307373,
  "recovered_sequence": "MRITQGTFSYLPDFTDEEITAQINYALTNDWPLSVEFTDDPHPRNTYWEMWGLPMFDLRDPAGVLMEVNACRAANPNAYVRLNAYDASLGRQTTALSFIVQRPPPPPPDDRFRRPDRGRAIGYTTHSYATERPVGDRYTQG",
  "recovered_ll": -3.055877923965454,
  "recovered_perplexity": 21.239824295043945,
  "recovered_kl": 0.44575297832489014,
  "recovered_nmse": 0.7333537340164185,
  "nodes": {
    "9": [
      12,
      15,
      27,
      33,
      41,
      50,
      95,
      141,
      224,
      280,
      321,
      345,
      384,
      428,
      458,
      466,
      498,
      573,
      574,
      588,
      636,
      662,
      667,
      706,
      715,
      729,
      790,
      826,
      828,
      878,
      937,
      980,
      981,
      992,
      997,
      1016,
      1040,
      1073,
      1088,
      1094,
      1101,
      1120,
      1126,
      1222,
      1251,
      1256,
      1285,
      1340,
      1346,
      1352,
      1366,
      1381,
      1384,
      1394,
      1396,
      1574,
      1586,
      1648,
      1683,
      1783,
      1858,
      1934,
      1957,
      1968,
      1969,
      1980,
      2007,
      2008,
      2019,
      2020,
      2026,
      2043,
      2079,
      2104,
      2122,
      2123,
      2164,
      2170,
      2218,
      2231,
      2266,
      2276,
      2278,
      2312,
      2344,
      2349,
      2376,
      2394,
      2413,
      2417,
      2427,
      2466,
      2475,
      2488,
      2511,
      2514,
      2521,
      2542,
      2545,
      2551,
      2572,
      2580,
      2614,
      2619,
      2687,
      2697,
      2704,
      2732,
      2771,
      2788,
      2795,
      2824,
      2832,
      2938,
      2955,
      3021,
      3023,
      3028,
      3038,
      3073,
      3075,
      3077,
      3122,
      3192,
      3196,
      3228,
      3234,
      3260,
      3266,
      3292,
      3296,
      3331,
      3346,
      3355,
      3363,
      3370,
      3372,
      3373,
      3385,
      3401,
      3432,
      3461,
      3474,
      3491,
      3495,
      3531,
      3540,
      3624,
      3649,
      3690,
      3691,
      3700,
      3763,
      3791,
      3795,
      3797,
      3840,
      3851,
      3881,
      3938,
      4048,
      4070,
      4098,
      4108,
      4142,
      4169,
      4182,
      4220,
      4231,
      4402,
      4420,
      4422,
      4444,
      4459,
      4462,
      4472,
      4520,
      4521,
      4544,
      4590
    ],
    "8": [
      4,
      65,
      136,
      148,
      188,
      202,
      243,
      263,
      283,
      293,
      311,
      392,
      450,
      480,
      487,
      527,
      562,
      583,
      599,
      617,
      643,
      657,
      723,
      782,
      808,
      817,
      835,
      841,
      845,
      854,
      863,
      900,
      907,
      949,
      991,
      1009,
      1018,
      1027,
      1042,
      1085,
      1120,
      1156,
      1166,
      1232,
      1269,
      1306,
      1335,
      1375,
      1384,
      1390,
      1395,
      1400,
      1408,
      1495,
      1560,
      1579,
      1670,
      1678,
      1701,
      1738,
      1739,
      1768,
      1804,
      1859,
      1862,
      1867,
      1870,
      1887,
      1890,
      1915,
      1948,
      2016,
      2020,
      2069,
      2095,
      2154,
      2163,
      2189,
      2199,
      2201,
      2203,
      2237,
      2297,
      2344,
      2398,
      2407,
      2431,
      2466,
      2497,
      2516,
      2536,
      2567,
      2585,
      2605,
      2615,
      2621,
      2634,
      2646,
      2665,
      2689,
      2690,
      2702,
      2741,
      2786,
      2868,
      2893,
      2935,
      2945,
      2996,
      2999,
      3005,
      3009,
      3033,
      3142,
      3162,
      3170,
      3193,
      3236,
      3248,
      3254,
      3256,
      3263,
      3267,
      3359,
      3392,
      3434,
      3437,
      3440,
      3536,
      3631,
      3653,
      3669,
      3698,
      3862,
      3880,
      3887,
      3956,
      3963,
      3972,
      3986,
      4011,
      4094,
      4118,
      4121,
      4145,
      4207,
      4211,
      4248,
      4263,
      4268,
      4294,
      4391,
      4481,
      4497,
      4515,
      4605
    ],
    "0": [
      171,
      345,
      547,
      648,
      694,
      753,
      823,
      933,
      944,
      951,
      957,
      972,
      990,
      1041,
      1101,
      1297,
      1373,
      1408,
      1491,
      1570,
      1622,
      1772,
      1777,
      1882,
      2094,
      2172,
      2258,
      2299,
      2595,
      2678,
      2692,
      2727,
      2889,
      2937,
      2956,
      2968,
      2972,
      2984,
      3182,
      3307,
      3634,
      3665,
      3698,
      3721,
      3726,
      3733,
      3781,
      3853,
      3933,
      3963,
      4195,
      4218,
      4274,
      4385,
      4418,
      4426,
      4466,
      4596
    ],
    "7": [
      11,
      78,
      117,
      230,
      242,
      261,
      291,
      313,
      341,
      345,
      370,
      372,
      419,
      491,
      517,
      689,
      744,
      781,
      829,
      885,
      907,
      992,
      1005,
      1040,
      1151,
      1244,
      1286,
      1453,
      1454,
      1634,
      1648,
      1760,
      1816,
      1824,
      1929,
      1969,
      2078,
      2427,
      2500,
      2517,
      2802,
      2877,
      3135,
      3216,
      3251,
      3263,
      3381,
      3398,
      3465,
      3711,
      3755,
      3825,
      3847,
      4002,
      4141,
      4421
    ],