{
  "entry": "F4JBX1",
  "entry_name": "RGF10_ARATH",
  "type": "CLM",
  "prompt": "MDMLRSACFYFLLIVFVILSWSLLCDSRHLGHMEKKLSVNLDLLNKDNEEITKLEAPSTNKTNTLLSQSHAVVNHGDNGQINGKKTKEIHRVKRASDKKVSSKRVSRTWKIPKY",
  "k": 928,
  "original_sequence": "MDMLRSACFYFLLIVFVILSWSLLCDSRHLGHMEKKLSVNLDLLNKDNEEITKLEAPSTNKTNTLLSQSHAVVNHGDNGQINGKKTKEIHRVKRASDKKVSSKRVSRTWKIPKYPKKQPKSDQEHPGFNLDYMQPTTHPPHHN",
  "original_ll": -2.9867005348205566,
  "original_perplexity": 19.820178985595703,
  "progen3_sequence": "MDMLRSACFYFLLIVFVILSWSLLCDSRHLGHMEKKLSVNLDLLNKDNEEITKLEAPSTNKTNTLLSQSHAVVNHGDNGQINGKKTKEIHRVKRASDKKVSSKRVSRTWKIPKYTKKSKTISDGKNTLQGKKQKKVSKSKKSK",
  "progen3_ll": -2.3794074058532715,
  "progen3_perplexity": 10.798502922058105,
  "max_sequence": "MDMLRSACFYFLLIVFVILSWSLLCDSRHLGHMEKKLSVNLDLLNKDNEEITKLEAPSTNKTNTLLSQSHAVVNHGDNGQINGKKTKEIHRVKRASDKKVSSKRVSRTWKIPKYKESSIKNKKKLERETVKKTTSKERASEKK",
  "max_ll": -2.4287469387054443,
  "max_perplexity": 11.344657897949219,
  "max_kl": 0.003728334791958332,
  "max_nmse": 0.0010580274974927306,
  "base_sequence": "MDMLRSACFYFLLIVFVILSWSLLCDSRHLGHMEKKLSVNLDLLNKDNEEITKLEAPSTNKTNTLLSQSHAVVNHGDNGQINGKKTKEIHRVKRASDKKVSSKRVSRTWKIPKYKILKKSIYKNSSKFSKQKVKLKEKKKKKS",
  "base_ll": -2.3908796310424805,
  "base_perplexity": 10.92309856414795,
  "base_kl": 0.09715431928634644,
  "base_nmse": 0.19252723455429077,
  "recovered_sequence": "MDMLRSACFYFLLIVFVILSWSLLCDSRHLGHMEKKLSVNLDLLNKDNEEITKLEAPSTNKTNTLLSQSHAVVNHGDNGQINGKKTKEIHRVKRASDKKVSSKRVSRTWKIPKYTKKSKTKSDGKNPLQGKKKKKVSKSKKSK",
  "recovered_ll": -2.306791305541992,
  "recovered_perplexity": 10.04215145111084,
  "recovered_kl": 0.007646448444575071,
  "recovered_nmse": 0.0028251491021364927,
  "nodes": {
    "9": [
      12,
      24,
      63,
      162,
      263,
      269,
      307,
      407,
      416,
      464,
      473,
      538,
      545,
      734,
      760,
      763,
      777,
      875,
      909,
      957,
      967,
      1039,
      1042,
      1184,
      1251,
      1277,
      1302,
      1306,
      1374,
      1426,
      1443,
      1491,
      1565,
      1579,
      1626,
      1662,
      1782,
      1828,
      1832,
      1844,
      1851,
      1914,
      1942,
      1957,
      2005,
      2046,
      2086,
      2097,
      2105,
      2108,
      2109,
      2143,
      2264,
      2287,
      2376,
      2423,
      2455,
      2510,
      2568,
      2715,
      2732,
      2763,
      2787,
      2809,
      2874,
      2941,
      2957,
      2975,
      2983,
      3008,
      3018,
      3050,
      3103,
      3105,
      3162,
      3199,
      3234,
      3346,
      3351,
      3372,
      3382,
      3399,
      3513,
      3526,
      3540,
      3579,
      3603,
      3624,
      3676,
      3722,
      3740,
      3760,
      3779,
      3802,
      3821,
      3856,
      3906,
      3965,
      3999,
      4088,
      4129,
      4190,
      4263,
      4419,
      4469,
      4482,
      4526,
      4544,
      4575,
      4587
    ],
    "0": [
      62,
      94,
      117,
      145,
      151,
      248,
      275,
      294,
      380,
      436,
      449,
      553,
      633,
      637,
      638,
      648,
      724,
      871,
      1038,
      1041,
      1093,
      1178,
      1209,
      1238,
      1263,
      1281,
      1283,
      1297,
      1342,
      1530,
      1587,
      1652,
      1738,
      1763,
      1800,
      1904,
      1981,
      2006,
      2016,
      2021,
      2031,
      2125,
      2149,
      2160,
      2216,
      2234,
      2251,
      2256,
      2261,
      2315,
      2432,
      2485,
      2512,
      2593,
      2692,
      2718,
      2730,
      2763,
      2766,
      2791,
      2829,
      2863,
      2888,
      2903,
      2904,
      2956,
      2972,
      2984,
      2991,
      2996,
      2999,
      3000,
      3050,
      3057,
      3122,
      3139,
      3144,
      3153,
      3203,
      3233,
      3256,
      3280,
      3297,
      3347,
      3523,
      3543,
      3594,
      3616,
      3618,
      3698,
      3716,
      3749,
      3841,
      3871,
      3879,
      3901,
      3922,
      3933,
      3938,
      3963,
      3999,
      4066,
      4067,
      4077,
      4081,
      4091,
      4145,
      4153,
      4218,
      4259,
      4279,
      4388,
      4426,
      4488,
      4542,
      4596
    ],
    "8": [
      94,
      299,
      372,
      417,
      638,
      693,
      756,
      999,
      1004,
      1008,
      1136,
      1165,
      1258,
      1301,
      1400,
      1444,
      1486,
      1494,
      1535,
      1557,
      1664,
      1678,
      1744,
      1954,
      1956,
      2077,
      2106,
      2109,
      2112,
      2199,
      2201,
      2329,
      2401,
      2567,
      2596,
      2621,
      2710,
      2743,
      2779,
      2872,
      2918,
      2986,
      3009,
      3088,
      3107,
      3113,
      3126,
      3195,
      3267,
      3321,
      3396,
      3399,
      3413,
      3422,
      3432,
      3485,
      3507,
      3653,
      3700,
      3735,
      3849,
      3865,
      3874,
      3960,
      4021,
      4121,
      4167,
      4310,
      4334,
      4471,
      4488,
      4534,
      4546,
      4578
    ],
    "7": [
      11,
      66,
      72,
      78,
      206,
      330,
      335,
      372,
      436,
      473,
      550,
      642,
      839,
      872,
      889,
      907,
      1079,
      1149,
      1256,
      1262,
      1306,
      1347,
      1370,
      1393,
      1454,
      1520,
      1625,
      1716,
      1717,
      1751,
      1758,
      1816,
      1824,
      1826,
      1830,
      1929,
      1969,
      2053,
      2164,
      2254,
      2261,
      2328,
      2469,
      2499,
      2676,
      2747,
      2802,
      2816,
      2842,
      2891,
      2922,
      2977,
      2998,
      3032,
      3135,
      3138,
      3159,
      3169,
      3216,
      3225,
      3270,
      3381,
      3389,
      3403,
      3464,
      3487,
      3608,
      3727,
      3755,
      3760,
      3944,
      4055,
      4149,
      4228,
      4299,
      4421,
      4466,
      4475,
      4506
    ],
    "5": [
      160,
      196,
      288,
      330,
      405,
      464,
      508,
      574,
      616,
      628,
      732,
      735,
      821,
      870,
      903,
      1031,
      1080,
      1108,
      1114,
      1127,
      1174,
      1195,
      1249,
      1273,
      1377,
      1397,
      1494,
      1498,
      1550,
      1569,
      1647,
      1684,
      1704,
      1799,
      1870,
      1919,
      1928,
      2110,
      2186,
      2187,
      2189,
      2278,
      2395,
      2496,
      2588,
      2643,
      2675,
      2740,
      2777,
      2866,
      2869,
      2879,
      2991,
      2995,
      3009,
      3046,
      3145,
      3199,
      3244,
      3397,
      3414,
      3459,
      3552,
      3567,
      3588,
      3734,
      3756,
      3791,
      3804,
      3819,
      3950,
      4003,
      4108,
      4129,
      4245,
      4256,
      4281,
      4285,
      4330,
      4371,
      4497
    ],