{
  "entry": "O01369",
  "entry_name": "QCR7_FASHE",
  "type": "CLM",
  "prompt": "MATLRASVERVASAYRMRLKQMTDLQQKVKAFQFSNSYYNQLGLLYHDVIPHSPLIAEAVRRLPREETEARDFRIARAFQLSASKTVLPKEQWTAIEDDIPYLD",
  "k": 992,
  "original_sequence": "MATLRASVERVASAYRMRLKQMTDLQQKVKAFQFSNSYYNQLGLLYHDVIPHSPLIAEAVRRLPREETEARDFRIARAFQLSASKTVLPKEQWTAIEDDIPYLDPYIEVAKKEWKEKAEWDHFVNPETYP",
  "original_ll": -2.951565980911255,
  "original_perplexity": 19.135896682739258,
  "progen3_sequence": "MATLRASVERVASAYRMRLKQMTDLQQKVKAFQFSNSYYNQLGLLYHDVIPHSPLIAEAVRRLPREETEARDFRIARAFQLSASKTVLPKEQWTAIEDDIPYLDRRVSAALKRLGEGLPEDIERLREEIL",
  "progen3_ll": -2.3218302726745605,
  "progen3_perplexity": 10.194314956665039,
  "max_sequence": "MATLRASVERVASAYRMRLKQMTDLQQKVKAFQFSNSYYNQLGLLYHDVIPHSPLIAEAVRRLPREETEARDFRIARAFQLSASKTVLPKEQWTAIEDDIPYLDELRQLFLKLLALEEERLEISLRGLLS",
  "max_ll": -2.474229097366333,
  "max_perplexity": 11.872550964355469,
  "max_kl": 0.011212154291570187,
  "max_nmse": 0.0036545314360409975,
  "base_sequence": "MATLRASVERVASAYRMRLKQMTDLQQKVKAFQFSNSYYNQLGLLYHDVIPHSPLIAEAVRRLPREETEARDFRIARAFQLSASKTVLPKEQWTAIEDDIPYLDLDLYLLIAYLDDTGILFARLLILAEL",
  "base_ll": -2.8244564533233643,
  "base_perplexity": 16.851781845092773,
  "base_kl": 0.08146311342716217,
  "base_nmse": 0.16080304980278015,
  "recovered_sequence": "MATLRASVERVASAYRMRLKQMTDLQQKVKAFQFSNSYYNQLGLLYHDVIPHSPLIAEAVRRLPREETEARDFRIARAFQLSASKTVLPKEQWTAIEDDIPYLDERVSAALARLQEGLIEAIERLREEIL",
  "recovered_ll": -2.4310803413391113,
  "recovered_perplexity": 11.371160507202148,
  "recovered_kl": 0.028225520625710487,
  "recovered_nmse": 0.007871881127357483,
  "nodes": {
    "9": [
      12,
      57,
      162,
      353,
      407,
      429,
      452,
      466,
      506,
      538,
      545,
      555,
      598,
      631,
      639,
      654,
      727,
      734,
      745,
      746,
      758,
      760,
      957,
      964,
      967,
      1043,
      1184,
      1190,
      1251,
      1302,
      1307,
      1320,
      1337,
      1352,
      1374,
      1442,
      1491,
      1560,
      1567,
      1579,
      1648,
      1713,
      1725,
      1750,
      1752,
      1778,
      1828,
      1844,
      1851,
      1906,
      1941,
      1942,
      1946,
      1951,
      1957,
      2005,
      2020,
      2046,
      2076,
      2191,
      2224,
      2248,
      2264,
      2287,
      2423,
      2488,
      2510,
      2511,
      2545,
      2592,
      2642,
      2732,
      2739,
      2785,
      2787,
      2791,
      2809,
      2819,
      2858,
      2865,
      2941,
      2946,
      3004,
      3008,
      3021,
      3050,
      3058,
      3140,
      3198,
      3199,
      3266,
      3325,
      3346,
      3372,
      3382,
      3510,
      3513,
      3540,
      3624,
      3649,
      3676,
      3765,
      3779,
      3802,
      3821,
      3861,
      3872,
      3952,
      3999,
      4079,
      4106,
      4129,
      4190,
      4279,
      4288,
      4314,
      4478,
      4482,
      4533,
      4544,
      4603
    ],
    "0": [
      14,
      34,
      36,
      116,
      224,
      276,
      410,
      439,
      460,
      566,
      568,
      611,
      648,
      701,
      722,
      771,
      823,
      832,
      933,
      957,
      972,
      1021,
      1041,
      1060,
      1152,
      1184,
      1207,
      1297,
      1360,
      1408,
      1410,
      1462,
      1486,
      1514,
      1521,
      1583,
      1696,
      1798,
      1883,
      2055,
      2125,
      2149,
      2216,
      2251,
      2257,
      2295,
      2310,
      2423,
      2678,
      2691,
      2692,
      2776,
      2804,
      2888,
      2911,
      2936,
      2972,
      3008,
      3054,
      3192,
      3256,
      3275,
      3278,
      3330,
      3347,
      3355,
      3363,
      3365,
      3434,
      3461,
      3489,
      3508,
      3616,
      3634,
      3655,
      3677,
      3682,
      3700,
      3726,
      3753,
      3848,
      3954,
      3963,
      4022,
      4119,
      4195,
      4287,
      4295,
      4297,
      4305,
      4373,
      4388,
      4426,
      4427,
      4488,
      4581,
      4600
    ],
    "5": [
      17,
      84,
      198,
      330,
      343,
      414,
      470,
      486,
      616,
      701,
      766,
      900,
      954,
      956,
      969,
      1031,
      1053,
      1127,
      1153,
      1174,
      1226,
      1253,
      1269,
      1323,
      1405,
      1434,
      1477,
      1532,
      1561,
      1684,
      1733,
      1753,
      1796,
      1834,
      1870,
      2020,
      2118,
      2188,
      2189,
      2248,
      2269,
      2287,
      2392,
      2415,
      2467,
      2575,
      2588,
      2798,
      2879,
      2965,
      3009,
      3053,
      3056,
      3199,
      3244,
      3254,
      3263,
      3350,
      3381,
      3490,
      3508,
      3582,
      3588,
      3640,
      3692,
      3759,
      3766,
      3808,
      3905,
      4067,
      4124,
      4153,
      4262,
      4273,
      4285,
      4288,
      4321,
      4394,
      4420,
      4461,
      4516,
      4539,
      4553,
      4559,
      4589,
      4602
    ],
    "8": [
      188,
      207,
      272,
      301,
      308,
      394,
      821,
      835,
      1064,
      1069,
      1136,
      1301,
      1306,
      1395,
      1444,
      1557,
      1664,
      1678,
      1687,
      1777,
      1842,
      1870,
      2017,
      2030,
      2069,
      2077,
      2109,
      2112,
      2199,
      2201,
      2256,
      2303,
      2400,
      2401,
      2479,
      2539,
      2567,
      2596,
      2605,
      2612,
      2621,
      2729,
      2779,
      2817,
      2849,
      2949,
      3009,
      3040,
      3102,
      3107,
      3236,
      3248,
      3600,
      3653,
      3659,
      3741,
      3849,
      3956,
      4010,
      4030,
      4121,
      4171,
      4263,
      4294,
      4310,
      4471,
      4534
    ],
    "2": [
      39,
      46,
      110,
      377,
      460,
      681,
      686,
      687,
      744,
      786,
      804,
      823,
      903,
      907,
      1034,
      1066,
      1172,
      1195,
      1240,
      1278,
      1290,
      1370,
      1374,
      1445,
      1577,
      1674,
      1696,
      1734,
      1759,
      1787,
      1904,
      1951,
      1993,
      2103,
      2116,
      2221,
      2234,
      2470,
      2500,
      2542,
      2633,
      2712,
      2783,
      2831,
      2836,
      2919,
      2958,
      2977,
      3028,
      3097,
      3125,
      3233,
      3240,
      3255,
      3261,
      3284,
      3312,
      3352,
      3415,
      3421,
      3651,
      3668,
      3696,
      3697,
      3754,
      3778,
      3784,
      3794,
      3879,
      3888,
      3964,
      4000,
      4004,
      4051,
      4071,
      4113,
      4123,
      4163,
      4221,
      4228,
      4233,
      4238,
      4239,
      4431,
      4585,
      4596
    ],