{
  "entry": "O14330",
  "entry_name": "YB7F_SCHPO",
  "type": "GLM_2",
  "prompt": "MSASVRGNSKNPQSTSAITTLTDKLLEDISGDFETLQKQFSEKLETMSTRLDQLEESMREAMNKKSSVSPVTSTE[GLM]47-62-15",
  "k": 928,
  "original_sequence": "MSASVRGNSKNPQSTSAITTLTDKLLEDISGDFETLQKQFSEKLETMSTRLDQLEESMREAMNKKSSVSPVTSTE",
  "original_ll": -2.3878300189971924,
  "original_perplexity": 10.889838218688965,
  "progen3_sequence": "MSASVRGNSKNPQSTSAITTLTDKLLEDISGDFETLQKQFSEKLETMNSLNELQDIINIDEINKKSSVSPVTSTE",
  "progen3_ll": -2.7718608379364014,
  "progen3_perplexity": 15.988358497619629,
  "max_sequence": "MSASVRGNSKNPQSTSAITTLTDKLLEDISGDFETLQKQFSEKLETMKISEELPQFLENINDNKKSSVSPVTSTE",
  "max_ll": -2.680272340774536,
  "max_perplexity": 14.589066505432129,
  "max_kl": 0.022527679800987244,
  "max_nmse": 0.05157461389899254,
  "base_sequence": "MSASVRGNSKNPQSTSAITTLTDKLLEDISGDFETLQKQFSEKLETMNNDNNNQTIINNQNLNKKSSVSPVTSTE",
  "base_ll": -2.6870882511138916,
  "base_perplexity": 14.688843727111816,
  "base_kl": 0.2005850225687027,
  "base_nmse": 0.628519594669342,
  "recovered_sequence": "MSASVRGNSKNPQSTSAITTLTDKLLEDISGDFETLQKQFSEKLETMNNLNELQNIIIIEEINKKSSVSPVTSTE",
  "recovered_ll": -2.809953212738037,
  "recovered_perplexity": 16.609140396118164,
  "recovered_kl": 0.0488949790596962,
  "recovered_nmse": 0.0929100513458252,
  "nodes": {
    "3": [
      37,
      89,
      137,
      191,
      203,
      312,
      380,
      394,
      449,
      545,
      669,
      673,
      698,
      712,
      785,
      792,
      804,
      811,
      812,
      817,
      836,
      862,
      884,
      948,
      971,
      994,
      1063,
      1075,
      1088,
      1104,
      1143,
      1192,
      1193,
      1283,
      1430,
      1464,
      1484,
      1497,
      1537,
      1542,
      1585,
      1592,
      1606,
      1607,
      1707,
      1717,
      1745,
      1789,
      1801,
      1859,
      1872,
      1874,
      2051,
      2086,
      2110,
      2120,
      2198,
      2221,
      2229,
      2236,
      2328,
      2343,
      2355,
      2445,
      2461,
      2462,
      2543,
      2556,
      2568,
      2577,
      2615,
      2619,
      2734,
      2800,
      2814,
      2816,
      2944,
      2953,
      3001,
      3018,
      3081,
      3176,
      3196,
      3222,
      3249,
      3281,
      3364,
      3366,
      3400,
      3421,
      3434,
      3474,
      3511,
      3618,
      3755,
      3797,
      3818,
      3828,
      3934,
      3951,
      3970,
      3991,
      4002,
      4031,
      4090,
      4133,
      4181,
      4230,
      4262,
      4312,
      4333,
      4344,
      4400,
      4412,
      4432,
      4461,
      4467,
      4553
    ],
    "9": [
      12,
      162,
      220,
      269,
      306,
      353,
      407,
      429,
      466,
      538,
      545,
      555,
      631,
      654,
      706,
      734,
      745,
      760,
      767,
      804,
      875,
      957,
      967,
      1043,
      1089,
      1147,
      1184,
      1190,
      1214,
      1302,
      1320,
      1374,
      1426,
      1443,
      1491,
      1579,
      1713,
      1828,
      1844,
      1851,
      1951,
      1957,
      2046,
      2076,
      2097,
      2183,
      2187,
      2191,
      2221,
      2264,
      2376,
      2423,
      2510,
      2524,
      2554,
      2587,
      2592,
      2642,
      2739,
      2787,
      2817,
      2819,
      2828,
      2858,
      2865,
      2941,
      2946,
      2974,
      3004,
      3008,
      3021,
      3050,
      3140,
      3147,
      3199,
      3234,
      3245,
      3346,
      3372,
      3382,
      3414,
      3526,
      3540,
      3549,
      3624,
      3649,
      3760,
      3779,
      3802,
      3821,
      3861,
      3872,
      3952,
      3999,
      4010,
      4106,
      4129,
      4260,
      4279,
      4288,
      4295,
      4417,
      4439,
      4469,
      4533,
      4544,
      4603
    ],
    "6": [
      4,
      20,
      21,
      85,
      117,
      131,
      139,
      226,
      323,
      410,
      452,
      593,
      750,
      776,
      806,
      883,
      898,
      902,
      932,
      942,
      947,
      1085,
      1192,
      1283,
      1320,
      1348,
      1415,
      1423,
      1516,
      1556,
      1575,
      1576,
      1584,
      1639,
      1710,
      1729,
      1756,
      1920,
      1945,
      2010,
      2089,
      2160,
      2196,
      2405,
      2460,
      2588,
      2608,
      2649,
      2746,
      2898,
      2960,
      2962,
      2970,
      3046,
      3123,
      3247,
      3308,
      3365,
      3375,
      3390,
      3398,
      3419,
      3466,
      3520,
      3526,
      3563,
      3782,
      3799,
      3897,
      3952,
      4018,
      4061,
      4191,
      4418,
      4425,
      4512,
      4591
    ],
    "4": [
      13,
      30,
      132,
      190,
      285,
      334,
      406,
      414,
      446,
      454,
      483,
      667,
      710,
      834,
      916,
      930,
      964,
      1041,
      1074,
      1145,
      1203,
      1259,
      1301,
      1302,
      1341,
      1448,
      1486,
      1537,
      1541,
      1551,
      1570,
      1572,
      1623,
      1678,
      1818,
      1819,
      1840,
      1858,
      1859,
      1940,
      1990,
      2268,
      2269,
      2271,
      2275,
      2302,
      2321,
      2411,
      2413,
      2443,
      2459,
      2540,
      2547,
      2625,
      2634,
      2666,
      2669,
      2726,
      2746,
      2854,
      2914,
      2944,
      2950,
      2982,
      3014,
      3023,
      3156,
      3175,
      3226,
      3230,
      3331,
      3373,
      3394,
      3410,
      3582,
      3852,
      3966,
      3971,
      4003,
      4029,
      4127,
      4148,
      4171,
      4186,
      4217,
      4319,
      4347,
      4348,
      4502,
      4518,
      4530
    ],
    "7": [
      66,
      136,
      164,
      206,
      208,
      230,
      233,
      241,
      323,
      330,
      372,
      446,
      521,
      530,
      642,
      647,
      719,
      740,
      766,
      817,
      857,
      889,
      914,
      933,
      1076,
      1078,
      1100,
      1126,
      1135,
      1208,
      1252,
      1256,
      1262,
      1269,
      1291,
      1319,
      1370,
      1419,
      1445,
      1452,
      1461,
      1464,
      1567,
      1625,
      1746,
      1751,
      1758,
      1824,
      1830,
      1840,
      1856,
      1889,
      1929,
      1951,
      2022,
      2037,
      2110,
      2164,
      2233,
      2254,
      2261,
      2343,
      2365,
      2459,
      2580,
      2683,
      2685,
      2725,
      2753,
      2772,
      2802,
      2878,
      2994,
      2998,
      3010,
      3051,
      3124,
      3135,
      3138,
      3169,
      3216,
      3278,
      3367,
      3381,
      3389,
      3403,
      3459,
      3495,
      3503,
      3700,
      3726,
      3727,
      3760,
      3899,
      4014,
      4045,
      4055,
      4072,
      4077,
      4104,
      4149,
      4261,
      4279,
      4342,
      4421,
      4466,
      4471,
      4491,
      4508,
      4588
    ],