{
  "entry": "O19917",
  "entry_name": "RR6_CYACA",
  "type": "CLM",
  "prompt": "MKTITIPRQNLTQYEIMLIMRPDLPEEKFLKFLSEIKEHAKRNLALEFNLSNRGRRKLAYAMRKFQDGIYIQFNFLGSGYIL",
  "k": 384,
  "original_sequence": "MKTITIPRQNLTQYEIMLIMRPDLPEEKFLKFLSEIKEHAKRNLALEFNLSNRGRRKLAYAMRKFQDGIYIQFNFLGSGYILNSLIKRLKLEESILRYIVQKT",
  "original_ll": -2.4735074043273926,
  "original_perplexity": 11.863986015319824,
  "progen3_sequence": "MKTITIPRQNLTQYEIMLIMRPDLPEEKFLKFLSEIKEHAKRNLALEFNLSNRGRRKLAYAMRKFQDGIYIQFNFLGSGYILKELEIQLNTEKIEEELNRLIA",
  "progen3_ll": -2.3668899536132812,
  "progen3_perplexity": 10.664175033569336,
  "max_sequence": "MKTITIPRQNLTQYEIMLIMRPDLPEEKFLKFLSEIKEHAKRNLALEFNLSNRGRRKLAYAMRKFQDGIYIQFNFLGSGYILKEIEEKDLREIKKILVFEILK",
  "max_ll": -2.407421827316284,
  "max_perplexity": 11.105293273925781,
  "max_kl": 0.04650404304265976,
  "max_nmse": 0.01066556852310896,
  "base_sequence": "MKTITIPRQNLTQYEIMLIMRPDLPEEKFLKFLSEIKEHAKRNLALEFNLSNRGRRKLAYAMRKFQDGIYIQFNFLGSGYILDEEDIEKNISDIYIDLLE",
  "base_ll": -2.416139841079712,
  "base_perplexity": 11.202532768249512,
  "base_kl": 0.08469206839799881,
  "base_nmse": 0.11417733877897263,
  "recovered_sequence": "MKTITIPRQNLTQYEIMLIMRPDLPEEKFLKFLSEIKEHAKRNLALEFNLSNRGRRKLAYAMRKFQDGIYIQFNFLGSGYILKDLLISIIKEKIEIERNSLIL",
  "recovered_ll": -2.574018955230713,
  "recovered_perplexity": 13.118441581726074,
  "recovered_kl": 0.053762368857860565,
  "recovered_nmse": 0.016293665394186974,
  "nodes": {
    "9": [
      27,
      88,
      126,
      162,
      234,
      346,
      380,
      387,
      407,
      414,
      415,
      429,
      464,
      486,
      506,
      528,
      538,
      545,
      555,
      690,
      706,
      715,
      745,
      746,
      760,
      767,
      810,
      957,
      967,
      980,
      992,
      1016,
      1062,
      1073,
      1081,
      1176,
      1184,
      1190,
      1271,
      1375,
      1394,
      1401,
      1402,
      1405,
      1470,
      1491,
      1579,
      1725,
      1732,
      1835,
      1840,
      1844,
      1851,
      1858,
      1937,
      1941,
      1942,
      1957,
      2040,
      2109,
      2212,
      2223,
      2230,
      2264,
      2287,
      2298,
      2394,
      2420,
      2438,
      2510,
      2511,
      2542,
      2592,
      2605,
      2609,
      2626,
      2732,
      2739,
      2775,
      2780,
      2787,
      2842,
      2846,
      2858,
      2892,
      2941,
      3004,
      3050,
      3146,
      3176,
      3199,
      3310,
      3363,
      3372,
      3382,
      3491,
      3500,
      3516,
      3540,
      3624,
      3679,
      3685,
      3802,
      3821,
      3836,
      3841,
      3874,
      3925,
      3962,
      3965,
      3972,
      4038,
      4079,
      4129,
      4142,
      4190,
      4206,
      4350,
      4370,
      4441,
      4444,
      4482,
      4495,
      4544,
      4575
    ],
    "8": [
      31,
      129,
      146,
      188,
      202,
      240,
      368,
      405,
      458,
      487,
      562,
      605,
      647,
      731,
      817,
      835,
      841,
      858,
      863,
      900,
      959,
      1030,
      1115,
      1120,
      1140,
      1160,
      1237,
      1299,
      1301,
      1318,
      1413,
      1678,
      1777,
      1784,
      1804,
      1958,
      1978,
      2009,
      2016,
      2069,
      2077,
      2107,
      2112,
      2134,
      2189,
      2237,
      2329,
      2460,
      2567,
      2590,
      2621,
      2635,
      2647,
      2781,
      2785,
      2893,
      2898,
      2938,
      2961,
      2996,
      3058,
      3102,
      3185,
      3236,
      3242,
      3248,
      3256,
      3266,
      3283,
      3358,
      3406,
      3419,
      3440,
      3486,
      3528,
      3581,
      3648,
      3825,
      3972,
      4145,
      4200,
      4207,
      4294,
      4329,
      4337,
      4350,
      4511,
      4515
    ],
    "7": [
      66,
      482,
      491,
      735,
      1011,
      1256,
      1816,
      1824,
      1862,
      1969,
      2042,
      2113,
      2299,
      2352,
      2428,
      2494,
      2517,
      2802,
      2877,
      2891,
      2936,
      2998,
      3251,
      3257,
      3570,
      3727,
      3948,
      4391,
      4421,
      4553
    ],
    "0": [
      253,
      694,
      738,
      1026,
      1166,
      1297,
      1387,
      1459,
      1901,
      2031,
      2160,
      2299,
      2511,
      2594,
      2722,
      2968,
      4081,
      4426,
      4488
    ],
    "6": [
      204,
      491,
      613,
      942,
      947,
      1063,
      1428,
      1584,
      1627,
      1692,
      1699,
      1726,
      1876,
      1899,
      1990,
      2010,
      2065,
      2172,
      2187,
      2495,
      2588,
      2740,
      2874,
      3232,
      3499,
      3547,
      3697,
      3705,
      3820,
      3821,
      3832,
      3872,
      3921,
      4335,
      4529,
      4581
    ],
    "3": [
      234,
      339,
      565,
      935,
      1517,
      1537,
      1575,
      1584,
      1588,
      1636,
      1840,
      1928,
      2343,
      2390,
      2710,
      2810,
      2930,
      3023,
      3329,
      3349,
      3358,
      3503,
      3576,
      3818,
      3934,
      3939,
      4315
    ],
    "5": [
      17,
      212,
      470,
      761,
      850,
      1031,
      1669,
      1733,
      2188,
      2392,
      2394,
      2575,
      2667,
      3178,
      3762,
      3788,
      4049,
      4066,
      4089,
      4461
    ],
    "1": [
      18,
      564,
      595,
      1144,
      1469,
      1711,
      1788,
      1890,
      2396,
      2636,
      2891,
      2941,
      3067,
      3380,
      3680,
      4464
    ],
    "2": [
      219,
      254,
      740,
      823,
      899,
      1180,
      1187,
      1504,
      2784,
      3311,
      3362
    ],
    "4": [
      232,
      689,
      1340,
      1591,
      3164,
      3212,
      4121,
      4162,
      4287,
      4325,
      4424,
      4517
    ]
  }
}
