{
  "entry": "O29540",
  "entry_name": "Y718_ARCFU",
  "type": "GLM_2",
  "prompt": "MVKVYVLVDNKVVDLRPPGMKAEWGFSAYIDAKEPVLMDSGIRYRL[GLM]6-19-13",
  "k": 928,
  "original_sequence": "MVKVYVLVDNKVVDLRPPGMKAEWGFSAYIDAKEPVLMDSGIRYRL",
  "original_ll": -2.849870443344116,
  "original_perplexity": 17.28554344177246,
  "progen3_sequence": "MVKVYVMAKLSQLIDIVNNMKAEWGFSAYIDAKEPVLMDSGIRYRL",
  "progen3_ll": -2.9670701026916504,
  "progen3_perplexity": 19.434894561767578,
  "max_sequence": "MVKVYVMKYVFILEMSPLRMKAEWGFSAYIDAKEPVLMDSGIRYRL",
  "max_ll": -3.1372413635253906,
  "max_perplexity": 23.040220260620117,
  "max_kl": 0.1084042638540268,
  "max_nmse": 0.06788868457078934,
  "base_sequence": "MVKVYVMEMMVYMVEMMMMMKAEWGFSAYIDAKEPVLMDSGIRYRL",
  "base_ll": -2.7403957843780518,
  "base_perplexity": 15.493115425109863,
  "base_kl": 0.440996378660202,
  "base_nmse": 0.7251030206680298,
  "recovered_sequence": "MVKVYVPLMLDFEEDLGNNMKAEWGFSAYIDAKEPVLMDSGIRYRL",
  "recovered_ll": -3.003046751022339,
  "recovered_perplexity": 20.146825790405273,
  "recovered_kl": 0.16266754269599915,
  "recovered_nmse": 0.11173529177904129,
  "nodes": {
    "9": [
      12,
      22,
      162,
      267,
      365,
      407,
      466,
      538,
      598,
      696,
      715,
      734,
      746,
      760,
      957,
      967,
      1036,
      1073,
      1080,
      1081,
      1092,
      1093,
      1131,
      1184,
      1190,
      1251,
      1302,
      1307,
      1312,
      1352,
      1358,
      1378,
      1380,
      1438,
      1442,
      1483,
      1537,
      1538,
      1560,
      1579,
      1609,
      1648,
      1725,
      1762,
      1783,
      1828,
      1844,
      1851,
      1957,
      2005,
      2046,
      2067,
      2094,
      2105,
      2256,
      2283,
      2360,
      2423,
      2427,
      2510,
      2511,
      2514,
      2520,
      2570,
      2592,
      2642,
      2664,
      2716,
      2732,
      2787,
      2788,
      2791,
      2804,
      2962,
      2982,
      3037,
      3040,
      3050,
      3198,
      3199,
      3221,
      3372,
      3382,
      3465,
      3474,
      3513,
      3526,
      3540,
      3551,
      3581,
      3624,
      3649,
      3676,
      3695,
      3709,
      3715,
      3723,
      3747,
      3765,
      3779,
      3802,
      3821,
      3952,
      3965,
      3999,
      4062,
      4103,
      4106,
      4129,
      4250,
      4275,
      4350,
      4370,
      4421,
      4482,
      4533,
      4544,
      4558,
      4603
    ],
    "0": [
      241,
      276,
      460,
      513,
      568,
      593,
      595,
      672,
      694,
      803,
      993,
      1017,
      1018,
      1119,
      1167,
      1231,
      1265,
      1317,
      1394,
      1436,
      1567,
      1583,
      1739,
      1740,
      1743,
      1751,
      1847,
      1877,
      1912,
      1926,
      1964,
      2076,
      2081,
      2175,
      2179,
      2180,
      2254,
      2299,
      2307,
      2508,
      2694,
      2782,
      2790,
      2840,
      2844,
      2891,
      2943,
      2968,
      3006,
      3012,
      3014,
      3054,
      3072,
      3150,
      3168,
      3251,
      3261,
      3270,
      3316,
      3401,
      3435,
      3438,
      3493,
      3604,
      3616,
      3619,
      3652,
      3741,
      3743,
      3837,
      3893,
      3915,
      3922,
      3925,
      3930,
      3949,
      3963,
      4150,
      4222,
      4243,
      4268,
      4294,
      4350,
      4351,
      4426,
      4466,
      4488
    ],
    "5": [
      2,
      39,
      148,
      186,
      232,
      285,
      342,
      367,
      556,
      571,
      697,
      784,
      878,
      976,
      1167,
      1239,
      1244,
      1249,
      1428,
      1466,
      1508,
      1618,
      1670,
      1870,
      1936,
      1994,
      2102,
      2148,
      2183,
      2244,
      2250,
      2278,
      2283,
      2286,
      2287,
      2321,
      2434,
      2537,
      2540,
      2621,
      2667,
      2672,
      2777,
      2860,
      3064,
      3152,
      3197,
      3319,
      3421,
      3480,
      3506,
      3521,
      3559,
      3584,
      3654,
      3662,
      3732,
      3745,
      3775,
      3852,
      3884,
      4066,
      4104,
      4200,
      4208,
      4281,
      4285,
      4516
    ],
    "7": [
      7,
      66,
      78,
      535,
      631,
      701,
      766,
      872,
      889,
      907,
      914,
      1010,
      1128,
      1254,
      1256,
      1266,
      1382,
      1454,
      1489,
      1520,
      1625,
      1709,
      1711,
      1751,
      1824,
      1826,
      1830,
      1929,
      1958,
      1969,
      2089,
      2091,
      2227,
      2328,
      2494,
      2513,
      2746,
      2747,
      2802,
      2816,
      2877,
      2998,
      3022,
      3135,
      3225,
      3251,
      3316,
      3330,
      3381,
      3457,
      3486,
      3487,
      3661,
      3690,
      3825,
      3948,
      3958,
      3998,
      4016,
      4141,
      4578
    ],
    "1": [
      29,
      51,
      132,
      158,
      171,
      205,
      244,
      270,
      279,
      303,
      517,
      521,
      610,
      637,
      684,
      692,
      772,
      776,
      796,
      823,
      855,
      871,
      978,
      1004,
      1030,
      1044,
      1045,
      1071,
      1077,
      1085,
      1147,
      1152,
      1159,
      1164,
      1192,
      1198,
      1248,
      1289,
      1314,
      1320,
      1347,
      1351,
      1353,
      1381,
      1423,
      1425,
      1427,
      1445,
      1454,
      1486,
      1534,
      1543,
      1550,
      1557,
      1646,
      1662,
      1678,
      1792,
      1857,
      1932,
      1934,
      1942,
      1987,
      2017,
      2101,
      2151,
      2195,
      2260,
      2281,
      2302,
      2391,
      2485,
      2521,
      2530,
      2540,
      2568,
      2583,
      2641,
      2656,
      2660,
      2753,
      2770,
      2776,
      2780,
      2811,
      2879,
      2912,
      2982,
      2985,
      2991,
      3024,
      3064,
      3082,
      3134,
      3185,
      3187,
      3208,
      3347,
      3376,
      3377,
      3380,
      3393,
      3410,
      3443,
      3449,
      3466,
      3524,
      3577,
      3615,
      3693,
      3709,
      3754,
      3807,
      3852,
      3910,
      3939,
      3956,
      4006,
      4016,
      4021,
      4034,
      4096,
      4099,
      4119,
      4153,
      4165,
      4178,
      4210,
      4216,
      4232,
      4268,
      4287,
      4311,
      4346,
      4350,
      4359,
      4375,
      4424,
      4506,
      4590,
      4591
    ],