{
  "entry": "O31451",
  "entry_name": "YBFJ_BACSU",
  "type": "CLM",
  "prompt": "MYSTIFNIGQINKYSKLAIFMSILFLCGCSSQTHSSQKETTIPVTLHVEDAKGLPVEGVQVTIVKAPSSDEEPSTEIGEILGKTDKNGDIKWDTGRKGDYSVALT",
  "k": 672,
  "original_sequence": "MYSTIFNIGQINKYSKLAIFMSILFLCGCSSQTHSSQKETTIPVTLHVEDAKGLPVEGVQVTIVKAPSSDEEPSTEIGEILGKTDKNGDIKWDTGRKGDYSVALTKGETSVTHHISLTEDKKDHAIPLVFKE",
  "original_ll": -2.678396463394165,
  "original_perplexity": 14.561724662780762,
  "progen3_sequence": "MYSTIFNIGQINKYSKLAIFMSILFLCGCSSQTHSSQKETTIPVTLHVEDAKGLPVEGVQVTIVKAPSSDEEPSTEIGEILGKTDKNGDIKWDTGRKGDYSVALTANGYKTSTDVEVTVDKSGKVKKTELVL",
  "progen3_ll": -2.0383052825927734,
  "progen3_perplexity": 7.677587509155273,
  "max_sequence": "MYSTIFNIGQINKYSKLAIFMSILFLCGCSSQTHSSQKETTIPVTLHVEDAKGLPVEGVQVTIVKAPSSDEEPSTEIGEILGKTDKNGDIKWDTGRKGDYSVALTPSGYTDYKKKEVIVKAGKKVKIVFILK",
  "max_ll": -2.1972503662109375,
  "max_perplexity": 9.000232696533203,
  "max_kl": 0.09357231110334396,
  "max_nmse": 0.019213393330574036,
  "base_sequence": "MYSTIFNIGQINKYSKLAIFMSILFLCGCSSQTHSSQKETTIPVTLHVEDAKGLPVEGVQVTIVKAPSSDEEPSTEIGEILGKTDKNGDIKWDTGRKGDYSVALTVKGYANNNSKLDISNEGIIKNKTSDTK",
  "base_ll": -2.5524113178253174,
  "base_perplexity": 12.83802318572998,
  "base_kl": 0.27879610657691956,
  "base_nmse": 0.04092558100819588,
  "recovered_sequence": "MYSTIFNIGQINKYSKLAIFMSILFLCGCSSQTHSSQKETTIPVTLHVEDAKGLPVEGVQVTIVKAPSSDEEPSTEIGEILGKTDKNGDIKWDTGRKGDYSVALTINGYKTSIDVEVTVDGSGVDFVTETVV",
  "recovered_ll": -2.541436195373535,
  "recovered_perplexity": 12.697895050048828,
  "recovered_kl": 0.1285124123096466,
  "recovered_nmse": 0.01762959361076355,
  "nodes": {
    "6": [
      7,
      84,
      88,
      293,
      474,
      617,
      626,
      947,
      979,
      1137,
      1394,
      1458,
      1528,
      1574,
      1657,
      1681,
      1701,
      1718,
      1868,
      1933,
      1954,
      1981,
      2028,
      2046,
      2126,
      2266,
      2355,
      2460,
      2495,
      2514,
      2556,
      2584,
      2614,
      2621,
      2634,
      2801,
      2885,
      2886,
      2918,
      2955,
      2980,
      2989,
      3032,
      3067,
      3104,
      3250,
      3412,
      3459,
      3498,
      3509,
      3533,
      3581,
      3655,
      3705,
      3764,
      3989,
      4055,
      4069,
      4098,
      4370,
      4388,
      4413,
      4529,
      4555,
      4581
    ],
    "9": [
      12,
      52,
      88,
      126,
      162,
      168,
      169,
      271,
      367,
      407,
      425,
      429,
      447,
      448,
      466,
      506,
      538,
      545,
      549,
      559,
      582,
      598,
      610,
      734,
      742,
      758,
      760,
      828,
      867,
      922,
      957,
      967,
      1007,
      1081,
      1126,
      1176,
      1184,
      1233,
      1251,
      1457,
      1491,
      1648,
      1732,
      1753,
      1828,
      1844,
      1851,
      1933,
      1942,
      1957,
      2005,
      2086,
      2105,
      2157,
      2161,
      2191,
      2264,
      2338,
      2376,
      2389,
      2423,
      2510,
      2511,
      2516,
      2548,
      2592,
      2597,
      2605,
      2609,
      2620,
      2678,
      2732,
      2763,
      2768,
      2787,
      2809,
      2817,
      2842,
      2892,
      2941,
      2982,
      3004,
      3050,
      3107,
      3122,
      3176,
      3199,
      3253,
      3259,
      3284,
      3294,
      3314,
      3340,
      3382,
      3408,
      3414,
      3454,
      3474,
      3513,
      3526,
      3540,
      3624,
      3649,
      3695,
      3713,
      3779,
      3802,
      3821,
      3873,
      3974,
      3999,
      4079,
      4106,
      4120,
      4122,
      4232,
      4444,
      4495,
      4526,
      4544,
      4592,
      4603
    ],
    "8": [
      8,
      9,
      23,
      114,
      141,
      187,
      228,
      233,
      240,
      268,
      401,
      434,
      491,
      513,
      521,
      678,
      682,
      696,
      718,
      746,
      855,
      882,
      895,
      899,
      969,
      1032,
      1044,
      1060,
      1135,
      1141,
      1159,
      1181,
      1300,
      1324,
      1336,
      1356,
      1368,
      1399,
      1405,
      1687,
      1780,
      1818,
      1843,
      1920,
      1931,
      1978,
      1995,
      2023,
      2033,
      2045,
      2054,
      2101,
      2152,
      2199,
      2288,
      2302,
      2313,
      2317,
      2328,
      2329,
      2427,
      2475,
      2597,
      2600,
      2640,
      2727,
      2760,
      2829,
      2853,
      2900,
      2924,
      2934,
      2958,
      2992,
      3082,
      3107,
      3168,
      3176,
      3188,
      3319,
      3415,
      3426,
      3464,
      3500,
      3524,
      3601,
      3821,
      3823,
      3846,
      3915,
      4013,
      4064,
      4110,
      4113,
      4115,
      4163,
      4226,
      4290,
      4294,
      4481,
      4525,
      4558
    ],
    "7": [
      59,
      66,
      139,
      140,
      158,
      166,
      243,
      290,
      309,
      318,
      325,
      338,
      393,
      472,
      509,
      558,
      625,
      737,
      787,
      946,
      956,
      977,
      995,
      1015,
      1040,
      1074,
      1088,
      1107,
      1120,
      1166,
      1250,
      1273,
      1338,
      1361,
      1387,
      1572,
      1629,
      1640,
      1663,
      1695,
      1711,
      1820,
      1824,
      1979,
      2038,
      2066,
      2073,
      2103,
      2224,
      2227,
      2245,
      2279,
      2401,
      2475,
      2491,
      2500,
      2526,
      2528,
      2569,
      2659,
      2704,
      2745,
      2747,
      2782,
      2803,
      2816,
      2859,
      2903,
      2969,
      3014,
      3075,
      3093,
      3096,
      3225,
      3227,
      3316,
      3330,
      3357,
      3379,
      3382,
      3392,
      3418,
      3424,
      3464,
      3541,
      3639,
      3706,
      3765,
      3778,
      3790,
      3914,
      3962,
      3967,
      3970,
      3984,
      4013,
      4024,
      4063,
      4064,
      4110,
      4115,
      4229,
      4252,
      4317,
      4322,
      4325,
      4430,
      4558,
      4576
    ],
    "5": [
      75,
      92,
      132,
      143,
      183,
      231,
      253,
      317,
      344,
      352,
      363,
      380,
      443,
      587,
      676,
      727,
      847,
      858,
      871,
      979,
      999,
      1043,
      1107,
      1187,
      1290,
      1414,
      1431,
      1451,
      1681,
      1805,
      1968,
      2021,
      2094,
      2126,
      2140,
      2148,
      2218,
      2273,
      2287,
      2312,
      2358,
      2451,
      2506,
      2679,
      2713,
      2717,
      2801,
      2824,
      2876,
      2894,
      2974,
      3041,
      3111,
      3192,
      3217,
      3247,
      3302,
      3305,
      3364,
      3456,
      3486,
      3616,
      3626,
      3753,
      3805,
      3826,
      3951,
      3965,
      3997,
      4063,
      4066,
      4104,
      4208,
      4241,
      4281,
      4302,
      4363,
      4450,
      4462,
      4476,
      4563
    ],
    "0": [
      68,
      116,
      460,
      648,
      694,
      957,
      1297,
      1408,
      1689,
      2064,
      2160,
      2299,
      2423,
      2594,
      2678,
      2692,
      2722,
      2776,
      2888,
      2936,
      2984,
      2991,
      3347,
      3817,
      3970,
      4081,
      4195,
      4426,
      4466,
      4488,
      4596
    ],