{
  "entry": "O43002",
  "entry_name": "SC61B_SCHPO",
  "type": "GLM_1",
  "prompt": "MSSTKASGSVKNSAASAPGGPKSQIRRRAAVEKNTKESNSGPAGARAAGAPGSTPTLLKLYTDEASGFKVDPVVVMVLSVGFIASVFLLHIVARILKKFASE[GLM]19-30-11",
  "k": 160,
  "original_sequence": "MSSTKASGSVKNSAASAPGGPKSQIRRRAAVEKNTKESNSGPAGARAAGAPGSTPTLLKLYTDEASGFKVDPVVVMVLSVGFIASVFLLHIVARILKKFASE",
  "original_ll": -2.651455879211426,
  "original_perplexity": 14.174660682678223,
  "progen3_sequence": "MSSTKASGSVKNSAASAPGAIRTTIRVAPFVEKNTKESNSGPAGARAAGAPGSTPTLLKLYTDEASGFKVDPVVVMVLSVGFIASVFLLHIVARILKKFASE",
  "progen3_ll": -2.8296968936920166,
  "progen3_perplexity": 16.940324783325195,
  "max_sequence": "MSSTKASGSVKNSAASAPGPRSKFALGPSLVEKNTKESNSGPAGARAAGAPGSTPTLLKLYTDEASGFKVDPVVVMVLSVGFIASVFLLHIVARILKKFASE",
  "max_ll": -2.7632484436035156,
  "max_perplexity": 15.851251602172852,
  "max_kl": 0.10444681346416473,
  "max_nmse": 0.07517058402299881,
  "base_sequence": "MSSTKASGSVKNSAASAPGVKRYMIMSMFMVEKNTKESNSGPAGARAAGAPGSTPTLLKLYTDEASGFKVDPVVVMVLSVGFIASVFLLHIVARILKKFASE",
  "base_ll": -3.2754156589508057,
  "base_perplexity": 26.4542179107666,
  "base_kl": 0.36675480008125305,
  "base_nmse": 1.237823247909546,
  "recovered_sequence": "MSSTKASGSVKNSAASAPGAIRGLFRVMLMVEKNTKESNSGPAGARAAGAPGSTPTLLKLYTDEASGFKVDPVVVMVLSVGFIASVFLLHIVARILKKFASE",
  "recovered_ll": -2.967409372329712,
  "recovered_perplexity": 19.44148826599121,
  "recovered_kl": 0.20291125774383545,
  "recovered_nmse": 0.18729141354560852,
  "nodes": {
    "9": [
      12,
      162,
      407,
      538,
      734,
      760,
      763,
      770,
      957,
      967,
      1092,
      1184,
      1251,
      1302,
      1491,
      1579,
      1828,
      1844,
      1847,
      1851,
      1957,
      2046,
      2282,
      2287,
      2376,
      2455,
      2488,
      2510,
      2787,
      2941,
      2957,
      2975,
      3050,
      3199,
      3221,
      3234,
      3341,
      3351,
      3382,
      3526,
      3540,
      3624,
      3709,
      3779,
      3802,
      3821,
      3952,
      4129,
      4482,
      4517,
      4544
    ],
    "7": [
      66,
      550,
      734,
      889,
      907,
      1128,
      1256,
      1625,
      1751,
      1824,
      1830,
      1958,
      1969,
      2091,
      2816,
      3135,
      3156,
      3225,
      3389,
      3487,
      3755,
      3760,
      3944
    ],
    "8": [
      82,
      372,
      417,
      655,
      1004,
      1008,
      1136,
      1444,
      1486,
      1494,
      1535,
      1664,
      1954,
      1956,
      2077,
      2106,
      2567,
      2596,
      2621,
      2710,
      2743,
      2779,
      3195,
      3396,
      3432,
      3485,
      3735,
      3741,
      4471,
      4559
    ],
    "0": [
      753,
      920,
      1254,
      2023,
      2709,
      2722,
      2728,
      2782,
      2968,
      3182,
      3379,
      3631,
      3791,
      4281,
      4596
    ],
    "6": [
      36,
      85,
      947,
      1137,
      1718,
      3287,
      4600
    ],
    "1": [
      2969,
      3206,
      3371,
      3477,
      4381
    ],
    "2": [
      888,
      1049,
      1137,
      1571,
      1584,
      1868
    ],
    "3": [
      208,
      311,
      545,
      568,
      1770,
      2457,
      2486,
      2929,
      3564,
      3595
    ],
    "5": [
      330,
      616,
      1249,
      1273,
      1704,
      2278,
      4108
    ],
    "4": [
      129,
      1382,
      3811,
      3965,
      4222,
      4343
    ]
  }
}
