{
  "entry": "O46200",
  "entry_name": "A63F_DROME",
  "type": "GLM_1",
  "prompt": "MKAIIVFILFISSVHAMSKCNQAIYLNLDPHCGILPDCNLDGPNPSYLKRVSCERKENGKPGFIELIPGKCLHGKPRCSLK[GLM]26-55-29",
  "k": 1000,
  "original_sequence": "MKAIIVFILFISSVHAMSKCNQAIYLNLDPHCGILPDCNLDGPNPSYLKRVSCERKENGKPGFIELIPGKCLHGKPRCSLK",
  "original_ll": -2.98175048828125,
  "original_perplexity": 19.72231101989746,
  "progen3_sequence": "MKAIIVFILFISSVHAMSKCNQAIYLMDIKKVVEKVKIIPERTPRLPGGNGLENNKENGKPGFIELIPGKCLHGKPRCSLK",
  "progen3_ll": -2.885406017303467,
  "progen3_perplexity": 17.910837173461914,
  "max_sequence": "MKAIIVFILFISSVHAMSKCNQAIYLLDLNGNVKTTFSETPFYSSFFGRKGNLFSKENGKPGFIELIPGKCLHGKPRCSLK",
  "max_ll": -2.691152572631836,
  "max_perplexity": 14.748664855957031,
  "max_kl": 0.028483949601650238,
  "max_nmse": 0.014255426824092865,
  "base_sequence": "MKAIIVFILFISSVHAMSKCNQAIYLNKNCNMKYCKCNCCCCCYCKYYYIKFCCCKENGKPGFIELIPGKCLHGKPRCSLK",
  "base_ll": -2.740112543106079,
  "base_perplexity": 15.488727569580078,
  "base_kl": 0.5275089740753174,
  "base_nmse": 2.714475154876709,
  "recovered_sequence": "MKAIIVFILFISSVHAMSKCNQAIYLFDIKKKEEKVKIIPENIPKLPGGLGLEMKKENGKPGFIELIPGKCLHGKPRCSLK",
  "recovered_ll": -2.7116589546203613,
  "recovered_perplexity": 15.054228782653809,
  "recovered_kl": 0.06645365059375763,
  "recovered_nmse": 0.15197299420833588,
  "nodes": {
    "9": [
      12,
      52,
      139,
      162,
      350,
      407,
      408,
      413,
      425,
      447,
      452,
      466,
      473,
      497,
      538,
      545,
      598,
      639,
      734,
      746,
      749,
      760,
      957,
      967,
      971,
      994,
      1021,
      1036,
      1073,
      1143,
      1176,
      1184,
      1233,
      1251,
      1271,
      1286,
      1302,
      1352,
      1466,
      1483,
      1491,
      1537,
      1579,
      1584,
      1648,
      1762,
      1828,
      1832,
      1835,
      1844,
      1851,
      1859,
      1888,
      1931,
      1957,
      2005,
      2066,
      2105,
      2109,
      2153,
      2177,
      2213,
      2264,
      2287,
      2360,
      2505,
      2510,
      2511,
      2524,
      2570,
      2592,
      2637,
      2642,
      2732,
      2763,
      2785,
      2787,
      2791,
      2829,
      2874,
      2975,
      2982,
      2983,
      3050,
      3079,
      3087,
      3101,
      3105,
      3134,
      3198,
      3199,
      3284,
      3310,
      3345,
      3372,
      3381,
      3382,
      3392,
      3414,
      3505,
      3513,
      3526,
      3540,
      3579,
      3624,
      3648,
      3649,
      3676,
      3695,
      3709,
      3723,
      3779,
      3802,
      3805,
      3808,
      3821,
      3952,
      3961,
      3965,
      3999,
      4103,
      4129,
      4250,
      4353,
      4419,
      4452,
      4468,
      4469,
      4482,
      4525,
      4526,
      4544,
      4603
    ],
    "2": [
      6,
      85,
      124,
      135,
      163,
      184,
      294,
      386,
      412,
      550,
      565,
      595,
      604,
      679,
      681,
      726,
      852,
      857,
      889,
      893,
      905,
      926,
      976,
      983,
      1001,
      1040,
      1185,
      1292,
      1507,
      1734,
      1787,
      1849,
      1870,
      1923,
      1930,
      1967,
      1990,
      1993,
      2031,
      2141,
      2184,
      2194,
      2244,
      2417,
      2445,
      2495,
      2521,
      2545,
      2555,
      2614,
      2627,
      2644,
      2648,
      2651,
      2703,
      2721,
      2736,
      2739,
      2871,
      2942,
      3018,
      3071,
      3113,
      3131,
      3218,
      3240,
      3255,
      3262,
      3356,
      3388,
      3399,
      3400,
      3402,
      3446,
      3455,
      3494,
      3634,
      3679,
      3701,
      3790,
      3842,
      3875,
      3955,
      3972,
      4025,
      4090,
      4101,
      4129,
      4154,
      4157,
      4179,
      4213,
      4250,
      4258,
      4453,
      4469,
      4569,
      4587
    ],
    "8": [
      2,
      19,
      47,
      94,
      129,
      141,
      194,
      221,
      234,
      240,
      274,
      319,
      323,
      391,
      528,
      543,
      583,
      611,
      638,
      682,
      721,
      726,
      746,
      749,
      798,
      800,
      811,
      846,
      879,
      972,
      1033,
      1051,
      1108,
      1136,
      1175,
      1183,
      1200,
      1258,
      1272,
      1338,
      1400,
      1518,
      1525,
      1535,
      1564,
      1581,
      1664,
      1687,
      1730,
      1734,
      1747,
      1757,
      1781,
      1842,
      1870,
      1918,
      1954,
      1987,
      2012,
      2021,
      2023,
      2054,
      2109,
      2112,
      2122,
      2151,
      2199,
      2201,
      2271,
      2302,
      2401,
      2560,
      2566,
      2578,
      2596,
      2605,
      2671,
      2753,
      2779,
      2790,
      2829,
      2840,
      2853,
      2891,
      2903,
      2931,
      3001,
      3019,
      3024,
      3037,
      3098,
      3109,
      3134,
      3141,
      3259,
      3360,
      3365,
      3422,
      3426,
      3652,
      3653,
      3713,
      3803,
      3809,
      3849,
      3865,
      3943,
      3968,
      4102,
      4115,
      4132,
      4230,
      4245,
      4276,
      4310,
      4355,
      4364,
      4371,
      4471,
      4487,
      4489,
      4546,
      4591,
      4594,
      4595
    ],
    "3": [
      5,
      92,
      196,
      303,
      332,
      367,
      429,
      473,
      545,
      611,
      695,
      877,
      982,
      997,
      1015,
      1040,
      1093,
      1123,
      1131,
      1345,
      1441,
      1450,
      1535,
      1537,
      1544,
      1575,
      1648,
      1709,
      1716,
      1846,
      1866,
      1877,
      1888,
      1995,
      2034,
      2054,
      2063,
      2084,
      2090,
      2201,
      2234,
      2237,
      2259,
      2316,
      2582,
      2762,
      2812,
      2930,
      2953,
      3010,
      3014,
      3025,
      3074,
      3129,
      3329,
      3404,
      3429,
      3565,
      3637,
      3650,
      3670,
      3818,
      3827,
      3834,
      4075,
      4160,
      4184,
      4240,
      4252,
      4327,
      4335,
      4343,
      4354,
      4380,
      4455,
      4493,
      4516,
      4587
    ],
    "7": [
      66,
      72,
      361,
      362,
      509,
      535,
      631,
      718,
      867,
      889,
      893,
      907,
      912,
      933,
      1010,
      1151,
      1256,
      1273,
      1338,
      1370,
      1419,
      1454,
      1510,
      1520,
      1625,
      1707,
      1709,
      1751,
      1762,
      1765,
      1824,
      1830,
      1880,
      1886,
      1929,
      1931,
      1966,
      1969,
      1979,
      2180,
      2227,
      2230,
      2261,
      2279,
      2299,
      2401,
      2488,
      2611,
      2650,
      2746,
      2747,
      2786,
      2802,
      2877,
      2891,
      2965,
      3135,
      3159,
      3227,
      3315,
      3389,
      3487,
      3541,
      3577,
      3690,
      3736,
      3760,
      3813,
      3942,
      3948,
      3966,
      3970,
      4055,
      4063,
      4110,
      4317,
      4413,
      4421,
      4536,
      4598
    ],