{
  "entry": "O46200",
  "entry_name": "A63F_DROME",
  "type": "GLM_2",
  "prompt": "MKAIIVFILFISSVHAMSKCNQAIYLNLDPHCGILPDCNLDGPNPSYLKRVSCERKENGKPGFIELIPGKCLHGKPRCSLK[GLM]61-81-20",
  "k": 928,
  "original_sequence": "MKAIIVFILFISSVHAMSKCNQAIYLNLDPHCGILPDCNLDGPNPSYLKRVSCERKENGKPGFIELIPGKCLHGKPRCSLK",
  "original_ll": -2.803767442703247,
  "original_perplexity": 16.506717681884766,
  "progen3_sequence": "MKAIIVFILFISSVHAMSKCNQAIYLNLDPHCGILPDCNLDGPNPSYLKRVSCERKENGKPYIKETQETLAMDPLLKKTVE",
  "progen3_ll": -2.900646209716797,
  "progen3_perplexity": 18.18589210510254,
  "max_sequence": "MKAIIVFILFISSVHAMSKCNQAIYLNLDPHCGILPDCNLDGPNPSYLKRVSCERKENGKPYVDKTETLWMLLLNYLLILN",
  "max_ll": -2.9618027210235596,
  "max_perplexity": 19.332792282104492,
  "max_kl": 0.2971268892288208,
  "max_nmse": 0.06508243829011917,
  "base_sequence": "MKAIIVFILFISSVHAMSKCNQAIYLNLDPHCGILPDCNLDGPNPSYLKRVSCERKENGKPYCYWCCCCYYLCCCCMMCME",
  "base_ll": -3.0200376510620117,
  "base_perplexity": 20.492063522338867,
  "base_kl": 1.0124363899230957,
  "base_nmse": 0.45747989416122437,
  "recovered_sequence": "MKAIIVFILFISSVHAMSKCNQAIYLNLDPHCGILPDCNLDGPNPSYLKRVSCERKENGKPYIYEKIEYYKCCIEKMKKME",
  "recovered_ll": -2.837878942489624,
  "recovered_perplexity": 17.079500198364258,
  "recovered_kl": 0.4032365381717682,
  "recovered_nmse": 0.1517609804868698,
  "nodes": {
    "9": [
      12,
      162,
      196,
      267,
      378,
      407,
      413,
      425,
      429,
      447,
      466,
      497,
      506,
      538,
      545,
      598,
      734,
      746,
      749,
      760,
      828,
      852,
      875,
      957,
      967,
      981,
      1036,
      1081,
      1143,
      1184,
      1233,
      1251,
      1443,
      1466,
      1483,
      1491,
      1554,
      1579,
      1584,
      1606,
      1648,
      1650,
      1732,
      1828,
      1832,
      1835,
      1844,
      1851,
      1859,
      1942,
      1957,
      2005,
      2020,
      2086,
      2105,
      2153,
      2177,
      2213,
      2264,
      2287,
      2349,
      2360,
      2376,
      2411,
      2510,
      2524,
      2548,
      2562,
      2570,
      2592,
      2637,
      2642,
      2732,
      2763,
      2787,
      2809,
      2865,
      2975,
      2982,
      2983,
      3008,
      3050,
      3071,
      3101,
      3105,
      3162,
      3198,
      3199,
      3253,
      3338,
      3340,
      3345,
      3367,
      3381,
      3382,
      3505,
      3513,
      3526,
      3540,
      3577,
      3579,
      3600,
      3624,
      3637,
      3649,
      3695,
      3723,
      3765,
      3779,
      3802,
      3808,
      3821,
      3873,
      3965,
      3999,
      4079,
      4103,
      4190,
      4250,
      4444,
      4468,
      4469,
      4482,
      4526,
      4544,
      4603
    ],
    "0": [
      156,
      173,
      229,
      471,
      478,
      509,
      530,
      591,
      622,
      648,
      694,
      753,
      771,
      815,
      817,
      895,
      933,
      1026,
      1050,
      1069,
      1093,
      1129,
      1135,
      1253,
      1265,
      1297,
      1365,
      1390,
      1456,
      1849,
      1864,
      1883,
      2111,
      2117,
      2149,
      2160,
      2172,
      2257,
      2258,
      2299,
      2470,
      2511,
      2594,
      2747,
      2765,
      2888,
      2956,
      2968,
      2984,
      2985,
      3067,
      3109,
      3182,
      3414,
      3536,
      3537,
      3554,
      3600,
      3692,
      3698,
      3823,
      3839,
      3963,
      4033,
      4066,
      4081,
      4145,
      4218,
      4336,
      4426,
      4466,
      4488,
      4545,
      4596
    ],
    "8": [
      49,
      94,
      114,
      125,
      129,
      137,
      155,
      221,
      234,
      240,
      274,
      379,
      434,
      512,
      543,
      583,
      584,
      609,
      611,
      628,
      649,
      682,
      728,
      737,
      798,
      800,
      855,
      877,
      916,
      948,
      972,
      999,
      1003,
      1033,
      1108,
      1136,
      1159,
      1200,
      1201,
      1258,
      1352,
      1356,
      1400,
      1428,
      1525,
      1535,
      1581,
      1651,
      1664,
      1687,
      1730,
      1734,
      1738,
      1747,
      1757,
      1780,
      1781,
      1800,
      1842,
      1918,
      1935,
      1954,
      2021,
      2023,
      2054,
      2077,
      2078,
      2103,
      2109,
      2112,
      2122,
      2201,
      2230,
      2274,
      2317,
      2327,
      2337,
      2356,
      2401,
      2518,
      2567,
      2578,
      2596,
      2600,
      2605,
      2621,
      2689,
      2727,
      2779,
      2790,
      2793,
      2829,
      2853,
      2917,
      2959,
      3001,
      3019,
      3024,
      3039,
      3098,
      3107,
      3109,
      3159,
      3166,
      3259,
      3284,
      3360,
      3365,
      3399,
      3422,
      3426,
      3524,
      3653,
      3734,
      3809,
      3846,
      3849,
      3865,
      3960,
      4013,
      4058,
      4114,
      4132,
      4167,
      4234,
      4290,
      4310,
      4364,
      4390,
      4410,
      4449,
      4471,
      4487,
      4489,
      4546,
      4585,
      4594,
      4595
    ],
    "7": [
      66,
      78,
      179,
      230,
      362,
      372,
      509,
      595,
      889,
      893,
      907,
      1010,
      1151,
      1256,
      1338,
      1387,
      1454,
      1510,
      1520,
      1544,
      1625,
      1629,
      1643,
      1709,
      1716,
      1751,
      1765,
      1816,
      1824,
      1830,
      1929,
      1931,
      1966,
      1969,
      1979,
      2147,
      2180,
      2227,
      2261,
      2279,
      2362,
      2401,
      2476,
      2491,
      2595,
      2746,
      2747,
      2786,
      2802,
      2842,
      2877,
      2891,
      2922,
      3029,
      3135,
      3159,
      3227,
      3389,
      3464,
      3487,
      3541,
      3598,
      3601,
      3690,
      3760,
      3914,
      3948,
      3970,
      4024,
      4055,
      4063,
      4076,
      4110,
      4144,
      4317,
      4331,
      4421,
      4558
    ],
    "3": [
      92,
      273,
      290,
      332,
      352,
      381,
      429,
      534,
      545,
      617,
      708,
      757,
      822,
      893,
      982,
      1025,
      1074,
      1229,
      1254,
      1261,
      1269,
      1291,
      1633,
      1869,
      2009,
      2075,
      2114,
      2232,
      2485,
      2520,
      2562,
      2682,
      2690,
      2812,
      3014,
      3258,
      3289,
      3680,
      3818,
      3998,
      4003,
      4075,
      4161,
      4172,
      4243,
      4252,
      4327,
      4380,
      4416,
      4449,
      4482,
      4499,
      4561,
      4587
    ],