{
  "entry": "O49344",
  "entry_name": "PSBP2_ARATH",
  "type": "CLM",
  "prompt": "MITPTDKKSITDYGSPEQFLSQVNYLLGKQAYVGETASEGGFDANAVATANILETSTQEIGGKEYYYLSVLTRTADGDEGGKHQLITATVNGGKLYICKA",
  "k": 1000,
  "original_sequence": "MITPTDKKSITDYGSPEQFLSQVNYLLGKQAYVGETASEGGFDANAVATANILETSTQEIGGKEYYYLSVLTRTADGDEGGKHQLITATVNGGKLYICKAQAGDKRWFKGARKFVENAATSFSVA",
  "original_ll": -2.8745851516723633,
  "original_perplexity": 17.71807289123535,
  "progen3_sequence": "MITPTDKKSITDYGSPEQFLSQVNYLLGKQAYVGETASEGGFDANAVATANILETSTQEIGGKEYYYLSVLTRTADGDEGGKHQLITATVNGGKLYICKASAGAAADGTALVASGTLTLTAGDTA",
  "progen3_ll": -2.134096145629883,
  "progen3_perplexity": 8.449406623840332,
  "max_sequence": "MITPTDKKSITDYGSPEQFLSQVNYLLGKQAYVGETASEGGFDANAVATANILETSTQEIGGKEYYYLSVLTRTADGDEGGKHQLITATVNGGKLYICKAGSSSTTDTGVTATSGDGAVNGTGSV",
  "max_ll": -2.441969394683838,
  "max_perplexity": 11.495658874511719,
  "max_kl": 0.013925161212682724,
  "max_nmse": 0.005704501643776894,
  "base_sequence": "MITPTDKKSITDYGSPEQFLSQVNYLLGKQAYVGETASEGGFDANAVATANILETSTQEIGGKEYYYLSVLTRTADGDEGGKHQLITATVNGGKLYICKATTYDVDAGVDTYTEDTAGDTDQTVV",
  "base_ll": -2.684748649597168,
  "base_perplexity": 14.65451717376709,
  "base_kl": 0.09843599051237106,
  "base_nmse": 0.08418786525726318,
  "recovered_sequence": "MITPTDKKSITDYGSPEQFLSQVNYLLGKQAYVGETASEGGFDANAVATANILETSTQEIGGKEYYYLSVLTRTADGDEGGKHQLITATVNGGKLYICKASAGAAGDGLSLVASGTGTDTAGDGN",
  "recovered_ll": -2.439317464828491,
  "recovered_perplexity": 11.46521282196045,
  "recovered_kl": 0.040408216416835785,
  "recovered_nmse": 0.012955203652381897,
  "nodes": {
    "9": [
      12,
      52,
      139,
      162,
      267,
      407,
      429,
      447,
      538,
      571,
      585,
      734,
      745,
      746,
      758,
      760,
      868,
      957,
      967,
      1007,
      1025,
      1036,
      1081,
      1143,
      1184,
      1233,
      1259,
      1307,
      1374,
      1476,
      1491,
      1560,
      1579,
      1584,
      1636,
      1648,
      1703,
      1713,
      1750,
      1762,
      1828,
      1832,
      1835,
      1844,
      1851,
      1872,
      1942,
      1946,
      1957,
      2005,
      2046,
      2105,
      2130,
      2134,
      2177,
      2191,
      2248,
      2287,
      2349,
      2360,
      2383,
      2423,
      2488,
      2510,
      2511,
      2524,
      2548,
      2573,
      2592,
      2732,
      2763,
      2787,
      2790,
      2809,
      2892,
      2991,
      3008,
      3050,
      3079,
      3087,
      3101,
      3107,
      3134,
      3198,
      3199,
      3267,
      3372,
      3381,
      3382,
      3408,
      3454,
      3480,
      3513,
      3540,
      3579,
      3581,
      3624,
      3649,
      3695,
      3779,
      3802,
      3821,
      3873,
      3952,
      3965,
      3999,
      4079,
      4106,
      4138,
      4190,
      4250,
      4419,
      4421,
      4468,
      4469,
      4488,
      4526,
      4533,
      4544,
      4603
    ],
    "0": [
      116,
      124,
      149,
      164,
      218,
      253,
      276,
      311,
      343,
      449,
      460,
      555,
      611,
      627,
      646,
      648,
      660,
      791,
      933,
      1013,
      1049,
      1074,
      1184,
      1207,
      1244,
      1265,
      1297,
      1368,
      1486,
      1502,
      1513,
      1521,
      1530,
      1728,
      1770,
      1777,
      1800,
      1824,
      1844,
      1851,
      1940,
      2031,
      2055,
      2084,
      2097,
      2109,
      2160,
      2262,
      2362,
      2510,
      2631,
      2692,
      2700,
      2711,
      2722,
      2777,
      2805,
      2937,
      2954,
      2962,
      2968,
      2984,
      2991,
      3054,
      3056,
      3182,
      3205,
      3243,
      3244,
      3363,
      3365,
      3398,
      3426,
      3477,
      3523,
      3539,
      3573,
      3593,
      3676,
      3733,
      3747,
      3751,
      3793,
      3853,
      3898,
      3937,
      3954,
      3995,
      4006,
      4081,
      4150,
      4195,
      4209,
      4322,
      4388,
      4466,
      4488,
      4532,
      4544,
      4596
    ],
    "8": [
      49,
      94,
      97,
      127,
      155,
      220,
      240,
      274,
      301,
      380,
      434,
      528,
      543,
      583,
      628,
      630,
      696,
      846,
      879,
      882,
      949,
      1060,
      1136,
      1192,
      1200,
      1214,
      1252,
      1258,
      1272,
      1301,
      1368,
      1428,
      1486,
      1549,
      1557,
      1651,
      1664,
      1687,
      1842,
      1954,
      1976,
      2054,
      2077,
      2078,
      2109,
      2112,
      2113,
      2122,
      2199,
      2201,
      2337,
      2361,
      2392,
      2401,
      2431,
      2433,
      2441,
      2475,
      2518,
      2552,
      2567,
      2596,
      2600,
      2605,
      2650,
      2689,
      2727,
      2753,
      2784,
      2829,
      2850,
      2853,
      2917,
      2924,
      2983,
      3019,
      3042,
      3130,
      3175,
      3259,
      3316,
      3399,
      3415,
      3422,
      3463,
      3648,
      3659,
      3734,
      3846,
      3849,
      3865,
      3960,
      4013,
      4113,
      4167,
      4251,
      4281,
      4290,
      4310,
      4340,
      4361,
      4364,
      4387,
      4410,
      4449,
      4471,
      4546
    ],
    "7": [
      66,
      78,
      135,
      283,
      291,
      310,
      313,
      362,
      369,
      398,
      491,
      509,
      543,
      889,
      912,
      933,
      1010,
      1040,
      1053,
      1151,
      1244,
      1256,
      1329,
      1338,
      1453,
      1454,
      1520,
      1625,
      1675,
      1751,
      1816,
      1824,
      1830,
      1894,
      1929,
      1969,
      2035,
      2113,
      2147,
      2180,
      2227,
      2261,
      2263,
      2279,
      2299,
      2351,
      2362,
      2401,
      2440,
      2476,
      2491,
      2517,
      2594,
      2595,
      2746,
      2747,
      2786,
      2802,
      2819,
      2877,
      2891,
      2903,
      2922,
      3135,
      3183,
      3227,
      3251,
      3381,
      3389,
      3398,
      3464,
      3473,
      3487,
      3541,
      3576,
      3588,
      3589,
      3599,
      3601,
      3639,
      3675,
      3690,
      3711,
      3778,
      3825,
      3914,
      3948,
      3970,
      4002,
      4024,
      4045,
      4055,
      4063,
      4110,
      4130,
      4131,
      4141,
      4144,
      4293,
      4322,
      4421
    ],
    "6": [
      18,
      30,
      85,
      167,
      206,
      293,
      308,
      398,
      399,
      413,
      447,
      479,
      504,
      519,
      520,
      609,
      634,
      697,
      745,
      762,
      849,
      889,
      924,
      947,
      954,
      960,
      979,
      1025,
      1137,
      1284,
      1421,
      1457,
      1467,
      1504,
      1584,
      1627,
      1657,
      1699,
      1701,
      1718,
      1804,
      1954,
      1981,
      1987,
      1990,
      2089,
      2255,
      2271,
      2322,
      2389,
      2460,
      2488,
      2495,
      2614,
      2621,
      2664,
      2689,
      2848,
      2874,
      2886,
      2975,
      2989,
      3154,
      3167,
      3173,
      3221,
      3279,
      3396,
      3414,
      3459,
      3473,
      3509,
      3515,
      3533,
      3579,
      3628,
      3679,
      3697,
      3705,
      3716,
      3764,
      3872,
      3887,
      3948,
      4028,
      4068,
      4069,
      4335,
      4413,
      4416,
      4445,
      4512,
      4529,
      4539,
      4581,
      4587
    ],