{
  "entry": "O64497",
  "entry_name": "TOM91_ARATH",
  "type": "GLM_1",
  "prompt": "MAPKKIGAGKGDSSILAKISNYDIVSQGRRAACDAVYVSKKLLKSTGKAAWIAGTTFLILAVPLILELEQDHRLGEIDFEQASLLGTPPVGAML[GLM]46-66-20",
  "k": 960,
  "original_sequence": "MAPKKIGAGKGDSSILAKISNYDIVSQGRRAACDAVYVSKKLLKSTGKAAWIAGTTFLILAVPLILELEQDHRLGEIDFEQASLLGTPPVGAML",
  "original_ll": -2.6090989112854004,
  "original_perplexity": 13.58680248260498,
  "progen3_sequence": "MAPKKIGAGKGDSSILAKISNYDIVSQGRRAACDAVYVSKKLLKSTSKPEMLKNKEQGPILKARGKELEQDHRLGEIDFEQASLLGTPPVGAML",
  "progen3_ll": -2.8459904193878174,
  "progen3_perplexity": 17.218605041503906,
  "max_sequence": "MAPKKIGAGKGDSSILAKISNYDIVSQGRRAACDAVYVSKKLLKSTMLLIELIQTSGGINLENLNKELEQDHRLGEIDFEQASLLGTPPVGAML",
  "max_ll": -2.8330018520355225,
  "max_perplexity": 16.99640464782715,
  "max_kl": 0.06350444257259369,
  "max_nmse": 0.055873408913612366,
  "base_sequence": "MAPKKIGAGKGDSSILAKISNYDIVSQGRRAACDAVYVSKKLLKSTFLILVYMEMVLMMLVMMILNELEQDHRLGEIDFEQASLLGTPPVGAML",
  "base_ll": -3.009772777557373,
  "base_perplexity": 20.282791137695312,
  "base_kl": 0.4079897105693817,
  "base_nmse": 2.8942677974700928,
  "recovered_sequence": "MAPKKIGAGKGDSSILAKISNYDIVSQGRRAACDAVYVSKKLLKSTSLPEMLKNVEQMPILKLMLKELEQDHRLGEIDFEQASLLGTPPVGAML",
  "recovered_ll": -2.8316025733947754,
  "recovered_perplexity": 16.972639083862305,
  "recovered_kl": 0.10847095400094986,
  "recovered_nmse": 0.48706188797950745,
  "nodes": {
    "9": [
      12,
      139,
      162,
      191,
      199,
      233,
      359,
      381,
      407,
      473,
      493,
      538,
      548,
      672,
      680,
      734,
      746,
      760,
      763,
      767,
      818,
      868,
      957,
      961,
      967,
      1042,
      1073,
      1080,
      1081,
      1092,
      1106,
      1184,
      1190,
      1214,
      1251,
      1262,
      1302,
      1307,
      1374,
      1438,
      1476,
      1491,
      1530,
      1560,
      1579,
      1649,
      1713,
      1725,
      1828,
      1832,
      1844,
      1851,
      1910,
      1913,
      1942,
      1957,
      2005,
      2046,
      2105,
      2143,
      2184,
      2283,
      2287,
      2405,
      2423,
      2510,
      2539,
      2633,
      2727,
      2732,
      2760,
      2787,
      2791,
      2812,
      2865,
      2888,
      2940,
      2975,
      3008,
      3050,
      3070,
      3162,
      3198,
      3199,
      3209,
      3372,
      3382,
      3513,
      3536,
      3540,
      3581,
      3624,
      3676,
      3695,
      3748,
      3779,
      3802,
      3821,
      3836,
      3873,
      3932,
      3941,
      3952,
      3965,
      3972,
      3999,
      4079,
      4106,
      4129,
      4148,
      4250,
      4260,
      4275,
      4279,
      4350,
      4419,
      4421,
      4452,
      4482,
      4488,
      4533,
      4544,
      4603
    ],
    "8": [
      94,
      583,
      817,
      859,
      876,
      900,
      950,
      986,
      999,
      1038,
      1098,
      1108,
      1306,
      1400,
      1404,
      1408,
      1479,
      1535,
      1557,
      1560,
      1639,
      1664,
      1678,
      1687,
      1710,
      1744,
      1757,
      1777,
      1838,
      1877,
      1986,
      2080,
      2109,
      2112,
      2151,
      2201,
      2262,
      2329,
      2348,
      2361,
      2388,
      2401,
      2469,
      2479,
      2567,
      2596,
      2605,
      2621,
      2828,
      2972,
      3037,
      3042,
      3103,
      3200,
      3236,
      3258,
      3259,
      3521,
      3645,
      3653,
      3659,
      3711,
      3785,
      3865,
      3893,
      3895,
      3915,
      3958,
      3989,
      4121,
      4167,
      4190,
      4294,
      4310,
      4391,
      4471,
      4524,
      4530,
      4565,
      4570
    ],
    "0": [
      116,
      136,
      164,
      218,
      262,
      374,
      557,
      610,
      694,
      695,
      705,
      727,
      744,
      761,
      762,
      933,
      1026,
      1060,
      1105,
      1106,
      1127,
      1129,
      1156,
      1172,
      1220,
      1354,
      1414,
      1653,
      1729,
      1777,
      1780,
      1831,
      1861,
      1911,
      1942,
      1974,
      2022,
      2079,
      2094,
      2112,
      2122,
      2206,
      2278,
      2299,
      2314,
      2355,
      2362,
      2491,
      2511,
      2587,
      2589,
      2594,
      2631,
      2700,
      2867,
      2962,
      2972,
      2984,
      2991,
      2994,
      3090,
      3163,
      3176,
      3205,
      3266,
      3387,
      3493,
      3495,
      3528,
      3539,
      3573,
      3591,
      3596,
      3646,
      3676,
      3700,
      3794,
      3805,
      3820,
      3853,
      3889,
      3890,
      3898,
      3900,
      3937,
      3954,
      3963,
      4081,
      4095,
      4111,
      4123,
      4168,
      4182,
      4229,
      4276,
      4368,
      4398,
      4464,
      4467,
      4488,
      4529,
      4552,
      4596,
      4602
    ],
    "5": [
      0,
      34,
      37,
      148,
      186,
      203,
      240,
      249,
      285,
      312,
      367,
      400,
      521,
      556,
      761,
      767,
      796,
      878,
      976,
      1031,
      1034,
      1066,
      1167,
      1209,
      1244,
      1249,
      1463,
      1466,
      1525,
      1618,
      1870,
      1936,
      1983,
      1994,
      2096,
      2102,
      2213,
      2220,
      2250,
      2286,
      2321,
      2434,
      2514,
      2519,
      2537,
      2540,
      2573,
      2580,
      2588,
      2606,
      2617,
      2652,
      2680,
      2777,
      2816,
      2840,
      3064,
      3139,
      3186,
      3194,
      3196,
      3219,
      3239,
      3244,
      3365,
      3393,
      3421,
      3457,
      3521,
      3576,
      3615,
      3654,
      3708,
      3732,
      3745,
      3759,
      3775,
      3835,
      3884,
      3913,
      4008,
      4010,
      4122,
      4157,
      4200,
      4208,
      4336,
      4354,
      4369,
      4502,
      4581,
      4602
    ],
    "2": [
      13,
      49,
      141,
      152,
      252,
      300,
      317,
      430,
      470,
      481,
      686,
      689,
      694,
      712,
      720,
      722,
      750,
      799,
      812,
      814,
      896,
      901,
      974,
      1018,
      1074,
      1148,
      1152,
      1197,
      1316,
      1331,
      1345,
      1527,
      1534,
      1676,
      1724,
      1738,
      1745,
      1777,
      1980,
      2017,
      2178,
      2189,
      2323,
      2337,
      2342,
      2481,
      2529,
      2659,
      2748,
      2817,
      2940,
      3025,
      3040,
      3091,
      3110,
      3132,
      3209,
      3242,
      3271,
      3330,
      3508,
      3535,
      3612,
      3636,
      3667,
      3705,
      3708,
      3711,
      3822,
      3826,
      3892,
      3905,
      3979,
      4025,
      4035,
      4101,
      4129,
      4200,
      4228,
      4252,
      4261,
      4322,
      4434
    ],