{
  "entry": "O80930",
  "entry_name": "SMR12_ARATH",
  "type": "GLM_2",
  "prompt": "MEIGNVKADVNLVLNLREAERHRRYFDYFIDEILWLSFLGMSETSLKEEEVTLGGVKETREEECSDDKLVLDICLKRKRLDEEEEEEVVEEENDGFKTPTRPENRIPIVRECPPAPMKRSSEMFRGRTMYCRRRLSFLPEDDVNSFITDLQWRTTTMTIKK[GLM]44-66-22",
  "k": 288,
  "original_sequence": "MEIGNVKADVNLVLNLREAERHRRYFDYFIDEILWLSFLGMSETSLKEEEVTLGGVKETREEECSDDKLVLDICLKRKRLDEEEEEEVVEEENDGFKTPTRPENRIPIVRECPPAPMKRSSEMFRGRTMYCRRRLSFLPEDDVNSFITDLQWRTTTMTIKK",
  "original_ll": -2.876349449157715,
  "original_perplexity": 17.749359130859375,
  "progen3_sequence": "MEIGNVKADVNLVLNLREAERHRRYFDYFIDEILWLSFLGMSETKLDLPFYIVDFGLGSFLRISDTDKLVLDICLKRKRLDEEEEEEVVEEENDGFKTPTRPENRIPIVRECPPAPMKRSSEMFRGRTMYCRRRLSFLPEDDVNSFITDLQWRTTTMTIKK",
  "progen3_ll": -2.8345870971679688,
  "progen3_perplexity": 17.02337074279785,
  "max_sequence": "MEIGNVKADVNLVLNLREAERHRRYFDYFIDEILWLSFLGMSETVIDIGLKLPGEENFLLRTILPVDKLVLDICLKRKRLDEEEEEEVVEEENDGFKTPTRPENRIPIVRECPPAPMKRSSEMFRGRTMYCRRRLSFLPEDDVNSFITDLQWRTTTMTIKK",
  "max_ll": -2.770440101623535,
  "max_perplexity": 15.965659141540527,
  "max_kl": 0.13044846057891846,
  "max_nmse": 0.03734920546412468,
  "base_sequence": "MEIGNVKADVNLVLNLREAERHRRYFDYFIDEILWLSFLGMSETRVENCYCCCVNCYEMMVCCCCMDKLVLDICLKRKRLDEEEEEEVVEEENDGFKTPTRPENRIPIVRECPPAPMKRSSEMFRGRTMYCRRRLSFLPEDDVNSFITDLQWRTTTMTIKK",
  "base_ll": -3.1923398971557617,
  "base_perplexity": 24.345327377319336,
  "base_kl": 0.5639200210571289,
  "base_nmse": 0.3376951217651367,
  "recovered_sequence": "MEIGNVKADVNLVLNLREAERHRRYFDYFIDEILWLSFLGMSETRVLDDDYILDFGFGSSLVKSDSDKLVLDICLKRKRLDEEEEEEVVEEENDGFKTPTRPENRIPIVRECPPAPMKRSSEMFRGRTMYCRRRLSFLPEDDVNSFITDLQWRTTTMTIKK",
  "recovered_ll": -2.7988712787628174,
  "recovered_perplexity": 16.426095962524414,
  "recovered_kl": 0.21621093153953552,
  "recovered_nmse": 0.05451451614499092,
  "nodes": {
    "9": [
      12,
      162,
      381,
      407,
      429,
      447,
      538,
      545,
      555,
      727,
      734,
      745,
      746,
      758,
      760,
      957,
      967,
      991,
      1025,
      1039,
      1042,
      1053,
      1073,
      1086,
      1184,
      1190,
      1251,
      1302,
      1307,
      1320,
      1374,
      1491,
      1579,
      1713,
      1725,
      1772,
      1828,
      1832,
      1844,
      1851,
      1906,
      1914,
      1942,
      1957,
      2005,
      2046,
      2105,
      2248,
      2264,
      2283,
      2287,
      2423,
      2510,
      2511,
      2592,
      2732,
      2787,
      2791,
      2975,
      3006,
      3008,
      3050,
      3087,
      3162,
      3198,
      3199,
      3372,
      3382,
      3399,
      3513,
      3540,
      3624,
      3676,
      3765,
      3779,
      3802,
      3821,
      3832,
      3880,
      3965,
      3999,
      4106,
      4123,
      4129,
      4190,
      4279,
      4419,
      4452,
      4478,
      4482,
      4533,
      4544,
      4603
    ],
    "8": [
      263,
      817,
      900,
      1136,
      1444,
      1486,
      1535,
      1557,
      1664,
      1678,
      1956,
      2077,
      2109,
      2112,
      2199,
      2201,
      2215,
      2479,
      2567,
      2596,
      2605,
      2621,
      2779,
      2917,
      3711,
      3849,
      4009,
      4471
    ],
    "0": [
      648,
      694,
      733,
      957,
      990,
      1297,
      1359,
      1408,
      1574,
      1703,
      2117,
      2172,
      2299,
      2678,
      2900,
      2968,
      2984,
      2991,
      3278,
      3347,
      3430,
      3495,
      3644,
      4195,
      4426,
      4466,
      4488,
      4596
    ],
    "7": [
      7,
      66,
      230,
      491,
      715,
      889,
      907,
      1128,
      1256,
      1454,
      1520,
      1625,
      1751,
      1816,
      1824,
      1880,
      1929,
      1969,
      2802,
      2877,
      3135,
      3251,
      3487,
      4055,
      4421
    ],
    "2": [
      1031,
      1250,
      1667,
      1694,
      1714,
      1759,
      2015,
      2150,
      2233,
      2360
    ],
    "5": [
      32,
      160,
      198,
      616,
      893,
      1031,
      1108,
      1165,
      1249,
      1397,
      1704,
      1847,
      2657,
      2675,
      3041,
      3851,
      4108,
      4516,
      4571,
      4597
    ],
    "6": [
      321,
      898,
      947,
      1137,
      1627,
      1743,
      2389,
      2495,
      2588,
      2646,
      2726,
      2740,
      2874,
      3136,
      3396,
      3518,
      3697,
      4335,
      4400,
      4462,
      4512
    ],
    "3": [
      234,
      545,
      817,
      1213,
      1636,
      2414,
      2650,
      2681,
      2710,
      3485,
      3818,
      3933,
      4249,
      4259,
      4277,
      4298
    ],
    "1": [
      91,
      269,
      449,
      551,
      602,
      728,
      795,
      1044,
      1064,
      1093,
      1443,
      1757,
      1834,
      2015,
      2224,
      2282,
      2368,
      3120,
      3167,
      3169,
      3191,
      3593,
      3613,
      3621,
      3770,
      3948,
      4069,
      4100,
      4211,
      4430
    ],
    "4": [
      483,
      562,
      980,
      1041,
      1488,
      1530,
      1566,
      1725,
      2181,
      2605,
      3175,
      4015,
      4029,
      4134,
      4148,
      4584,
      4599
    ]
  }
}
