{
  "entry": "P08245",
  "entry_name": "YCIH_ECOLI",
  "type": "GLM_2",
  "prompt": "MSDSNSRLVYSTETGRIDEPKAAPVRPKGDGVVRIQRQTSGRKGKGVCLITGVDLDDAELTKLAAELKKKCGCGGAVKDGVIEIQGDKRDLLKSLLEAKGMKVKLAGG[GLM]21-50-29",
  "k": 320,
  "original_sequence": "MSDSNSRLVYSTETGRIDEPKAAPVRPKGDGVVRIQRQTSGRKGKGVCLITGVDLDDAELTKLAAELKKKCGCGGAVKDGVIEIQGDKRDLLKSLLEAKGMKVKLAGG",
  "original_ll": -1.7502033710479736,
  "original_perplexity": 5.755773544311523,
  "progen3_sequence": "MSDSNSRLVYSTETGRIDEPKMEKLAVKAEAKPPKAEKAVKEEEKAEEEETGVDLDDAELTKLAAELKKKCGCGGAVKDGVIEIQGDKRDLLKSLLEAKGMKVKLAGG",
  "progen3_ll": -2.4377477169036865,
  "progen3_perplexity": 11.447229385375977,
  "max_sequence": "MSDSNSRLVYSTETGRIDEPKVTLNNVVNSPGLVEKPGNAERENNEGEEKTGVDLDDAELTKLAAELKKKCGCGGAVKDGVIEIQGDKRDLLKSLLEAKGMKVKLAGG",
  "max_ll": -2.8787174224853516,
  "max_perplexity": 17.791440963745117,
  "max_kl": 0.05322994664311409,
  "max_nmse": 0.046727441251277924,
  "base_sequence": "MSDSNSRLVYSTETGRIDEPKMVMLMENEMMVEEGEKDKRMYGVKYMKVKTGVDLDDAELTKLAAELKKKCGCGGAVKDGVIEIQGDKRDLLKSLLEAKGMKVKLAGG",
  "base_ll": -3.047044277191162,
  "base_perplexity": 21.05302619934082,
  "base_kl": 0.2129531353712082,
  "base_nmse": 1.13181471824646,
  "recovered_sequence": "MSDSNSRLVYSTETGRIDEPKMPKLIVENEAKPYKKEKEVKKKDKVEKVETGVDLDDAELTKLAAELKKKCGCGGAVKDGVIEIQGDKRDLLKSLLEAKGMKVKLAGG",
  "recovered_ll": -2.6315104961395264,
  "recovered_perplexity": 13.894742012023926,
  "recovered_kl": 0.10844828933477402,
  "recovered_nmse": 0.5242875814437866,
  "nodes": {
    "9": [
      7,
      12,
      33,
      94,
      188,
      224,
      248,
      277,
      282,
      297,
      342,
      378,
      420,
      428,
      481,
      506,
      570,
      706,
      715,
      732,
      744,
      751,
      771,
      814,
      828,
      871,
      957,
      967,
      981,
      1061,
      1088,
      1120,
      1184,
      1286,
      1312,
      1341,
      1343,
      1366,
      1394,
      1396,
      1434,
      1484,
      1486,
      1554,
      1587,
      1629,
      1633,
      1673,
      1677,
      1830,
      1833,
      1844,
      1934,
      1957,
      1972,
      2042,
      2047,
      2061,
      2067,
      2194,
      2218,
      2254,
      2313,
      2411,
      2417,
      2438,
      2488,
      2493,
      2514,
      2545,
      2553,
      2559,
      2614,
      2695,
      2713,
      2788,
      2863,
      2877,
      2886,
      2890,
      3028,
      3077,
      3142,
      3165,
      3192,
      3199,
      3225,
      3228,
      3284,
      3292,
      3296,
      3420,
      3491,
      3500,
      3528,
      3540,
      3591,
      3606,
      3624,
      3696,
      3779,
      3797,
      3821,
      3840,
      3864,
      3925,
      3931,
      4011,
      4049,
      4069,
      4098,
      4107,
      4142,
      4158,
      4168,
      4317,
      4320,
      4325,
      4393,
      4493,
      4499,
      4504,
      4544,
      4558,
      4563,
      4590,
      4599
    ],
    "8": [
      94,
      585,
      655,
      817,
      1306,
      1468,
      1557,
      1609,
      1664,
      1678,
      1687,
      1728,
      1775,
      1848,
      1942,
      2344,
      2536,
      2567,
      2596,
      2605,
      2621,
      2775,
      2932,
      3143,
      3711,
      3865,
      3989,
      4310
    ],
    "7": [
      7,
      66,
      330,
      642,
      872,
      889,
      907,
      1059,
      1256,
      1366,
      1454,
      1625,
      1709,
      1751,
      1816,
      1824,
      1969,
      2089,
      2227,
      2254,
      2513,
      2517,
      2747,
      2877,
      2998,
      3022,
      3135,
      3251,
      3381,
      3389,
      3457,
      3487,
      3755,
      4055,
      4122,
      4141,
      4161,
      4287,
      4299,
      4444,
      4483
    ],
    "5": [
      330,
      405,
      627,
      928,
      1047,
      1109,
      1249,
      1273,
      1550,
      1704,
      1939,
      2346,
      3710,
      3733,
      3758,
      3791,
      3810,
      3852,
      4281,
      4516,
      4549
    ],
    "0": [
      2722,
      2728,
      2757,
      2968,
      2984,
      2991,
      4072,
      4488,
      4596
    ],
    "6": [
      59,
      85,
      297,
      439,
      609,
      954,
      1137,
      1305,
      1318,
      1328,
      1346,
      1467,
      1474,
      1534,
      1616,
      1641,
      1699,
      1718,
      1987,
      2039,
      2117,
      2236,
      2318,
      2322,
      2354,
      2362,
      2495,
      2508,
      2512,
      2516,
      2596,
      2726,
      2727,
      3098,
      3221,
      3359,
      3396,
      3410,
      3445,
      3574,
      3644,
      3697,
      3809,
      3819,
      4028,
      4207,
      4216,
      4319,
      4501,
      4512
    ],
    "3": [
      161,
      545,
      950,
      1520,
      2844,
      3390,
      3813,
      3841,
      4345,
      4469
    ],
    "4": [
      11,
      107,
      252,
      355,
      553,
      613,
      827,
      1084,
      1569,
      1590,
      2065,
      2204,
      2422,
      2454,
      2551,
      2860,
      3100,
      3182,
      3437,
      3811
    ],
    "1": [
      577,
      1511,
      1525,
      2863,
      3270,
      4219
    ],
    "2": [
      615,
      1168,
      1196,
      2020,
      2274,
      2820,
      4112,
      4214
    ]
  }
}
