{
  "entry": "P08372",
  "entry_name": "PPDC_ECOLI",
  "type": "CLM",
  "prompt": "MSASLKNQQGFSLPEVMLAMVLMVMIVTALSGFQRTLMNSLASRNQYQQLWRHGWQQTQLRAISPPANWQVNRMQTSQAGCVSIS",
  "k": 960,
  "original_sequence": "MSASLKNQQGFSLPEVMLAMVLMVMIVTALSGFQRTLMNSLASRNQYQQLWRHGWQQTQLRAISPPANWQVNRMQTSQAGCVSISVTLVSPGGREGEMTRLHCPNRQ",
  "original_ll": -2.8926374912261963,
  "original_perplexity": 18.040828704833984,
  "progen3_sequence": "MSASLKNQQGFSLPEVMLAMVLMVMIVTALSGFQRTLMNSLASRNQYQQLWRHGWQQTQLRAISPPANWQVNRMQTSQAGCVSISGGGGTLTFAGTGLSIGPGALAN",
  "progen3_ll": -2.350656032562256,
  "progen3_perplexity": 10.492450714111328,
  "max_sequence": "MSASLKNQQGFSLPEVMLAMVLMVMIVTALSGFQRTLMNSLASRNQYQQLWRHGWQQTQLRAISPPANWQVNRMQTSQAGCVSISSTTGGSTSSNGTVNLSTDGNPV",
  "max_ll": -2.4242639541625977,
  "max_perplexity": 11.293913841247559,
  "max_kl": 0.01702793873846531,
  "max_nmse": 0.01107468269765377,
  "base_sequence": "MSASLKNQQGFSLPEVMLAMVLMVMIVTALSGFQRTLMNSLASRNQYQQLWRHGWQQTQLRAISPPANWQVNRMQTSQAGCVSISDTDQSVSGWDDQDWWSQDGLPP",
  "base_ll": -2.9484314918518066,
  "base_perplexity": 19.07600975036621,
  "base_kl": 0.18827727437019348,
  "base_nmse": 0.02526392787694931,
  "recovered_sequence": "MSASLKNQQGFSLPEVMLAMVLMVMIVTALSGFQRTLMNSLASRNQYQQLWRHGWQQTQLRAISPPANWQVNRMQTSQAGCVSISGIGGTLTRTGTGLSIGPGALAT",
  "recovered_ll": -2.5087106227874756,
  "recovered_perplexity": 12.289074897766113,
  "recovered_kl": 0.020268330350518227,
  "recovered_nmse": 0.01587023213505745,
  "nodes": {
    "9": [
      12,
      52,
      80,
      126,
      141,
      267,
      284,
      383,
      407,
      408,
      425,
      429,
      447,
      448,
      452,
      466,
      473,
      571,
      598,
      716,
      734,
      746,
      749,
      840,
      957,
      967,
      971,
      994,
      1025,
      1036,
      1055,
      1073,
      1143,
      1152,
      1184,
      1204,
      1233,
      1251,
      1438,
      1466,
      1476,
      1487,
      1491,
      1500,
      1528,
      1579,
      1648,
      1742,
      1762,
      1772,
      1828,
      1832,
      1835,
      1844,
      1851,
      1872,
      1942,
      1946,
      1957,
      2005,
      2075,
      2105,
      2110,
      2134,
      2153,
      2177,
      2206,
      2234,
      2264,
      2376,
      2383,
      2467,
      2511,
      2524,
      2548,
      2570,
      2573,
      2637,
      2732,
      2745,
      2756,
      2763,
      2787,
      2790,
      2809,
      2874,
      2892,
      2893,
      2975,
      2983,
      2991,
      3004,
      3008,
      3050,
      3058,
      3079,
      3101,
      3105,
      3107,
      3162,
      3198,
      3199,
      3259,
      3340,
      3382,
      3408,
      3474,
      3513,
      3540,
      3579,
      3624,
      3649,
      3695,
      3734,
      3765,
      3779,
      3802,
      3808,
      3821,
      3873,
      3952,
      3965,
      3990,
      3999,
      4079,
      4103,
      4111,
      4138,
      4173,
      4209,
      4250,
      4419,
      4421,
      4468,
      4482,
      4494,
      4514,
      4526,
      4532,
      4544,
      4546,
      4592,
      4603
    ],
    "8": [
      2,
      8,
      20,
      52,
      87,
      88,
      125,
      129,
      155,
      203,
      228,
      233,
      240,
      270,
      277,
      284,
      380,
      407,
      421,
      431,
      434,
      479,
      530,
      614,
      649,
      666,
      672,
      696,
      721,
      726,
      746,
      800,
      811,
      825,
      827,
      846,
      855,
      872,
      896,
      916,
      999,
      1135,
      1136,
      1201,
      1244,
      1257,
      1291,
      1300,
      1340,
      1388,
      1498,
      1512,
      1549,
      1559,
      1651,
      1657,
      1666,
      1689,
      1730,
      1737,
      1757,
      1781,
      1794,
      1810,
      1842,
      1843,
      1925,
      1931,
      1969,
      2070,
      2113,
      2152,
      2201,
      2253,
      2265,
      2271,
      2276,
      2317,
      2336,
      2378,
      2392,
      2431,
      2455,
      2554,
      2563,
      2566,
      2600,
      2661,
      2689,
      2744,
      2790,
      2793,
      2829,
      2841,
      2853,
      2917,
      2926,
      2931,
      2934,
      3001,
      3009,
      3015,
      3019,
      3037,
      3039,
      3052,
      3074,
      3087,
      3097,
      3107,
      3123,
      3134,
      3188,
      3224,
      3259,
      3316,
      3332,
      3422,
      3426,
      3463,
      3495,
      3497,
      3524,
      3601,
      3638,
      3653,
      3722,
      3724,
      3734,
      3798,
      3812,
      3821,
      3846,
      3881,
      3920,
      3924,
      3960,
      4040,
      4076,
      4113,
      4132,
      4136,
      4162,
      4203,
      4216,
      4247,
      4250,
      4311,
      4361,
      4410,
      4449,
      4481,
      4504,
      4525,
      4572,
      4590
    ],
    "4": [
      46,
      133,
      167,
      232,
      278,
      321,
      404,
      523,
      559,
      561,
      590,
      638,
      651,
      694,
      699,
      749,
      762,
      783,
      847,
      872,
      877,
      931,
      971,
      972,
      992,
      998,
      1095,
      1176,
      1270,
      1335,
      1453,
      1547,
      1565,
      1645,
      1762,
      1767,
      1779,
      1853,
      1861,
      1882,
      1904,
      1913,
      1949,
      1967,
      2029,
      2036,
      2063,
      2069,
      2101,
      2139,
      2141,
      2173,
      2177,
      2182,
      2204,
      2205,
      2215,
      2242,
      2247,
      2301,
      2323,
      2328,
      2331,
      2337,
      2339,
      2544,
      2573,
      2745,
      2754,
      2799,
      2836,
      2891,
      3082,
      3111,
      3131,
      3165,
      3267,
      3286,
      3356,
      3386,
      3440,
      3441,
      3529,
      3569,
      3604,
      3678,
      3709,
      3734,
      3737,
      3787,
      3789,
      3813,
      3815,
      3820,
      3829,
      3875,
      3880,
      3910,
      3914,
      3945,
      4005,
      4017,
      4042,
      4051,
      4112,
      4147,
      4184,
      4211,
      4218,
      4227,
      4327,
      4337,
      4413,
      4456,
      4538,
      4584,
      4606
    ],
    "6": [
      66,
      112,
      167,
      293,
      297,
      398,
      409,
      445,
      447,
      604,
      609,
      713,
      731,
      763,
      767,
      781,
      841,
      860,
      883,
      947,
      960,
      979,
      1004,
      1029,
      1068,
      1137,
      1146,
      1161,
      1201,
      1374,
      1410,
      1457,
      1458,
      1467,
      1545,
      1601,
      1609,
      1657,
      1664,
      1687,
      1701,
      1873,
      1954,
      1979,
      1987,
      2080,
      2175,
      2208,
      2269,
      2350,
      2389,
      2404,
      2460,
      2484,
      2495,
      2579,
      2621,
      2631,
      2661,
      2689,
      2705,
      2717,
      2726,
      2727,
      2731,
      2874,
      2921,
      2989,
      3020,
      3091,
      3167,
      3173,
      3221,
      3231,
      3317,
      3396,
      3445,
      3509,
      3513,
      3533,
      3673,
      3697,
      3705,
      3719,
      3808,
      3819,
      3820,
      3833,
      3887,
      3899,
      3918,
      4028,
      4053,
      4065,
      4069,
      4107,
      4117,
      4162,
      4301,
      4354,
      4382,
      4400,
      4529,
      4587
    ],