{
  "entry": "P0C011",
  "entry_name": "KAS2_KASSE",
  "type": "CLM",
  "prompt": "FIQYLAPLIPHAVKAI",
  "k": 992,
  "original_sequence": "FIQYLAPLIPHAVKAISDLI",
  "original_ll": -2.684530019760132,
  "original_perplexity": 14.651314735412598,
  "progen3_sequence": "FIQYLAPLIPHAVKAIRRVS",
  "progen3_ll": -2.7988908290863037,
  "progen3_perplexity": 16.426416397094727,
  "max_sequence": "FIQYLAPLIPHAVKAIGGSL",
  "max_ll": -2.4090867042541504,
  "max_perplexity": 11.123796463012695,
  "max_kl": 0.0039116619154810905,
  "max_nmse": 0.002903054002672434,
  "base_sequence": "FIQYLAPLIPHAVKAIGLLT",
  "base_ll": -2.4491770267486572,
  "base_perplexity": 11.578814506530762,
  "base_kl": 0.03534450754523277,
  "base_nmse": 0.03961363807320595,
  "recovered_sequence": "FIQYLAPLIPHAVKAIRRVS",
  "recovered_ll": -2.7988908290863037,
  "recovered_perplexity": 16.426416397094727,
  "recovered_kl": 0.01845530793070793,
  "recovered_nmse": 0.014708154834806919,
  "nodes": {
    "9": [
      12,
      184,
      332,
      381,
      407,
      466,
      473,
      734,
      746,
      758,
      760,
      767,
      957,
      967,
      991,
      1042,
      1073,
      1080,
      1184,
      1251,
      1302,
      1307,
      1444,
      1528,
      1530,
      1560,
      1579,
      1713,
      1742,
      1828,
      1844,
      1851,
      1909,
      1942,
      1957,
      2005,
      2046,
      2105,
      2283,
      2360,
      2395,
      2423,
      2511,
      2539,
      2642,
      2697,
      2732,
      2787,
      2791,
      3050,
      3087,
      3162,
      3198,
      3199,
      3221,
      3341,
      3372,
      3382,
      3465,
      3513,
      3526,
      3540,
      3581,
      3624,
      3634,
      3676,
      3709,
      3779,
      3802,
      3821,
      3952,
      3999,
      4103,
      4106,
      4129,
      4232,
      4250,
      4275,
      4419,
      4421,
      4482,
      4533,
      4544,
      4603
    ],
    "0": [
      51,
      65,
      88,
      137,
      154,
      241,
      260,
      280,
      336,
      595,
      661,
      686,
      693,
      694,
      718,
      730,
      811,
      817,
      822,
      823,
      866,
      886,
      951,
      968,
      1016,
      1018,
      1026,
      1137,
      1167,
      1252,
      1412,
      1442,
      1580,
      1588,
      1672,
      1735,
      1765,
      1769,
      1817,
      1848,
      2000,
      2052,
      2076,
      2102,
      2186,
      2211,
      2254,
      2295,
      2299,
      2371,
      2480,
      2511,
      2579,
      2594,
      2662,
      2691,
      2692,
      2722,
      2747,
      2792,
      2849,
      2862,
      2891,
      2924,
      2937,
      2947,
      3129,
      3141,
      3157,
      3234,
      3252,
      3256,
      3307,
      3393,
      3395,
      3438,
      3462,
      3494,
      3552,
      3576,
      3581,
      3596,
      3646,
      3681,
      3698,
      3720,
      3728,
      3730,
      3821,
      3837,
      3918,
      3988,
      4015,
      4037,
      4049,
      4097,
      4105,
      4111,
      4197,
      4243,
      4256,
      4268,
      4279,
      4289,
      4354,
      4372,
      4376,
      4406,
      4426,
      4507,
      4585
    ],
    "3": [
      17,
      137,
      163,
      176,
      212,
      220,
      234,
      249,
      278,
      337,
      339,
      353,
      389,
      422,
      508,
      545,
      598,
      616,
      638,
      673,
      723,
      847,
      895,
      907,
      916,
      923,
      935,
      956,
      971,
      1035,
      1036,
      1079,
      1088,
      1157,
      1184,
      1221,
      1283,
      1300,
      1312,
      1428,
      1446,
      1485,
      1555,
      1575,
      1595,
      1616,
      1636,
      1663,
      1707,
      1745,
      1776,
      1788,
      1789,
      1840,
      1903,
      1915,
      2061,
      2086,
      2147,
      2206,
      2343,
      2390,
      2514,
      2556,
      2576,
      2577,
      2582,
      2607,
      2623,
      2801,
      2810,
      2930,
      2979,
      2983,
      3030,
      3094,
      3116,
      3161,
      3195,
      3257,
      3329,
      3345,
      3357,
      3358,
      3366,
      3437,
      3471,
      3485,
      3503,
      3508,
      3567,
      3570,
      3638,
      3689,
      3755,
      3810,
      3818,
      3901,
      3934,
      4021,
      4024,
      4031,
      4149,
      4160,
      4176,
      4230,
      4297,
      4326,
      4337,
      4339,
      4422,
      4432,
      4536,
      4554,
      4600
    ],
    "8": [
      147,
      174,
      392,
      583,
      585,
      629,
      723,
      817,
      841,
      876,
      900,
      1013,
      1306,
      1404,
      1408,
      1479,
      1486,
      1535,
      1548,
      1557,
      1560,
      1632,
      1664,
      1687,
      1744,
      1757,
      1777,
      1778,
      1838,
      1870,
      1914,
      1954,
      1955,
      1979,
      2032,
      2080,
      2109,
      2112,
      2140,
      2151,
      2163,
      2183,
      2201,
      2256,
      2290,
      2401,
      2479,
      2499,
      2516,
      2596,
      2605,
      2619,
      2972,
      3007,
      3170,
      3200,
      3236,
      3263,
      3440,
      3499,
      3631,
      3645,
      3668,
      3686,
      3711,
      3865,
      3895,
      3915,
      4167,
      4177,
      4184,
      4190,
      4292,
      4294,
      4310,
      4333,
      4391,
      4524,
      4534,
      4546,
      4569
    ],
    "7": [
      7,
      34,
      66,
      168,
      230,
      482,
      491,
      553,
      631,
      872,
      889,
      893,
      907,
      968,
      970,
      1010,
      1126,
      1135,
      1231,
      1256,
      1382,
      1520,
      1523,
      1544,
      1625,
      1709,
      1751,
      1816,
      1824,
      1830,
      1886,
      1929,
      1930,
      1969,
      2113,
      2248,
      2254,
      2263,
      2299,
      2428,
      2513,
      2517,
      2733,
      2747,
      2802,
      2877,
      2891,
      2910,
      2945,
      2998,
      3135,
      3487,
      3690,
      3727,
      3942,
      3948,
      3950,
      4045,
      4104,
      4130,
      4421,
      4565
    ],
    "4": [
      49,
      82,
      186,
      213,
      269,
      424,
      434,
      469,
      561,
      565,
      593,
      674,
      680,
      712,
      812,
      889,
      894,
      908,
      944,
      954,
      984,
      1078,
      1082,
      1088,
      1164,
      1194,
      1223,
      1236,
      1328,
      1370,
      1379,
      1448,
      1483,
      1486,
      1580,
      1658,
      1665,
      1668,
      1669,
      1710,
      1861,
      1902,
      1923,
      1982,
      2031,
      2170,
      2185,
      2192,
      2230,
      2252,
      2257,
      2362,
      2375,
      2490,
      2540,
      2543,
      2555,
      2567,
      2613,
      2683,
      2780,
      2853,
      2859,
      2910,
      2944,
      2970,
      2982,
      3066,
      3068,
      3121,
      3156,
      3195,
      3252,
      3282,
      3350,
      3362,
      3410,
      3464,
      3554,
      3610,
      3703,
      3808,
      3811,
      3829,
      3852,
      3872,
      3969,
      3971,
      4015,
      4053,
      4121,
      4127,
      4134,
      4139,
      4151,
      4173,
      4221,
      4251,
      4325,
      4342,
      4347,
      4348,
      4399,
      4415,
      4449,
      4490,
      4515,
      4582
    ],