{
  "entry": "P0C0B0",
  "entry_name": "Y1400_ARATH",
  "type": "GLM_1",
  "prompt": "MTLKGALSVKFDVKCPADKFFSAFVEDTNRPFEKNGKTEIEAVDLVKKTMTIQMSGSEIQKYFKTLKGSIAVTPIGVGDGSHVVWTFHFEKVHKDIDDPHSIIDESVKYFKKLDEAILNFKE[GLM]57-97-40",
  "k": 672,
  "original_sequence": "MTLKGALSVKFDVKCPADKFFSAFVEDTNRPFEKNGKTEIEAVDLVKKTMTIQMSGSEIQKYFKTLKGSIAVTPIGVGDGSHVVWTFHFEKVHKDIDDPHSIIDESVKYFKKLDEAILNFKE",
  "original_ll": -2.7984423637390137,
  "original_perplexity": 16.419052124023438,
  "progen3_sequence": "MTLKGALSVKFDVKCPADKFFSAFVEDTNRPFEKNGKTEIEAVDLVKKTMTIQMSGSNETNIIEKMYVKVELTARIDGNKVKEAKEKERVLRKRKTRDPHSIIDESVKYFKKLDEAILNFKE",
  "progen3_ll": -2.880023241043091,
  "progen3_perplexity": 17.814687728881836,
  "max_sequence": "MTLKGALSVKFDVKCPADKFFSAFVEDTNRPFEKNGKTEIEAVDLVKKTMTIQMSGSVISQKLSEHISERTPEDKLRKTDLEKKNVVVEKVDELTVGDPHSIIDESVKYFKKLDEAILNFKE",
  "max_ll": -2.809561252593994,
  "max_perplexity": 16.602632522583008,
  "max_kl": 0.10322367399930954,
  "max_nmse": 0.05835828185081482,
  "base_sequence": "MTLKGALSVKFDVKCPADKFFSAFVEDTNRPFEKNGKTEIEAVDLVKKTMTIQMSGSIMMMEYMKMNKNMMKMMYYYYNKKIKNKKKYVKYYMMDKMDPHSIIDESVKYFKKLDEAILNFKE",
  "base_ll": -3.0955874919891357,
  "base_perplexity": 22.100217819213867,
  "base_kl": 0.5237101912498474,
  "base_nmse": 1.3536843061447144,
  "recovered_sequence": "MTLKGALSVKFDVKCPADKFFSAFVEDTNRPFEKNGKTEIEAVDLVKKTMTIQMSGSIITVKMEKKYVDVDAFIIIDGKKVKEMKEPVLVLRKRKVRDPHSIIDESVKYFKKLDEAILNFKE",
  "recovered_ll": -2.829026937484741,
  "recovered_perplexity": 16.928979873657227,
  "recovered_kl": 0.13804388046264648,
  "recovered_nmse": 0.12317118048667908,
  "nodes": {
    "9": [
      12,
      35,
      50,
      52,
      95,
      126,
      162,
      407,
      429,
      447,
      466,
      473,
      506,
      512,
      538,
      566,
      582,
      678,
      734,
      746,
      760,
      767,
      828,
      891,
      953,
      957,
      967,
      994,
      1036,
      1050,
      1055,
      1073,
      1080,
      1081,
      1126,
      1163,
      1169,
      1178,
      1184,
      1233,
      1251,
      1407,
      1421,
      1429,
      1453,
      1491,
      1579,
      1586,
      1603,
      1648,
      1713,
      1772,
      1828,
      1844,
      1851,
      1880,
      1942,
      1946,
      1957,
      2005,
      2068,
      2105,
      2134,
      2153,
      2177,
      2264,
      2276,
      2349,
      2417,
      2423,
      2427,
      2467,
      2510,
      2524,
      2570,
      2667,
      2732,
      2745,
      2755,
      2756,
      2763,
      2768,
      2787,
      2791,
      2809,
      2866,
      2892,
      2940,
      2943,
      3008,
      3050,
      3101,
      3134,
      3198,
      3199,
      3308,
      3340,
      3364,
      3376,
      3382,
      3474,
      3513,
      3540,
      3541,
      3624,
      3635,
      3649,
      3695,
      3734,
      3779,
      3795,
      3802,
      3821,
      3830,
      3873,
      3941,
      3952,
      3965,
      3999,
      4079,
      4103,
      4106,
      4129,
      4250,
      4254,
      4370,
      4398,
      4419,
      4421,
      4422,
      4444,
      4451,
      4459,
      4465,
      4469,
      4494,
      4514,
      4526,
      4532,
      4544,
      4575,
      4603
    ],
    "8": [
      9,
      23,
      49,
      63,
      74,
      97,
      228,
      240,
      267,
      323,
      327,
      329,
      379,
      398,
      411,
      428,
      438,
      478,
      521,
      530,
      547,
      674,
      688,
      690,
      701,
      726,
      728,
      749,
      798,
      875,
      877,
      879,
      970,
      993,
      1060,
      1133,
      1135,
      1219,
      1244,
      1252,
      1289,
      1291,
      1301,
      1348,
      1349,
      1380,
      1513,
      1549,
      1559,
      1597,
      1628,
      1724,
      1757,
      1765,
      1792,
      1800,
      1810,
      1930,
      1944,
      2010,
      2014,
      2103,
      2113,
      2122,
      2153,
      2180,
      2201,
      2301,
      2327,
      2380,
      2395,
      2422,
      2431,
      2505,
      2509,
      2518,
      2554,
      2555,
      2563,
      2600,
      2661,
      2662,
      2671,
      2711,
      2746,
      2768,
      2787,
      2790,
      2829,
      2841,
      2883,
      2954,
      2958,
      3009,
      3018,
      3105,
      3111,
      3130,
      3306,
      3363,
      3422,
      3497,
      3549,
      3663,
      3673,
      3722,
      3734,
      3753,
      3834,
      3859,
      3998,
      4060,
      4105,
      4114,
      4132,
      4167,
      4186,
      4224,
      4245,
      4247,
      4250,
      4251,
      4290,
      4345,
      4352,
      4375,
      4410,
      4447,
      4449,
      4481,
      4518,
      4525
    ],
    "0": [
      116,
      460,
      622,
      648,
      933,
      976,
      1017,
      1026,
      1060,
      1211,
      1244,
      1297,
      1521,
      1544,
      1942,
      2031,
      2160,
      2423,
      2470,
      2511,
      2594,
      2692,
      2700,
      2722,
      2844,
      2888,
      2984,
      2991,
      3054,
      3057,
      3220,
      3256,
      3619,
      3794,
      3853,
      3930,
      3963,
      3970,
      4081,
      4095,
      4150,
      4195,
      4354,
      4388,
      4426,
      4488,
      4596
    ],
    "6": [
      85,
      167,
      206,
      293,
      329,
      398,
      439,
      504,
      519,
      520,
      524,
      536,
      599,
      634,
      697,
      745,
      748,
      847,
      849,
      850,
      947,
      954,
      960,
      979,
      1063,
      1115,
      1137,
      1161,
      1247,
      1284,
      1346,
      1421,
      1458,
      1468,
      1580,
      1584,
      1627,
      1681,
      1699,
      1763,
      1788,
      1954,
      1968,
      1987,
      2034,
      2136,
      2269,
      2317,
      2345,
      2389,
      2460,
      2495,
      2512,
      2596,
      2621,
      2705,
      2848,
      2874,
      2912,
      2989,
      3133,
      3217,
      3221,
      3298,
      3396,
      3459,
      3509,
      3533,
      3572,
      3679,
      3697,
      3705,
      3716,
      3764,
      3785,
      3809,
      3820,
      4028,
      4053,
      4068,
      4069,
      4158,
      4235,
      4290,
      4335,
      4399,
      4416,
      4441,
      4529,
      4569,
      4581
    ],
    "7": [
      78,
      83,
      135,
      145,
      230,
      362,
      491,
      524,
      535,
      589,
      647,
      814,
      1011,
      1040,
      1151,
      1329,
      1338,
      1454,
      1510,
      1520,
      1544,
      1625,
      1760,
      1816,
      1824,
      1882,
      1929,
      1969,
      2113,
      2147,
      2227,
      2263,
      2321,
      2362,
      2491,
      2517,
      2570,
      2595,
      2802,
      2824,
      2877,
      3135,
      3183,
      3251,
      3439,
      3457,
      3537,
      3541,
      3570,
      3675,
      3711,
      3825,
      3948,
      4024,
      4063,
      4130,
      4159,
      4322,
      4563
    ],
    "4": [
      213,
      232,
      259,
      278,
      363,
      570,
      680,
      687,
      752,
      827,
      872,
      900,
      1182,
      1198,
      1295,
      1296,
      1350,
      1443,
      1453,
      1547,
      1591,
      1728,
      1758,
      1849,
      2112,
      2247,
      2480,
      2808,
      2860,
      2872,
      2884,
      3023,
      3030,
      3060,
      3214,
      3282,
      3355,
      3386,
      3423,
      3471,
      3604,
      3609,
      3829,
      3874,
      3916,
      4143,
      4144,
      4183,
      4218,
      4399,
      4490,
      4517,
      4606
    ],