{
  "entry": "P0C0B0",
  "entry_name": "Y1400_ARATH",
  "type": "GLM_2",
  "prompt": "MTLKGALSVKFDVKCPADKFFSAFVEDTNRPFEKNGKTEIEAVDLVKKTMTIQMSGSEIQKYFKTLKGSIAVTPIGVGDGSHVVWTFHFEKVHKDIDDPHSIIDESVKYFKKLDEAILNFKE[GLM]2-42-40",
  "k": 928,
  "original_sequence": "MTLKGALSVKFDVKCPADKFFSAFVEDTNRPFEKNGKTEIEAVDLVKKTMTIQMSGSEIQKYFKTLKGSIAVTPIGVGDGSHVVWTFHFEKVHKDIDDPHSIIDESVKYFKKLDEAILNFKE",
  "original_ll": -3.023489236831665,
  "original_perplexity": 20.562915802001953,
  "progen3_sequence": "MTPVMRVIDKVNNVVNEIWTRNKMSERETDIKAINIIEAEMKVDLVKKTMTIQMSGSEIQKYFKTLKGSIAVTPIGVGDGSHVVWTFHFEKVHKDIDDPHSIIDESVKYFKKLDEAILNFKE",
  "progen3_ll": -2.915454864501953,
  "progen3_perplexity": 18.45720672607422,
  "max_sequence": "MTMVGKQDGEDVPKVNLDKVGRKQSIRKEGNLESSGLEEVKKVDLVKKTMTIQMSGSEIQKYFKTLKGSIAVTPIGVGDGSHVVWTFHFEKVHKDIDDPHSIIDESVKYFKKLDEAILNFKE",
  "max_ll": -2.903812885284424,
  "max_perplexity": 18.243574142456055,
  "max_kl": 0.06482798606157303,
  "max_nmse": 0.05923832952976227,
  "base_sequence": "MTMMMMMMKKNEINFLKNKQKFKKFQFYKKMIYYQQINNNNKVDLVKKTMTIQMSGSEIQKYFKTLKGSIAVTPIGVGDGSHVVWTFHFEKVHKDIDDPHSIIDESVKYFKKLDEAILNFKE",
  "base_ll": -2.7433931827545166,
  "base_perplexity": 15.539624214172363,
  "base_kl": 0.34881314635276794,
  "base_nmse": 1.329412817955017,
  "recovered_sequence": "MTPKLKPIGKKKNFQNEILNLNKLYMYETDIKLINIILKKIKVDLVKKTMTIQMSGSEIQKYFKTLKGSIAVTPIGVGDGSHVVWTFHFEKVHKDIDDPHSIIDESVKYFKKLDEAILNFKE",
  "recovered_ll": -2.695896863937378,
  "recovered_perplexity": 14.818802833557129,
  "recovered_kl": 0.12542760372161865,
  "recovered_nmse": 0.12493468821048737,
  "nodes": {
    "9": [
      12,
      44,
      52,
      162,
      182,
      208,
      300,
      381,
      407,
      447,
      466,
      473,
      486,
      497,
      506,
      507,
      528,
      545,
      555,
      566,
      579,
      598,
      654,
      667,
      706,
      734,
      746,
      758,
      760,
      767,
      828,
      852,
      894,
      925,
      943,
      957,
      967,
      992,
      1004,
      1016,
      1021,
      1048,
      1049,
      1073,
      1080,
      1081,
      1089,
      1092,
      1170,
      1176,
      1184,
      1190,
      1251,
      1302,
      1307,
      1318,
      1352,
      1375,
      1378,
      1394,
      1405,
      1441,
      1483,
      1537,
      1579,
      1725,
      1752,
      1764,
      1772,
      1798,
      1828,
      1844,
      1851,
      1886,
      1903,
      1957,
      1980,
      2005,
      2026,
      2046,
      2056,
      2066,
      2105,
      2191,
      2194,
      2218,
      2223,
      2264,
      2276,
      2283,
      2376,
      2417,
      2423,
      2473,
      2510,
      2511,
      2516,
      2546,
      2592,
      2609,
      2642,
      2664,
      2665,
      2719,
      2732,
      2733,
      2755,
      2763,
      2771,
      2787,
      2790,
      2791,
      2811,
      2892,
      2923,
      3008,
      3021,
      3040,
      3050,
      3121,
      3122,
      3123,
      3134,
      3140,
      3169,
      3185,
      3197,
      3198,
      3199,
      3314,
      3338,
      3340,
      3344,
      3367,
      3372,
      3382,
      3392,
      3414,
      3419,
      3421,
      3513,
      3526,
      3540,
      3541,
      3624,
      3648,
      3672,
      3676,
      3695,
      3709,
      3715,
      3723,
      3779,
      3802,
      3821,
      3830,
      3911,
      3921,
      3952,
      3965,
      3972,
      3998,
      3999,
      4038,
      4103,
      4106,
      4122,
      4129,
      4250,
      4254,
      4350,
      4370,
      4405,
      4417,
      4419,
      4421,
      4422,
      4431,
      4444,
      4452,
      4482,
      4514,
      4526,
      4533,
      4544,
      4603,
      4604
    ],
    "8": [
      97,
      240,
      267,
      323,
      327,
      329,
      379,
      398,
      411,
      417,
      418,
      420,
      533,
      583,
      674,
      690,
      735,
      749,
      756,
      837,
      875,
      934,
      963,
      970,
      1004,
      1049,
      1060,
      1095,
      1115,
      1183,
      1260,
      1289,
      1297,
      1348,
      1414,
      1444,
      1468,
      1486,
      1510,
      1513,
      1557,
      1577,
      1597,
      1600,
      1628,
      1649,
      1654,
      1664,
      1724,
      1765,
      1790,
      1792,
      1804,
      1810,
      1944,
      1956,
      2004,
      2010,
      2014,
      2032,
      2106,
      2112,
      2153,
      2180,
      2201,
      2235,
      2265,
      2285,
      2297,
      2300,
      2395,
      2401,
      2417,
      2441,
      2479,
      2509,
      2518,
      2567,
      2596,
      2599,
      2600,
      2605,
      2617,
      2621,
      2652,
      2662,
      2671,
      2702,
      2709,
      2711,
      2718,
      2743,
      2746,
      2750,
      2784,
      2787,
      2936,
      2958,
      2983,
      3009,
      3011,
      3073,
      3111,
      3112,
      3130,
      3154,
      3162,
      3195,
      3196,
      3284,
      3340,
      3387,
      3396,
      3422,
      3432,
      3485,
      3497,
      3565,
      3573,
      3623,
      3641,
      3663,
      3667,
      3673,
      3686,
      3701,
      3704,
      3711,
      3734,
      3735,
      3753,
      3859,
      3999,
      4058,
      4060,
      4132,
      4162,
      4171,
      4224,
      4245,
      4251,
      4352,
      4356,
      4410,
      4412,
      4447,
      4481,
      4525,
      4559,
      4569,
      4574,
      4589
    ],
    "6": [
      56,
      59,
      85,
      167,
      265,
      329,
      398,
      399,
      439,
      491,
      524,
      697,
      748,
      883,
      898,
      947,
      954,
      960,
      979,
      981,
      1021,
      1060,
      1063,
      1137,
      1212,
      1278,
      1284,
      1306,
      1319,
      1328,
      1346,
      1388,
      1397,
      1564,
      1575,
      1584,
      1627,
      1757,
      1954,
      1968,
      1987,
      1990,
      2039,
      2081,
      2125,
      2194,
      2252,
      2389,
      2460,
      2495,
      2496,
      2516,
      2582,
      2588,
      2621,
      2753,
      2763,
      2790,
      2848,
      2874,
      2897,
      2915,
      2989,
      3136,
      3214,
      3217,
      3221,
      3295,
      3396,
      3546,
      3697,
      3705,
      3727,
      3786,
      3821,
      3897,
      3952,
      4053,
      4069,
      4162,
      4216,
      4226,
      4235,
      4354,
      4434,
      4441,
      4469,
      4512,
      4529,
      4569,
      4598,
      4600
    ],
    "5": [
      3,
      32,
      39,
      57,
      69,
      70,
      116,
      142,
      336,
      405,
      513,
      574,
      628,
      719,
      775,
      784,
      812,
      857,
      1000,
      1031,
      1064,
      1126,
      1239,
      1249,
      1250,
      1437,
      1607,
      1678,
      1708,
      1830,
      1839,
      1870,
      2019,
      2023,
      2148,
      2264,
      2278,
      2283,
      2336,
      2399,
      2415,
      2418,
      2545,
      2550,
      2652,
      2654,
      2694,
      2744,
      2770,
      2772,
      2777,
      2831,
      2860,
      2902,
      3049,
      3065,
      3118,
      3152,
      3178,
      3228,
      3250,
      3268,
      3385,
      3441,
      3466,
      3709,
      3748,
      3762,
      3792,
      3794,
      3810,
      3836,
      3851,
      3908,
      3961,
      3973,
      4016,
      4066,
      4089,
      4107,
      4135,
      4159,
      4206,
      4278,
      4288,
      4312,
      4340,
      4348,
      4420,
      4597
    ],