{
  "entry": "P0C5N7",
  "entry_name": "YH73A_YEAST",
  "type": "CLM",
  "prompt": "MDRIIRGKRDHILHCPLAAYSSNPRKYPYVKNSLRQDSLWSRGSAT",
  "k": 704,
  "original_sequence": "MDRIIRGKRDHILHCPLAAYSSNPRKYPYVKNSLRQDSLWSRGSATFPVTLWSKVILK",
  "original_ll": -2.9415667057037354,
  "original_perplexity": 18.945505142211914,
  "progen3_sequence": "MDRIIRGKRDHILHCPLAAYSSNPRKYPYVKNSLRQDSLWSRGSATSESKQTPVPTVL",
  "progen3_ll": -2.806241989135742,
  "progen3_perplexity": 16.54761505126953,
  "max_sequence": "MDRIIRGKRDHILHCPLAAYSSNPRKYPYVKNSLRQDSLWSRGSATADESTVSTSVSL",
  "max_ll": -2.660027265548706,
  "max_perplexity": 14.296679496765137,
  "max_kl": 0.001055974280461669,
  "max_nmse": 0.00267675518989563,
  "base_sequence": "MDRIIRGKRDHILHCPLAAYSSNPRKYPYVKNSLRQDSLWSRGSATCTIALRSCNTLC",
  "base_ll": -2.9187841415405273,
  "base_perplexity": 18.518756866455078,
  "base_kl": 0.13435295224189758,
  "base_nmse": 0.5355469584465027,
  "recovered_sequence": "MDRIIRGKRDHILHCPLAAYSSNPRKYPYVKNSLRQDSLWSRGSATSESKQTPVPTVL",
  "recovered_ll": -2.806241989135742,
  "recovered_perplexity": 16.54761505126953,
  "recovered_kl": 0.0033804266713559628,
  "recovered_nmse": 0.0032674481626600027,
  "nodes": {
    "9": [
      12,
      34,
      162,
      184,
      352,
      381,
      407,
      538,
      734,
      760,
      763,
      957,
      967,
      1036,
      1042,
      1166,
      1184,
      1186,
      1196,
      1219,
      1251,
      1298,
      1302,
      1306,
      1491,
      1528,
      1545,
      1579,
      1626,
      1724,
      1735,
      1782,
      1828,
      1832,
      1844,
      1851,
      1942,
      1957,
      2005,
      2064,
      2080,
      2105,
      2108,
      2264,
      2273,
      2275,
      2283,
      2287,
      2395,
      2450,
      2531,
      2604,
      2642,
      2715,
      2732,
      2787,
      2975,
      2983,
      3006,
      3008,
      3050,
      3087,
      3105,
      3162,
      3199,
      3221,
      3290,
      3372,
      3381,
      3382,
      3399,
      3426,
      3513,
      3526,
      3540,
      3624,
      3676,
      3779,
      3802,
      3821,
      3832,
      3965,
      3999,
      4129,
      4244,
      4256,
      4290,
      4380,
      4482,
      4544,
      4598
    ],
    "7": [
      7,
      66,
      78,
      230,
      283,
      362,
      491,
      589,
      631,
      872,
      889,
      907,
      1070,
      1128,
      1151,
      1256,
      1290,
      1306,
      1347,
      1382,
      1454,
      1510,
      1520,
      1625,
      1709,
      1751,
      1816,
      1824,
      1826,
      1830,
      1929,
      1958,
      1969,
      2089,
      2091,
      2113,
      2227,
      2248,
      2261,
      2263,
      2279,
      2428,
      2476,
      2513,
      2747,
      2802,
      2877,
      2922,
      2977,
      3128,
      3135,
      3251,
      3284,
      3381,
      3389,
      3487,
      3521,
      3588,
      3608,
      3690,
      3760,
      3825,
      3948,
      4024,
      4055,
      4130,
      4141,
      4159,
      4254,
      4421,
      4475
    ],
    "8": [
      240,
      301,
      311,
      392,
      417,
      583,
      817,
      1004,
      1008,
      1136,
      1301,
      1400,
      1408,
      1436,
      1444,
      1486,
      1535,
      1557,
      1664,
      1678,
      1687,
      1744,
      1757,
      1838,
      1954,
      1956,
      2054,
      2106,
      2109,
      2112,
      2151,
      2201,
      2401,
      2479,
      2490,
      2527,
      2528,
      2564,
      2567,
      2596,
      2605,
      2621,
      2743,
      2779,
      2972,
      3195,
      3236,
      3267,
      3396,
      3432,
      3485,
      3600,
      3645,
      3653,
      3711,
      3741,
      3846,
      3865,
      3895,
      4021,
      4121,
      4167,
      4177,
      4294,
      4310,
      4471,
      4546
    ],
    "0": [
      34,
      105,
      116,
      192,
      195,
      392,
      460,
      510,
      639,
      694,
      933,
      982,
      1017,
      1045,
      1049,
      1183,
      1207,
      1211,
      1244,
      1265,
      1486,
      1502,
      1521,
      1544,
      1646,
      1848,
      1883,
      1911,
      2001,
      2112,
      2160,
      2242,
      2299,
      2313,
      2335,
      2355,
      2409,
      2423,
      2511,
      2553,
      2587,
      2589,
      2594,
      2694,
      2714,
      2722,
      2837,
      2844,
      2884,
      2991,
      3002,
      3054,
      3275,
      3294,
      3363,
      3365,
      3493,
      3494,
      3495,
      3526,
      3573,
      3576,
      3646,
      3694,
      3698,
      3733,
      3766,
      3794,
      3797,
      3878,
      3963,
      3988,
      4008,
      4022,
      4073,
      4464,
      4471,
      4488,
      4590
    ],
    "5": [
      69,
      340,
      343,
      391,
      421,
      596,
      632,
      719,
      774,
      954,
      1031,
      1108,
      1249,
      1329,
      1524,
      1569,
      1751,
      1870,
      1908,
      1936,
      2186,
      2278,
      2415,
      2504,
      2588,
      2675,
      2777,
      2816,
      2831,
      2941,
      3064,
      3228,
      3244,
      3268,
      3382,
      3692,
      3757,
      3852,
      3884,
      3979,
      4108,
      4159,
      4228,
      4285,
      4330,
      4395,
      4461,
      4497,
      4585
    ],
    "3": [
      43,
      98,
      100,
      118,
      208,
      233,
      326,
      339,
      393,
      422,
      545,
      565,
      744,
      875,
      963,
      1036,
      1144,
      1213,
      1408,
      1453,
      1517,
      1535,
      1537,
      1575,
      1636,
      1687,
      1711,
      1886,
      1984,
      2092,
      2206,
      2343,
      2352,
      2390,
      2467,
      2608,
      2690,
      2755,
      3112,
      3114,
      3247,
      3269,
      3329,
      3349,
      3358,
      3485,
      3549,
      3577,
      3617,
      3666,
      3745,
      3766,
      3818,
      3874,
      3905,
      3939,
      3972,
      4144,
      4222,
      4259,
      4277,
      4339,
      4383,
      4482,
      4515,
      4600
    ],
    "6": [
      13,
      85,
      167,
      329,
      398,
      520,
      559,
      599,
      613,
      697,
      847,
      889,
      947,
      954,
      960,
      981,
      1063,
      1081,
      1154,
      1155,
      1212,
      1284,
      1346,
      1377,
      1584,
      1627,
      1699,
      1708,
      1766,
      1786,
      1954,
      1987,
      2039,
      2207,
      2236,
      2297,
      2317,
      2389,
      2460,
      2495,
      2496,
      2664,
      2740,
      2848,
      2874,
      2989,
      3007,
      3136,
      3263,
      3301,
      3396,
      3459,
      3509,
      3572,
      3697,
      3760,
      3869,
      3876,
      3897,
      3948,
      4053,
      4162,
      4235,
      4335,
      4441,
      4512,
      4529,
      4581
    ],
    "4": [
      363,
      522,
      583,
      819,
      927,
      1016,
      1084,
      1190,
      1242,
      1292,
      1295,
      1302,
      1340,
      1399,
      1491,
      1507,
      1510,
      1577,
      1591,
      1597,
      1658,
      1678,
      1758,
      1796,
      2129,
      2247,
      2295,
      2302,
      2454,
      2543,
      2613,
      2642,
      2817,
      2852,
      2860,
      2910,
      3068,
      3175,
      3370,
      3443,
      3477,
      3512,
      3594,
      3597,
      3736,
      3808,
      3811,
      3821,
      3829,
      3924,
      4015,
      4088,
      4143,
      4218,
      4256,
      4294,
      4359,
      4394,
      4440,
      4490,
      4584
    ],