{
  "entry": "P0CE99",
  "entry_name": "YL57D_YEAST",
  "type": "CLM",
  "prompt": "MKFQYALAKEQLGSNSRSGVKKLISKHHWLPEYYFSDLSFSVVQQWDSRAIEKTTI",
  "k": 896,
  "original_sequence": "MKFQYALAKEQLGSNSRSGVKKLISKHHWLPEYYFSDLSFSVVQQWDSRAIEKTTIISCMRPANQEIYPL",
  "original_ll": -3.105931520462036,
  "original_perplexity": 22.33000946044922,
  "progen3_sequence": "MKFQYALAKEQLGSNSRSGVKKLISKHHWLPEYYFSDLSFSVVQQWDSRAIEKTTIRDILSSLKQTSNNK",
  "progen3_ll": -2.615302562713623,
  "progen3_perplexity": 13.67135238647461,
  "max_sequence": "MKFQYALAKEQLGSNSRSGVKKLISKHHWLPEYYFSDLSFSVVQQWDSRAIEKTTIDLLLRLKEGISLAI",
  "max_ll": -2.585806131362915,
  "max_perplexity": 13.273985862731934,
  "max_kl": 0.004101825412362814,
  "max_nmse": 0.0009631399298086762,
  "base_sequence": "MKFQYALAKEQLGSNSRSGVKKLISKHHWLPEYYFSDLSFSVVQQWDSRAIEKTTIDIISSQNNNLTPYI",
  "base_ll": -2.775142192840576,
  "base_perplexity": 16.04090690612793,
  "base_kl": 0.08182802051305771,
  "base_nmse": 0.33777475357055664,
  "recovered_sequence": "MKFQYALAKEQLGSNSRSGVKKLISKHHWLPEYYFSDLSFSVVQQWDSRAIEKTTIRDIPASFFQTSNNK",
  "recovered_ll": -2.9177169799804688,
  "recovered_perplexity": 18.499006271362305,
  "recovered_kl": 0.014781773090362549,
  "recovered_nmse": 0.005503446329385042,
  "nodes": {
    "9": [
      12,
      162,
      381,
      407,
      414,
      425,
      538,
      545,
      555,
      727,
      734,
      746,
      758,
      760,
      763,
      957,
      967,
      1025,
      1042,
      1166,
      1184,
      1190,
      1196,
      1251,
      1302,
      1306,
      1307,
      1374,
      1455,
      1491,
      1528,
      1560,
      1579,
      1725,
      1782,
      1828,
      1832,
      1835,
      1844,
      1851,
      1942,
      1957,
      2005,
      2020,
      2046,
      2105,
      2108,
      2109,
      2264,
      2273,
      2287,
      2423,
      2510,
      2511,
      2592,
      2642,
      2732,
      2785,
      2787,
      2791,
      2858,
      2941,
      2975,
      2983,
      3006,
      3008,
      3050,
      3101,
      3105,
      3146,
      3198,
      3199,
      3310,
      3372,
      3381,
      3382,
      3513,
      3526,
      3540,
      3581,
      3600,
      3624,
      3676,
      3679,
      3689,
      3695,
      3779,
      3802,
      3821,
      3832,
      3880,
      3942,
      3965,
      3999,
      4129,
      4190,
      4419,
      4469,
      4478,
      4482,
      4526,
      4533,
      4544,
      4603
    ],
    "8": [
      188,
      201,
      240,
      263,
      300,
      301,
      394,
      417,
      487,
      583,
      597,
      817,
      835,
      889,
      900,
      949,
      999,
      1004,
      1030,
      1069,
      1136,
      1201,
      1400,
      1408,
      1444,
      1486,
      1535,
      1557,
      1560,
      1584,
      1632,
      1664,
      1676,
      1678,
      1687,
      1711,
      1777,
      1805,
      1838,
      1867,
      1954,
      1977,
      2077,
      2109,
      2112,
      2151,
      2199,
      2201,
      2400,
      2401,
      2479,
      2567,
      2596,
      2605,
      2621,
      2727,
      2729,
      2779,
      2849,
      2898,
      2902,
      2949,
      3009,
      3100,
      3236,
      3248,
      3440,
      3490,
      3653,
      3711,
      3741,
      3779,
      3865,
      3895,
      3906,
      3956,
      4009,
      4010,
      4118,
      4121,
      4294,
      4310,
      4391,
      4471,
      4550
    ],
    "2": [
      0,
      11,
      102,
      135,
      142,
      235,
      351,
      440,
      455,
      461,
      612,
      735,
      771,
      795,
      842,
      852,
      1031,
      1168,
      1278,
      1316,
      1338,
      1359,
      1374,
      1457,
      1578,
      1579,
      1617,
      1682,
      1904,
      1926,
      1974,
      2050,
      2105,
      2125,
      2150,
      2245,
      2258,
      2276,
      2300,
      2327,
      2342,
      2360,
      2598,
      2713,
      2762,
      2768,
      2785,
      3025,
      3128,
      3207,
      3240,
      3308,
      3372,
      3387,
      3503,
      3558,
      3673,
      3678,
      3781,
      3905,
      3949,
      3996,
      4068,
      4097,
      4266,
      4318,
      4513
    ],
    "7": [
      7,
      11,
      66,
      69,
      72,
      78,
      181,
      230,
      345,
      372,
      491,
      589,
      735,
      740,
      872,
      889,
      893,
      907,
      1010,
      1126,
      1256,
      1262,
      1347,
      1366,
      1419,
      1454,
      1520,
      1625,
      1709,
      1736,
      1751,
      1816,
      1824,
      1826,
      1830,
      1929,
      1969,
      2227,
      2256,
      2263,
      2433,
      2494,
      2499,
      2513,
      2517,
      2747,
      2802,
      2877,
      2987,
      2998,
      3135,
      3251,
      3284,
      3381,
      3487,
      3551,
      3570,
      3588,
      3690,
      3727,
      3760,
      3825,
      3948,
      4014,
      4055,
      4299,
      4421,
      4598,
      4599
    ],
    "0": [
      27,
      52,
      68,
      110,
      164,
      275,
      276,
      344,
      519,
      547,
      648,
      796,
      817,
      856,
      859,
      895,
      939,
      952,
      957,
      1026,
      1045,
      1178,
      1250,
      1281,
      1297,
      1329,
      1359,
      1387,
      1408,
      1565,
      1588,
      1595,
      1652,
      1653,
      1657,
      1721,
      1751,
      1772,
      1983,
      2028,
      2031,
      2117,
      2122,
      2355,
      2511,
      2524,
      2546,
      2594,
      2722,
      2804,
      2948,
      2972,
      3057,
      3068,
      3182,
      3205,
      3347,
      3465,
      3494,
      3503,
      3634,
      3646,
      3659,
      3810,
      3820,
      3823,
      3853,
      3879,
      3922,
      3928,
      3940,
      3963,
      4053,
      4066,
      4081,
      4135,
      4195,
      4229,
      4336,
      4426,
      4466,
      4507,
      4590
    ],
    "1": [
      45,
      59,
      102,
      184,
      269,
      293,
      307,
      341,
      355,
      399,
      441,
      465,
      490,
      491,
      604,
      621,
      799,
      883,
      887,
      892,
      986,
      1080,
      1126,
      1263,
      1312,
      1339,
      1445,
      1598,
      1703,
      1746,
      1752,
      1890,
      1904,
      1936,
      1938,
      2002,
      2025,
      2058,
      2089,
      2145,
      2294,
      2361,
      2368,
      2382,
      2396,
      2400,
      2415,
      2488,
      2557,
      2583,
      2592,
      2612,
      2781,
      2803,
      2832,
      2839,
      2862,
      2898,
      3167,
      3191,
      3205,
      3274,
      3305,
      3338,
      3396,
      3443,
      3474,
      3564,
      3572,
      3581,
      3593,
      3597,
      3613,
      3659,
      3660,
      3670,
      3693,
      3757,
      3900,
      3913,
      3951,
      4025,
      4047,
      4048,
      4155,
      4172,
      4196,
      4209,
      4221,
      4312,
      4347,
      4380,
      4419,
      4429,
      4445,
      4464,
      4534,
      4576,
      4579
    ],