{
  "entry": "P0CH20",
  "entry_name": "O16D_CONPI",
  "type": "CLM",
  "prompt": "YGNFPTCSETGEDCSAMHCCRSMTC",
  "k": 1000,
  "original_sequence": "YGNFPTCSETGEDCSAMHCCRSMTCRNNICAD",
  "original_ll": -2.9203107357025146,
  "original_perplexity": 18.54705047607422,
  "progen3_sequence": "YGNFPTCSETGEDCSAMHCCRSMTCEGGSIAG",
  "progen3_ll": -2.625748872756958,
  "progen3_perplexity": 13.814915657043457,
  "max_sequence": "YGNFPTCSETGEDCSAMHCCRSMTCGPEETTA",
  "max_ll": -2.741485595703125,
  "max_perplexity": 15.510008811950684,
  "max_kl": 0.005066186189651489,
  "max_nmse": 0.0041021560318768024,
  "base_sequence": "YGNFPTCSETGEDCSAMHCCRSMTCCSPVWVT",
  "base_ll": -2.9713096618652344,
  "base_perplexity": 19.51746368408203,
  "base_kl": 0.06723609566688538,
  "base_nmse": 0.02037002332508564,
  "recovered_sequence": "YGNFPTCSETGEDCSAMHCCRSMTCEGGCIAG",
  "recovered_ll": -2.6398510932922363,
  "recovered_perplexity": 14.011116981506348,
  "recovered_kl": 0.010063610039651394,
  "recovered_nmse": 0.010503421537578106,
  "nodes": {
    "9": [
      12,
      34,
      162,
      350,
      381,
      407,
      413,
      466,
      473,
      497,
      545,
      703,
      734,
      749,
      760,
      957,
      967,
      971,
      1036,
      1143,
      1184,
      1251,
      1302,
      1307,
      1436,
      1466,
      1491,
      1579,
      1584,
      1672,
      1828,
      1832,
      1844,
      1851,
      1957,
      2005,
      2105,
      2213,
      2264,
      2360,
      2395,
      2637,
      2642,
      2732,
      2763,
      2787,
      2790,
      2791,
      2865,
      2975,
      2982,
      2983,
      3050,
      3087,
      3101,
      3162,
      3199,
      3221,
      3372,
      3381,
      3382,
      3465,
      3505,
      3513,
      3526,
      3540,
      3579,
      3624,
      3637,
      3676,
      3695,
      3709,
      3779,
      3802,
      3821,
      3873,
      3965,
      3999,
      4103,
      4250,
      4256,
      4290,
      4353,
      4419,
      4514,
      4526,
      4544,
      4603
    ],
    "8": [
      50,
      114,
      129,
      221,
      234,
      240,
      323,
      372,
      373,
      434,
      528,
      583,
      611,
      726,
      745,
      749,
      798,
      800,
      811,
      1136,
      1159,
      1258,
      1289,
      1323,
      1397,
      1518,
      1535,
      1549,
      1557,
      1664,
      1687,
      1724,
      1734,
      1744,
      1781,
      1842,
      1843,
      1870,
      1918,
      1919,
      1954,
      1976,
      2054,
      2077,
      2109,
      2112,
      2119,
      2122,
      2151,
      2201,
      2302,
      2317,
      2327,
      2370,
      2401,
      2460,
      2475,
      2483,
      2516,
      2518,
      2555,
      2575,
      2596,
      2605,
      2650,
      2689,
      2753,
      2760,
      2779,
      2829,
      2853,
      2959,
      2986,
      3001,
      3024,
      3042,
      3098,
      3109,
      3176,
      3259,
      3284,
      3360,
      3422,
      3426,
      3551,
      3600,
      3734,
      3803,
      3809,
      3846,
      3849,
      3960,
      3979,
      4115,
      4152,
      4251,
      4290,
      4294,
      4310,
      4354,
      4371,
      4403,
      4471,
      4526,
      4534,
      4546,
      4585,
      4594,
      4595
    ],
    "0": [
      3,
      6,
      61,
      65,
      133,
      155,
      156,
      193,
      210,
      229,
      232,
      276,
      314,
      376,
      509,
      510,
      518,
      520,
      642,
      682,
      714,
      754,
      784,
      820,
      885,
      886,
      912,
      1001,
      1084,
      1135,
      1170,
      1177,
      1183,
      1245,
      1321,
      1336,
      1345,
      1365,
      1416,
      1483,
      1485,
      1567,
      1595,
      1657,
      1727,
      1735,
      1751,
      1777,
      1805,
      1810,
      1841,
      1921,
      1975,
      2117,
      2184,
      2197,
      2204,
      2212,
      2214,
      2225,
      2241,
      2290,
      2319,
      2337,
      2434,
      2472,
      2482,
      2503,
      2511,
      2546,
      2563,
      2575,
      2594,
      2622,
      2659,
      2682,
      2705,
      2728,
      2747,
      2765,
      2782,
      2851,
      2864,
      2879,
      2943,
      2962,
      2968,
      3056,
      3067,
      3076,
      3110,
      3119,
      3182,
      3201,
      3205,
      3243,
      3267,
      3285,
      3327,
      3361,
      3368,
      3428,
      3448,
      3455,
      3480,
      3503,
      3536,
      3537,
      3552,
      3555,
      3575,
      3617,
      3621,
      3628,
      3660,
      3766,
      3790,
      3819,
      3844,
      3853,
      3889,
      3911,
      3922,
      3989,
      4045,
      4092,
      4151,
      4192,
      4291,
      4321,
      4323,
      4332,
      4336,
      4439,
      4507,
      4562
    ],
    "7": [
      66,
      78,
      166,
      179,
      341,
      509,
      535,
      537,
      647,
      722,
      781,
      873,
      889,
      893,
      907,
      956,
      1010,
      1151,
      1211,
      1320,
      1338,
      1419,
      1454,
      1502,
      1520,
      1625,
      1643,
      1709,
      1751,
      1765,
      1816,
      1824,
      1830,
      1880,
      1929,
      1966,
      1969,
      1970,
      2021,
      2113,
      2147,
      2180,
      2227,
      2261,
      2279,
      2476,
      2488,
      2595,
      2747,
      2786,
      2802,
      2877,
      2922,
      2987,
      2998,
      3135,
      3159,
      3227,
      3251,
      3389,
      3464,
      3487,
      3541,
      3588,
      3601,
      3675,
      3690,
      3711,
      3825,
      3942,
      3948,
      3970,
      4014,
      4055,
      4063,
      4110,
      4141,
      4152,
      4159,
      4195,
      4331,
      4421,
      4564,
      4578
    ],
    "5": [
      31,
      48,
      84,
      132,
      143,
      145,
      169,
      207,
      231,
      256,
      288,
      293,
      340,
      387,
      420,
      439,
      469,
      572,
      574,
      622,
      774,
      868,
      870,
      975,
      1010,
      1042,
      1053,
      1125,
      1182,
      1259,
      1289,
      1377,
      1414,
      1428,
      1471,
      1474,
      1581,
      1766,
      1783,
      1870,
      1902,
      1908,
      1919,
      2110,
      2188,
      2273,
      2283,
      2287,
      2345,
      2431,
      2494,
      2504,
      2545,
      2557,
      2596,
      2611,
      2616,
      2692,
      2724,
      2801,
      2867,
      2925,
      2991,
      2995,
      3038,
      3223,
      3271,
      3328,
      3343,
      3416,
      3557,
      3588,
      3626,
      3632,
      3681,
      3692,
      3710,
      3805,
      3877,
      3893,
      4000,
      4066,
      4077,
      4085,
      4104,
      4137,
      4159,
      4181,
      4256,
      4299,
      4348,
      4391,
      4427,
      4470,
      4516,
      4525,
      4549
    ],