{
  "entry": "P0CI21",
  "entry_name": "TE53_HASHE",
  "type": "CLM",
  "prompt": "GLSQSGCQAFTGRWCVGCERLRSRVVWECS",
  "k": 608,
  "original_sequence": "GLSQSGCQAFTGRWCVGCERLRSRVVWECSPKRVVNSI",
  "original_ll": -3.0261142253875732,
  "original_perplexity": 20.61696434020996,
  "progen3_sequence": "GLSQSGCQAFTGRWCVGCERLRSRVVWECSRALVGGSA",
  "progen3_ll": -2.4448671340942383,
  "progen3_perplexity": 11.52901840209961,
  "max_sequence": "GLSQSGCQAFTGRWCVGCERLRSRVVWECSDGGARRLA",
  "max_ll": -2.3982417583465576,
  "max_perplexity": 11.003811836242676,
  "max_kl": 0.005019037984311581,
  "max_nmse": 0.003329729661345482,
  "base_sequence": "GLSQSGCQAFTGRWCVGCERLRSRVVWECSQCCLSLRC",
  "base_ll": -2.831631660461426,
  "base_perplexity": 16.973133087158203,
  "base_kl": 0.11018060147762299,
  "base_nmse": 0.047814127057790756,
  "recovered_sequence": "GLSQSGCQAFTGRWCVGCERLRSRVVWECSRALVGGSA",
  "recovered_ll": -2.4448671340942383,
  "recovered_perplexity": 11.52901840209961,
  "recovered_kl": 0.0069362143985927105,
  "recovered_nmse": 0.0063993013463914394,
  "nodes": {
    "9": [
      12,
      34,
      153,
      162,
      184,
      293,
      350,
      381,
      407,
      497,
      687,
      734,
      760,
      763,
      957,
      967,
      994,
      1036,
      1184,
      1191,
      1196,
      1219,
      1251,
      1302,
      1306,
      1436,
      1447,
      1491,
      1508,
      1528,
      1545,
      1579,
      1626,
      1665,
      1735,
      1742,
      1823,
      1828,
      1832,
      1844,
      1851,
      1957,
      2005,
      2105,
      2108,
      2273,
      2275,
      2283,
      2360,
      2395,
      2450,
      2531,
      2604,
      2642,
      2732,
      2787,
      2857,
      2975,
      2983,
      2992,
      3006,
      3040,
      3050,
      3069,
      3162,
      3199,
      3221,
      3232,
      3381,
      3382,
      3407,
      3426,
      3465,
      3513,
      3526,
      3540,
      3624,
      3637,
      3676,
      3681,
      3709,
      3723,
      3779,
      3802,
      3821,
      3965,
      3990,
      3999,
      4103,
      4129,
      4244,
      4256,
      4380,
      4482,
      4544
    ],
    "0": [
      187,
      229,
      276,
      460,
      715,
      753,
      785,
      946,
      950,
      1017,
      1035,
      1243,
      1252,
      1253,
      1265,
      1321,
      1483,
      1502,
      1537,
      1595,
      1751,
      1788,
      1824,
      1841,
      1842,
      1848,
      1890,
      1959,
      1975,
      2001,
      2088,
      2113,
      2278,
      2313,
      2423,
      2470,
      2553,
      2694,
      2707,
      2722,
      2747,
      2792,
      2849,
      2851,
      2879,
      2943,
      2968,
      3054,
      3129,
      3182,
      3216,
      3240,
      3241,
      3267,
      3285,
      3536,
      3602,
      3664,
      3730,
      3766,
      3837,
      3844,
      3907,
      3922,
      3928,
      3963,
      3997,
      4002,
      4049,
      4104,
      4121,
      4150,
      4185,
      4192,
      4227,
      4234,
      4251,
      4323,
      4372,
      4382,
      4427,
      4466,
      4488,
      4517,
      4522
    ],
    "5": [
      117,
      194,
      197,
      256,
      293,
      386,
      439,
      544,
      577,
      715,
      774,
      830,
      876,
      1010,
      1031,
      1042,
      1102,
      1108,
      1182,
      1249,
      1377,
      1397,
      1524,
      1847,
      2202,
      2268,
      2287,
      2508,
      2566,
      2611,
      2675,
      2746,
      2777,
      2879,
      2881,
      3100,
      3382,
      3479,
      3590,
      4066,
      4077,
      4111,
      4290,
      4348,
      4371,
      4426,
      4437,
      4516
    ],
    "7": [
      66,
      78,
      491,
      535,
      631,
      907,
      1010,
      1070,
      1128,
      1151,
      1256,
      1419,
      1454,
      1502,
      1520,
      1625,
      1751,
      1816,
      1824,
      1880,
      1929,
      1958,
      1969,
      1973,
      1976,
      2113,
      2261,
      2279,
      2299,
      2476,
      2595,
      2747,
      2877,
      2891,
      2922,
      3135,
      3159,
      3251,
      3389,
      3428,
      3487,
      3551,
      3576,
      3588,
      3601,
      3690,
      3715,
      3942,
      3948,
      4024,
      4055,
      4063,
      4331,
      4411,
      4421,
      4563,
      4564
    ],
    "8": [
      82,
      372,
      583,
      611,
      649,
      835,
      912,
      999,
      1136,
      1177,
      1201,
      1323,
      1376,
      1444,
      1486,
      1535,
      1557,
      1664,
      1687,
      1848,
      1870,
      1954,
      2054,
      2077,
      2109,
      2194,
      2201,
      2490,
      2516,
      2564,
      2596,
      2605,
      2621,
      2727,
      2743,
      2779,
      2980,
      3009,
      3098,
      3348,
      3396,
      3413,
      3600,
      3653,
      3846,
      3874,
      4099,
      4167,
      4215,
      4232,
      4284,
      4364,
      4371,
      4391,
      4471,
      4526,
      4534,
      4546
    ],
    "3": [
      50,
      208,
      318,
      364,
      421,
      438,
      441,
      511,
      545,
      550,
      933,
      955,
      956,
      1036,
      1048,
      1202,
      1221,
      1303,
      1318,
      1320,
      1383,
      1535,
      1552,
      1636,
      1663,
      1868,
      2043,
      2088,
      2096,
      2140,
      2170,
      2286,
      2346,
      2402,
      2485,
      2629,
      2665,
      2697,
      2805,
      2818,
      2868,
      3217,
      3264,
      3282,
      3289,
      3450,
      3458,
      3475,
      3485,
      3513,
      3658,
      3874,
      4033,
      4157,
      4160,
      4165,
      4213,
      4243,
      4249,
      4252,
      4463,
      4482,
      4507,
      4590
    ],
    "4": [
      210,
      228,
      291,
      562,
      688,
      729,
      827,
      878,
      921,
      1056,
      1065,
      1145,
      1164,
      1198,
      1201,
      1250,
      1256,
      1259,
      1287,
      1325,
      1385,
      1458,
      1558,
      1613,
      1684,
      1972,
      2223,
      2271,
      2316,
      2416,
      2458,
      2472,
      2489,
      2515,
      2613,
      2642,
      2643,
      2647,
      2669,
      2756,
      2854,
      2862,
      2883,
      2950,
      3132,
      3293,
      3310,
      3337,
      3477,
      3587,
      3646,
      3759,
      3773,
      3829,
      3989,
      4013,
      4015,
      4029,
      4143,
      4160,
      4273,
      4377,
      4395,
      4439,
      4493,
      4542,
      4584
    ],
    "1": [
      17,
      21,
      25,
      57,
      97,
      108,
      234,
      281,
      390,
      460,
      463,
      465,
      489,
      528,
      582,
      661,
      694,
      795,
      808,
      852,
      894,
      918,
      937,
      1008,
      1073,
      1111,
      1127,
      1142,
      1314,
      1377,
      1534,
      1659,
      1665,
      1680,
      1756,
      1864,
      2120,
      2186,
      2209,
      2275,
      2283,
      2361,
      2580,
      2604,
      2624,
      2687,
      2745,
      2862,
      2902,
      3051,
      3067,
      3085,
      3107,
      3154,
      3177,
      3289,
      3403,
      3499,
      3560,
      3670,
      3967,
      3973,
      4146,
      4178,
      4187,
      4277,
      4323,
      4329,
      4354,
      4365
    ],
    "2": [
      360,
      461,
      664,
      803,
      1031,
      1079,
      1280,
      1575,
      1686,
      1779,
      1787,
      1859,
      1868,
      1923,
      2977,
      3047,
      3051,
      3126,
      3430,
      3487,
      3717,
      3794,
      3838,
      4117,
      4126,
      4549,
      4606
    ],