{
  "entry": "P0CJ23",
  "entry_name": "NPY2_CONBE",
  "type": "CLM",
  "prompt": "TVSDPPARPAVFHSREELMNYVRELNLYF",
  "k": 1000,
  "original_sequence": "TVSDPPARPAVFHSREELMNYVRELNLYFAIVGRPRY",
  "original_ll": -2.8913683891296387,
  "original_perplexity": 18.017948150634766,
  "progen3_sequence": "TVSDPPARPAVFHSREELMNYVRELNLYFRALRADPG",
  "progen3_ll": -2.509645462036133,
  "progen3_perplexity": 12.300568580627441,
  "max_sequence": "TVSDPPARPAVFHSREELMNYVRELNLYFEENNERVE",
  "max_ll": -2.661626100540161,
  "max_perplexity": 14.31955623626709,
  "max_kl": 0.005255264695733786,
  "max_nmse": 0.0027425861917436123,
  "base_sequence": "TVSDPPARPAVFHSREELMNYVRELNLYFQETRDAET",
  "base_ll": -2.7016189098358154,
  "base_perplexity": 14.903840065002441,
  "base_kl": 0.05042961984872818,
  "base_nmse": 0.022569067776203156,
  "recovered_sequence": "TVSDPPARPAVFHSREELMNYVRELNLYFRALVADPG",
  "recovered_ll": -2.569910764694214,
  "recovered_perplexity": 13.064658164978027,
  "recovered_kl": 0.01310728956013918,
  "recovered_nmse": 0.004385390318930149,
  "nodes": {
    "9": [
      12,
      381,
      407,
      466,
      473,
      497,
      538,
      545,
      555,
      734,
      746,
      758,
      760,
      957,
      967,
      1073,
      1080,
      1086,
      1092,
      1093,
      1184,
      1190,
      1196,
      1217,
      1251,
      1302,
      1307,
      1312,
      1491,
      1528,
      1579,
      1648,
      1713,
      1725,
      1798,
      1828,
      1832,
      1844,
      1851,
      1957,
      2005,
      2029,
      2046,
      2094,
      2105,
      2191,
      2256,
      2264,
      2275,
      2283,
      2360,
      2423,
      2510,
      2592,
      2642,
      2652,
      2732,
      2736,
      2763,
      2787,
      2791,
      2804,
      2858,
      2888,
      3037,
      3040,
      3050,
      3087,
      3198,
      3199,
      3372,
      3382,
      3407,
      3513,
      3526,
      3538,
      3540,
      3581,
      3624,
      3676,
      3709,
      3779,
      3802,
      3821,
      3952,
      3965,
      3999,
      4038,
      4103,
      4106,
      4129,
      4250,
      4275,
      4279,
      4288,
      4350,
      4370,
      4419,
      4421,
      4482,
      4533,
      4544,
      4603
    ],
    "0": [
      51,
      65,
      133,
      164,
      321,
      327,
      343,
      345,
      460,
      479,
      482,
      510,
      568,
      596,
      702,
      703,
      736,
      753,
      817,
      933,
      1017,
      1050,
      1111,
      1141,
      1347,
      1362,
      1387,
      1399,
      1412,
      1460,
      1557,
      1567,
      1583,
      1646,
      1777,
      1780,
      1849,
      1878,
      1910,
      1916,
      1934,
      2000,
      2022,
      2038,
      2148,
      2150,
      2186,
      2196,
      2252,
      2306,
      2333,
      2421,
      2449,
      2511,
      2536,
      2594,
      2694,
      2727,
      2728,
      2741,
      2757,
      2782,
      2806,
      2867,
      2968,
      2972,
      2984,
      2987,
      3072,
      3172,
      3182,
      3205,
      3243,
      3387,
      3493,
      3513,
      3542,
      3573,
      3576,
      3646,
      3665,
      3672,
      3700,
      3714,
      3733,
      3747,
      3791,
      3870,
      3963,
      4074,
      4087,
      4117,
      4150,
      4234,
      4272,
      4366,
      4370,
      4478,
      4590,
      4596
    ],
    "7": [
      7,
      11,
      41,
      66,
      72,
      78,
      230,
      248,
      295,
      310,
      341,
      390,
      482,
      491,
      589,
      592,
      631,
      647,
      689,
      872,
      889,
      907,
      914,
      982,
      1010,
      1059,
      1126,
      1151,
      1244,
      1256,
      1262,
      1344,
      1382,
      1454,
      1483,
      1489,
      1520,
      1544,
      1625,
      1634,
      1648,
      1709,
      1743,
      1751,
      1816,
      1824,
      1826,
      1929,
      1969,
      2063,
      2113,
      2176,
      2208,
      2254,
      2263,
      2279,
      2428,
      2476,
      2513,
      2517,
      2733,
      2747,
      2802,
      2877,
      2915,
      2998,
      3128,
      3135,
      3251,
      3270,
      3353,
      3381,
      3457,
      3487,
      3690,
      3810,
      3825,
      3942,
      3948,
      4024,
      4055,
      4130,
      4141,
      4161,
      4254,
      4287,
      4578,
      4598
    ],
    "8": [
      94,
      384,
      392,
      405,
      487,
      583,
      817,
      835,
      900,
      1027,
      1064,
      1136,
      1306,
      1400,
      1404,
      1408,
      1417,
      1424,
      1468,
      1535,
      1557,
      1560,
      1664,
      1678,
      1715,
      1757,
      1777,
      1838,
      1862,
      1867,
      1942,
      2032,
      2056,
      2077,
      2109,
      2112,
      2151,
      2163,
      2201,
      2215,
      2361,
      2400,
      2401,
      2479,
      2567,
      2596,
      2605,
      2729,
      2945,
      3007,
      3009,
      3102,
      3236,
      3248,
      3263,
      3490,
      3567,
      3593,
      3630,
      3631,
      3653,
      3659,
      3711,
      3741,
      3849,
      3862,
      3865,
      3895,
      3960,
      4010,
      4054,
      4094,
      4184,
      4292,
      4310,
      4391,
      4513,
      4534
    ],
    "5": [
      285,
      330,
      343,
      362,
      405,
      410,
      414,
      470,
      552,
      627,
      662,
      686,
      691,
      735,
      761,
      841,
      1031,
      1108,
      1114,
      1127,
      1174,
      1195,
      1226,
      1249,
      1371,
      1446,
      1524,
      1550,
      1618,
      1647,
      1704,
      1830,
      1834,
      1870,
      1906,
      1966,
      1983,
      2148,
      2186,
      2188,
      2286,
      2346,
      2383,
      2460,
      2545,
      2575,
      2588,
      2617,
      2619,
      2652,
      2675,
      2777,
      2794,
      2798,
      2831,
      2879,
      2924,
      3009,
      3053,
      3064,
      3081,
      3199,
      3235,
      3397,
      3398,
      3414,
      3421,
      3453,
      3512,
      3597,
      3607,
      3654,
      3704,
      3710,
      3720,
      3721,
      3745,
      3775,
      3798,
      3851,
      3884,
      3943,
      3961,
      3977,
      4108,
      4129,
      4153,
      4193,
      4267,
      4285,
      4286,
      4337,
      4395,
      4420,
      4497,
      4585
    ],
    "6": [
      13,
      85,
      131,
      198,
      329,
      363,
      365,
      394,
      398,
      439,
      452,
      491,
      609,
      673,
      697,
      748,
      947,
      954,
      960,
      981,
      1070,
      1154,
      1284,
      1346,
      1388,
      1467,
      1508,
      1575,
      1627,
      1648,
      1687,
      1696,
      1699,
      1708,
      1954,
      1987,
      1990,
      2110,
      2187,
      2194,
      2207,
      2213,
      2234,
      2271,
      2303,
      2322,
      2389,
      2460,
      2495,
      2496,
      2588,
      2606,
      2608,
      2656,
      2664,
      2727,
      2733,
      2763,
      2790,
      2848,
      2874,
      2978,
      3136,
      3202,
      3301,
      3396,
      3459,
      3509,
      3547,
      3697,
      3764,
      3786,
      3835,
      3841,
      4033,
      4062,
      4114,
      4174,
      4235,
      4240,
      4250,
      4335,
      4494,
      4512,
      4529,
      4581
    ],