{
  "entry": "P0DMM4",
  "entry_name": "Y572A_MYCTU",
  "type": "CLM",
  "prompt": "MAADPQCTRCKQTIEPGWLYITAHRRGQAGIVDDGAVLIHVPGE",
  "k": 960,
  "original_sequence": "MAADPQCTRCKQTIEPGWLYITAHRRGQAGIVDDGAVLIHVPGECPHPGEHVPRS",
  "original_ll": -2.8811235427856445,
  "original_perplexity": 17.834299087524414,
  "progen3_sequence": "MAADPQCTRCKQTIEPGWLYITAHRRGQAGIVDDGAVLIHVPGEGEPARIPIPAD",
  "progen3_ll": -2.5320732593536377,
  "progen3_perplexity": 12.579560279846191,
  "max_sequence": "MAADPQCTRCKQTIEPGWLYITAHRRGQAGIVDDGAVLIHVPGEAEGLAITEGAL",
  "max_ll": -2.5754215717315674,
  "max_perplexity": 13.13685417175293,
  "max_kl": 0.010079633444547653,
  "max_nmse": 0.002915299264714122,
  "base_sequence": "MAADPQCTRCKQTIEPGWLYITAHRRGQAGIVDDGAVLIHVPGEPPLGVLWPLPQ",
  "base_ll": -2.7611353397369385,
  "base_perplexity": 15.817791938781738,
  "base_kl": 0.0735415369272232,
  "base_nmse": 0.1426740139722824,
  "recovered_sequence": "MAADPQCTRCKQTIEPGWLYITAHRRGQAGIVDDGAVLIHVPGEGEPAREPIPAD",
  "recovered_ll": -2.557588815689087,
  "recovered_perplexity": 12.904664039611816,
  "recovered_kl": 0.019354671239852905,
  "recovered_nmse": 0.025072677060961723,
  "nodes": {
    "9": [
      12,
      44,
      52,
      162,
      236,
      284,
      407,
      429,
      447,
      452,
      466,
      497,
      538,
      545,
      622,
      654,
      675,
      703,
      734,
      746,
      760,
      810,
      828,
      949,
      956,
      957,
      967,
      981,
      1073,
      1086,
      1093,
      1184,
      1233,
      1251,
      1306,
      1307,
      1352,
      1400,
      1491,
      1554,
      1579,
      1584,
      1768,
      1783,
      1828,
      1835,
      1844,
      1851,
      1893,
      1957,
      2005,
      2067,
      2094,
      2105,
      2134,
      2191,
      2196,
      2248,
      2264,
      2287,
      2417,
      2438,
      2465,
      2510,
      2514,
      2592,
      2664,
      2719,
      2732,
      2736,
      2768,
      2787,
      2791,
      2809,
      2817,
      2936,
      2941,
      2975,
      3037,
      3050,
      3152,
      3162,
      3187,
      3198,
      3199,
      3262,
      3310,
      3372,
      3382,
      3408,
      3480,
      3513,
      3540,
      3577,
      3624,
      3637,
      3649,
      3672,
      3676,
      3695,
      3723,
      3765,
      3779,
      3802,
      3821,
      3851,
      3952,
      3965,
      3999,
      4076,
      4079,
      4129,
      4190,
      4250,
      4307,
      4444,
      4482,
      4490,
      4526,
      4544,
      4558,
      4603
    ],
    "0": [
      13,
      14,
      62,
      123,
      133,
      155,
      177,
      233,
      300,
      316,
      332,
      337,
      394,
      400,
      498,
      526,
      585,
      648,
      710,
      711,
      716,
      753,
      754,
      815,
      859,
      912,
      940,
      1035,
      1039,
      1069,
      1105,
      1129,
      1135,
      1406,
      1408,
      1474,
      1600,
      1683,
      1763,
      1897,
      1991,
      2117,
      2194,
      2251,
      2278,
      2308,
      2359,
      2432,
      2645,
      2707,
      2720,
      2730,
      2732,
      2807,
      2834,
      2888,
      2916,
      2968,
      2972,
      2984,
      3059,
      3077,
      3182,
      3191,
      3387,
      3392,
      3440,
      3471,
      3605,
      3721,
      3813,
      3881,
      3938,
      3958,
      3963,
      4033,
      4059,
      4118,
      4145,
      4185,
      4195,
      4246,
      4279,
      4336,
      4383,
      4389,
      4426,
      4596
    ],
    "5": [
      31,
      41,
      117,
      160,
      196,
      197,
      207,
      246,
      256,
      271,
      288,
      362,
      387,
      405,
      414,
      418,
      419,
      438,
      439,
      580,
      608,
      719,
      774,
      841,
      858,
      994,
      995,
      1031,
      1042,
      1050,
      1114,
      1127,
      1152,
      1182,
      1302,
      1332,
      1377,
      1434,
      1550,
      1645,
      1669,
      1680,
      1858,
      1986,
      2018,
      2186,
      2189,
      2196,
      2294,
      2346,
      2431,
      2508,
      2566,
      2611,
      2617,
      2620,
      2643,
      2675,
      2692,
      2698,
      2725,
      2746,
      2747,
      2777,
      2798,
      2827,
      2879,
      3005,
      3009,
      3043,
      3097,
      3130,
      3174,
      3328,
      3343,
      3414,
      3512,
      3590,
      3692,
      3710,
      3730,
      3893,
      3983,
      4066,
      4077,
      4098,
      4137,
      4153,
      4181,
      4190,
      4275,
      4285,
      4348,
      4427,
      4470,
      4472,
      4497,
      4516,
      4525,
      4585
    ],
    "8": [
      109,
      242,
      349,
      394,
      476,
      543,
      602,
      609,
      628,
      638,
      733,
      737,
      746,
      754,
      835,
      843,
      949,
      999,
      1136,
      1166,
      1177,
      1192,
      1200,
      1266,
      1356,
      1395,
      1397,
      1400,
      1501,
      1557,
      1664,
      1676,
      1678,
      1843,
      1848,
      1853,
      1862,
      1867,
      1919,
      1954,
      2030,
      2054,
      2109,
      2201,
      2230,
      2303,
      2400,
      2407,
      2433,
      2564,
      2567,
      2578,
      2585,
      2596,
      2605,
      2621,
      2729,
      2733,
      2818,
      2917,
      2938,
      2988,
      3001,
      3009,
      3042,
      3109,
      3248,
      3262,
      3267,
      3340,
      3360,
      3422,
      3426,
      3631,
      3648,
      3653,
      3695,
      3705,
      3741,
      3849,
      3860,
      3862,
      3865,
      3956,
      4009,
      4013,
      4030,
      4094,
      4109,
      4121,
      4149,
      4201,
      4290,
      4310,
      4355,
      4364,
      4371,
      4391,
      4526,
      4569
    ],
    "3": [
      43,
      50,
      144,
      253,
      305,
      326,
      364,
      429,
      438,
      511,
      545,
      627,
      688,
      708,
      806,
      933,
      956,
      1037,
      1048,
      1077,
      1108,
      1163,
      1221,
      1254,
      1270,
      1318,
      1364,
      1424,
      1441,
      1508,
      1537,
      1598,
      1704,
      1709,
      1808,
      1819,
      1877,
      1909,
      2140,
      2165,
      2286,
      2336,
      2471,
      2485,
      2520,
      2666,
      2681,
      2697,
      2748,
      2824,
      2842,
      2870,
      2931,
      3133,
      3224,
      3264,
      3296,
      3324,
      3404,
      3550,
      3600,
      3633,
      3720,
      3745,
      3845,
      3943,
      3999,
      4003,
      4243,
      4249,
      4277,
      4335,
      4427,
      4506
    ],
    "7": [
      7,
      34,
      41,
      66,
      72,
      78,
      230,
      248,
      332,
      341,
      491,
      495,
      509,
      647,
      756,
      801,
      872,
      889,
      893,
      907,
      1007,
      1010,
      1151,
      1244,
      1256,
      1454,
      1502,
      1520,
      1625,
      1648,
      1751,
      1765,
      1816,
      1824,
      1826,
      1929,
      1969,
      2101,
      2227,
      2476,
      2570,
      2610,
      2747,
      2802,
      2819,
      2877,
      2989,
      3251,
      3389,
      3439,
      3487,
      3534,
      3675,
      3690,
      3711,
      3825,
      3948,
      4055,
      4110,
      4141,
      4152,
      4312,
      4317,
      4373,
      4421,
      4578,
      4582
    ],