{
  "entry": "P0DQA6",
  "entry_name": "TXC1A_SCOMO",
  "type": "GLM_2",
  "prompt": "MKCAIVTVITLFICSLIYSVETEEENHLAIPEDPYPTLPLRNYSCNNMACPIKHICGCMPTPITPETPFRDLDCGCYHEFDMMPVCAD[GLM]56-88-32",
  "k": 416,
  "original_sequence": "MKCAIVTVITLFICSLIYSVETEEENHLAIPEDPYPTLPLRNYSCNNMACPIKHICGCMPTPITPETPFRDLDCGCYHEFDMMPVCAD",
  "original_ll": -3.011230707168579,
  "original_perplexity": 20.312381744384766,
  "progen3_sequence": "MKCAIVTVITLFICSLIYSVETEEENHLAIPEDPYPTLPLRNYSCNNMACPIKHICAYEKKIDEVFYWKTSSEPWKFTYERKTFTRPY",
  "progen3_ll": -2.943112850189209,
  "progen3_perplexity": 18.974821090698242,
  "max_sequence": "MKCAIVTVITLFICSLIYSVETEEENHLAIPEDPYPTLPLRNYSCNNMACPIKHICERGLIQKMYYLKNDGDNYNNYQNEKARESKGI",
  "max_ll": -2.9238429069519043,
  "max_perplexity": 18.6126766204834,
  "max_kl": 0.21491771936416626,
  "max_nmse": 0.03969220817089081,
  "base_sequence": "MKCAIVTVITLFICSLIYSVETEEENHLAIPEDPYPTLPLRNYSCNNMACPIKHICCEYCYYCKNYYYCCCCYCCCYYYCCCYYCKKY",
  "base_ll": -2.2993645668029785,
  "base_perplexity": 9.967846870422363,
  "base_kl": 1.015479326248169,
  "base_nmse": 1.0039701461791992,
  "recovered_sequence": "MKCAIVTVITLFICSLIYSVETEEENHLAIPEDPYPTLPLRNYSCNNMACPIKHICTFEKKIIEYKKIKSMQEPIKCDYYQKYETPPY",
  "recovered_ll": -2.888463258743286,
  "recovered_perplexity": 17.965681076049805,
  "recovered_kl": 0.3023066818714142,
  "recovered_nmse": 0.08700407296419144,
  "nodes": {
    "9": [
      12,
      34,
      162,
      350,
      407,
      413,
      425,
      447,
      466,
      497,
      538,
      545,
      703,
      727,
      734,
      749,
      760,
      957,
      967,
      1036,
      1143,
      1184,
      1251,
      1302,
      1466,
      1491,
      1579,
      1584,
      1650,
      1665,
      1672,
      1828,
      1832,
      1844,
      1851,
      1957,
      2005,
      2105,
      2109,
      2177,
      2213,
      2264,
      2287,
      2360,
      2548,
      2570,
      2592,
      2637,
      2642,
      2732,
      2763,
      2787,
      2809,
      2874,
      2975,
      2983,
      3008,
      3050,
      3101,
      3105,
      3162,
      3199,
      3372,
      3381,
      3382,
      3505,
      3513,
      3526,
      3540,
      3579,
      3624,
      3637,
      3695,
      3723,
      3765,
      3779,
      3802,
      3821,
      3873,
      3965,
      3999,
      4103,
      4190,
      4250,
      4353,
      4419,
      4469,
      4482,
      4526,
      4544,
      4603
    ],
    "8": [
      129,
      221,
      240,
      434,
      567,
      583,
      611,
      649,
      800,
      999,
      1033,
      1136,
      1183,
      1200,
      1258,
      1664,
      1734,
      1747,
      1757,
      1842,
      1843,
      1954,
      2054,
      2109,
      2112,
      2122,
      2201,
      2329,
      2370,
      2401,
      2567,
      2578,
      2596,
      2621,
      2727,
      2753,
      2764,
      2829,
      2853,
      2959,
      3001,
      3024,
      3098,
      3259,
      3360,
      3422,
      3464,
      3653,
      3849,
      4234,
      4310,
      4355,
      4364,
      4371,
      4471,
      4546,
      4585,
      4594
    ],
    "7": [
      66,
      362,
      509,
      535,
      554,
      647,
      889,
      907,
      1010,
      1151,
      1256,
      1320,
      1338,
      1454,
      1510,
      1520,
      1625,
      1674,
      1751,
      1765,
      1824,
      1830,
      1880,
      1929,
      1969,
      2147,
      2156,
      2227,
      2230,
      2279,
      2595,
      2610,
      2621,
      2746,
      2786,
      2877,
      2891,
      2922,
      3135,
      3159,
      3227,
      3389,
      3487,
      3541,
      3551,
      3675,
      3690,
      3760,
      3948,
      4055,
      4063,
      4152,
      4331,
      4421,
      4564
    ],
    "0": [
      156,
      229,
      460,
      471,
      519,
      669,
      753,
      933,
      1026,
      1135,
      1178,
      1297,
      1365,
      1763,
      1810,
      1811,
      2117,
      2184,
      2457,
      2563,
      2692,
      2888,
      2968,
      2984,
      2991,
      3067,
      3182,
      3480,
      3536,
      3537,
      3844,
      3938,
      3963,
      4033,
      4145,
      4195,
      4426,
      4535,
      4596
    ],
    "5": [
      256,
      282,
      293,
      432,
      774,
      830,
      1010,
      1153,
      1182,
      1259,
      1847,
      2139,
      2287,
      2329,
      2431,
      2494,
      2508,
      2801,
      2867,
      3038,
      3223,
      3271,
      3343,
      3588,
      3632,
      4000,
      4066,
      4077,
      4181,
      4285,
      4348,
      4470,
      4516
    ],
    "3": [
      196,
      253,
      335,
      352,
      421,
      429,
      466,
      495,
      534,
      545,
      590,
      597,
      1123,
      1309,
      1429,
      1441,
      1533,
      1566,
      1605,
      1608,
      1723,
      1819,
      1866,
      2134,
      2162,
      2232,
      2246,
      2286,
      2448,
      2627,
      2785,
      2870,
      2903,
      2948,
      3129,
      3264,
      3265,
      3305,
      3411,
      3449,
      3455,
      3458,
      3582,
      3680,
      3773,
      3842,
      3845,
      4003,
      4054,
      4161,
      4172,
      4252,
      4482,
      4561
    ],
    "4": [
      388,
      562,
      783,
      829,
      869,
      904,
      1047,
      1385,
      1967,
      2223,
      2472,
      2717,
      3062,
      3301,
      3620,
      3942,
      3989,
      4112,
      4322,
      4327
    ],
    "2": [
      233,
      267,
      371,
      550,
      604,
      667,
      1031,
      1186,
      1806,
      2047,
      2227,
      2274,
      2403,
      2706,
      2907,
      2978,
      3314,
      3524,
      3723,
      4005
    ],
    "6": [
      18,
      762,
      860,
      947,
      954,
      1050,
      1137,
      1410,
      1467,
      1504,
      1701,
      1766,
      2260,
      2389,
      2460,
      2556,
      2891,
      3263,
      3509,
      3586,
      3628,
      3937,
      4192,
      4581,
      4601
    ],
    "1": [
      197,
      234,
      529,
      536,
      751,
      808,
      937,
      1090,
      1115,
      1339,
      1533,
      1571,
      1659,
      1674,
      2901,
      3008,
      3141,
      3183,
      3622,
      3729,
      3977
    ]
  }
}
