{
  "entry": "P0DQA6",
  "entry_name": "TXC1A_SCOMO",
  "type": "GLM_1",
  "prompt": "MKCAIVTVITLFICSLIYSVETEEENHLAIPEDPYPTLPLRNYSCNNMACPIKHICGCMPTPITPETPFRDLDCGCYHEFDMMPVCAD[GLM]10-49-39",
  "k": 896,
  "original_sequence": "MKCAIVTVITLFICSLIYSVETEEENHLAIPEDPYPTLPLRNYSCNNMACPIKHICGCMPTPITPETPFRDLDCGCYHEFDMMPVCAD",
  "original_ll": -2.8728721141815186,
  "original_perplexity": 17.687747955322266,
  "progen3_sequence": "MKCAIVTVITPNMNRWNTLPYLNATAMNQIANVTALTGLQNIERQNNQNCPIKHICGCMPTPITPETPFRDLDCGCYHEFDMMPVCAD",
  "progen3_ll": -3.0453357696533203,
  "progen3_perplexity": 21.017087936401367,
  "max_sequence": "MKCAIVTVITPLTLMWLENKKGIKLTMMNMIPLGTLIKNNQEESNPLPSCPIKHICGCMPTPITPETPFRDLDCGCYHEFDMMPVCAD",
  "max_ll": -3.036874294281006,
  "max_perplexity": 20.84000015258789,
  "max_kl": 0.26993584632873535,
  "max_nmse": 0.08591671288013458,
  "base_sequence": "MKCAIVTVITCCCCYMMQNMNMMMMNMMCYYMMMNNMNQNYYIMMNQYMCPIKHICGCMPTPITPETPFRDLDCGCYHEFDMMPVCAD",
  "base_ll": -2.6399757862091064,
  "base_perplexity": 14.01286506652832,
  "base_kl": 0.9386277198791504,
  "base_nmse": 2.0395288467407227,
  "recovered_sequence": "MKCAIVTVITNNMNDMGGNLIEMIEPMNQEKINPMLLGQQLIENYNTINCPIKHICGCMPTPITPETPFRDLDCGCYHEFDMMPVCAD",
  "recovered_ll": -2.932222366333008,
  "recovered_perplexity": 18.76929473876953,
  "recovered_kl": 0.33950644731521606,
  "recovered_nmse": 0.16270852088928223,
  "nodes": {
    "9": [
      12,
      162,
      191,
      226,
      251,
      359,
      403,
      407,
      413,
      447,
      466,
      497,
      502,
      538,
      545,
      563,
      654,
      672,
      701,
      734,
      755,
      760,
      763,
      767,
      830,
      868,
      924,
      957,
      967,
      1036,
      1038,
      1039,
      1053,
      1080,
      1081,
      1092,
      1143,
      1184,
      1251,
      1262,
      1302,
      1317,
      1386,
      1438,
      1443,
      1491,
      1537,
      1538,
      1579,
      1648,
      1725,
      1828,
      1832,
      1844,
      1851,
      1931,
      1942,
      1957,
      2005,
      2067,
      2087,
      2097,
      2105,
      2109,
      2130,
      2137,
      2177,
      2191,
      2264,
      2287,
      2321,
      2325,
      2330,
      2376,
      2405,
      2423,
      2469,
      2510,
      2511,
      2541,
      2559,
      2633,
      2642,
      2722,
      2732,
      2787,
      2800,
      2809,
      2874,
      2923,
      2934,
      2941,
      2957,
      2975,
      2982,
      2983,
      3050,
      3105,
      3199,
      3212,
      3245,
      3351,
      3372,
      3382,
      3513,
      3526,
      3540,
      3551,
      3579,
      3603,
      3624,
      3649,
      3676,
      3695,
      3709,
      3723,
      3779,
      3802,
      3821,
      3836,
      3952,
      3972,
      3999,
      4020,
      4103,
      4106,
      4129,
      4212,
      4250,
      4275,
      4298,
      4346,
      4350,
      4421,
      4469,
      4482,
      4490,
      4526,
      4533,
      4544
    ],
    "5": [
      0,
      37,
      59,
      109,
      114,
      232,
      285,
      367,
      372,
      410,
      424,
      425,
      428,
      434,
      579,
      732,
      861,
      878,
      889,
      908,
      994,
      1004,
      1034,
      1080,
      1119,
      1143,
      1161,
      1167,
      1175,
      1249,
      1259,
      1273,
      1275,
      1456,
      1466,
      1496,
      1566,
      1670,
      1847,
      1994,
      2139,
      2278,
      2286,
      2311,
      2321,
      2329,
      2332,
      2537,
      2573,
      2576,
      2619,
      2657,
      2675,
      2777,
      2906,
      2973,
      3064,
      3139,
      3154,
      3266,
      3319,
      3375,
      3393,
      3416,
      3421,
      3521,
      3556,
      3745,
      3870,
      3884,
      3950,
      4072,
      4122,
      4200,
      4380,
      4516
    ],
    "0": [
      4,
      15,
      56,
      127,
      136,
      154,
      247,
      276,
      460,
      482,
      597,
      648,
      693,
      694,
      713,
      796,
      825,
      842,
      844,
      864,
      990,
      1014,
      1025,
      1026,
      1113,
      1186,
      1195,
      1217,
      1231,
      1252,
      1297,
      1407,
      1504,
      1574,
      1652,
      1672,
      1678,
      1754,
      1769,
      1789,
      1817,
      1847,
      1848,
      1880,
      1926,
      2002,
      2041,
      2088,
      2284,
      2299,
      2369,
      2495,
      2548,
      2553,
      2564,
      2594,
      2632,
      2678,
      2682,
      2694,
      2722,
      2786,
      2789,
      2819,
      2852,
      2893,
      2912,
      2991,
      2992,
      3057,
      3070,
      3072,
      3079,
      3095,
      3101,
      3206,
      3259,
      3274,
      3278,
      3293,
      3328,
      3395,
      3421,
      3423,
      3438,
      3587,
      3626,
      3642,
      3681,
      3715,
      3720,
      3728,
      3730,
      3853,
      3908,
      3949,
      3963,
      4003,
      4015,
      4045,
      4049,
      4095,
      4107,
      4111,
      4195,
      4354,
      4398,
      4426,
      4466,
      4563,
      4575
    ],
    "4": [
      32,
      49,
      85,
      224,
      285,
      352,
      366,
      471,
      529,
      530,
      550,
      562,
      747,
      893,
      919,
      939,
      988,
      1115,
      1180,
      1216,
      1360,
      1395,
      1488,
      1527,
      1606,
      1646,
      1649,
      1673,
      1719,
      1759,
      1853,
      1982,
      1994,
      2019,
      2045,
      2055,
      2134,
      2181,
      2374,
      2397,
      2399,
      2469,
      2482,
      2488,
      2573,
      2629,
      2705,
      2799,
      2859,
      2920,
      3006,
      3112,
      3233,
      3271,
      3276,
      3295,
      3330,
      3369,
      3470,
      3542,
      3560,
      3664,
      3719,
      3753,
      3783,
      3802,
      3811,
      3836,
      4054,
      4123,
      4136,
      4145,
      4152,
      4173,
      4198,
      4200,
      4342,
      4343,
      4352,
      4367,
      4410,
      4417,
      4525,
      4545,
      4584,
      4592
    ],
    "2": [
      12,
      113,
      221,
      255,
      390,
      411,
      428,
      470,
      649,
      833,
      879,
      893,
      921,
      1006,
      1018,
      1202,
      1250,
      1308,
      1348,
      1428,
      1509,
      1511,
      1608,
      1646,
      1671,
      1675,
      1695,
      1722,
      1724,
      1738,
      1751,
      1777,
      2027,
      2204,
      2273,
      2287,
      2379,
      2481,
      2539,
      2634,
      2659,
      2760,
      2860,
      2955,
      3002,
      3040,
      3046,
      3082,
      3091,
      3112,
      3147,
      3191,
      3213,
      3275,
      3329,
      3344,
      3364,
      3385,
      3459,
      3474,
      3520,
      3575,
      3612,
      3711,
      3799,
      3805,
      3822,
      3909,
      3979,
      3998,
      4011,
      4082,
      4168,
      4224,
      4252,
      4274,
      4302,
      4304,
      4332,
      4355,
      4361,
      4445,
      4458,
      4521,
      4588,
      4601
    ],