{
  "entry": "P11698",
  "entry_name": "GGI2_STAHA",
  "type": "GLM_2",
  "prompt": "MEKIANAVKSAIEAGQNQDWTKLGTSILDIVSNGVTELSKIFGF[GLM]15-42-27",
  "k": 768,
  "original_sequence": "MEKIANAVKSAIEAGQNQDWTKLGTSILDIVSNGVTELSKIFGF",
  "original_ll": -2.830639123916626,
  "original_perplexity": 16.956295013427734,
  "progen3_sequence": "MEKIANAVKSAIEAGFIESGVIIDKLMIVNNMIINENEVINKGF",
  "progen3_ll": -2.7921905517578125,
  "progen3_perplexity": 16.316722869873047,
  "max_sequence": "MEKIANAVKSAIEAGNEDMQIVPNKLNELQNEKLDNDNDNQRGF",
  "max_ll": -2.968369722366333,
  "max_perplexity": 19.460168838500977,
  "max_kl": 0.0523345023393631,
  "max_nmse": 0.03558376058936119,
  "base_sequence": "MEKIANAVKSAIEAGIKKNKIVLNYMMNNIMNKQNKEVYNKNGF",
  "base_ll": -2.84464693069458,
  "base_perplexity": 17.19548797607422,
  "base_kl": 0.18670643866062164,
  "base_nmse": 0.24618731439113617,
  "recovered_sequence": "MEKIANAVKSAIEAGFIKNILIINKMMIVKKMIKFENEFIVKGF",
  "recovered_ll": -2.886643648147583,
  "recovered_perplexity": 17.93301773071289,
  "recovered_kl": 0.09261617809534073,
  "recovered_nmse": 0.05998989939689636,
  "nodes": {
    "9": [
      12,
      139,
      162,
      407,
      466,
      538,
      545,
      555,
      631,
      639,
      654,
      734,
      745,
      746,
      758,
      760,
      767,
      957,
      967,
      1073,
      1080,
      1081,
      1092,
      1184,
      1190,
      1214,
      1251,
      1256,
      1302,
      1307,
      1320,
      1337,
      1374,
      1483,
      1491,
      1549,
      1579,
      1648,
      1713,
      1719,
      1725,
      1740,
      1798,
      1828,
      1844,
      1851,
      1931,
      1942,
      1957,
      2005,
      2046,
      2105,
      2191,
      2256,
      2264,
      2287,
      2423,
      2510,
      2511,
      2592,
      2642,
      2697,
      2732,
      2736,
      2785,
      2787,
      2791,
      2858,
      2865,
      2941,
      2982,
      3008,
      3050,
      3107,
      3198,
      3199,
      3325,
      3341,
      3350,
      3372,
      3382,
      3422,
      3510,
      3513,
      3526,
      3540,
      3581,
      3624,
      3649,
      3676,
      3695,
      3709,
      3779,
      3802,
      3821,
      3854,
      3881,
      3952,
      3965,
      3999,
      4062,
      4103,
      4106,
      4123,
      4129,
      4232,
      4250,
      4279,
      4288,
      4370,
      4419,
      4421,
      4439,
      4452,
      4469,
      4482,
      4533,
      4544,
      4603
    ],
    "7": [
      7,
      11,
      66,
      206,
      208,
      230,
      330,
      372,
      491,
      592,
      715,
      740,
      846,
      872,
      889,
      893,
      907,
      914,
      1010,
      1059,
      1126,
      1135,
      1188,
      1208,
      1252,
      1256,
      1262,
      1366,
      1370,
      1419,
      1454,
      1496,
      1520,
      1567,
      1625,
      1751,
      1758,
      1816,
      1824,
      1830,
      1855,
      1880,
      1929,
      1969,
      2159,
      2227,
      2254,
      2261,
      2299,
      2459,
      2464,
      2513,
      2685,
      2747,
      2802,
      2877,
      2998,
      3022,
      3128,
      3135,
      3216,
      3251,
      3270,
      3315,
      3381,
      3389,
      3427,
      3487,
      3690,
      3755,
      3760,
      3942,
      4045,
      4055,
      4072,
      4104,
      4299,
      4421,
      4471,
      4598
    ],
    "8": [
      188,
      263,
      274,
      392,
      583,
      817,
      835,
      900,
      907,
      1108,
      1136,
      1197,
      1306,
      1404,
      1408,
      1482,
      1557,
      1560,
      1664,
      1678,
      1777,
      1838,
      1842,
      1870,
      2077,
      2109,
      2112,
      2140,
      2151,
      2163,
      2183,
      2199,
      2201,
      2329,
      2346,
      2401,
      2479,
      2536,
      2567,
      2596,
      2605,
      2621,
      2635,
      2729,
      2949,
      3042,
      3170,
      3236,
      3284,
      3422,
      3440,
      3631,
      3711,
      3849,
      3865,
      3895,
      3973,
      4184,
      4294,
      4310,
      4391,
      4471,
      4534,
      4546,
      4569
    ],
    "0": [
      74,
      276,
      422,
      460,
      621,
      648,
      686,
      694,
      771,
      797,
      817,
      896,
      1026,
      1092,
      1265,
      1328,
      1412,
      1521,
      1685,
      1781,
      1805,
      1890,
      1942,
      2031,
      2032,
      2102,
      2112,
      2186,
      2211,
      2254,
      2257,
      2269,
      2299,
      2313,
      2333,
      2511,
      2567,
      2594,
      2658,
      2692,
      2700,
      2722,
      2849,
      2917,
      2943,
      2984,
      2991,
      3082,
      3084,
      3256,
      3494,
      3616,
      3627,
      3815,
      3819,
      3848,
      3974,
      4360,
      4426,
      4456,
      4458,
      4488,
      4507,
      4520,
      4596
    ],
    "3": [
      48,
      89,
      146,
      212,
      213,
      223,
      234,
      394,
      408,
      545,
      704,
      722,
      766,
      785,
      792,
      954,
      1079,
      1088,
      1142,
      1283,
      1390,
      1430,
      1477,
      1485,
      1542,
      1555,
      1575,
      1636,
      1644,
      1704,
      1727,
      1732,
      1745,
      1789,
      1853,
      1907,
      2058,
      2124,
      2172,
      2197,
      2280,
      2343,
      2353,
      2404,
      2408,
      2620,
      2650,
      2710,
      2712,
      2771,
      2852,
      2855,
      2891,
      2930,
      2945,
      2953,
      3030,
      3039,
      3153,
      3177,
      3281,
      3286,
      3297,
      3340,
      3421,
      3485,
      3503,
      3576,
      3613,
      3638,
      3671,
      3704,
      3758,
      3818,
      3872,
      3881,
      3884,
      3951,
      3956,
      4024,
      4044,
      4160,
      4230,
      4272,
      4277,
      4298,
      4328,
      4425,
      4432,
      4437,
      4502
    ],
    "6": [
      59,
      85,
      96,
      139,
      203,
      321,
      324,
      398,
      452,
      609,
      664,
      806,
      883,
      898,
      902,
      942,
      947,
      954,
      1085,
      1154,
      1348,
      1388,
      1415,
      1467,
      1584,
      1627,
      1748,
      1805,
      1987,
      1990,
      2010,
      2039,
      2110,
      2194,
      2213,
      2389,
      2460,
      2495,
      2496,
      2516,
      2536,
      2588,
      2740,
      2763,
      2790,
      2874,
      2970,
      3097,
      3136,
      3247,
      3292,
      3375,
      3390,
      3396,
      3419,
      3453,
      3572,
      3609,
      3697,
      3719,
      3786,
      3834,
      3835,
      4014,
      4114,
      4127,
      4235,
      4335,
      4425,
      4512,
      4530,
      4569,
      4572,
      4598
    ],