{
  "entry": "P14225",
  "entry_name": "PSAK_CHLRE",
  "type": "GLM_1",
  "prompt": "MQALATRPSAIRPTKAARRSSVVVRADGFIGSSTNLIMVASTTATLAAARFGLAPTVKKNTTAGLKLVDSKNSAGVISNDPAGFTIVDVLAMGAAGHGLGVGIVLGLKGIGAL[GLM]52-64-12",
  "k": 32,
  "original_sequence": "MQALATRPSAIRPTKAARRSSVVVRADGFIGSSTNLIMVASTTATLAAARFGLAPTVKKNTTAGLKLVDSKNSAGVISNDPAGFTIVDVLAMGAAGHGLGVGIVLGLKGIGAL",
  "original_ll": -2.7895469665527344,
  "original_perplexity": 16.273645401000977,
  "progen3_sequence": "MQALATRPSAIRPTKAARRSSVVVRADGFIGSSTNLIMVASTTATLAAARFGPLNGGSFMRLTVLKLVDSKNSAGVISNDPAGFTIVDVLAMGAAGHGLGVGIVLGLKGIGAL",
  "progen3_ll": -2.934767007827759,
  "progen3_perplexity": 18.81711769104004,
  "max_sequence": "MQALATRPSAIRPTKAARRSSVVVRADGFIGSSTNLIMVASTTATLAAARFGELIFTEPKLLAFLKLVDSKNSAGVISNDPAGFTIVDVLAMGAAGHGLGVGIVLGLKGIGAL",
  "max_ll": -2.896886110305786,
  "max_perplexity": 18.11764144897461,
  "max_kl": 0.47306856513023376,
  "max_nmse": 0.08561509102582932,
  "base_sequence": "MQALATRPSAIRPTKAARRSSVVVRADGFIGSSTNLIMVASTTATLAAARFGWMLMDMPVVPRQLKLVDSKNSAGVISNDPAGFTIVDVLAMGAAGHGLGVGIVLGLKGIGAL",
  "base_ll": -3.2227442264556885,
  "base_perplexity": 25.09689712524414,
  "base_kl": 0.5801186561584473,
  "base_nmse": 1.2800029516220093,
  "recovered_sequence": "MQALATRPSAIRPTKAARRSSVVVRADGFIGSSTNLIMVASTTATLAAARFGPLIGPIFPRRTVLKLVDSKNSAGVISNDPAGFTIVDVLAMGAAGHGLGVGIVLGLKGIGAL",
  "recovered_ll": -2.830484628677368,
  "recovered_perplexity": 16.953676223754883,
  "recovered_kl": 0.44103026390075684,
  "recovered_nmse": 0.13922853767871857,
  "nodes": {
    "9": [
      162,
      407,
      763,
      957,
      967,
      1184,
      1219,
      1302,
      1491,
      1508,
      1579,
      1844,
      1851,
      1957,
      2005,
      2283,
      2287,
      2975,
      3050,
      3199,
      3382,
      3540,
      3624,
      3779,
      3802,
      3821,
      4544
    ],
    "7": [
      1625,
      1824
    ],
    "8": [
      1664,
      2201,
      2479
    ]
  }
}
