{
  "entry": "P14945",
  "entry_name": "LZ8_GANLU",
  "type": "CLM",
  "prompt": "MSDTALIFRLAWDVKKLSFDYTPNWGRGNPNNFIDTVTFPKVLTDKAYTYRVAVSGRNLGVKPSYAVESDGSQKVNFLEYNSGYGIAD",
  "k": 1000,
  "original_sequence": "MSDTALIFRLAWDVKKLSFDYTPNWGRGNPNNFIDTVTFPKVLTDKAYTYRVAVSGRNLGVKPSYAVESDGSQKVNFLEYNSGYGIADTNTIQVFVVDPDTNNDFIIAQWN",
  "original_ll": -2.845266819000244,
  "original_perplexity": 17.20615005493164,
  "progen3_sequence": "MSDTALIFRLAWDVKKLSFDYTPNWGRGNPNNFIDTVTFPKVLTDKAYTYRVAVSGRNLGVKPSYAVESDGSQKVNFLEYNSGYGIADLTFGQIVLNNPKAVADYAVQIAN",
  "progen3_ll": -2.7057697772979736,
  "progen3_perplexity": 14.965831756591797,
  "max_sequence": "MSDTALIFRLAWDVKKLSFDYTPNWGRGNPNNFIDTVTFPKVLTDKAYTYRVAVSGRNLGVKPSYAVESDGSQKVNFLEYNSGYGIADKSGTSKVPKGASANTSAIKAGGA",
  "max_ll": -2.7414538860321045,
  "max_perplexity": 15.50951862335205,
  "max_kl": 0.005468910094350576,
  "max_nmse": 0.003680377034470439,
  "base_sequence": "MSDTALIFRLAWDVKKLSFDYTPNWGRGNPNNFIDTVTFPKVLTDKAYTYRVAVSGRNLGVKPSYAVESDGSQKVNFLEYNSGYGIADENYDNNDANEFVAFYEGLYKKSY",
  "base_ll": -2.8535845279693604,
  "base_perplexity": 17.34986114501953,
  "base_kl": 0.059302911162376404,
  "base_nmse": 0.12750308215618134,
  "recovered_sequence": "MSDTALIFRLAWDVKKLSFDYTPNWGRGNPNNFIDTVTFPKVLTDKAYTYRVAVSGRNLGVKPSYAVESDGSQKVNFLEYNSGYGIADLAFGGEYLNLFKGVADYGVLIAP",
  "recovered_ll": -2.7768876552581787,
  "recovered_perplexity": 16.068931579589844,
  "recovered_kl": 0.017382053658366203,
  "recovered_nmse": 0.005067634396255016,
  "nodes": {
    "9": [
      12,
      21,
      52,
      80,
      139,
      162,
      378,
      407,
      413,
      425,
      447,
      452,
      466,
      506,
      538,
      545,
      571,
      598,
      639,
      734,
      746,
      749,
      758,
      760,
      957,
      967,
      1025,
      1036,
      1081,
      1184,
      1233,
      1251,
      1259,
      1442,
      1476,
      1491,
      1523,
      1560,
      1579,
      1584,
      1648,
      1713,
      1762,
      1825,
      1828,
      1844,
      1851,
      1859,
      1872,
      1888,
      1946,
      1957,
      2005,
      2105,
      2134,
      2191,
      2231,
      2264,
      2287,
      2349,
      2360,
      2376,
      2423,
      2510,
      2511,
      2524,
      2548,
      2570,
      2573,
      2592,
      2637,
      2642,
      2732,
      2763,
      2787,
      2790,
      2791,
      2809,
      2892,
      2982,
      2991,
      3050,
      3079,
      3087,
      3101,
      3107,
      3134,
      3198,
      3199,
      3341,
      3381,
      3382,
      3408,
      3414,
      3510,
      3513,
      3540,
      3579,
      3624,
      3649,
      3695,
      3705,
      3765,
      3779,
      3802,
      3821,
      3873,
      3952,
      3999,
      4106,
      4129,
      4209,
      4250,
      4419,
      4452,
      4468,
      4469,
      4482,
      4526,
      4533,
      4544,
      4603
    ],
    "5": [
      75,
      114,
      154,
      171,
      183,
      231,
      266,
      340,
      342,
      343,
      380,
      405,
      432,
      443,
      464,
      478,
      516,
      571,
      574,
      596,
      697,
      732,
      858,
      870,
      954,
      969,
      999,
      1043,
      1053,
      1080,
      1108,
      1153,
      1187,
      1289,
      1299,
      1331,
      1414,
      1431,
      1669,
      1672,
      1677,
      1678,
      1681,
      1684,
      1709,
      1722,
      1810,
      1870,
      1919,
      1941,
      2021,
      2024,
      2088,
      2110,
      2126,
      2139,
      2183,
      2218,
      2283,
      2287,
      2312,
      2408,
      2451,
      2454,
      2506,
      2545,
      2552,
      2664,
      2679,
      2702,
      2762,
      2763,
      2777,
      2800,
      2801,
      2831,
      2851,
      2925,
      2938,
      2940,
      2955,
      2956,
      2974,
      2990,
      3128,
      3188,
      3192,
      3217,
      3268,
      3429,
      3570,
      3616,
      3675,
      3681,
      3691,
      3748,
      3826,
      3835,
      3852,
      3952,
      3965,
      4013,
      4039,
      4066,
      4076,
      4101,
      4104,
      4208,
      4215,
      4241,
      4256,
      4402,
      4462,
      4470,
      4481,
      4516
    ],
    "2": [
      19,
      86,
      95,
      102,
      124,
      217,
      344,
      351,
      363,
      385,
      393,
      508,
      593,
      598,
      612,
      681,
      686,
      696,
      715,
      804,
      852,
      858,
      916,
      959,
      991,
      1084,
      1090,
      1168,
      1200,
      1245,
      1295,
      1344,
      1399,
      1411,
      1422,
      1498,
      1546,
      1621,
      1625,
      1680,
      1700,
      1774,
      1932,
      2103,
      2105,
      2192,
      2227,
      2278,
      2321,
      2342,
      2416,
      2504,
      2633,
      2795,
      2850,
      2894,
      2915,
      2922,
      3025,
      3095,
      3113,
      3240,
      3244,
      3325,
      3338,
      3380,
      3396,
      3409,
      3418,
      3653,
      3665,
      3696,
      3800,
      3814,
      4113,
      4140,
      4227,
      4242,
      4266,
      4320,
      4345,
      4358,
      4385,
      4393,
      4464,
      4549
    ],
    "1": [
      40,
      41,
      57,
      66,
      141,
      184,
      190,
      234,
      286,
      409,
      428,
      432,
      458,
      465,
      495,
      522,
      671,
      720,
      752,
      808,
      813,
      879,
      924,
      930,
      961,
      1044,
      1047,
      1048,
      1077,
      1100,
      1125,
      1159,
      1164,
      1185,
      1196,
      1210,
      1219,
      1231,
      1255,
      1270,
      1271,
      1314,
      1349,
      1356,
      1377,
      1437,
      1456,
      1461,
      1478,
      1535,
      1589,
      1590,
      1646,
      1690,
      1720,
      1731,
      1751,
      1861,
      1925,
      1927,
      1992,
      2015,
      2102,
      2132,
      2151,
      2172,
      2202,
      2204,
      2223,
      2262,
      2279,
      2345,
      2361,
      2411,
      2581,
      2610,
      2644,
      2776,
      2819,
      2846,
      2862,
      2889,
      2942,
      2985,
      3032,
      3064,
      3067,
      3084,
      3122,
      3167,
      3194,
      3211,
      3230,
      3271,
      3279,
      3359,
      3368,
      3409,
      3457,
      3514,
      3538,
      3542,
      3549,
      3572,
      3577,
      3592,
      3693,
      3709,
      3718,
      3728,
      3759,
      3801,
      3871,
      3913,
      3916,
      3969,
      4012,
      4170,
      4273,
      4317,
      4407,
      4424,
      4479,
      4485,
      4495,
      4548,
      4591
    ],