{
  "entry": "P20298",
  "entry_name": "YORX_PYRWO",
  "type": "GLM_1",
  "prompt": "AVTVTTMLVRIPIPASQGYLNFGDIMIMLVAVLFGPLVGGFAGGVGSALADVIGYPSWALFTLVIKGTEGVIVGWFSKGTTNYGRILLGTVLGGIVMVLGYVSVAYVLYGPGGAVAEFYNDIVQAVSGIIIGGGLGYILKKRIGPILE[GLM]26-47-21",
  "k": 832,
  "original_sequence": "AVTVTTMLVRIPIPASQGYLNFGDIMIMLVAVLFGPLVGGFAGGVGSALADVIGYPSWALFTLVIKGTEGVIVGWFSKGTTNYGRILLGTVLGGIVMVLGYVSVAYVLYGPGGAVAEFYNDIVQAVSGIIIGGGLGYILKKRIGPILE",
  "original_ll": -2.0004892349243164,
  "original_perplexity": 7.392672061920166,
  "progen3_sequence": "AVTVTTMLVRIPIPASQGYLNFGDIMDLYPLHDKLSIVAPTAVEVGPALADVIGYPSWALFTLVIKGTEGVIVGWFSKGTTNYGRILLGTVLGGIVMVLGYVSVAYVLYGPGGAVAEFYNDIVQAVSGIIIGGGLGYILKKRIGPILE",
  "progen3_ll": -2.8036630153656006,
  "progen3_perplexity": 16.504995346069336,
  "max_sequence": "AVTVTTMLVRIPIPASQGYLNFGDIMIRDPILLGDKKVRVVQDGNPLALADVIGYPSWALFTLVIKGTEGVIVGWFSKGTTNYGRILLGTVLGGIVMVLGYVSVAYVLYGPGGAVAEFYNDIVQAVSGIIIGGGLGYILKKRIGPILE",
  "max_ll": -2.815664291381836,
  "max_perplexity": 16.704269409179688,
  "max_kl": 0.07283423840999603,
  "max_nmse": 0.045126888900995255,
  "base_sequence": "AVTVTTMLVRIPIPASQGYLNFGDIMYMERFYYNYTFFWFVVPDLRFALADVIGYPSWALFTLVIKGTEGVIVGWFSKGTTNYGRILLGTVLGGIVMVLGYVSVAYVLYGPGGAVAEFYNDIVQAVSGIIIGGGLGYILKKRIGPILE",
  "base_ll": -3.2457275390625,
  "base_perplexity": 25.680387496948242,
  "base_kl": 0.3125349283218384,
  "base_nmse": 1.3328067064285278,
  "recovered_sequence": "AVTVTTMLVRIPIPASQGYLNFGDIMILFPLWDVDSYVFPTWVEVGPALADVIGYPSWALFTLVIKGTEGVIVGWFSKGTTNYGRILLGTVLGGIVMVLGYVSVAYVLYGPGGAVAEFYNDIVQAVSGIIIGGGLGYILKKRIGPILE",
  "recovered_ll": -3.0731630325317383,
  "recovered_perplexity": 21.610149383544922,
  "recovered_kl": 0.1582094132900238,
  "recovered_nmse": 0.12899762392044067,
  "nodes": {
    "9": [
      12,
      27,
      95,
      191,
      224,
      268,
      305,
      359,
      407,
      409,
      430,
      466,
      488,
      493,
      494,
      506,
      507,
      512,
      538,
      563,
      619,
      654,
      672,
      680,
      706,
      715,
      734,
      746,
      758,
      767,
      814,
      828,
      868,
      903,
      957,
      967,
      1004,
      1038,
      1048,
      1080,
      1081,
      1088,
      1092,
      1105,
      1146,
      1170,
      1176,
      1184,
      1214,
      1336,
      1343,
      1352,
      1376,
      1394,
      1438,
      1537,
      1554,
      1566,
      1579,
      1654,
      1713,
      1795,
      1828,
      1844,
      1913,
      1934,
      1937,
      1957,
      2005,
      2015,
      2047,
      2061,
      2194,
      2254,
      2257,
      2283,
      2330,
      2405,
      2417,
      2427,
      2465,
      2559,
      2650,
      2787,
      2802,
      2812,
      2844,
      2890,
      2910,
      2911,
      2987,
      3011,
      3021,
      3048,
      3050,
      3077,
      3140,
      3192,
      3198,
      3199,
      3382,
      3420,
      3480,
      3513,
      3624,
      3715,
      3748,
      3779,
      3795,
      3821,
      3881,
      3893,
      3929,
      3930,
      3932,
      3934,
      3952,
      3972,
      3995,
      4069,
      4106,
      4122,
      4142,
      4148,
      4279,
      4298,
      4350,
      4382,
      4533,
      4544,
      4547,
      4603,
      4604
    ],
    "4": [
      32,
      130,
      144,
      175,
      216,
      242,
      256,
      271,
      280,
      366,
      424,
      452,
      467,
      471,
      551,
      661,
      711,
      712,
      791,
      842,
      848,
      850,
      920,
      954,
      985,
      990,
      1067,
      1075,
      1191,
      1194,
      1254,
      1267,
      1300,
      1310,
      1367,
      1369,
      1421,
      1446,
      1470,
      1474,
      1513,
      1607,
      1646,
      1665,
      1669,
      1673,
      1738,
      2154,
      2175,
      2257,
      2290,
      2294,
      2303,
      2310,
      2314,
      2469,
      2527,
      2552,
      2649,
      2679,
      2680,
      2705,
      2776,
      2795,
      2799,
      2809,
      2811,
      2815,
      2822,
      2853,
      2859,
      3049,
      3095,
      3112,
      3119,
      3253,
      3275,
      3298,
      3322,
      3452,
      3474,
      3503,
      3753,
      3928,
      3943,
      4010,
      4054,
      4152,
      4164,
      4250,
      4326,
      4338,
      4342,
      4366,
      4367,
      4386,
      4410,
      4455,
      4525
    ],
    "0": [
      8,
      136,
      164,
      325,
      435,
      460,
      694,
      727,
      731,
      744,
      835,
      933,
      1017,
      1026,
      1031,
      1085,
      1088,
      1134,
      1151,
      1173,
      1178,
      1255,
      1295,
      1525,
      1544,
      1546,
      1557,
      1583,
      1606,
      1610,
      2013,
      2230,
      2299,
      2320,
      2330,
      2362,
      2533,
      2610,
      2619,
      2650,
      2807,
      2844,
      2972,
      2984,
      3018,
      3072,
      3191,
      3238,
      3266,
      3513,
      3576,
      3591,
      3623,
      3728,
      3785,
      3853,
      3958,
      3963,
      3966,
      4030,
      4111,
      4150,
      4200,
      4244,
      4467,
      4596
    ],
    "8": [
      45,
      94,
      107,
      174,
      209,
      243,
      806,
      873,
      876,
      900,
      907,
      915,
      978,
      1306,
      1371,
      1404,
      1468,
      1483,
      1557,
      1576,
      1639,
      1687,
      1728,
      1777,
      1778,
      1877,
      1914,
      1942,
      2109,
      2140,
      2201,
      2215,
      2256,
      2313,
      2348,
      2357,
      2361,
      2388,
      2404,
      2479,
      2536,
      2605,
      2619,
      2839,
      2977,
      3043,
      3055,
      3236,
      3245,
      3263,
      3355,
      3361,
      3391,
      3521,
      3641,
      3730,
      3785,
      3865,
      3880,
      3895,
      3915,
      3989,
      4106,
      4190,
      4211,
      4294,
      4310,
      4336,
      4385,
      4391,
      4555,
      4565
    ],
    "7": [
      274,
      484,
      553,
      631,
      652,
      699,
      755,
      872,
      1067,
      1070,
      1145,
      1382,
      1520,
      1530,
      1653,
      1664,
      1709,
      1751,
      1824,
      1913,
      1929,
      1988,
      2004,
      2005,
      2071,
      2142,
      2345,
      2394,
      2462,
      2482,
      2498,
      2513,
      2527,
      2657,
      2684,
      2747,
      2770,
      2877,
      2907,
      2998,
      3002,
      3031,
      3057,
      3128,
      3135,
      3167,
      3337,
      3457,
      3469,
      3651,
      3751,
      3866,
      3950,
      4122,
      4166,
      4178,
      4179,
      4196,
      4321,
      4393,
      4409,
      4444,
      4492,
      4566
    ],
    "1": [
      67,
      119,
      153,
      161,
      174,
      275,
      379,
      385,
      388,
      410,
      555,
      667,
      690,
      714,
      742,
      764,
      830,
      847,
      860,
      1001,
      1016,
      1146,
      1213,
      1282,
      1302,
      1320,
      1485,
      1634,
      1643,
      1663,
      1738,
      2006,
      2071,
      2076,
      2157,
      2231,
      2251,
      2342,
      2358,
      2369,
      2408,
      2416,
      2423,
      2475,
      2496,
      2593,
      2682,
      2725,
      2728,
      2732,
      2807,
      2849,
      2923,
      2953,
      2961,
      3095,
      3241,
      3273,
      3293,
      3315,
      3364,
      3386,
      3420,
      3436,
      3464,
      3531,
      3604,
      3680,
      3692,
      3693,
      3799,
      3815,
      3817,
      3890,
      3923,
      3954,
      3992,
      4041,
      4089,
      4140,
      4308,
      4433,
      4449,
      4567,
      4595
    ],