{
  "entry": "P20298",
  "entry_name": "YORX_PYRWO",
  "type": "GLM_2",
  "prompt": "AVTVTTMLVRIPIPASQGYLNFGDIMIMLVAVLFGPLVGGFAGGVGSALADVIGYPSWALFTLVIKGTEGVIVGWFSKGTTNYGRILLGTVLGGIVMVLGYVSVAYVLYGPGGAVAEFYNDIVQAVSGIIIGGGLGYILKKRIGPILE[GLM]87-118-31",
  "k": 832,
  "original_sequence": "AVTVTTMLVRIPIPASQGYLNFGDIMIMLVAVLFGPLVGGFAGGVGSALADVIGYPSWALFTLVIKGTEGVIVGWFSKGTTNYGRILLGTVLGGIVMVLGYVSVAYVLYGPGGAVAEFYNDIVQAVSGIIIGGGLGYILKKRIGPILE",
  "original_ll": -2.2087886333465576,
  "original_perplexity": 9.104680061340332,
  "progen3_sequence": "AVTVTTMLVRIPIPASQGYLNFGDIMIMLVAVLFGPLVGGFAGGVGSALADVIGYPSWALFTLVIKGTEGVIVGWFSKGTTNYGRILEDTLERFPRYRTPRGLRAPGRRDGELSVSGLYNDIVQAVSGIIIGGGLGYILKKRIGPILE",
  "progen3_ll": -2.8765461444854736,
  "progen3_perplexity": 17.752851486206055,
  "max_sequence": "AVTVTTMLVRIPIPASQGYLNFGDIMIMLVAVLFGPLVGGFAGGVGSALADVIGYPSWALFTLVIKGTEGVIVGWFSKGTTNYGRILILRYVVLVLYRVIRGGGPERARPTTGIDGAGYNDIVQAVSGIIIGGGLGYILKKRIGPILE",
  "max_ll": -2.8884596824645996,
  "max_perplexity": 17.965614318847656,
  "max_kl": 0.12828196585178375,
  "max_nmse": 0.04832307621836662,
  "base_sequence": "AVTVTTMLVRIPIPASQGYLNFGDIMIMLVAVLFGPLVGGFAGGVGSALADVIGYPSWALFTLVIKGTEGVIVGWFSKGTTNYGRILDFYMYVYCWYYNMVFFRYYCCEFCMLVCSLPYNDIVQAVSGIIIGGGLGYILKKRIGPILE",
  "base_ll": -3.412809133529663,
  "base_perplexity": 30.35038185119629,
  "base_kl": 0.4124666452407837,
  "base_nmse": 0.7368496060371399,
  "recovered_sequence": "AVTVTTMLVRIPIPASQGYLNFGDIMIMLVAVLFGPLVGGFAGGVGSALADVIGYPSWALFTLVIKGTEGVIVGWFSKGTTNYGRILDFDPLRFERPPVYWFLFAPEIRKVVLSVLFLYNDIVQAVSGIIIGGGLGYILKKRIGPILE",
  "recovered_ll": -2.964998245239258,
  "recovered_perplexity": 19.394670486450195,
  "recovered_kl": 0.20243744552135468,
  "recovered_nmse": 0.18540021777153015,
  "nodes": {
    "9": [
      12,
      80,
      217,
      233,
      268,
      359,
      383,
      407,
      493,
      508,
      538,
      548,
      555,
      631,
      672,
      680,
      760,
      767,
      783,
      818,
      865,
      868,
      873,
      884,
      957,
      967,
      1004,
      1038,
      1055,
      1079,
      1080,
      1081,
      1092,
      1106,
      1156,
      1163,
      1165,
      1184,
      1197,
      1214,
      1291,
      1394,
      1438,
      1491,
      1530,
      1579,
      1605,
      1649,
      1713,
      1789,
      1828,
      1844,
      1851,
      1872,
      1877,
      1889,
      1910,
      1942,
      1957,
      2005,
      2015,
      2096,
      2134,
      2172,
      2184,
      2191,
      2254,
      2295,
      2308,
      2317,
      2405,
      2423,
      2467,
      2511,
      2633,
      2637,
      2727,
      2745,
      2750,
      2752,
      2767,
      2787,
      2790,
      2802,
      2812,
      2821,
      2844,
      2910,
      2940,
      3004,
      3008,
      3050,
      3082,
      3089,
      3134,
      3154,
      3167,
      3192,
      3198,
      3199,
      3209,
      3210,
      3308,
      3357,
      3382,
      3422,
      3473,
      3480,
      3490,
      3513,
      3540,
      3624,
      3649,
      3703,
      3734,
      3748,
      3779,
      3821,
      3824,
      3830,
      3836,
      3921,
      3932,
      3941,
      3952,
      3972,
      4079,
      4106,
      4148,
      4250,
      4279,
      4346,
      4350,
      4354,
      4396,
      4421,
      4457,
      4484,
      4533,
      4544,
      4547,
      4604
    ],
    "6": [
      34,
      69,
      146,
      166,
      222,
      276,
      282,
      349,
      448,
      522,
      566,
      595,
      613,
      737,
      741,
      815,
      890,
      897,
      902,
      959,
      1019,
      1056,
      1086,
      1094,
      1109,
      1138,
      1241,
      1258,
      1454,
      1469,
      1502,
      1529,
      1551,
      1660,
      1716,
      1754,
      1780,
      1876,
      1955,
      1962,
      2143,
      2163,
      2183,
      2214,
      2368,
      2538,
      2667,
      2684,
      2720,
      2730,
      2747,
      2823,
      2850,
      3029,
      3081,
      3108,
      3261,
      3301,
      3345,
      3366,
      3499,
      3501,
      3540,
      3541,
      3552,
      3585,
      3642,
      3691,
      3884,
      3893,
      3932,
      3977,
      4009,
      4024,
      4113,
      4167,
      4174,
      4181,
      4271,
      4298,
      4360,
      4362,
      4504,
      4552
    ],
    "5": [
      35,
      46,
      153,
      174,
      254,
      275,
      312,
      358,
      491,
      500,
      585,
      603,
      692,
      700,
      703,
      767,
      867,
      957,
      1015,
      1037,
      1173,
      1208,
      1209,
      1231,
      1468,
      1470,
      1511,
      1590,
      1614,
      1756,
      1790,
      1875,
      1903,
      1959,
      1994,
      2068,
      2096,
      2112,
      2206,
      2271,
      2318,
      2389,
      2472,
      2514,
      2519,
      2540,
      2549,
      2563,
      2638,
      2652,
      2711,
      2736,
      2817,
      2907,
      2989,
      3071,
      3121,
      3186,
      3231,
      3239,
      3347,
      3361,
      3384,
      3393,
      3516,
      3554,
      3600,
      3608,
      3654,
      3658,
      3738,
      3780,
      3829,
      3890,
      4018,
      4059,
      4080,
      4176,
      4292,
      4354,
      4431,
      4502,
      4534
    ],
    "8": [
      4,
      45,
      243,
      273,
      456,
      635,
      873,
      976,
      1145,
      1232,
      1303,
      1367,
      1375,
      1390,
      1438,
      1576,
      1632,
      1757,
      1838,
      1877,
      1914,
      1979,
      2044,
      2189,
      2201,
      2357,
      2401,
      2417,
      2435,
      2449,
      2466,
      2479,
      2559,
      2702,
      2772,
      2821,
      2876,
      2935,
      3033,
      3055,
      3235,
      3236,
      3245,
      3256,
      3381,
      3402,
      3404,
      3500,
      3584,
      3648,
      3659,
      3721,
      3730,
      3786,
      3895,
      3944,
      4000,
      4004,
      4011,
      4106,
      4291,
      4440,
      4472,
      4601
    ],
    "7": [
      98,
      248,
      274,
      281,
      321,
      324,
      383,
      437,
      468,
      532,
      537,
      553,
      631,
      652,
      677,
      699,
      755,
      756,
      791,
      956,
      1067,
      1117,
      1202,
      1416,
      1583,
      1614,
      1653,
      1654,
      1790,
      1807,
      1824,
      1829,
      1838,
      1962,
      2142,
      2345,
      2390,
      2394,
      2430,
      2447,
      2472,
      2513,
      2607,
      2656,
      2669,
      2863,
      2870,
      2877,
      2907,
      2928,
      2932,
      3052,
      3189,
      3326,
      3337,
      3394,
      3457,
      3469,
      3491,
      3511,
      3537,
      3595,
      3646,
      3715,
      3745,
      3751,
      3772,
      3786,
      3866,
      3895,
      3921,
      4005,
      4025,
      4052,
      4066,
      4134,
      4393,
      4409,
      4448,
      4494,
      4587
    ],