{
  "entry": "P21710",
  "entry_name": "YFHA_KLEOX",
  "type": "CLM",
  "prompt": "RMAGRNRTEFYKLLSRHELD",
  "k": 256,
  "original_sequence": "RMAGRNRTEFYKLLSRHELDANDFKE",
  "original_ll": -2.974520444869995,
  "original_perplexity": 19.580230712890625,
  "progen3_sequence": "RMAGRNRTEFYKLLSRHELDLGVVVD",
  "progen3_ll": -2.166794538497925,
  "progen3_perplexity": 8.730255126953125,
  "max_sequence": "RMAGRNRTEFYKLLSRHELDLFIVRG",
  "max_ll": -2.622844696044922,
  "max_perplexity": 13.774852752685547,
  "max_kl": 0.03411317616701126,
  "max_nmse": 0.003483360866084695,
  "base_sequence": "RMAGRNRTEFYKLLSRHELDTDLRDA",
  "base_ll": -2.6746206283569336,
  "base_perplexity": 14.506845474243164,
  "base_kl": 0.10071103274822235,
  "base_nmse": 0.046325258910655975,
  "recovered_sequence": "RMAGRNRTEFYKLLSRHELDLGVVVL",
  "recovered_ll": -2.393357038497925,
  "recovered_perplexity": 10.95019245147705,
  "recovered_kl": 0.06362089514732361,
  "recovered_nmse": 0.02904798649251461,
  "nodes": {
    "9": [
      12,
      407,
      538,
      555,
      676,
      727,
      734,
      746,
      758,
      760,
      957,
      967,
      1073,
      1184,
      1190,
      1251,
      1307,
      1312,
      1320,
      1378,
      1579,
      1648,
      1725,
      1828,
      1844,
      1851,
      1957,
      2005,
      2046,
      2191,
      2248,
      2488,
      2510,
      2511,
      2642,
      2697,
      2732,
      2785,
      2787,
      2791,
      3050,
      3199,
      3372,
      3382,
      3510,
      3513,
      3526,
      3540,
      3624,
      3676,
      3709,
      3765,
      3779,
      3802,
      3821,
      3854,
      3952,
      3999,
      4062,
      4123,
      4129,
      4250,
      4421,
      4452,
      4478,
      4482,
      4533,
      4544,
      4603
    ],
    "0": [
      276,
      422,
      615,
      933,
      1360,
      1774,
      1777,
      1781,
      1805,
      1978,
      2254,
      2313,
      2692,
      2906,
      3307,
      3616,
      3848,
      3853,
      3974,
      4426,
      4488
    ],
    "8": [
      240,
      242,
      263,
      871,
      1612,
      1664,
      1780,
      1870,
      2112,
      2201,
      2567,
      2596,
      4284
    ],
    "7": [
      7,
      781,
      889,
      907,
      1256,
      1454,
      1625,
      1824,
      1826,
      1830,
      1929,
      1969,
      2299,
      2513,
      2747,
      2802,
      3135,
      3381,
      3534,
      4421
    ],
    "3": [
      408,
      545,
      646,
      792,
      1406,
      1884,
      1936,
      2022,
      2120,
      2280,
      2606,
      2664,
      2710,
      2817,
      2944,
      3074,
      3152,
      3437,
      3491,
      3576,
      3585,
      3758,
      3827,
      3841,
      3884,
      4038,
      4131,
      4149,
      4272,
      4320,
      4400,
      4437,
      4456
    ],
    "5": [
      145,
      330,
      402,
      616,
      874,
      1371,
      1426,
      1462,
      1701,
      1847,
      2283,
      2499,
      2619,
      2657,
      2716,
      2777,
      3557,
      3757,
      4209,
      4420,
      4571
    ],
    "4": [
      213,
      1041,
      1069,
      1101,
      1758,
      2221,
      2642,
      2726,
      2944,
      3084,
      3164,
      3226,
      3339,
      3604,
      3611,
      3677,
      3763,
      3882,
      4165,
      4325
    ],
    "1": [
      497,
      677,
      692,
      703,
      879,
      1499,
      1512,
      1873,
      2154,
      2204,
      2547,
      2601,
      2643,
      2805,
      2984,
      3289,
      3748,
      3750,
      4078
    ],
    "2": [
      8,
      39,
      1066,
      1367,
      1667,
      1714,
      1807,
      1840,
      2157,
      2242,
      2353,
      2434,
      2658,
      2724,
      2730,
      3387,
      3582,
      3808,
      3902,
      4356
    ],
    "6": [
      42,
      139,
      218,
      1063,
      1515,
      1584,
      1756,
      2039,
      2060,
      2194,
      2389,
      2495,
      3007,
      3136,
      3396,
      3832,
      4310,
      4434,
      4494,
      4512
    ]
  }
}
