{
  "entry": "P22754",
  "entry_name": "YFL2_BACLI",
  "type": "CLM",
  "prompt": "MNIKKRIIQIRFLNCTIIYLHCALFRSLLHNLFHRHVFCRRLSSRSIEYLRMRSQAAQNLL",
  "k": 224,
  "original_sequence": "MNIKKRIIQIRFLNCTIIYLHCALFRSLLHNLFHRHVFCRRLSSRSIEYLRMRSQAAQNLLDICSVPFCRWRLLFCH",
  "original_ll": -3.0083930492401123,
  "original_perplexity": 20.254825592041016,
  "progen3_sequence": "MNIKKRIIQIRFLNCTIIYLHCALFRSLLHNLFHRHVFCRRLSSRSIEYLRMRSQAAQNLLPRRKKKLVTKTDLQAL",
  "progen3_ll": -2.7563648223876953,
  "progen3_perplexity": 15.742511749267578,
  "max_sequence": "MNIKKRIIQIRFLNCTIIYLHCALFRSLLHNLFHRHVFCRRLSSRSIEYLRMRSQAAQNLLSQRLKRKSFRTKKPIL",
  "max_ll": -2.679985761642456,
  "max_perplexity": 14.584885597229004,
  "max_kl": 0.0017298290040344,
  "max_nmse": 0.0024892089422792196,
  "base_sequence": "MNIKKRIIQIRFLNCTIIYLHCALFRSLLHNLFHRHVFCRRLSSRSIEYLRMRSQAAQNLLTDIHLQRNHYSKLDLK",
  "base_ll": -2.9143617153167725,
  "base_perplexity": 18.437040328979492,
  "base_kl": 0.09389317780733109,
  "base_nmse": 0.39262279868125916,
  "recovered_sequence": "MNIKKRIIQIRFLNCTIIYLHCALFRSLLHNLFHRHVFCRRLSSRSIEYLRMRSQAAQNLLPRRKLLLRTKTDLQFL",
  "recovered_ll": -2.681358814239502,
  "recovered_perplexity": 14.604926109313965,
  "recovered_kl": 0.006050477735698223,
  "recovered_nmse": 0.011660621501505375,
  "nodes": {
    "9": [
      12,
      162,
      184,
      263,
      381,
      407,
      416,
      734,
      760,
      763,
      777,
      836,
      957,
      967,
      1042,
      1053,
      1166,
      1184,
      1196,
      1302,
      1491,
      1528,
      1579,
      1729,
      1735,
      1782,
      1832,
      1844,
      1851,
      1885,
      1914,
      1942,
      1957,
      2005,
      2108,
      2109,
      2126,
      2143,
      2148,
      2264,
      2283,
      2287,
      2395,
      2450,
      2531,
      2539,
      2604,
      2642,
      2732,
      2787,
      2865,
      2919,
      2969,
      2975,
      3006,
      3050,
      3087,
      3199,
      3221,
      3232,
      3382,
      3399,
      3426,
      3513,
      3526,
      3540,
      3581,
      3603,
      3624,
      3676,
      3760,
      3779,
      3802,
      3821,
      3836,
      3856,
      3880,
      3999,
      4129,
      4244,
      4339,
      4482,
      4544,
      4598
    ],
    "8": [
      82,
      204,
      372,
      417,
      1004,
      1008,
      1136,
      1201,
      1376,
      1444,
      1486,
      1535,
      1557,
      1664,
      1744,
      1954,
      1956,
      2106,
      2112,
      2175,
      2201,
      2401,
      2479,
      2490,
      2564,
      2596,
      2710,
      2743,
      2779,
      2980,
      3195,
      3396,
      3432,
      3485,
      3645,
      3735,
      3874,
      4167,
      4334,
      4416,
      4471,
      4559
    ],
    "7": [
      66,
      222,
      450,
      631,
      907,
      1128,
      1256,
      1454,
      1520,
      1625,
      1751,
      1816,
      1824,
      1929,
      1958,
      2053,
      2261,
      2279,
      2366,
      2676,
      2802,
      2877,
      2922,
      3135,
      3167,
      3389,
      3464,
      3487,
      3521,
      3760,
      3948,
      4045,
      4055,
      4421,
      4475,
      4534,
      4564
    ],
    "4": [
      82,
      114,
      1134,
      1250,
      1649,
      2543,
      2613,
      2910,
      2970,
      3369,
      3373,
      3512,
      3811,
      4161,
      4218,
      4342,
      4584
    ],
    "0": [
      229,
      694,
      933,
      1135,
      2117,
      2299,
      2692,
      2722,
      2968,
      3182,
      4208
    ],
    "5": [
      678,
      1249,
      1397,
      1524,
      1870,
      1936,
      2675,
      3979
    ],
    "6": [
      159,
      491,
      559,
      947,
      1137,
      1377,
      1987,
      2161,
      2460,
      2496,
      3396,
      3760,
      3948,
      4512
    ],
    "3": [
      183,
      545,
      1266,
      1636,
      3818
    ],
    "2": [
      1002,
      2481,
      4214
    ],
    "1": [
      1469,
      2899,
      3973
    ]
  }
}
