{
  "entry": "P23668",
  "entry_name": "LEG6_CHICK",
  "type": "GLM_1",
  "prompt": "MEQGLVVTQLDVQPGECVKVKGKILSDAKGFSVNVGKDSSTLMLHFNPRFDCHGDVNTVVCNSKEDGTWGEEDRKADFPFQQGDKVEICISFDAAEVKVKVPEVEFEFPNRLGMEKIQYLAVEGDFKVKAIKFS[GLM]70-110-40",
  "k": 896,
  "original_sequence": "MEQGLVVTQLDVQPGECVKVKGKILSDAKGFSVNVGKDSSTLMLHFNPRFDCHGDVNTVVCNSKEDGTWGEEDRKADFPFQQGDKVEICISFDAAEVKVKVPEVEFEFPNRLGMEKIQYLAVEGDFKVKAIKFS",
  "original_ll": -2.8038058280944824,
  "original_perplexity": 16.50735092163086,
  "progen3_sequence": "MEQGLVVTQLDVQPGECVKVKGKILSDAKGFSVNVGKDSSTLMLHFNPRFDCHGDVNTVVCNSKEDGTWGLEVKLRVPKELYGNPGAGVPLSKQIRKGITLKLKTANSRLGMEKIQYLAVEGDFKVKAIKFS",
  "progen3_ll": -2.780665874481201,
  "progen3_perplexity": 16.129758834838867,
  "max_sequence": "MEQGLVVTQLDVQPGECVKVKGKILSDAKGFSVNVGKDSSTLMLHFNPRFDCHGDVNTVVCNSKEDGTWGINAKADYGLFAASISIKTILVNKSVKRYVTFEPGIGMPRLGMEKIQYLAVEGDFKVKAIKFS",
  "max_ll": -2.91886830329895,
  "max_perplexity": 18.52031707763672,
  "max_kl": 0.14753639698028564,
  "max_nmse": 0.04100723937153816,
  "base_sequence": "MEQGLVVTQLDVQPGECVKVKGKILSDAKGFSVNVGKDSSTLMLHFNPRFDCHGDVNTVVCNSKEDGTWGFMYMLDFMHVLFKIVVECFVKKRICMYIFYFDPMMMMCMKRLGMEKIQYLAVEGDFKVKAIKFS",
  "base_ll": -3.1599862575531006,
  "base_perplexity": 23.57027244567871,
  "base_kl": 0.47912847995758057,
  "base_nmse": 1.5076930522918701,
  "recovered_sequence": "MEQGLVVTQLDVQPGECVKVKGKILSDAKGFSVNVGKDSSTLMLHFNPRFDCHGDVNTVVCNSKEDGTWGFEVMLRVPKFLYVLVGVVVVLLKLIIKGIDLKDKEMFIRLGMEKIQYLAVEGDFKVKAIKFS",
  "recovered_ll": -2.803293228149414,
  "recovered_perplexity": 16.498891830444336,
  "recovered_kl": 0.1793942153453827,
  "recovered_nmse": 0.0649288147687912,
  "nodes": {
    "9": [
      12,
      24,
      52,
      101,
      162,
      224,
      305,
      407,
      414,
      425,
      429,
      447,
      448,
      464,
      466,
      506,
      538,
      543,
      545,
      582,
      598,
      654,
      676,
      710,
      715,
      727,
      746,
      760,
      828,
      833,
      925,
      957,
      967,
      1004,
      1081,
      1126,
      1176,
      1184,
      1190,
      1251,
      1302,
      1352,
      1376,
      1394,
      1402,
      1435,
      1440,
      1454,
      1483,
      1491,
      1579,
      1650,
      1713,
      1828,
      1832,
      1835,
      1844,
      1851,
      1875,
      1933,
      1942,
      1957,
      2005,
      2046,
      2105,
      2134,
      2194,
      2254,
      2264,
      2287,
      2304,
      2311,
      2330,
      2354,
      2360,
      2362,
      2376,
      2423,
      2427,
      2438,
      2467,
      2510,
      2511,
      2514,
      2516,
      2524,
      2548,
      2569,
      2570,
      2573,
      2592,
      2626,
      2732,
      2756,
      2787,
      2791,
      2809,
      2890,
      2892,
      2941,
      2946,
      2975,
      2991,
      3004,
      3008,
      3050,
      3058,
      3077,
      3105,
      3107,
      3162,
      3198,
      3199,
      3228,
      3259,
      3272,
      3284,
      3314,
      3350,
      3353,
      3372,
      3382,
      3399,
      3408,
      3449,
      3474,
      3500,
      3513,
      3516,
      3540,
      3624,
      3649,
      3695,
      3765,
      3779,
      3802,
      3821,
      3832,
      3841,
      3873,
      3878,
      3965,
      3999,
      4062,
      4079,
      4129,
      4130,
      4137,
      4190,
      4198,
      4206,
      4250,
      4350,
      4419,
      4435,
      4444,
      4482,
      4493,
      4526,
      4533,
      4544,
      4592,
      4603
    ],
    "6": [
      85,
      130,
      167,
      206,
      293,
      398,
      439,
      504,
      519,
      520,
      524,
      626,
      634,
      748,
      762,
      763,
      823,
      883,
      947,
      960,
      979,
      1063,
      1115,
      1161,
      1182,
      1328,
      1346,
      1458,
      1482,
      1584,
      1627,
      1687,
      1699,
      1701,
      1718,
      1788,
      1837,
      1877,
      1954,
      1987,
      2034,
      2046,
      2072,
      2081,
      2096,
      2126,
      2136,
      2203,
      2208,
      2216,
      2266,
      2269,
      2271,
      2345,
      2389,
      2460,
      2495,
      2512,
      2516,
      2634,
      2661,
      2664,
      2690,
      2700,
      2705,
      2848,
      2874,
      2912,
      2959,
      2989,
      3128,
      3145,
      3160,
      3201,
      3221,
      3312,
      3315,
      3317,
      3395,
      3396,
      3414,
      3428,
      3459,
      3473,
      3509,
      3533,
      3655,
      3679,
      3697,
      3705,
      3708,
      3716,
      3764,
      3765,
      3819,
      3820,
      4068,
      4107,
      4176,
      4235,
      4279,
      4290,
      4388,
      4399,
      4400,
      4413,
      4434,
      4441,
      4529,
      4543,
      4569,
      4581,
      4584
    ],
    "8": [
      9,
      240,
      478,
      528,
      583,
      605,
      678,
      738,
      817,
      841,
      900,
      1005,
      1108,
      1258,
      1269,
      1356,
      1369,
      1461,
      1523,
      1557,
      1623,
      1664,
      1666,
      1687,
      1693,
      1757,
      1836,
      1918,
      2009,
      2033,
      2048,
      2054,
      2109,
      2112,
      2122,
      2140,
      2199,
      2201,
      2329,
      2347,
      2401,
      2431,
      2525,
      2535,
      2567,
      2575,
      2596,
      2600,
      2621,
      2729,
      2817,
      2934,
      2983,
      2996,
      3009,
      3107,
      3142,
      3188,
      3235,
      3254,
      3263,
      3339,
      3360,
      3414,
      3648,
      3659,
      3825,
      3846,
      3849,
      3859,
      3906,
      3960,
      4064,
      4212,
      4290,
      4294,
      4310,
      4337,
      4340,
      4386,
      4391,
      4403,
      4437,
      4449,
      4481,
      4515,
      4526,
      4546
    ],
    "0": [
      0,
      116,
      182,
      254,
      311,
      344,
      460,
      471,
      526,
      568,
      591,
      648,
      698,
      763,
      895,
      933,
      1013,
      1135,
      1265,
      1297,
      1365,
      1404,
      1408,
      1467,
      1583,
      1588,
      1795,
      1810,
      2031,
      2117,
      2184,
      2187,
      2293,
      2423,
      2436,
      2496,
      2594,
      2692,
      2722,
      2844,
      2926,
      2968,
      2984,
      3054,
      3256,
      3309,
      3347,
      3494,
      3537,
      3541,
      3554,
      3598,
      3616,
      3619,
      3725,
      3733,
      3781,
      3800,
      3848,
      3853,
      3963,
      3970,
      4053,
      4150,
      4336,
      4368,
      4388,
      4426,
      4477,
      4488,
      4507,
      4545,
      4596
    ],