{
  "entry": "P51462",
  "entry_name": "IGF1_COTJA",
  "type": "GLM_2",
  "prompt": "IHFFYLGLCLLTLTSSAAAGPETLCGAELVDALQFVCGDRGFYFSKPTGYGSSSRRLHHKGIVDECCFQSCDLRRLEMYCAPIKPPKSARSVRAQRHTDMPKAQKEVHLKNTSRGNTGNRNYRM[GLM]1-10-9",
  "k": 768,
  "original_sequence": "IHFFYLGLCLLTLTSSAAAGPETLCGAELVDALQFVCGDRGFYFSKPTGYGSSSRRLHHKGIVDECCFQSCDLRRLEMYCAPIKPPKSARSVRAQRHTDMPKAQKEVHLKNTSRGNTGNRNYRM",
  "original_ll": -2.9332275390625,
  "original_perplexity": 18.788171768188477,
  "progen3_sequence": "IYVRDGTERDLTLTSSAAAGPETLCGAELVDALQFVCGDRGFYFSKPTGYGSSSRRLHHKGIVDECCFQSCDLRRLEMYCAPIKPPKSARSVRAQRHTDMPKAQKEVHLKNTSRGNTGNRNYRM",
  "progen3_ll": -2.8687758445739746,
  "progen3_perplexity": 17.615440368652344,
  "max_sequence": "INYYDLVESSLTLTSSAAAGPETLCGAELVDALQFVCGDRGFYFSKPTGYGSSSRRLHHKGIVDECCFQSCDLRRLEMYCAPIKPPKSARSVRAQRHTDMPKAQKEVHLKNTSRGNTGNRNYRM",
  "max_ll": -2.9822747707366943,
  "max_perplexity": 19.73265266418457,
  "max_kl": 0.05199367552995682,
  "max_nmse": 0.00953543558716774,
  "base_sequence": "ILTDMPARWRLTLTSSAAAGPETLCGAELVDALQFVCGDRGFYFSKPTGYGSSSRRLHHKGIVDECCFQSCDLRRLEMYCAPIKPPKSARSVRAQRHTDMPKAQKEVHLKNTSRGNTGNRNYRM",
  "base_ll": -2.9821667671203613,
  "base_perplexity": 19.73052215576172,
  "base_kl": 0.23742876946926117,
  "base_nmse": 1.338931918144226,
  "recovered_sequence": "ILVLDRTEVDLTLTSSAAAGPETLCGAELVDALQFVCGDRGFYFSKPTGYGSSSRRLHHKGIVDECCFQSCDLRRLEMYCAPIKPPKSARSVRAQRHTDMPKAQKEVHLKNTSRGNTGNRNYRM",
  "recovered_ll": -2.7540996074676514,
  "recovered_perplexity": 15.706892013549805,
  "recovered_kl": 0.1199163869023323,
  "recovered_nmse": 0.044627513736486435,
  "nodes": {
    "9": [
      12,
      184,
      263,
      307,
      350,
      365,
      381,
      407,
      473,
      484,
      734,
      760,
      763,
      957,
      967,
      991,
      1042,
      1049,
      1060,
      1080,
      1092,
      1176,
      1184,
      1196,
      1251,
      1302,
      1444,
      1491,
      1579,
      1604,
      1648,
      1713,
      1725,
      1735,
      1737,
      1742,
      1823,
      1828,
      1832,
      1844,
      1851,
      1909,
      1957,
      2005,
      2105,
      2108,
      2143,
      2154,
      2283,
      2360,
      2395,
      2423,
      2450,
      2539,
      2604,
      2642,
      2732,
      2787,
      2858,
      2975,
      2982,
      3050,
      3087,
      3123,
      3162,
      3185,
      3199,
      3221,
      3381,
      3382,
      3407,
      3414,
      3465,
      3501,
      3513,
      3526,
      3540,
      3581,
      3624,
      3634,
      3676,
      3709,
      3776,
      3779,
      3794,
      3802,
      3821,
      3932,
      3952,
      3979,
      3999,
      4072,
      4103,
      4106,
      4129,
      4250,
      4275,
      4419,
      4482,
      4533,
      4539,
      4544,
      4603
    ],
    "8": [
      82,
      94,
      158,
      417,
      583,
      853,
      876,
      900,
      907,
      1008,
      1136,
      1229,
      1301,
      1436,
      1444,
      1486,
      1494,
      1535,
      1557,
      1664,
      1744,
      1838,
      1954,
      1956,
      2106,
      2109,
      2112,
      2151,
      2185,
      2201,
      2215,
      2401,
      2479,
      2490,
      2564,
      2596,
      2605,
      2621,
      2710,
      2739,
      2743,
      2779,
      2917,
      3007,
      3118,
      3195,
      3257,
      3396,
      3432,
      3485,
      3643,
      3645,
      3659,
      3711,
      3735,
      3865,
      3895,
      4118,
      4167,
      4177,
      4294,
      4391,
      4471,
      4559,
      4578
    ],
    "7": [
      7,
      66,
      78,
      99,
      509,
      553,
      631,
      872,
      907,
      933,
      1128,
      1151,
      1256,
      1382,
      1454,
      1520,
      1625,
      1709,
      1751,
      1784,
      1824,
      1826,
      1830,
      1846,
      1929,
      1958,
      1969,
      2053,
      2091,
      2113,
      2261,
      2279,
      2366,
      2513,
      2676,
      2733,
      2747,
      2816,
      2877,
      2922,
      3128,
      3135,
      3167,
      3389,
      3464,
      3487,
      3521,
      3676,
      3690,
      3760,
      3825,
      3948,
      3998,
      4055,
      4141,
      4367,
      4475,
      4564,
      4578
    ],
    "5": [
      37,
      148,
      232,
      249,
      285,
      330,
      343,
      367,
      556,
      700,
      878,
      1031,
      1108,
      1167,
      1209,
      1244,
      1249,
      1448,
      1463,
      1466,
      1508,
      1524,
      1936,
      1968,
      1994,
      2102,
      2188,
      2213,
      2250,
      2278,
      2286,
      2321,
      2434,
      2537,
      2540,
      2606,
      2611,
      2620,
      2629,
      2675,
      2777,
      2816,
      2899,
      3064,
      3139,
      3194,
      3196,
      3319,
      3421,
      3521,
      3576,
      3654,
      3692,
      3732,
      3745,
      3775,
      3884,
      3913,
      3979,
      4034,
      4066,
      4104,
      4122,
      4200,
      4208,
      4468
    ],
    "0": [
      4,
      99,
      114,
      139,
      189,
      211,
      275,
      477,
      482,
      538,
      544,
      587,
      593,
      694,
      702,
      738,
      787,
      795,
      796,
      822,
      876,
      933,
      999,
      1018,
      1026,
      1031,
      1166,
      1203,
      1227,
      1322,
      1343,
      1412,
      1430,
      1486,
      1602,
      1652,
      1690,
      1727,
      1754,
      1776,
      1847,
      1877,
      1899,
      1911,
      1926,
      1956,
      2002,
      2070,
      2076,
      2116,
      2117,
      2180,
      2222,
      2224,
      2231,
      2299,
      2307,
      2387,
      2427,
      2445,
      2449,
      2462,
      2511,
      2573,
      2579,
      2594,
      2632,
      2694,
      2888,
      2907,
      2923,
      2955,
      2984,
      3006,
      3040,
      3057,
      3168,
      3232,
      3251,
      3270,
      3343,
      3364,
      3393,
      3493,
      3510,
      3573,
      3574,
      3588,
      3626,
      3692,
      3698,
      3733,
      3739,
      3780,
      3818,
      3915,
      3938,
      3943,
      3949,
      4017,
      4050,
      4052,
      4164,
      4244,
      4245,
      4279,
      4289,
      4363,
      4372,
      4375,
      4402,
      4473,
      4513,
      4530,
      4560,
      4596,
      4598
    ],
    "1": [
      86,
      93,
      126,
      317,
      351,
      430,
      486,
      498,
      573,
      649,
      735,
      780,
      823,
      933,
      974,
      1025,
      1121,
      1163,
      1194,
      1242,
      1320,
      1349,
      1458,
      1464,
      1616,
      1631,
      1724,
      1750,
      1782,
      1802,
      1857,
      1877,
      1910,
      1919,
      1941,
      2015,
      2029,
      2127,
      2225,
      2357,
      2427,
      2485,
      2505,
      2516,
      2570,
      2597,
      2726,
      2774,
      2791,
      2811,
      2843,
      2849,
      2892,
      2900,
      2933,
      2991,
      3044,
      3052,
      3137,
      3167,
      3208,
      3278,
      3324,
      3377,
      3383,
      3400,
      3443,
      3485,
      3587,
      3609,
      3693,
      3697,
      3862,
      3873,
      3885,
      3910,
      3936,
      3940,
      3993,
      4003,
      4074,
      4106,
      4172,
      4181,
      4192,
      4240,
      4252,
      4350,
      4508,
      4559,
      4595
    ],