{
  "entry": "P51462",
  "entry_name": "IGF1_COTJA",
  "type": "GLM_1",
  "prompt": "IHFFYLGLCLLTLTSSAAAGPETLCGAELVDALQFVCGDRGFYFSKPTGYGSSSRRLHHKGIVDECCFQSCDLRRLEMYCAPIKPPKSARSVRAQRHTDMPKAQKEVHLKNTSRGNTGNRNYRM[GLM]11-21-10",
  "k": 96,
  "original_sequence": "IHFFYLGLCLLTLTSSAAAGPETLCGAELVDALQFVCGDRGFYFSKPTGYGSSSRRLHHKGIVDECCFQSCDLRRLEMYCAPIKPPKSARSVRAQRHTDMPKAQKEVHLKNTSRGNTGNRNYRM",
  "original_ll": -2.394141435623169,
  "original_perplexity": 10.958785057067871,
  "progen3_sequence": "IHFFYLGLCLLERRRMIYRVDETLCGAELVDALQFVCGDRGFYFSKPTGYGSSSRRLHHKGIVDECCFQSCDLRRLEMYCAPIKPPKSARSVRAQRHTDMPKAQKEVHLKNTSRGNTGNRNYRM",
  "progen3_ll": -3.1871562004089355,
  "progen3_perplexity": 24.219453811645508,
  "max_sequence": "IHFFYLGLCLLELHYNYFKFPETLCGAELVDALQFVCGDRGFYFSKPTGYGSSSRRLHHKGIVDECCFQSCDLRRLEMYCAPIKPPKSARSVRAQRHTDMPKAQKEVHLKNTSRGNTGNRNYRM",
  "max_ll": -3.176845073699951,
  "max_perplexity": 23.971006393432617,
  "max_kl": 0.23489435017108917,
  "max_nmse": 0.028391288593411446,
  "base_sequence": "IHFFYLGLCLLCLMMCCMCYCETLCGAELVDALQFVCGDRGFYFSKPTGYGSSSRRLHHKGIVDECCFQSCDLRRLEMYCAPIKPPKSARSVRAQRHTDMPKAQKEVHLKNTSRGNTGNRNYRM",
  "base_ll": -3.407912015914917,
  "base_perplexity": 30.202116012573242,
  "base_kl": 0.6442511677742004,
  "base_nmse": 1.0406382083892822,
  "recovered_sequence": "IHFFYLGLCLLYRRLMLYRVDETLCGAELVDALQFVCGDRGFYFSKPTGYGSSSRRLHHKGIVDECCFQSCDLRRLEMYCAPIKPPKSARSVRAQRHTDMPKAQKEVHLKNTSRGNTGNRNYRM",
  "recovered_ll": -3.0769734382629395,
  "recovered_perplexity": 21.69264793395996,
  "recovered_kl": 0.24763362109661102,
  "recovered_nmse": 0.20371337234973907,
  "nodes": {
    "0": [
      75,
      164,
      296,
      1156,
      1782,
      1786,
      1831,
      1978,
      2012,
      2204,
      2284,
      2331,
      2352,
      2369,
      2984,
      3079,
      3853,
      4430,
      4490,
      4596
    ],
    "9": [
      407,
      563,
      734,
      957,
      967,
      1080,
      1184,
      1302,
      1579,
      1844,
      1957,
      2469,
      2975,
      3199,
      3382,
      3526,
      3624,
      3723,
      3779,
      3821,
      4544
    ],
    "1": [
      288,
      565,
      1939,
      2161,
      2884,
      2926,
      3288,
      4050,
      4303,
      4308
    ],
    "4": [
      49,
      529,
      712,
      939,
      1395,
      2045,
      2629,
      2910,
      3276,
      3295,
      3664,
      4352,
      4417
    ],
    "3": [
      193,
      460,
      545,
      1278,
      1443,
      1652,
      2356,
      3207,
      3231,
      3243,
      4207,
      4431,
      4436
    ],
    "5": [
      59,
      1161,
      3154,
      3266,
      4072
    ],
    "2": [
      390,
      879,
      1695,
      2287,
      3275,
      3459,
      3575,
      4168
    ],
    "6": [
      1938,
      2463,
      2698,
      3817
    ],
    "7": [
      1824,
      4447
    ]
  }
}
