{
  "entry": "P53308",
  "entry_name": "YG4U_YEAST",
  "type": "GLM_2",
  "prompt": "MLIVIFHKAIFSNSSLASSTLASSLLISFSSFLFISSVCLFTSSSFFADSVTCSFSTCSFSSTFGCFSSSFLSLSCLMSTLSALISCSACPRLSVFTVVVSASLGSVFTILTDS[GLM]95-104-9",
  "k": 32,
  "original_sequence": "MLIVIFHKAIFSNSSLASSTLASSLLISFSSFLFISSVCLFTSSSFFADSVTCSFSTCSFSSTFGCFSSSFLSLSCLMSTLSALISCSACPRLSVFTVVVSASLGSVFTILTDS",
  "original_ll": -2.395693063735962,
  "original_perplexity": 10.975802421569824,
  "progen3_sequence": "MLIVIFHKAIFSNSSLASSTLASSLLISFSSFLFISSVCLFTSSSFFADSVTCSFSTCSFSSTFGCFSSSFLSLSCLMSTLSALISCSACPRLSVPNVIMLQLKGSVFTILTDS",
  "progen3_ll": -3.1703202724456787,
  "progen3_perplexity": 23.81511116027832,
  "max_sequence": "MLIVIFHKAIFSNSSLASSTLASSLLISFSSFLFISSVCLFTSSSFFADSVTCSFSTCSFSSTFGCFSSSFLSLSCLMSTLSALISCSACPRLSVMFMIITMLKGSVFTILTDS",
  "max_ll": -3.1648776531219482,
  "max_perplexity": 23.68584632873535,
  "max_kl": 0.5695289969444275,
  "max_nmse": 0.08680333197116852,
  "base_sequence": "MLIVIFHKAIFSNSSLASSTLASSLLISFSSFLFISSVCLFTSSSFFADSVTCSFSTCSFSSTFGCFSSSFLSLSCLMSTLSALISCSACPRLSVKMMMMMNMQGSVFTILTDS",
  "base_ll": -3.4712634086608887,
  "base_perplexity": 32.177371978759766,
  "base_kl": 0.7896312475204468,
  "base_nmse": 1.024930715560913,
  "recovered_sequence": "MLIVIFHKAIFSNSSLASSTLASSLLISFSSFLFISSVCLFTSSSFFADSVTCSFSTCSFSSTFGCFSSSFLSLSCLMSTLSALISCSACPRLSVRNMIMLMMKGSVFTILTDS",
  "recovered_ll": -3.300290107727051,
  "recovered_perplexity": 27.120506286621094,
  "recovered_kl": 0.5702863931655884,
  "recovered_nmse": 0.6036528944969177,
  "nodes": {
    "9": [
      162,
      539,
      763,
      957,
      1302,
      1563,
      1626,
      1799,
      1957,
      2287,
      2661,
      2919,
      2975,
      3199,
      3382,
      3475,
      3540,
      3624,
      3708,
      3821
    ],
    "7": [
      2261,
      2676,
      3135,
      3389,
      3464,
      4564
    ],
    "4": [
      1134,
      1250
    ],
    "6": [
      947
    ],
    "8": [
      372,
      813
    ],
    "3": [
      1266
    ]
  }
}
