{
  "entry": "P60834",
  "entry_name": "RNP1_SULTO",
  "type": "CLM",
  "prompt": "MIDLIGSKIKVLGHSDPSLIGREGIILFETKKTFLIQTQNKIIRVLKSNGIFEIYSENRKV",
  "k": 1000,
  "original_sequence": "MIDLIGSKIKVLGHSDPSLIGREGIILFETKKTFLIQTQNKIIRVLKSNGIFEIYSENRKVILPGSKLVGRIEKRWL",
  "original_ll": -2.8170599937438965,
  "original_perplexity": 16.72760009765625,
  "progen3_sequence": "MIDLIGSKIKVLGHSDPSLIGREGIILFETKKTFLIQTQNKIIRVLKSNGIFEIYSENRKVVFDFKKEIIDLSKLKI",
  "progen3_ll": -2.3257346153259277,
  "progen3_perplexity": 10.234196662902832,
  "max_sequence": "MIDLIGSKIKVLGHSDPSLIGREGIILFETKKTFLIQTQNKIIRVLKSNGIFEIYSENRKVKVSLVNETLLDKLEFL",
  "max_ll": -2.5282905101776123,
  "max_perplexity": 12.532063484191895,
  "max_kl": 0.010480010882019997,
  "max_nmse": 0.0022105758544057608,
  "base_sequence": "MIDLIGSKIKVLGHSDPSLIGREGIILFETKKTFLIQTQNKIIRVLKSNGIFEIYSENRKVKIISTNNIISSKYNIN",
  "base_ll": -2.3783347606658936,
  "base_perplexity": 10.786925315856934,
  "base_kl": 0.10197217762470245,
  "base_nmse": 0.19703906774520874,
  "recovered_sequence": "MIDLIGSKIKVLGHSDPSLIGREGIILFETKKTFLIQTQNKIIRVLKSNGIFEIYSENRKVLFVFKKEINDLSKLDN",
  "recovered_ll": -2.535562515258789,
  "recovered_perplexity": 12.623530387878418,
  "recovered_kl": 0.015600495040416718,
  "recovered_nmse": 0.004381576552987099,
  "nodes": {
    "9": [
      12,
      52,
      162,
      280,
      407,
      414,
      429,
      447,
      464,
      466,
      506,
      538,
      555,
      582,
      598,
      654,
      690,
      696,
      746,
      755,
      758,
      760,
      828,
      957,
      967,
      1062,
      1073,
      1081,
      1086,
      1176,
      1184,
      1190,
      1251,
      1256,
      1271,
      1352,
      1374,
      1375,
      1394,
      1402,
      1470,
      1483,
      1491,
      1528,
      1579,
      1621,
      1648,
      1725,
      1771,
      1828,
      1835,
      1844,
      1851,
      1942,
      1957,
      2005,
      2020,
      2105,
      2109,
      2169,
      2200,
      2264,
      2287,
      2423,
      2427,
      2431,
      2438,
      2510,
      2511,
      2524,
      2569,
      2572,
      2592,
      2626,
      2706,
      2732,
      2756,
      2778,
      2787,
      2791,
      2892,
      2916,
      2924,
      2941,
      2946,
      2955,
      3004,
      3008,
      3021,
      3050,
      3146,
      3176,
      3193,
      3198,
      3199,
      3310,
      3372,
      3382,
      3474,
      3513,
      3516,
      3540,
      3624,
      3649,
      3676,
      3695,
      3747,
      3765,
      3779,
      3802,
      3808,
      3821,
      3925,
      3938,
      3965,
      3999,
      4079,
      4129,
      4190,
      4437,
      4452,
      4468,
      4469,
      4482,
      4495,
      4526,
      4544,
      4575,
      4603
    ],
    "7": [
      7,
      41,
      66,
      78,
      116,
      163,
      230,
      332,
      341,
      345,
      491,
      589,
      637,
      689,
      735,
      872,
      889,
      1040,
      1151,
      1244,
      1256,
      1262,
      1454,
      1520,
      1625,
      1634,
      1675,
      1709,
      1734,
      1751,
      1816,
      1824,
      1826,
      1894,
      1929,
      1969,
      2035,
      2227,
      2261,
      2263,
      2288,
      2310,
      2352,
      2476,
      2513,
      2517,
      2746,
      2747,
      2802,
      2877,
      2944,
      3135,
      3149,
      3251,
      3457,
      3487,
      3676,
      3711,
      3825,
      3896,
      3948,
      4024,
      4055,
      4130,
      4141,
      4217,
      4287,
      4317,
      4421,
      4578
    ],
    "8": [
      94,
      155,
      165,
      204,
      240,
      457,
      472,
      478,
      521,
      583,
      629,
      643,
      728,
      737,
      817,
      835,
      841,
      887,
      900,
      949,
      1021,
      1160,
      1200,
      1269,
      1272,
      1299,
      1301,
      1384,
      1408,
      1535,
      1557,
      1560,
      1664,
      1678,
      1687,
      1738,
      1757,
      1800,
      1804,
      1838,
      1843,
      2016,
      2032,
      2054,
      2077,
      2109,
      2112,
      2181,
      2201,
      2215,
      2327,
      2329,
      2401,
      2479,
      2497,
      2567,
      2583,
      2590,
      2596,
      2605,
      2621,
      2695,
      2716,
      2727,
      2935,
      2983,
      3007,
      3009,
      3019,
      3236,
      3358,
      3419,
      3422,
      3435,
      3437,
      3648,
      3659,
      3711,
      3846,
      3865,
      3880,
      3960,
      4011,
      4041,
      4118,
      4121,
      4184,
      4241,
      4290,
      4294,
      4310,
      4449,
      4456,
      4515
    ],
    "0": [
      68,
      439,
      460,
      622,
      648,
      694,
      703,
      738,
      753,
      817,
      990,
      1017,
      1026,
      1093,
      1097,
      1265,
      1297,
      1302,
      1354,
      1368,
      1387,
      1408,
      1412,
      1513,
      1521,
      1588,
      1617,
      1653,
      1824,
      1848,
      1942,
      2081,
      2095,
      2139,
      2160,
      2172,
      2205,
      2257,
      2299,
      2465,
      2470,
      2502,
      2511,
      2594,
      2610,
      2713,
      2722,
      2844,
      2968,
      2984,
      3182,
      3220,
      3278,
      3322,
      3414,
      3424,
      3430,
      3434,
      3440,
      3453,
      3471,
      3494,
      3578,
      3641,
      3646,
      3659,
      3714,
      3900,
      3930,
      3933,
      3963,
      3982,
      4066,
      4081,
      4156,
      4195,
      4229,
      4279,
      4388,
      4426,
      4488,
      4520,
      4524,
      4551,
      4596
    ],
    "6": [
      13,
      85,
      167,
      187,
      204,
      365,
      384,
      385,
      394,
      398,
      504,
      519,
      524,
      599,
      617,
      634,
      748,
      847,
      883,
      891,
      947,
      954,
      960,
      979,
      996,
      1029,
      1037,
      1063,
      1070,
      1115,
      1137,
      1154,
      1155,
      1223,
      1247,
      1284,
      1346,
      1440,
      1467,
      1627,
      1687,
      1699,
      1701,
      1788,
      1933,
      1954,
      1966,
      1987,
      1988,
      1990,
      2117,
      2136,
      2269,
      2271,
      2303,
      2389,
      2460,
      2495,
      2516,
      2656,
      2705,
      2763,
      2790,
      2826,
      2848,
      2874,
      2912,
      2920,
      2989,
      3128,
      3136,
      3221,
      3298,
      3312,
      3343,
      3396,
      3406,
      3414,
      3459,
      3509,
      3515,
      3547,
      3572,
      3672,
      3679,
      3697,
      3701,
      3705,
      3708,
      3716,
      3719,
      3754,
      3764,
      3820,
      3869,
      3872,
      4068,
      4069,
      4162,
      4235,
      4290,
      4335,
      4388,
      4399,
      4400,
      4413,
      4441,
      4512,
      4529,
      4532,
      4555,
      4581
    ],