{
  "entry": "P71365",
  "entry_name": "Y1050_HAEIN",
  "type": "GLM_2",
  "prompt": "MKKLCTALLLSLFAISFAHANETKQIVLKVKEMNCQLCAYLVNKELRNINGVISTKASIKDGLVTVVEDPNVTNQQLFDAIHKLKYTAEVVN[GLM]29-53-24",
  "k": 928,
  "original_sequence": "MKKLCTALLLSLFAISFAHANETKQIVLKVKEMNCQLCAYLVNKELRNINGVISTKASIKDGLVTVVEDPNVTNQQLFDAIHKLKYTAEVVN",
  "original_ll": -2.436823844909668,
  "original_perplexity": 11.43665885925293,
  "progen3_sequence": "MKKLCTALLLSLFAISFAHANETKQIVLKMDKTTQREAWALMYKGPDLDALQRSTKASIKDGLVTVVEDPNVTNQQLFDAIHKLKYTAEVVN",
  "progen3_ll": -3.017455816268921,
  "progen3_perplexity": 20.439224243164062,
  "max_sequence": "MKKLCTALLLSLFAISFAHANETKQIVLKMVAQEVKVLTVQQGDAKEESLTGNSTKASIKDGLVTVVEDPNVTNQQLFDAIHKLKYTAEVVN",
  "max_ll": -2.912976026535034,
  "max_perplexity": 18.411510467529297,
  "max_kl": 0.11376067250967026,
  "max_nmse": 0.06400272995233536,
  "base_sequence": "MKKLCTALLLSLFAISFAHANETKQIVLKNNVMNLMLYMQQMMKMMMYKVMMKSTKASIKDGLVTVVEDPNVTNQQLFDAIHKLKYTAEVVN",
  "base_ll": -3.021817922592163,
  "base_perplexity": 20.52857780456543,
  "base_kl": 0.5127721428871155,
  "base_nmse": 3.912024974822998,
  "recovered_sequence": "MKKLCTALLLSLFAISFAHANETKQIVLKMDVTTQMENPQKMYVLKDLDDKQRSTKASIKDGLVTVVEDPNVTNQQLFDAIHKLKYTAEVVN",
  "recovered_ll": -2.9793665409088135,
  "recovered_perplexity": 19.675350189208984,
  "recovered_kl": 0.15085545182228088,
  "recovered_nmse": 0.363659143447876,
  "nodes": {
    "0": [
      3,
      90,
      156,
      177,
      276,
      376,
      460,
      463,
      491,
      680,
      694,
      758,
      1026,
      1037,
      1122,
      1135,
      1170,
      1370,
      1483,
      1485,
      1583,
      1604,
      1711,
      2075,
      2117,
      2197,
      2231,
      2288,
      2299,
      2337,
      2470,
      2650,
      2893,
      2941,
      2943,
      2984,
      3057,
      3162,
      3292,
      3438,
      3441,
      3448,
      3555,
      3902,
      3922,
      3928,
      4053,
      4081,
      4118,
      4151,
      4201,
      4279,
      4301,
      4338,
      4348,
      4366,
      4488,
      4501,
      4562,
      4596
    ],
    "5": [
      51,
      169,
      207,
      256,
      282,
      387,
      397,
      456,
      538,
      544,
      565,
      577,
      620,
      642,
      697,
      740,
      755,
      774,
      798,
      831,
      1010,
      1011,
      1125,
      1182,
      1322,
      1338,
      1593,
      1649,
      1712,
      1826,
      1829,
      1857,
      1954,
      2132,
      2139,
      2147,
      2164,
      2294,
      2339,
      2508,
      2566,
      2611,
      2616,
      2670,
      2727,
      2776,
      2777,
      2807,
      2827,
      2932,
      2993,
      3038,
      3127,
      3174,
      3293,
      3325,
      3343,
      3362,
      3497,
      3615,
      3632,
      3877,
      3893,
      3990,
      4021,
      4032,
      4066,
      4069,
      4077,
      4128,
      4139,
      4175,
      4181,
      4229,
      4284,
      4303,
      4427,
      4465,
      4525
    ],
    "4": [
      27,
      43,
      65,
      210,
      401,
      402,
      630,
      688,
      829,
      880,
      915,
      981,
      1019,
      1023,
      1065,
      1206,
      1251,
      1284,
      1293,
      1412,
      1540,
      1543,
      1671,
      1683,
      1684,
      1759,
      1827,
      1875,
      1967,
      2012,
      2048,
      2124,
      2141,
      2253,
      2280,
      2316,
      2317,
      2366,
      2472,
      2566,
      2659,
      2661,
      2740,
      2779,
      2852,
      2904,
      2940,
      2966,
      3025,
      3149,
      3161,
      3361,
      3397,
      3619,
      3646,
      3708,
      3732,
      3773,
      3777,
      3831,
      4300,
      4387,
      4395,
      4448,
      4461,
      4493,
      4502,
      4516
    ],
    "2": [
      51,
      302,
      305,
      341,
      457,
      496,
      553,
      565,
      582,
      595,
      604,
      639,
      754,
      765,
      893,
      1001,
      1078,
      1234,
      1246,
      1308,
      1419,
      1462,
      1489,
      1570,
      1626,
      1666,
      1684,
      1784,
      1870,
      1990,
      2091,
      2168,
      2193,
      2377,
      2385,
      2482,
      2569,
      2620,
      2627,
      2629,
      2651,
      2721,
      2812,
      2953,
      2978,
      3132,
      3243,
      3336,
      3356,
      3377,
      3409,
      3439,
      3441,
      3455,
      3466,
      3513,
      3619,
      3636,
      3647,
      3653,
      3741,
      3790,
      3813,
      3938,
      4023,
      4104,
      4129,
      4157,
      4225,
      4268,
      4270,
      4281,
      4294,
      4385,
      4547
    ],
    "3": [
      167,
      308,
      352,
      364,
      369,
      388,
      503,
      545,
      564,
      623,
      650,
      691,
      820,
      896,
      901,
      1040,
      1112,
      1114,
      1221,
      1229,
      1284,
      1292,
      1384,
      1436,
      1441,
      1552,
      1623,
      1723,
      1752,
      1759,
      1787,
      1858,
      1904,
      1907,
      1948,
      2054,
      2242,
      2287,
      2326,
      2555,
      2663,
      2789,
      2911,
      2928,
      2930,
      3203,
      3304,
      3333,
      3358,
      3371,
      3445,
      3670,
      3680,
      3854,
      3899,
      3987,
      4003,
      4170,
      4184,
      4230,
      4308,
      4310,
      4343
    ],
    "1": [
      49,
      99,
      223,
      318,
      406,
      421,
      504,
      580,
      593,
      618,
      758,
      829,
      888,
      920,
      1064,
      1180,
      1208,
      1245,
      1275,
      1292,
      1339,
      1372,
      1400,
      1469,
      1713,
      2063,
      2151,
      2300,
      2328,
      2350,
      2375,
      2379,
      2719,
      2737,
      3067,
      3302,
      3403,
      3556,
      3584,
      3632,
      3667,
      3693,
      3704,
      3892,
      3893,
      4017,
      4127,
      4167,
      4319,
      4357,
      4512,
      4588
    ],