{
  "entry": "P80355",
  "entry_name": "COMS_BACSU",
  "type": "CLM",
  "prompt": "MNRSGKHLISSIILYPRPSGECISSISLDKQTQATT",
  "k": 832,
  "original_sequence": "MNRSGKHLISSIILYPRPSGECISSISLDKQTQATTSPLYFCWREK",
  "original_ll": -3.0674967765808105,
  "original_perplexity": 21.488046646118164,
  "progen3_sequence": "MNRSGKHLISSIILYPRPSGECISSISLDKQTQATTRSIIPSLSTS",
  "progen3_ll": -2.5521655082702637,
  "progen3_perplexity": 12.834867477416992,
  "max_sequence": "MNRSGKHLISSIILYPRPSGECISSISLDKQTQATTSAKLKKLLLS",
  "max_ll": -2.4874446392059326,
  "max_perplexity": 12.030494689941406,
  "max_kl": 0.0017343696672469378,
  "max_nmse": 0.0040628560818731785,
  "base_sequence": "MNRSGKHLISSIILYPRPSGECISSISLDKQTQATTLSSASRNNSL",
  "base_ll": -2.5636610984802246,
  "base_perplexity": 12.983263969421387,
  "base_kl": 0.09723678976297379,
  "base_nmse": 0.20869196951389313,
  "recovered_sequence": "MNRSGKHLISSIILYPRPSGECISSISLDKQTQATTRSIIPRLSRS",
  "recovered_ll": -2.624316930770874,
  "recovered_perplexity": 13.795147895812988,
  "recovered_kl": 0.0029045981355011463,
  "recovered_nmse": 0.003818070748820901,
  "nodes": {
    "9": [
      12,
      34,
      162,
      184,
      263,
      352,
      381,
      407,
      416,
      444,
      538,
      734,
      760,
      763,
      957,
      967,
      1042,
      1166,
      1184,
      1191,
      1196,
      1219,
      1251,
      1298,
      1302,
      1306,
      1447,
      1491,
      1528,
      1545,
      1579,
      1626,
      1724,
      1735,
      1782,
      1828,
      1832,
      1844,
      1851,
      1885,
      1942,
      1957,
      2005,
      2064,
      2105,
      2108,
      2109,
      2126,
      2264,
      2273,
      2275,
      2283,
      2287,
      2300,
      2395,
      2450,
      2510,
      2531,
      2604,
      2715,
      2732,
      2787,
      2969,
      2975,
      2983,
      3006,
      3050,
      3087,
      3105,
      3158,
      3199,
      3221,
      3232,
      3290,
      3310,
      3372,
      3381,
      3382,
      3399,
      3426,
      3513,
      3526,
      3540,
      3581,
      3587,
      3624,
      3676,
      3779,
      3802,
      3821,
      3832,
      3965,
      3999,
      4129,
      4244,
      4256,
      4380,
      4482,
      4544,
      4598
    ],
    "8": [
      82,
      97,
      117,
      240,
      301,
      311,
      372,
      417,
      583,
      782,
      817,
      968,
      1004,
      1008,
      1136,
      1201,
      1301,
      1323,
      1400,
      1444,
      1486,
      1494,
      1535,
      1557,
      1664,
      1687,
      1744,
      1838,
      1954,
      1956,
      2021,
      2054,
      2077,
      2106,
      2109,
      2112,
      2127,
      2151,
      2201,
      2329,
      2401,
      2479,
      2490,
      2516,
      2528,
      2564,
      2596,
      2600,
      2605,
      2621,
      2710,
      2743,
      2779,
      3195,
      3388,
      3396,
      3432,
      3449,
      3485,
      3600,
      3653,
      3659,
      3711,
      3735,
      3865,
      3874,
      3973,
      4167,
      4177,
      4276,
      4310,
      4416,
      4471,
      4546,
      4550,
      4559,
      4578
    ],
    "0": [
      73,
      94,
      129,
      140,
      187,
      195,
      213,
      333,
      392,
      510,
      538,
      558,
      639,
      648,
      662,
      686,
      694,
      718,
      785,
      859,
      889,
      910,
      933,
      952,
      957,
      972,
      982,
      990,
      994,
      1026,
      1049,
      1087,
      1105,
      1119,
      1135,
      1184,
      1211,
      1244,
      1250,
      1257,
      1289,
      1297,
      1327,
      1485,
      1502,
      1521,
      1548,
      1643,
      1652,
      1657,
      1675,
      1692,
      1703,
      1770,
      1788,
      1824,
      1828,
      1911,
      1934,
      1959,
      1974,
      2022,
      2033,
      2113,
      2117,
      2123,
      2148,
      2196,
      2299,
      2310,
      2335,
      2345,
      2356,
      2372,
      2524,
      2571,
      2574,
      2609,
      2675,
      2694,
      2706,
      2722,
      2727,
      2776,
      2784,
      2792,
      2835,
      2849,
      2940,
      2968,
      2991,
      3000,
      3057,
      3095,
      3133,
      3182,
      3293,
      3351,
      3363,
      3422,
      3434,
      3484,
      3573,
      3601,
      3730,
      3733,
      3751,
      3919,
      3948,
      3963,
      3985,
      4117,
      4182,
      4184,
      4195,
      4208,
      4240,
      4289,
      4306,
      4331,
      4336,
      4347,
      4354,
      4389,
      4409,
      4426,
      4433,
      4511,
      4532,
      4533
    ],
    "7": [
      7,
      66,
      78,
      362,
      372,
      491,
      589,
      631,
      872,
      889,
      907,
      1010,
      1128,
      1151,
      1256,
      1306,
      1382,
      1454,
      1520,
      1625,
      1709,
      1751,
      1816,
      1824,
      1826,
      1830,
      1898,
      1929,
      1935,
      1958,
      1969,
      2089,
      2113,
      2227,
      2248,
      2261,
      2263,
      2279,
      2513,
      2517,
      2676,
      2747,
      2802,
      2877,
      2922,
      3135,
      3251,
      3284,
      3389,
      3487,
      3588,
      3690,
      3825,
      3948,
      4024,
      4055,
      4130,
      4141,
      4254,
      4372,
      4421,
      4566,
      4578
    ],
    "5": [
      31,
      69,
      308,
      340,
      343,
      421,
      429,
      596,
      662,
      689,
      774,
      793,
      814,
      954,
      969,
      975,
      985,
      1031,
      1108,
      1143,
      1167,
      1249,
      1313,
      1397,
      1569,
      1669,
      1680,
      1870,
      1905,
      1936,
      2148,
      2278,
      2359,
      2399,
      2588,
      2611,
      2621,
      2675,
      2777,
      2831,
      3009,
      3117,
      3244,
      3302,
      3632,
      3692,
      3708,
      3794,
      3835,
      3979,
      4066,
      4108,
      4285,
      4328,
      4330
    ],
    "4": [
      37,
      49,
      57,
      76,
      223,
      299,
      369,
      426,
      522,
      562,
      613,
      654,
      812,
      901,
      924,
      941,
      972,
      1061,
      1082,
      1164,
      1200,
      1235,
      1242,
      1453,
      1510,
      1547,
      1574,
      1577,
      1597,
      1612,
      1655,
      1719,
      1796,
      1804,
      1805,
      2181,
      2227,
      2247,
      2295,
      2308,
      2328,
      2454,
      2489,
      2567,
      2606,
      2656,
      2816,
      2817,
      2860,
      2872,
      2915,
      3175,
      3232,
      3306,
      3355,
      3365,
      3386,
      3438,
      3443,
      3471,
      3512,
      3562,
      3594,
      3597,
      3719,
      3799,
      3811,
      3829,
      3873,
      3880,
      3986,
      4025,
      4127,
      4144,
      4151,
      4229,
      4325,
      4327,
      4490,
      4517,
      4584,
      4606
    ],
    "6": [
      13,
      18,
      36,
      85,
      167,
      297,
      479,
      510,
      524,
      559,
      756,
      849,
      850,
      898,
      947,
      954,
      960,
      1137,
      1284,
      1346,
      1377,
      1467,
      1504,
      1584,
      1627,
      1696,
      1701,
      1718,
      1766,
      1858,
      1954,
      1987,
      2039,
      2260,
      2389,
      2460,
      2495,
      2592,
      2614,
      2625,
      2664,
      2790,
      2794,
      2848,
      2874,
      2989,
      3221,
      3396,
      3459,
      3509,
      3546,
      3697,
      3701,
      3760,
      3819,
      3948,
      4053,
      4235,
      4400,
      4529,
      4569,
      4581
    ],