{
  "entry": "P81496",
  "entry_name": "ALCC_WHEAT",
  "type": "CLM",
  "prompt": "SFREQCVPGREITYECLNACA",
  "k": 736,
  "original_sequence": "SFREQCVPGREITYECLNACAEYAVRQ",
  "original_ll": -2.7324135303497314,
  "original_perplexity": 15.369937896728516,
  "progen3_sequence": "SFREQCVPGREITYECLNACAPGLSSL",
  "progen3_ll": -2.6341845989227295,
  "progen3_perplexity": 13.931947708129883,
  "max_sequence": "SFREQCVPGREITYECLNACAKCRDAG",
  "max_ll": -2.684588670730591,
  "max_perplexity": 14.652173042297363,
  "max_kl": 0.006017488893121481,
  "max_nmse": 0.02577688731253147,
  "base_sequence": "SFREQCVPGREITYECLNACACDRACR",
  "base_ll": -2.945488691329956,
  "base_perplexity": 19.019954681396484,
  "base_kl": 0.056894972920417786,
  "base_nmse": 0.12034793943166733,
  "recovered_sequence": "SFREQCVPGREITYECLNACAPGLDSL",
  "recovered_ll": -2.6761300563812256,
  "recovered_perplexity": 14.528759002685547,
  "recovered_kl": 0.00893363170325756,
  "recovered_nmse": 0.02637561410665512,
  "nodes": {
    "9": [
      12,
      58,
      162,
      381,
      407,
      466,
      497,
      538,
      545,
      555,
      734,
      745,
      746,
      758,
      760,
      957,
      967,
      981,
      1036,
      1073,
      1086,
      1115,
      1184,
      1190,
      1251,
      1302,
      1320,
      1466,
      1491,
      1579,
      1648,
      1735,
      1742,
      1798,
      1828,
      1832,
      1844,
      1851,
      1957,
      2005,
      2023,
      2046,
      2076,
      2105,
      2221,
      2248,
      2283,
      2360,
      2395,
      2488,
      2510,
      2511,
      2516,
      2642,
      2697,
      2732,
      2739,
      2787,
      2791,
      2858,
      2865,
      2941,
      3040,
      3050,
      3087,
      3199,
      3372,
      3381,
      3382,
      3407,
      3513,
      3526,
      3540,
      3624,
      3649,
      3676,
      3709,
      3723,
      3779,
      3802,
      3808,
      3821,
      3952,
      3965,
      3999,
      4038,
      4103,
      4106,
      4129,
      4250,
      4279,
      4314,
      4482,
      4533,
      4544,
      4603
    ],
    "0": [
      116,
      213,
      229,
      247,
      306,
      333,
      343,
      394,
      460,
      461,
      519,
      538,
      568,
      648,
      656,
      698,
      714,
      753,
      947,
      973,
      984,
      994,
      1017,
      1092,
      1111,
      1210,
      1238,
      1239,
      1281,
      1297,
      1329,
      1335,
      1567,
      1652,
      1721,
      1774,
      1910,
      1925,
      1935,
      2000,
      2033,
      2147,
      2148,
      2204,
      2269,
      2324,
      2333,
      2352,
      2376,
      2423,
      2473,
      2631,
      2673,
      2682,
      2694,
      2705,
      2728,
      2776,
      2804,
      2879,
      2947,
      2968,
      2980,
      3054,
      3056,
      3057,
      3146,
      3178,
      3182,
      3205,
      3259,
      3269,
      3285,
      3323,
      3361,
      3368,
      3536,
      3617,
      3829,
      3840,
      3853,
      3889,
      3939,
      4150,
      4169,
      4281,
      4294,
      4372,
      4403,
      4409,
      4417,
      4426,
      4563
    ],
    "8": [
      127,
      207,
      240,
      300,
      583,
      657,
      800,
      817,
      900,
      1013,
      1021,
      1136,
      1301,
      1306,
      1404,
      1486,
      1557,
      1664,
      1687,
      1711,
      1777,
      1838,
      1955,
      2054,
      2069,
      2109,
      2112,
      2140,
      2163,
      2199,
      2201,
      2361,
      2401,
      2567,
      2590,
      2596,
      2605,
      2727,
      2779,
      3042,
      3236,
      3420,
      3567,
      3711,
      3846,
      3865,
      4276,
      4284,
      4294,
      4310,
      4391,
      4534
    ],
    "5": [
      69,
      116,
      152,
      343,
      616,
      701,
      1108,
      1219,
      1237,
      1249,
      1390,
      1394,
      1733,
      1751,
      1847,
      1870,
      1908,
      2020,
      2349,
      2675,
      2860,
      2902,
      2978,
      3038,
      3056,
      3178,
      3526,
      3623,
      3681,
      3749,
      3766,
      3853,
      4067,
      4108,
      4223,
      4265,
      4348,
      4532
    ],
    "7": [
      7,
      34,
      66,
      149,
      198,
      283,
      482,
      491,
      492,
      639,
      740,
      872,
      889,
      907,
      932,
      956,
      968,
      1010,
      1070,
      1126,
      1151,
      1230,
      1231,
      1256,
      1419,
      1454,
      1502,
      1520,
      1544,
      1625,
      1751,
      1816,
      1824,
      1830,
      1874,
      1880,
      1929,
      1952,
      1958,
      1969,
      2113,
      2227,
      2263,
      2299,
      2476,
      2477,
      2488,
      2747,
      2802,
      2812,
      2827,
      2877,
      2891,
      2997,
      2998,
      3022,
      3135,
      3227,
      3251,
      3315,
      3389,
      3487,
      3588,
      3599,
      3675,
      3690,
      3701,
      3807,
      3898,
      3942,
      4014,
      4024,
      4045,
      4055,
      4130,
      4183,
      4273,
      4331,
      4421,
      4598
    ],
    "1": [
      4,
      38,
      100,
      139,
      156,
      167,
      219,
      361,
      371,
      465,
      530,
      594,
      595,
      597,
      684,
      736,
      765,
      972,
      980,
      1074,
      1087,
      1104,
      1115,
      1120,
      1142,
      1179,
      1201,
      1260,
      1263,
      1309,
      1314,
      1386,
      1417,
      1428,
      1445,
      1495,
      1537,
      1571,
      1595,
      1597,
      1644,
      1646,
      1659,
      1711,
      1754,
      1756,
      1771,
      1780,
      1788,
      1805,
      1845,
      1890,
      1926,
      1944,
      2051,
      2156,
      2167,
      2270,
      2272,
      2317,
      2324,
      2327,
      2424,
      2512,
      2597,
      2636,
      2706,
      2717,
      2901,
      2918,
      3017,
      3205,
      3258,
      3261,
      3300,
      3316,
      3374,
      3500,
      3570,
      3586,
      3676,
      3679,
      3731,
      3788,
      3800,
      3939,
      4039,
      4058,
      4159,
      4185,
      4307,
      4403,
      4587,
      4600
    ],
    "6": [
      85,
      198,
      204,
      324,
      491,
      510,
      520,
      634,
      883,
      898,
      947,
      954,
      1063,
      1070,
      1154,
      1185,
      1225,
      1283,
      1361,
      1367,
      1410,
      1428,
      1627,
      1729,
      1876,
      1978,
      1987,
      2039,
      2060,
      2158,
      2294,
      2389,
      2460,
      2496,
      2588,
      2740,
      2848,
      3136,
      3221,
      3301,
      3340,
      3396,
      3459,
      3473,
      3479,
      3499,
      3593,
      3653,
      4033,
      4068,
      4235,
      4240,
      4256,
      4335,
      4342,
      4425,
      4512,
      4581
    ],
    "4": [
      363,
      388,
      407,
      662,
      670,
      752,
      958,
      980,
      1078,
      1159,
      1164,
      1198,
      1321,
      1400,
      1471,
      1491,
      1591,
      1758,
      1804,
      1806,
      1930,
      2031,
      2185,
      2230,
      2247,
      2308,
      2312,
      2481,
      2585,
      2606,
      2642,
      2860,
      2914,
      3068,
      3435,
      3455,
      3482,
      3495,
      3609,
      3670,
      3785,
      3811,
      3821,
      3834,
      3989,
      3990,
      4015,
      4029,
      4088,
      4116,
      4148,
      4151,
      4218,
      4325
    ],