{
  "entry": "P82793",
  "entry_name": "DEF71_ARATH",
  "type": "CLM",
  "prompt": "MAMTQVFVIFILLATSLCNSNALPSSVINGFGYDYCIVECSITFLDDACKPLCIDRGYSD",
  "k": 896,
  "original_sequence": "MAMTQVFVIFILLATSLCNSNALPSSVINGFGYDYCIVECSITFLDDACKPLCIDRGYSDGGCIGLSPHFKCCCKK",
  "original_ll": -2.90029239654541,
  "original_perplexity": 18.179458618164062,
  "progen3_sequence": "MAMTQVFVIFILLATSLCNSNALPSSVINGFGYDYCIVECSITFLDDACKPLCIDRGYSDSLCLEICINNNSIYIN",
  "progen3_ll": -2.658982515335083,
  "progen3_perplexity": 14.281750679016113,
  "max_sequence": "MAMTQVFVIFILLATSLCNSNALPSSVINGFGYDYCIVECSITFLDDACKPLCIDRGYSDETLDDKFSSNSICLSI",
  "max_ll": -2.763089179992676,
  "max_perplexity": 15.848726272583008,
  "max_kl": 0.005126152187585831,
  "max_nmse": 0.002710118191316724,
  "base_sequence": "MAMTQVFVIFILLATSLCNSNALPSSVINGFGYDYCIVECSITFLDDACKPLCIDRGYSDCCTKCNKNKYCYNYLN",
  "base_ll": -2.7141947746276855,
  "base_perplexity": 15.092452049255371,
  "base_kl": 0.1391907036304474,
  "base_nmse": 0.13142715394496918,
  "recovered_sequence": "MAMTQVFVIFILLATSLCNSNALPSSVINGFGYDYCIVECSITFLDDACKPLCIDRGYSDSLECESCIKNNSIYIS",
  "recovered_ll": -2.655240297317505,
  "recovered_perplexity": 14.228404998779297,
  "recovered_kl": 0.01093539223074913,
  "recovered_nmse": 0.009450595825910568,
  "nodes": {
    "9": [
      12,
      34,
      52,
      117,
      162,
      185,
      350,
      407,
      413,
      429,
      466,
      473,
      497,
      545,
      654,
      734,
      749,
      760,
      957,
      967,
      1036,
      1143,
      1176,
      1184,
      1251,
      1302,
      1491,
      1523,
      1579,
      1584,
      1648,
      1650,
      1665,
      1672,
      1828,
      1832,
      1835,
      1844,
      1850,
      1851,
      1888,
      1931,
      1957,
      2005,
      2105,
      2109,
      2177,
      2213,
      2264,
      2287,
      2360,
      2376,
      2467,
      2548,
      2570,
      2592,
      2637,
      2642,
      2704,
      2732,
      2763,
      2787,
      2865,
      2874,
      2975,
      2982,
      2983,
      3050,
      3087,
      3101,
      3105,
      3122,
      3162,
      3199,
      3228,
      3367,
      3381,
      3382,
      3414,
      3505,
      3513,
      3526,
      3540,
      3579,
      3624,
      3637,
      3676,
      3695,
      3779,
      3802,
      3808,
      3821,
      3873,
      3999,
      4103,
      4250,
      4290,
      4353,
      4419,
      4468,
      4469,
      4478,
      4526,
      4544,
      4603
    ],
    "8": [
      49,
      50,
      62,
      94,
      114,
      125,
      129,
      141,
      154,
      194,
      220,
      221,
      234,
      240,
      250,
      274,
      323,
      372,
      434,
      528,
      543,
      583,
      584,
      609,
      611,
      638,
      649,
      745,
      749,
      800,
      811,
      855,
      901,
      949,
      1033,
      1136,
      1177,
      1192,
      1200,
      1201,
      1258,
      1272,
      1289,
      1321,
      1356,
      1397,
      1513,
      1525,
      1549,
      1581,
      1591,
      1651,
      1664,
      1724,
      1730,
      1734,
      1747,
      1757,
      1781,
      1842,
      1918,
      1919,
      1920,
      1954,
      1976,
      2023,
      2054,
      2103,
      2109,
      2112,
      2119,
      2151,
      2201,
      2253,
      2302,
      2356,
      2401,
      2482,
      2560,
      2596,
      2605,
      2621,
      2640,
      2650,
      2671,
      2689,
      2753,
      2764,
      2779,
      2790,
      2829,
      2853,
      2917,
      2959,
      2986,
      3001,
      3015,
      3019,
      3024,
      3098,
      3106,
      3176,
      3244,
      3259,
      3284,
      3346,
      3422,
      3426,
      3705,
      3809,
      3846,
      3849,
      3865,
      3900,
      3960,
      4115,
      4276,
      4284,
      4310,
      4355,
      4364,
      4371,
      4471,
      4487,
      4546,
      4585,
      4594,
      4595
    ],
    "7": [
      15,
      66,
      78,
      166,
      179,
      275,
      362,
      369,
      398,
      509,
      554,
      673,
      873,
      889,
      933,
      956,
      1010,
      1040,
      1151,
      1211,
      1256,
      1264,
      1273,
      1320,
      1325,
      1338,
      1387,
      1392,
      1454,
      1510,
      1520,
      1544,
      1625,
      1629,
      1643,
      1751,
      1765,
      1816,
      1824,
      1830,
      1856,
      1929,
      1931,
      1966,
      1969,
      1976,
      1979,
      2113,
      2147,
      2180,
      2227,
      2261,
      2279,
      2299,
      2351,
      2362,
      2396,
      2476,
      2488,
      2491,
      2581,
      2595,
      2747,
      2755,
      2786,
      2803,
      2837,
      2877,
      2891,
      2922,
      3029,
      3078,
      3135,
      3159,
      3227,
      3235,
      3389,
      3441,
      3464,
      3473,
      3487,
      3541,
      3551,
      3601,
      3622,
      3690,
      3711,
      3754,
      3760,
      3873,
      3948,
      3970,
      4055,
      4063,
      4082,
      4110,
      4144,
      4195,
      4260,
      4271,
      4304,
      4317,
      4331,
      4421,
      4564,
      4578
    ],
    "1": [
      65,
      203,
      358,
      361,
      368,
      390,
      405,
      407,
      417,
      475,
      496,
      532,
      536,
      570,
      663,
      694,
      706,
      792,
      808,
      907,
      912,
      966,
      989,
      999,
      1032,
      1086,
      1109,
      1123,
      1135,
      1173,
      1339,
      1441,
      1561,
      1571,
      1618,
      1628,
      1665,
      1674,
      1756,
      1831,
      1993,
      2099,
      2182,
      2277,
      2312,
      2337,
      2429,
      2468,
      2554,
      2738,
      2788,
      2834,
      2838,
      2862,
      2894,
      2895,
      3008,
      3066,
      3100,
      3178,
      3257,
      3270,
      3274,
      3450,
      3693,
      3840,
      3939,
      3977,
      4001,
      4029,
      4066,
      4092,
      4180,
      4446,
      4447,
      4452,
      4461,
      4462,
      4520,
      4541,
      4588
    ],
    "0": [
      133,
      156,
      182,
      193,
      229,
      232,
      300,
      314,
      376,
      471,
      509,
      526,
      622,
      642,
      694,
      815,
      875,
      912,
      933,
      1001,
      1026,
      1069,
      1135,
      1253,
      1372,
      1421,
      1437,
      1624,
      1735,
      1810,
      1849,
      1873,
      1883,
      1983,
      2086,
      2117,
      2184,
      2214,
      2241,
      2288,
      2299,
      2402,
      2434,
      2470,
      2472,
      2498,
      2511,
      2563,
      2594,
      2665,
      2692,
      2712,
      2747,
      2879,
      2888,
      2926,
      2984,
      2985,
      3067,
      3220,
      3240,
      3241,
      3256,
      3322,
      3369,
      3471,
      3523,
      3536,
      3537,
      3554,
      3557,
      3573,
      3575,
      3617,
      3621,
      3698,
      3810,
      3823,
      3963,
      3989,
      4164,
      4254,
      4268,
      4368,
      4426,
      4488,
      4507,
      4510,
      4535,
      4596
    ],