{
  "entry": "P97825",
  "entry_name": "JUPI1_MOUSE",
  "type": "CLM",
  "prompt": "MTTTTTFKGVDPNSRNSSRVLRPPGGGSNFSLGFDEPAEQPVRKNKMASNIFGTPEENPPSWAKSAGSKSSGGREDSESPGTQRSNSSEASSGDFLDLKGEGDMHENVDTDFQANLAQMEEKP",
  "k": 672,
  "original_sequence": "MTTTTTFKGVDPNSRNSSRVLRPPGGGSNFSLGFDEPAEQPVRKNKMASNIFGTPEENPPSWAKSAGSKSSGGREDSESPGTQRSNSSEASSGDFLDLKGEGDMHENVDTDFQANLAQMEEKPVPAAPVPSPVAPAPVPSRRNPPGGKSSLVLG",
  "original_ll": -2.391961097717285,
  "original_perplexity": 10.934917449951172,
  "progen3_sequence": "MTTTTTFKGVDPNSRNSSRVLRPPGGGSNFSLGFDEPAEQPVRKNKMASNIFGTPEENPPSWAKSAGSKSSGGREDSESPGTQRSNSSEASSGDFLDLKGEGDMHENVDTDFQANLAQMEEKPSLKRSRSRGRKRKEPREALSEQEARELALEA",
  "progen3_ll": -2.3448266983032227,
  "progen3_perplexity": 10.431465148925781,
  "max_sequence": "MTTTTTFKGVDPNSRNSSRVLRPPGGGSNFSLGFDEPAEQPVRKNKMASNIFGTPEENPPSWAKSAGSKSSGGREDSESPGTQRSNSSEASSGDFLDLKGEGDMHENVDTDFQANLAQMEEKPSLSARKSSSESGSGTEAEDETQEEEERALEL",
  "max_ll": -2.4027483463287354,
  "max_perplexity": 11.053513526916504,
  "max_kl": 0.010294096544384956,
  "max_nmse": 0.0036116992123425007,
  "base_sequence": "MTTTTTFKGVDPNSRNSSRVLRPPGGGSNFSLGFDEPAEQPVRKNKMASNIFGTPEENPPSWAKSAGSKSSGGREDSESPGTQRSNSSEASSGDFLDLKGEGDMHENVDTDFQANLAQMEEKPFSSKKSSSSLGDPDSRDKELESQEDLVRESD",
  "base_ll": -2.6434786319732666,
  "base_perplexity": 14.06203556060791,
  "base_kl": 0.09218323230743408,
  "base_nmse": 0.1743081957101822,
  "recovered_sequence": "MTTTTTFKGVDPNSRNSSRVLRPPGGGSNFSLGFDEPAEQPVRKNKMASNIFGTPEENPPSWAKSAGSKSSGGREDSESPGTQRSNSSEASSGDFLDLKGEGDMHENVDTDFQANLAQMEEKPSLKRSRERRRTRKNPRPSLSEQLSRESSLEL",
  "recovered_ll": -2.518394708633423,
  "recovered_perplexity": 12.408660888671875,
  "recovered_kl": 0.04932868480682373,
  "recovered_nmse": 0.011333053931593895,
  "nodes": {
    "9": [
      12,
      127,
      128,
      158,
      162,
      269,
      403,
      407,
      416,
      429,
      538,
      545,
      708,
      760,
      848,
      875,
      957,
      967,
      1039,
      1092,
      1184,
      1251,
      1256,
      1267,
      1277,
      1302,
      1426,
      1443,
      1466,
      1491,
      1564,
      1713,
      1828,
      1832,
      1844,
      1847,
      1851,
      1957,
      1959,
      2086,
      2097,
      2264,
      2287,
      2291,
      2376,
      2383,
      2423,
      2455,
      2487,
      2510,
      2543,
      2704,
      2732,
      2767,
      2787,
      2800,
      2805,
      2874,
      2941,
      2957,
      2975,
      2982,
      3050,
      3103,
      3117,
      3122,
      3147,
      3199,
      3234,
      3242,
      3245,
      3318,
      3351,
      3382,
      3399,
      3459,
      3526,
      3540,
      3603,
      3624,
      3663,
      3740,
      3750,
      3760,
      3778,
      3779,
      3780,
      3802,
      3815,
      3821,
      3856,
      3906,
      3952,
      3994,
      3999,
      4010,
      4074,
      4088,
      4106,
      4129,
      4232,
      4263,
      4282,
      4439,
      4469,
      4482,
      4517,
      4544,
      4575
    ],
    "8": [
      140,
      372,
      417,
      747,
      1004,
      1008,
      1089,
      1121,
      1136,
      1165,
      1400,
      1444,
      1486,
      1494,
      1557,
      1664,
      1954,
      1956,
      2106,
      2542,
      2549,
      2596,
      2621,
      2710,
      2743,
      2779,
      2806,
      2986,
      3009,
      3126,
      3195,
      3321,
      3396,
      3432,
      3485,
      3535,
      3600,
      3653,
      3735,
      3874,
      4021,
      4334,
      4471,
      4578
    ],
    "7": [
      66,
      330,
      335,
      372,
      473,
      483,
      550,
      592,
      734,
      745,
      889,
      907,
      1010,
      1015,
      1069,
      1079,
      1149,
      1166,
      1188,
      1256,
      1262,
      1306,
      1347,
      1361,
      1376,
      1393,
      1454,
      1625,
      1663,
      1717,
      1751,
      1758,
      1816,
      1824,
      1830,
      1856,
      1931,
      2060,
      2261,
      2469,
      2499,
      2685,
      2704,
      2747,
      2816,
      2914,
      2977,
      3032,
      3135,
      3138,
      3169,
      3216,
      3225,
      3270,
      3330,
      3381,
      3389,
      3403,
      3464,
      3487,
      3607,
      3608,
      3664,
      3755,
      3760,
      3944,
      4055,
      4149,
      4254,
      4299,
      4466,
      4506,
      4588
    ],
    "1": [
      15,
      24,
      40,
      47,
      395,
      451,
      518,
      689,
      767,
      808,
      837,
      918,
      1069,
      1073,
      1175,
      1216,
      1370,
      1390,
      1419,
      1533,
      1611,
      1615,
      1705,
      1708,
      1821,
      1888,
      1946,
      1979,
      1990,
      1991,
      2060,
      2129,
      2173,
      2344,
      2466,
      2480,
      2491,
      2550,
      2560,
      2622,
      2646,
      2837,
      2865,
      2899,
      2979,
      2985,
      3040,
      3046,
      3089,
      3206,
      3223,
      3249,
      3256,
      3287,
      3510,
      3547,
      3567,
      3578,
      3829,
      4056,
      4136,
      4152,
      4187,
      4197,
      4275,
      4314,
      4389,
      4422,
      4466,
      4582,
      4585
    ],
    "0": [
      151,
      174,
      251,
      260,
      276,
      460,
      694,
      819,
      887,
      1155,
      1272,
      1389,
      1468,
      1491,
      1496,
      1711,
      1824,
      2007,
      2149,
      2245,
      2253,
      2268,
      2299,
      2351,
      2366,
      2419,
      2446,
      2516,
      2715,
      2722,
      2862,
      2898,
      2984,
      3074,
      3145,
      3182,
      3203,
      3234,
      3309,
      3315,
      3464,
      3606,
      3778,
      3797,
      3835,
      3841,
      3853,
      3963,
      3970,
      4331,
      4414,
      4415,
      4461,
      4488,
      4596
    ],
    "2": [
      6,
      156,
      382,
      472,
      495,
      671,
      675,
      682,
      728,
      850,
      885,
      934,
      1035,
      1049,
      1092,
      1208,
      1255,
      1374,
      1429,
      1535,
      1556,
      1588,
      1642,
      1907,
      1957,
      1993,
      2055,
      2088,
      2176,
      2427,
      2613,
      2726,
      2793,
      2814,
      2899,
      3055,
      3099,
      3134,
      3220,
      3235,
      3245,
      3347,
      3436,
      3440,
      3442,
      3480,
      3506,
      3605,
      3706,
      3731,
      3754,
      3846,
      3872,
      4019,
      4105,
      4158,
      4438,
      4451,
      4484,
      4489,
      4541,
      4594
    ],
    "5": [
      330,
      735,
      1249,
      1273,
      1569,
      1618,
      1684,
      1704,
      1861,
      2128,
      2187,
      2246,
      2278,
      2496,
      2588,
      2981,
      3009,
      3046,
      3145,
      3199,
      3244,
      3319,
      3350,
      3397,
      3459,
      3819,
      3950,
      4016,
      4200,
      4285,
      4337
    ],