{
  "entry": "P9WF51",
  "entry_name": "VPC49_MYCTU",
  "type": "CLM",
  "prompt": "MPLVYFDASAFVKLLTTETGSSLASALWDGCDAALSSRLAYPEVRAALAAAARNHDLTESELADAERDWEDFWAATRPVELTATVEQHAGHLARAHALRGADAVHLASALAVGDP",
  "k": 768,
  "original_sequence": "MPLVYFDASAFVKLLTTETGSSLASALWDGCDAALSSRLAYPEVRAALAAAARNHDLTESELADAERDWEDFWAATRPVELTATVEQHAGHLARAHALRGADAVHLASALAVGDPGLVVAVWDRRLHTGAHAAGCRVAPAQLDP",
  "original_ll": -2.328670024871826,
  "original_perplexity": 10.264281272888184,
  "progen3_sequence": "MPLVYFDASAFVKLLTTETGSSLASALWDGCDAALSSRLAYPEVRAALAAAARNHDLTESELADAERDWEDFWAATRPVELTATVEQHAGHLARAHALRGADAVHLASALAVGDPLAVVVTFDRRLRAAAAAAGLTVLDALA",
  "progen3_ll": -1.376357078552246,
  "progen3_perplexity": 3.9604477882385254,
  "max_sequence": "MPLVYFDASAFVKLLTTETGSSLASALWDGCDAALSSRLAYPEVRAALAAAARNHDLTESELADAERDWEDFWAATRPVELTATVEQHAGHLARAHALRGADAVHLASALAVGDPAALAAVTDAALAAAAARRGLPVEPLAP",
  "max_ll": -1.8326622247695923,
  "max_perplexity": 6.250504970550537,
  "max_kl": 0.2771972715854645,
  "max_nmse": 0.03269997984170914,
  "base_sequence": "MPLVYFDASAFVKLLTTETGSSLASALWDGCDAALSSRLAYPEVRAALAAAARNHDLTESELADAERDWEDFWAATRPVELTATVEQHAGHLARAHALRGADAVHLASALAVGDPLLRRGGADGGVRAARRARGARADAPPW",
  "base_ll": -2.4703612327575684,
  "base_perplexity": 11.8267183303833,
  "base_kl": 0.6016873717308044,
  "base_nmse": 0.10695824772119522,
  "recovered_sequence": "MPLVYFDASAFVKLLTTETGSSLASALWDGCDAALSSRLAYPEVRAALAAAARNHDLTESELADAERDWEDFWAATRPVELTATVEQHAGHLARAHALRGADAVHLASALAVGDPGALVVVTDAGLRRAAAEAGLTVLARAL",
  "recovered_ll": -1.945982813835144,
  "recovered_perplexity": 7.000508785247803,
  "recovered_kl": 0.3304426372051239,
  "recovered_nmse": 0.057496462017297745,
  "nodes": {
    "9": [
      12,
      38,
      50,
      62,
      84,
      122,
      268,
      305,
      327,
      342,
      384,
      387,
      407,
      429,
      454,
      466,
      481,
      486,
      506,
      528,
      532,
      582,
      600,
      631,
      654,
      667,
      671,
      683,
      689,
      715,
      720,
      745,
      746,
      760,
      782,
      790,
      793,
      814,
      828,
      881,
      894,
      934,
      937,
      956,
      957,
      964,
      965,
      967,
      984,
      992,
      997,
      1004,
      1073,
      1086,
      1139,
      1146,
      1184,
      1206,
      1219,
      1224,
      1286,
      1293,
      1315,
      1341,
      1352,
      1375,
      1389,
      1394,
      1402,
      1410,
      1458,
      1470,
      1484,
      1491,
      1498,
      1535,
      1537,
      1551,
      1566,
      1567,
      1579,
      1675,
      1679,
      1701,
      1765,
      1800,
      1812,
      1827,
      1828,
      1841,
      1844,
      1862,
      1871,
      1941,
      1957,
      2009,
      2015,
      2057,
      2072,
      2079,
      2123,
      2134,
      2194,
      2223,
      2254,
      2298,
      2323,
      2354,
      2393,
      2461,
      2521,
      2536,
      2546,
      2559,
      2609,
      2635,
      2698,
      2704,
      2724,
      2732,
      2736,
      2773,
      2775,
      2777,
      2787,
      2832,
      2891,
      2892,
      2941,
      3016,
      3050,
      3058,
      3076,
      3077,
      3118,
      3146,
      3156,
      3192,
      3199,
      3259,
      3310,
      3313,
      3343,
      3350,
      3372,
      3419,
      3420,
      3433,
      3485,
      3506,
      3540,
      3547,
      3612,
      3620,
      3624,
      3648,
      3649,
      3700,
      3788,
      3795,
      3802,
      3808,
      3821,
      3841,
      3931,
      3934,
      3938,
      3962,
      3965,
      3972,
      3988,
      3999,
      4055,
      4062,
      4079,
      4102,
      4142,
      4172,
      4191,
      4206,
      4208,
      4291,
      4298,
      4314,
      4350,
      4356,
      4402,
      4417,
      4433,
      4441,
      4445,
      4450,
      4452,
      4454,
      4487,
      4498,
      4544,
      4590,
      4604
    ],
    "7": [
      7,
      72,
      116,
      147,
      189,
      209,
      291,
      293,
      334,
      392,
      422,
      457,
      465,
      482,
      547,
      560,
      575,
      602,
      614,
      648,
      711,
      735,
      897,
      898,
      904,
      959,
      962,
      973,
      982,
      1059,
      1105,
      1129,
      1140,
      1168,
      1184,
      1187,
      1222,
      1224,
      1227,
      1286,
      1290,
      1322,
      1369,
      1403,
      1404,
      1447,
      1646,
      1664,
      1714,
      1735,
      1793,
      1842,
      1868,
      1892,
      1894,
      1905,
      1906,
      2089,
      2098,
      2192,
      2252,
      2258,
      2305,
      2433,
      2453,
      2513,
      2517,
      2613,
      2758,
      2802,
      2955,
      3045,
      3057,
      3070,
      3155,
      3229,
      3237,
      3251,
      3263,
      3284,
      3325,
      3381,
      3384,
      3419,
      3457,
      3459,
      3465,
      3475,
      3477,
      3484,
      3485,
      3498,
      3545,
      3556,
      3645,
      3651,
      3652,
      3657,
      3687,
      3757,
      3766,
      3773,
      3825,
      3849,
      3896,
      3913,
      3917,
      3987,
      4016,
      4122,
      4158,
      4194,
      4217,
      4321,
      4365,
      4372,
      4381,
      4391,
      4444,
      4457,
      4519,
      4522,
      4593
    ],
    "8": [
      45,
      136,
      165,
      202,
      209,
      258,
      266,
      272,
      293,
      312,
      339,
      376,
      426,
      450,
      460,
      476,
      521,
      560,
      563,
      582,
      599,
      620,
      624,
      650,
      721,
      731,
      835,
      854,
      907,
      926,
      959,
      976,
      991,
      1030,
      1043,
      1075,
      1156,
      1230,
      1267,
      1268,
      1269,
      1306,
      1333,
      1343,
      1346,
      1351,
      1360,
      1403,
      1409,
      1412,
      1437,
      1458,
      1468,
      1504,
      1528,
      1543,
      1706,
      1804,
      1805,
      1823,
      1858,
      1866,
      1867,
      1869,
      1876,
      1908,
      1934,
      1957,
      2020,
      2069,
      2115,
      2130,
      2145,
      2147,
      2170,
      2252,
      2255,
      2256,
      2350,
      2452,
      2455,
      2541,
      2545,
      2583,
      2642,
      2663,
      2723,
      2776,
      2821,
      2876,
      2905,
      2910,
      2915,
      2932,
      2938,
      2961,
      2965,
      2991,
      3009,
      3031,
      3034,
      3156,
      3201,
      3235,
      3266,
      3308,
      3340,
      3380,
      3381,
      3392,
      3406,
      3437,
      3458,
      3496,
      3505,
      3554,
      3581,
      3593,
      3730,
      3801,
      3824,
      3844,
      3967,
      3973,
      4077,
      4118,
      4145,
      4155,
      4171,
      4174,
      4206,
      4207,
      4288,
      4294,
      4310,
      4320,
      4325,
      4362,
      4406,
      4415,
      4456,
      4515
    ],
    "5": [
      14,
      226,
      458,
      597,
      761,
      783,
      868,
      874,
      904,
      987,
      997,
      1091,
      1099,
      1333,
      1417,
      1572,
      1620,
      1643,
      1644,
      1685,
      1736,
      1816,
      1957,
      1967,
      2052,
      2188,
      2252,
      2344,
      2382,
      2392,
      2396,
      2397,
      2575,
      2668,
      2768,
      2862,
      2887,
      2992,
      3055,
      3235,
      3316,
      3382,
      3544,
      3726,
      3748,
      3763,
      3788,
      3867,
      4089,
      4109,
      4208,
      4263,
      4324,
      4461,
      4484,
      4495,
      4553
    ],