{
  "entry": "P9WKP4",
  "entry_name": "Y898_MYCTO",
  "type": "CLM",
  "prompt": "MGKGRKPTDSETLAHIRDLVAEEKALRAQLRHGGISESEEQQQLRRIEIELDQCWDLLRQRRALRQTGG",
  "k": 32,
  "original_sequence": "MGKGRKPTDSETLAHIRDLVAEEKALRAQLRHGGISESEEQQQLRRIEIELDQCWDLLRQRRALRQTGGDPREAVVRPADQVEGYTG",
  "original_ll": -1.9891306161880493,
  "original_perplexity": 7.309176921844482,
  "progen3_sequence": "MGKGRKPTDSETLAHIRDLVAEEKALRAQLRHGGISESEEQQQLRRIEIELDQCWDLLRQRRALRQTGGDPDAEAAPVQSVEVYREY",
  "progen3_ll": -1.532783031463623,
  "progen3_perplexity": 4.631047248840332,
  "max_sequence": "MGKGRKPTDSETLAHIRDLVAEEKALRAQLRHGGISESEEQQQLRRIEIELDQCWDLLRQRRALRQTGGDPADEEAGPEAADAGYYY",
  "max_ll": -2.4675724506378174,
  "max_perplexity": 11.793782234191895,
  "max_kl": 0.5872790217399597,
  "max_nmse": 0.05176868662238121,
  "base_sequence": "MGKGRKPTDSETLAHIRDLVAEEKALRAQLRHGGISESEEQQQLRRIEIELDQCWDLLRQRRALRQTGGLLVADPQDAVDQPLQRL",
  "base_ll": -2.989225149154663,
  "base_perplexity": 19.870281219482422,
  "base_kl": 0.5643897652626038,
  "base_nmse": 0.09240864962339401,
  "recovered_sequence": "MGKGRKPTDSETLAHIRDLVAEEKALRAQLRHGGISESEEQQQLRRIEIELDQCWDLLRQRRALRQTGGELEEEAAEVQEDEDDYYY",
  "recovered_ll": -2.7512190341949463,
  "recovered_perplexity": 15.661711692810059,
  "recovered_kl": 0.6016457676887512,
  "recovered_nmse": 0.12297388911247253,
  "nodes": {
    "9": [
      1222,
      1340,
      1732,
      1753,
      1858,
      1957,
      2164,
      2218,
      2394,
      2417,
      2427,
      2542,
      2775,
      3021,
      3260,
      3266,
      3355,
      3540,
      3763,
      4462,
      4520
    ],
    "8": [
      272,
      464,
      858,
      1204,
      2637,
      2887,
      3486,
      3607,
      3756,
      3995,
      4606
    ]
  }
}
