{
  "entry": "Q12174",
  "entry_name": "YL123_YEAST",
  "type": "GLM_1",
  "prompt": "MIMQKRLLNRNSSVVKSRNCLARHQHESSISKLHVSLRLHRCLRPIVRFDFLHNAGSKVCSQNSCPSPQLHVGTMALFHTVFILWPHFCGILWTVHEKLYNYLLSIEVY[GLM]43-50-7",
  "k": 160,
  "original_sequence": "MIMQKRLLNRNSSVVKSRNCLARHQHESSISKLHVSLRLHRCLRPIVRFDFLHNAGSKVCSQNSCPSPQLHVGTMALFHTVFILWPHFCGILWTVHEKLYNYLLSIEVY",
  "original_ll": -2.957091808319092,
  "original_perplexity": 19.24193000793457,
  "progen3_sequence": "MIMQKRLLNRNSSVVKSRNCLARHQHESSISKLHVSLRLHRCLHPLMFSNFLHNAGSKVCSQNSCPSPQLHVGTMALFHTVFILWPHFCGILWTVHEKLYNYLLSIEVY",
  "progen3_ll": -3.0548744201660156,
  "progen3_perplexity": 21.21851921081543,
  "max_sequence": "MIMQKRLLNRNSSVVKSRNCLARHQHESSISKLHVSLRLHRCLPLSRAFTFLHNAGSKVCSQNSCPSPQLHVGTMALFHTVFILWPHFCGILWTVHEKLYNYLLSIEVY",
  "max_ll": -2.657788038253784,
  "max_perplexity": 14.264701843261719,
  "max_kl": 0.07655762881040573,
  "max_nmse": 0.0473405197262764,
  "base_sequence": "MIMQKRLLNRNSSVVKSRNCLARHQHESSISKLHVSLRLHRCLCCCCCCCFLHNAGSKVCSQNSCPSPQLHVGTMALFHTVFILWPHFCGILWTVHEKLYNYLLSIEVY",
  "base_ll": -2.2532413005828857,
  "base_perplexity": 9.518538475036621,
  "base_kl": 1.1238322257995605,
  "base_nmse": 2.7155635356903076,
  "recovered_sequence": "MIMQKRLLNRNSSVVKSRNCLARHQHESSISKLHVSLRLHRCLHPLLFSNFLHNAGSKVCSQNSCPSPQLHVGTMALFHTVFILWPHFCGILWTVHEKLYNYLLSIEVY",
  "recovered_ll": -2.730424642562866,
  "recovered_perplexity": 15.339400291442871,
  "recovered_kl": 0.14886412024497986,
  "recovered_nmse": 0.34152349829673767,
  "nodes": {
    "9": [
      12,
      162,
      263,
      381,
      407,
      433,
      734,
      760,
      763,
      777,
      957,
      967,
      1184,
      1251,
      1302,
      1491,
      1579,
      1735,
      1782,
      1832,
      1844,
      1851,
      1942,
      1957,
      2108,
      2126,
      2148,
      2264,
      2283,
      2287,
      2343,
      2395,
      2455,
      2531,
      2604,
      2732,
      2787,
      2919,
      2957,
      2975,
      3006,
      3018,
      3050,
      3199,
      3221,
      3382,
      3399,
      3426,
      3445,
      3526,
      3540,
      3603,
      3624,
      3760,
      3779,
      3821,
      3856,
      4088,
      4226,
      4482,
      4544
    ],
    "8": [
      82,
      372,
      417,
      1004,
      1008,
      1136,
      1376,
      1444,
      1486,
      1535,
      1557,
      1664,
      1744,
      1954,
      1956,
      2106,
      2175,
      2490,
      2564,
      2621,
      2710,
      2743,
      2779,
      3195,
      3321,
      3396,
      3432,
      3485,
      3700,
      3735,
      3874,
      4167,
      4416,
      4471,
      4559
    ],
    "7": [
      66,
      222,
      631,
      1128,
      1256,
      1306,
      1454,
      1520,
      1625,
      1824,
      2053,
      2091,
      2261,
      2366,
      2676,
      2922,
      3135,
      3389,
      3464,
      3487,
      3521,
      3598,
      3760,
      4055,
      4149,
      4475,
      4534,
      4564
    ],
    "0": [
      753,
      933,
      2968,
      3182
    ],
    "4": [
      49,
      1134,
      1250,
      2543,
      2910,
      3369,
      3811,
      4342,
      4584
    ],
    "6": [
      18,
      559,
      947,
      1377,
      1766,
      2161,
      2260,
      2460,
      2592,
      3760
    ],
    "5": [
      1249,
      1397,
      1524,
      2675,
      3979,
      4290
    ],
    "3": [
      208,
      545,
      962,
      1036,
      2594,
      3334
    ],
    "2": [
      2481
    ]
  }
}
