{
  "entry": "Q21QM3",
  "entry_name": "YIDD_ALBFT",
  "type": "CLM",
  "prompt": "MIRDVLVGIVKGYRLLLSPWLGSSCRFEPTCSAYSLQALQTHGAAAGSYLTLTRLARCHPWCAGGSDPVPSEKPR",
  "k": 480,
  "original_sequence": "MIRDVLVGIVKGYRLLLSPWLGSSCRFEPTCSAYSLQALQTHGAAAGSYLTLTRLARCHPWCAGGSDPVPSEKPRFKSQLFTQLIHPSSEKKSS",
  "original_ll": -2.9798412322998047,
  "original_perplexity": 19.6846923828125,
  "progen3_sequence": "MIRDVLVGIVKGYRLLLSPWLGSSCRFEPTCSAYSLQALQTHGAAAGSYLTLTRLARCHPWCAGGSDPVPSEKPRERVVRLPPPEGADRRRRGR",
  "progen3_ll": -2.461169719696045,
  "progen3_perplexity": 11.718511581420898,
  "max_sequence": "MIRDVLVGIVKGYRLLLSPWLGSSCRFEPTCSAYSLQALQTHGAAAGSYLTLTRLARCHPWCAGGSDPVPSEKPRSSRAAAALPGSPAVPGE",
  "max_ll": -2.4049999713897705,
  "max_perplexity": 11.07843017578125,
  "max_kl": 0.02716769650578499,
  "max_nmse": 0.012623624876141548,
  "base_sequence": "MIRDVLVGIVKGYRLLLSPWLGSSCRFEPTCSAYSLQALQTHGAAAGSYLTLTRLARCHPWCAGGSDPVPSEKPRRPVRGRLRRWVR",
  "base_ll": -2.575044870376587,
  "base_perplexity": 13.131906509399414,
  "base_kl": 0.21021075546741486,
  "base_nmse": 0.15685772895812988,
  "recovered_sequence": "MIRDVLVGIVKGYRLLLSPWLGSSCRFEPTCSAYSLQALQTHGAAAGSYLTLTRLARCHPWCAGGSDPVPSEKPREPVVRLADSEGADRRRRGP",
  "recovered_ll": -2.6852729320526123,
  "recovered_perplexity": 14.662201881408691,
  "recovered_kl": 0.03451504930853844,
  "recovered_nmse": 0.016553444787859917,
  "nodes": {
    "9": [
      12,
      113,
      119,
      130,
      162,
      284,
      324,
      380,
      381,
      387,
      407,
      414,
      425,
      429,
      433,
      454,
      464,
      513,
      545,
      576,
      689,
      690,
      716,
      760,
      763,
      793,
      957,
      967,
      1184,
      1204,
      1231,
      1251,
      1302,
      1306,
      1321,
      1402,
      1491,
      1493,
      1579,
      1626,
      1662,
      1688,
      1709,
      1832,
      1835,
      1841,
      1844,
      1851,
      1862,
      1931,
      1957,
      2022,
      2080,
      2109,
      2143,
      2148,
      2258,
      2287,
      2311,
      2510,
      2542,
      2732,
      2780,
      2787,
      2820,
      2846,
      2941,
      2975,
      2980,
      2983,
      3050,
      3148,
      3199,
      3202,
      3276,
      3310,
      3353,
      3382,
      3399,
      3506,
      3516,
      3540,
      3580,
      3602,
      3603,
      3624,
      3695,
      3760,
      3779,
      3802,
      3821,
      3841,
      3965,
      4079,
      4117,
      4206,
      4312,
      4396,
      4441,
      4475,
      4482,
      4519,
      4544,
      4575
    ],
    "8": [
      24,
      48,
      53,
      227,
      368,
      394,
      405,
      454,
      487,
      496,
      527,
      563,
      605,
      647,
      699,
      835,
      858,
      862,
      984,
      1015,
      1033,
      1120,
      1124,
      1156,
      1166,
      1318,
      1333,
      1367,
      1447,
      1459,
      1464,
      1501,
      1523,
      1535,
      1557,
      1613,
      1678,
      1687,
      1793,
      1848,
      1862,
      1900,
      1903,
      2030,
      2138,
      2196,
      2224,
      2257,
      2329,
      2401,
      2407,
      2435,
      2479,
      2523,
      2527,
      2539,
      2599,
      2621,
      2687,
      2778,
      2785,
      2817,
      2827,
      2846,
      2898,
      2902,
      2997,
      3007,
      3100,
      3192,
      3237,
      3242,
      3249,
      3276,
      3309,
      3390,
      3445,
      3648,
      3654,
      3669,
      3741,
      3756,
      3774,
      3906,
      3914,
      3934,
      3972,
      3995,
      4009,
      4030,
      4069,
      4089,
      4100,
      4105,
      4118,
      4127,
      4255,
      4328,
      4350,
      4550
    ],
    "7": [
      324,
      482,
      491,
      517,
      535,
      829,
      877,
      907,
      1523,
      1591,
      1625,
      1816,
      1880,
      1969,
      2446,
      2529,
      2945,
      3116,
      3251,
      3755,
      3894,
      4152,
      4155,
      4323
    ],
    "4": [
      75,
      306,
      338,
      423,
      480,
      521,
      630,
      671,
      896,
      915,
      927,
      964,
      1145,
      1228,
      1229,
      1281,
      1381,
      1385,
      1456,
      1467,
      1471,
      1746,
      2096,
      2200,
      2271,
      2584,
      2647,
      2725,
      2744,
      2779,
      3026,
      3091,
      3225,
      3231,
      3236,
      3460,
      3780,
      3811,
      3894,
      3967,
      4029,
      4322,
      4457
    ],
    "0": [
      36,
      142,
      149,
      187,
      195,
      284,
      286,
      628,
      639,
      694,
      706,
      715,
      753,
      771,
      866,
      919,
      933,
      982,
      1038,
      1093,
      1183,
      1207,
      1250,
      1252,
      1253,
      1265,
      1297,
      1455,
      1502,
      1513,
      1575,
      1646,
      1770,
      1800,
      1824,
      1883,
      1934,
      1959,
      2006,
      2007,
      2031,
      2048,
      2278,
      2281,
      2299,
      2443,
      2470,
      2553,
      2594,
      2700,
      2702,
      2722,
      2728,
      2749,
      2929,
      2948,
      2968,
      2972,
      2991,
      3016,
      3025,
      3048,
      3054,
      3182,
      3325,
      3363,
      3368,
      3536,
      3606,
      3691,
      3698,
      3730,
      3733,
      3751,
      3963,
      4006,
      4147,
      4196,
      4208,
      4209,
      4227,
      4255,
      4292,
      4329,
      4426,
      4466,
      4488,
      4519
    ],
    "5": [
      32,
      164,
      439,
      508,
      639,
      706,
      714,
      1601,
      1704,
      2189,
      2640,
      2936,
      3094,
      3479,
      3665,
      4015,
      4492
    ],
    "6": [
      4,
      130,
      447,
      597,
      742,
      766,
      947,
      990,
      1415,
      1730,
      2053,
      2209,
      2389,
      2734,
      3046,
      3441,
      3445,
      3600,
      4095,
      4256
    ],
    "1": [
      21,
      40,
      97,
      175,
      264,
      456,
      507,
      561,
      730,
      738,
      808,
      921,
      1269,
      1329,
      1371,
      1438,
      1551,
      1684,
      1705,
      1741,
      1840,
      1878,
      1884,
      2109,
      2304,
      2311,
      2498,
      2663,
      2670,
      2814,
      3105,
      3112,
      3245,
      3319,
      3358,
      3459,
      3492,
      3597,
      3610,
      3872
    ],
    "3": [
      208,
      311,
      344,
      511,
      545,
      565,
      568,
      819,
      872,
      956,
      1036,
      1221,
      1535,
      1568,
      1940,
      3349,
      3351,
      3485,
      3549,
      3587,
      3818,
      3910,
      4249,
      4277,
      4533,
      4562
    ],
    "2": [
      2,
      385,
      443,
      461,
      889,
      1031,
      1049,
      1110,
      1617,
      1628,
      2276,
      2544,
      3047,
      3160,
      3562,
      3912,
      4133,
      4178
    ]
  }
}
