{
  "entry": "Q2JNV4",
  "entry_name": "YIDD_SYNJB",
  "type": "CLM",
  "prompt": "MPERSDPLTRSLIALIRGYQVGISPWLPPACRYYPTCSQYTLEAVRRYGALRGGWLGIRRLCRCHPWHPGG",
  "k": 1000,
  "original_sequence": "MPERSDPLTRSLIALIRGYQVGISPWLPPACRYYPTCSQYTLEAVRRYGALRGGWLGIRRLCRCHPWHPGGYDPVPDLPGSAPTQKPFR",
  "original_ll": -2.124723434448242,
  "original_perplexity": 8.37058162689209,
  "progen3_sequence": "MPERSDPLTRSLIALIRGYQVGISPWLPPACRYYPTCSQYTLEAVRRYGALRGGWLGIRRLCRCHPWHPGGVDHVPPRPDRVRARAPRR",
  "progen3_ll": -1.5853334665298462,
  "progen3_perplexity": 4.880918502807617,
  "max_sequence": "MPERSDPLTRSLIALIRGYQVGISPWLPPACRYYPTCSQYTLEAVRRYGALRGGWLGIRRLCRCHPWHPGGLDPPPPAPAGPRPPRGGP",
  "max_ll": -1.8459382057189941,
  "max_perplexity": 6.334039688110352,
  "max_kl": 0.3287748396396637,
  "max_nmse": 0.15325088798999786,
  "base_sequence": "MPERSDPLTRSLIALIRGYQVGISPWLPPACRYYPTCSQYTLEAVRRYGALRGGWLGIRRLCRCHPWHPGGCPVAPRRPRLRRRPRRR",
  "base_ll": -2.462003469467163,
  "base_perplexity": 11.728285789489746,
  "base_kl": 0.6649609804153442,
  "base_nmse": 0.2799912691116333,
  "recovered_sequence": "MPERSDPLTRSLIALIRGYQVGISPWLPPACRYYPTCSQYTLEAVRRYGALRGGWLGIRRLCRCHPWHPGGAPPPPPRPPVTGRAPRR",
  "recovered_ll": -2.4869446754455566,
  "recovered_perplexity": 12.024481773376465,
  "recovered_kl": 0.4344249367713928,
  "recovered_nmse": 0.13875605165958405,
  "nodes": {
    "9": [
      12,
      27,
      56,
      119,
      130,
      159,
      162,
      216,
      284,
      300,
      311,
      325,
      380,
      387,
      407,
      429,
      442,
      454,
      464,
      513,
      545,
      561,
      576,
      588,
      589,
      600,
      667,
      674,
      689,
      690,
      706,
      708,
      715,
      732,
      742,
      763,
      770,
      788,
      790,
      793,
      841,
      869,
      878,
      936,
      957,
      967,
      992,
      1004,
      1005,
      1016,
      1048,
      1088,
      1094,
      1141,
      1146,
      1184,
      1222,
      1230,
      1231,
      1251,
      1269,
      1302,
      1306,
      1321,
      1340,
      1355,
      1393,
      1394,
      1402,
      1463,
      1491,
      1493,
      1519,
      1537,
      1554,
      1574,
      1651,
      1662,
      1688,
      1709,
      1741,
      1759,
      1783,
      1832,
      1835,
      1839,
      1841,
      1844,
      1851,
      1852,
      1858,
      1931,
      1934,
      1940,
      1957,
      2022,
      2066,
      2067,
      2079,
      2094,
      2109,
      2148,
      2218,
      2227,
      2231,
      2258,
      2268,
      2287,
      2311,
      2312,
      2367,
      2368,
      2376,
      2417,
      2427,
      2430,
      2431,
      2438,
      2465,
      2467,
      2511,
      2514,
      2542,
      2546,
      2592,
      2626,
      2704,
      2732,
      2761,
      2771,
      2773,
      2780,
      2820,
      2846,
      2894,
      2921,
      2941,
      2975,
      2980,
      2982,
      3004,
      3015,
      3021,
      3046,
      3048,
      3058,
      3071,
      3075,
      3118,
      3122,
      3142,
      3157,
      3192,
      3196,
      3199,
      3202,
      3228,
      3260,
      3276,
      3284,
      3299,
      3318,
      3353,
      3373,
      3392,
      3399,
      3429,
      3461,
      3491,
      3506,
      3540,
      3573,
      3577,
      3602,
      3603,
      3624,
      3633,
      3695,
      3698,
      3760,
      3763,
      3766,
      3920,
      3995,
      4048,
      4079,
      4098,
      4108,
      4114,
      4142,
      4182,
      4189,
      4202,
      4206,
      4220,
      4312,
      4320,
      4393,
      4396,
      4402,
      4426,
      4441,
      4444,
      4461,
      4475,
      4482,
      4519,
      4520,
      4544,
      4575,
      4587
    ],
    "8": [
      21,
      24,
      48,
      53,
      94,
      123,
      263,
      351,
      368,
      394,
      405,
      454,
      487,
      496,
      527,
      540,
      554,
      563,
      583,
      602,
      605,
      647,
      710,
      754,
      762,
      826,
      828,
      858,
      862,
      915,
      949,
      1020,
      1033,
      1120,
      1124,
      1156,
      1166,
      1301,
      1313,
      1318,
      1333,
      1360,
      1367,
      1395,
      1400,
      1459,
      1464,
      1490,
      1501,
      1523,
      1613,
      1621,
      1678,
      1752,
      1753,
      1793,
      1812,
      1827,
      1848,
      1851,
      1862,
      1870,
      1890,
      1898,
      1900,
      1903,
      2030,
      2049,
      2072,
      2138,
      2143,
      2154,
      2189,
      2196,
      2215,
      2224,
      2257,
      2314,
      2373,
      2390,
      2397,
      2400,
      2407,
      2432,
      2435,
      2473,
      2479,
      2522,
      2539,
      2562,
      2599,
      2608,
      2621,
      2687,
      2709,
      2741,
      2778,
      2785,
      2846,
      2858,
      2864,
      2887,
      2898,
      2932,
      2942,
      2988,
      3009,
      3016,
      3100,
      3192,
      3298,
      3305,
      3309,
      3342,
      3358,
      3390,
      3445,
      3528,
      3648,
      3654,
      3669,
      3671,
      3774,
      3806,
      3860,
      3871,
      3934,
      3957,
      3972,
      3995,
      4004,
      4009,
      4010,
      4030,
      4069,
      4081,
      4089,
      4118,
      4121,
      4127,
      4200,
      4328,
      4350,
      4365,
      4430,
      4433,
      4467,
      4502,
      4511,
      4550,
      4569
    ],
    "7": [
      70,
      72,
      117,
      170,
      223,
      319,
      324,
      341,
      491,
      517,
      535,
      877,
      907,
      1137,
      1240,
      1430,
      1445,
      1525,
      1691,
      1816,
      1826,
      1969,
      2306,
      2408,
      2446,
      2529,
      2594,
      2606,
      2666,
      2764,
      2936,
      3116,
      3570,
      3626,
      3874,
      3894,
      3900,
      4141,
      4152,
      4155,
      4323,
      4599
    ],
    "0": [
      73,
      94,
      135,
      151,
      195,
      233,
      275,
      283,
      292,
      345,
      404,
      460,
      478,
      530,
      707,
      754,
      800,
      815,
      883,
      933,
      987,
      1050,
      1077,
      1095,
      1112,
      1129,
      1155,
      1185,
      1243,
      1250,
      1253,
      1257,
      1347,
      1421,
      1608,
      1624,
      1659,
      1683,
      1696,
      1702,
      1715,
      1717,
      1735,
      1760,
      1815,
      1932,
      1953,
      2017,
      2028,
      2031,
      2033,
      2079,
      2086,
      2123,
      2218,
      2225,
      2278,
      2299,
      2324,
      2396,
      2417,
      2423,
      2463,
      2528,
      2597,
      2600,
      2692,
      2694,
      2791,
      2889,
      2956,
      2972,
      2984,
      3032,
      3040,
      3057,
      3180,
      3216,
      3225,
      3229,
      3238,
      3256,
      3334,
      3343,
      3455,
      3482,
      3508,
      3574,
      3657,
      3682,
      3698,
      3716,
      3721,
      3759,
      3766,
      3768,
      3780,
      3806,
      3820,
      3836,
      3844,
      3853,
      3879,
      3881,
      3885,
      3890,
      3894,
      3907,
      3936,
      3955,
      3960,
      3963,
      3965,
      4025,
      4027,
      4077,
      4118,
      4139,
      4163,
      4246,
      4314,
      4331,
      4365,
      4382,
      4386,
      4393,
      4426,
      4475,
      4488,
      4516,
      4517,
      4596
    ],