{
  "entry": "Q32063",
  "entry_name": "YCX8_CHLRE",
  "type": "CLM",
  "prompt": "MTCTRTLLVLNRMLALKANFVLHSVKSYLNVSGVNKTLPAKGSAGV",
  "k": 800,
  "original_sequence": "MTCTRTLLVLNRMLALKANFVLHSVKSYLNVSGVNKTLPAKGSAGVKNGFILSHLGCQ",
  "original_ll": -3.003491163253784,
  "original_perplexity": 20.155780792236328,
  "progen3_sequence": "MTCTRTLLVLNRMLALKANFVLHSVKSYLNVSGVNKTLPAKGSAGVVLVDSGADLLSV",
  "progen3_ll": -2.43384051322937,
  "progen3_perplexity": 11.402589797973633,
  "max_sequence": "MTCTRTLLVLNRMLALKANFVLHSVKSYLNVSGVNKTLPAKGSAGVKSVLGSSDAVQF",
  "max_ll": -2.7871856689453125,
  "max_perplexity": 16.23526382446289,
  "max_kl": 0.00967386644333601,
  "max_nmse": 0.006151778623461723,
  "base_sequence": "MTCTRTLLVLNRMLALKANFVLHSVKSYLNVSGVNKTLPAKGSAGVRLLCSDTSCTAL",
  "base_ll": -2.8104121685028076,
  "base_perplexity": 16.61676597595215,
  "base_kl": 0.05855884402990341,
  "base_nmse": 0.27235761284828186,
  "recovered_sequence": "MTCTRTLLVLNRMLALKANFVLHSVKSYLNVSGVNKTLPAKGSAGVVLVDSGADLLST",
  "recovered_ll": -2.4911930561065674,
  "recovered_perplexity": 12.075675010681152,
  "recovered_kl": 0.0164455845952034,
  "recovered_nmse": 0.010802281089127064,
  "nodes": {
    "9": [
      12,
      162,
      184,
      381,
      407,
      538,
      734,
      760,
      763,
      957,
      967,
      991,
      1042,
      1184,
      1186,
      1196,
      1251,
      1298,
      1302,
      1306,
      1444,
      1491,
      1528,
      1560,
      1579,
      1713,
      1735,
      1782,
      1828,
      1832,
      1844,
      1851,
      1888,
      1942,
      1957,
      2001,
      2005,
      2046,
      2105,
      2108,
      2273,
      2283,
      2287,
      2360,
      2395,
      2450,
      2476,
      2510,
      2531,
      2539,
      2604,
      2715,
      2732,
      2787,
      2957,
      2975,
      2983,
      3006,
      3008,
      3040,
      3050,
      3087,
      3105,
      3146,
      3162,
      3199,
      3221,
      3232,
      3372,
      3381,
      3382,
      3399,
      3407,
      3426,
      3513,
      3526,
      3540,
      3567,
      3581,
      3624,
      3676,
      3779,
      3802,
      3821,
      3832,
      3965,
      3999,
      4129,
      4244,
      4250,
      4339,
      4380,
      4482,
      4533,
      4544,
      4598
    ],
    "8": [
      18,
      82,
      94,
      158,
      204,
      240,
      311,
      372,
      417,
      583,
      648,
      782,
      817,
      900,
      949,
      968,
      1004,
      1008,
      1136,
      1201,
      1323,
      1408,
      1416,
      1444,
      1468,
      1486,
      1494,
      1535,
      1557,
      1603,
      1664,
      1678,
      1687,
      1744,
      1777,
      1870,
      1954,
      1956,
      2056,
      2106,
      2109,
      2112,
      2151,
      2175,
      2201,
      2401,
      2479,
      2490,
      2528,
      2564,
      2567,
      2596,
      2605,
      2621,
      2710,
      2743,
      2779,
      2917,
      3042,
      3195,
      3396,
      3432,
      3485,
      3507,
      3600,
      3645,
      3659,
      3711,
      3735,
      3741,
      3865,
      3874,
      3895,
      3989,
      4167,
      4177,
      4294,
      4310,
      4391,
      4471,
      4534
    ],
    "0": [
      2,
      116,
      149,
      197,
      276,
      337,
      460,
      500,
      526,
      540,
      544,
      555,
      591,
      694,
      765,
      860,
      885,
      933,
      952,
      982,
      994,
      1007,
      1037,
      1069,
      1086,
      1093,
      1135,
      1172,
      1183,
      1219,
      1252,
      1265,
      1299,
      1328,
      1365,
      1379,
      1557,
      1583,
      1657,
      1751,
      1841,
      1848,
      1904,
      1942,
      2117,
      2251,
      2299,
      2320,
      2401,
      2423,
      2511,
      2525,
      2571,
      2594,
      2610,
      2622,
      2670,
      2722,
      2730,
      2888,
      2943,
      2984,
      3059,
      3082,
      3191,
      3322,
      3351,
      3414,
      3465,
      3471,
      3484,
      3492,
      3494,
      3554,
      3573,
      3623,
      3692,
      3698,
      3758,
      3805,
      3819,
      3823,
      3894,
      3988,
      4011,
      4059,
      4081,
      4118,
      4123,
      4150,
      4180,
      4292,
      4302,
      4336,
      4354,
      4365,
      4369,
      4424,
      4439,
      4458,
      4488,
      4494,
      4510,
      4539,
      4596
    ],
    "7": [
      7,
      66,
      78,
      99,
      230,
      330,
      372,
      491,
      631,
      715,
      872,
      889,
      907,
      1128,
      1135,
      1151,
      1244,
      1256,
      1262,
      1306,
      1454,
      1520,
      1625,
      1709,
      1751,
      1816,
      1824,
      1830,
      1898,
      1929,
      1958,
      1969,
      2089,
      2227,
      2248,
      2261,
      2263,
      2366,
      2433,
      2513,
      2517,
      2676,
      2747,
      2877,
      2977,
      2998,
      3135,
      3149,
      3216,
      3251,
      3259,
      3284,
      3381,
      3389,
      3487,
      3521,
      3690,
      3760,
      3825,
      3944,
      3948,
      4055,
      4122,
      4130,
      4141,
      4143,
      4254,
      4299,
      4421,
      4475
    ],
    "4": [
      49,
      254,
      496,
      522,
      570,
      775,
      845,
      885,
      889,
      917,
      949,
      1123,
      1164,
      1260,
      1295,
      1302,
      1350,
      1399,
      1491,
      1658,
      1710,
      1963,
      1981,
      2065,
      2096,
      2098,
      2136,
      2185,
      2224,
      2247,
      2489,
      2502,
      2524,
      2543,
      2605,
      2613,
      2642,
      2778,
      2785,
      2860,
      2923,
      2958,
      3068,
      3175,
      3194,
      3214,
      3337,
      3482,
      3512,
      3597,
      3609,
      3780,
      3811,
      3829,
      3874,
      4015,
      4034,
      4046,
      4088,
      4256,
      4399,
      4490,
      4579,
      4584
    ],
    "3": [
      92,
      147,
      195,
      201,
      208,
      213,
      272,
      331,
      422,
      429,
      482,
      511,
      545,
      568,
      611,
      688,
      732,
      811,
      950,
      963,
      1036,
      1121,
      1144,
      1172,
      1269,
      1278,
      1378,
      1432,
      1453,
      1535,
      1537,
      1575,
      1588,
      1616,
      1636,
      1700,
      1840,
      1863,
      1972,
      1983,
      2132,
      2168,
      2335,
      2343,
      2390,
      2434,
      2486,
      2574,
      2650,
      2659,
      2703,
      2755,
      2803,
      2824,
      3060,
      3069,
      3114,
      3161,
      3206,
      3269,
      3329,
      3349,
      3485,
      3534,
      3663,
      3671,
      3818,
      3831,
      3905,
      3939,
      3994,
      4071,
      4249,
      4259,
      4277,
      4335,
      4339,
      4410,
      4433,
      4515
    ],
    "5": [
      39,
      69,
      117,
      152,
      186,
      315,
      330,
      340,
      386,
      391,
      421,
      429,
      556,
      596,
      608,
      616,
      1031,
      1067,
      1108,
      1249,
      1313,
      1397,
      1524,
      1569,
      1636,
      1733,
      1870,
      1936,
      2085,
      2188,
      2220,
      2246,
      2278,
      2286,
      2395,
      2415,
      2496,
      2575,
      2611,
      2675,
      2777,
      2816,
      2938,
      2977,
      2992,
      3244,
      3395,
      3551,
      3632,
      3692,
      3710,
      3791,
      3794,
      3810,
      3884,
      3893,
      3943,
      3979,
      4066,
      4104,
      4150,
      4181,
      4206,
      4281,
      4290,
      4410,
      4472,
      4516,
      4577
    ],