{
  "entry": "Q3E774",
  "entry_name": "YD159_YEAST",
  "type": "CLM",
  "prompt": "MYNQIINTFIDDCLFLQTPMLQSPISSKIVLSFF",
  "k": 928,
  "original_sequence": "MYNQIINTFIDDCLFLQTPMLQSPISSKIVLSFFLRNFFPSLF",
  "original_ll": -2.621448040008545,
  "original_perplexity": 13.75562858581543,
  "progen3_sequence": "MYNQIINTFIDDCLFLQTPMLQSPISSKIVLSFFLVFSLIGFL",
  "progen3_ll": -2.2289319038391113,
  "progen3_perplexity": 9.289937973022461,
  "max_sequence": "MYNQIINTFIDDCLFLQTPMLQSPISSKIVLSFFFLILIASCS",
  "max_ll": -2.0715434551239014,
  "max_perplexity": 7.9370646476745605,
  "max_kl": 0.00910860113799572,
  "max_nmse": 0.002293660305440426,
  "base_sequence": "MYNQIINTFIDDCLFLQTPMLQSPISSKIVLSFFNSNCNSNCI",
  "base_ll": -2.8561694622039795,
  "base_perplexity": 17.39476776123047,
  "base_kl": 0.3304145932197571,
  "base_nmse": 0.03286653384566307,
  "recovered_sequence": "MYNQIINTFIDDCLFLQTPMLQSPISSKIVLSFFLVLSLILFL",
  "recovered_ll": -2.0181126594543457,
  "recovered_perplexity": 7.524110794067383,
  "recovered_kl": 0.053941480815410614,
  "recovered_nmse": 0.012228860519826412,
  "nodes": {
    "9": [
      12,
      34,
      162,
      184,
      263,
      307,
      352,
      359,
      381,
      407,
      538,
      734,
      755,
      760,
      763,
      767,
      777,
      957,
      967,
      1042,
      1080,
      1081,
      1092,
      1166,
      1184,
      1196,
      1251,
      1302,
      1483,
      1491,
      1528,
      1530,
      1538,
      1560,
      1579,
      1665,
      1713,
      1725,
      1735,
      1782,
      1828,
      1832,
      1844,
      1851,
      1942,
      1957,
      2005,
      2105,
      2108,
      2109,
      2117,
      2126,
      2143,
      2264,
      2283,
      2287,
      2395,
      2450,
      2510,
      2531,
      2539,
      2604,
      2642,
      2715,
      2732,
      2763,
      2787,
      2924,
      2975,
      3006,
      3008,
      3050,
      3087,
      3105,
      3162,
      3198,
      3199,
      3221,
      3290,
      3310,
      3382,
      3426,
      3513,
      3526,
      3540,
      3581,
      3624,
      3676,
      3709,
      3779,
      3802,
      3821,
      3836,
      3965,
      3999,
      4103,
      4129,
      4244,
      4275,
      4419,
      4478,
      4482,
      4533,
      4544
    ],
    "7": [
      7,
      66,
      72,
      230,
      283,
      362,
      396,
      553,
      631,
      740,
      872,
      889,
      893,
      907,
      970,
      1070,
      1145,
      1151,
      1256,
      1382,
      1416,
      1454,
      1502,
      1520,
      1530,
      1544,
      1625,
      1751,
      1784,
      1816,
      1824,
      1830,
      1929,
      1958,
      1969,
      2023,
      2089,
      2113,
      2229,
      2248,
      2263,
      2279,
      2288,
      2366,
      2428,
      2433,
      2476,
      2488,
      2513,
      2733,
      2747,
      2770,
      2802,
      2832,
      2877,
      2891,
      2998,
      3031,
      3128,
      3135,
      3167,
      3216,
      3235,
      3251,
      3389,
      3428,
      3457,
      3487,
      3521,
      3588,
      3608,
      3690,
      3942,
      3948,
      3950,
      4024,
      4055,
      4122,
      4130,
      4134,
      4159,
      4260,
      4331,
      4421,
      4451,
      4475,
      4564,
      4566,
      4589,
      4598
    ],
    "8": [
      301,
      311,
      392,
      417,
      583,
      737,
      817,
      876,
      900,
      999,
      1004,
      1008,
      1121,
      1136,
      1201,
      1301,
      1376,
      1390,
      1400,
      1404,
      1444,
      1479,
      1486,
      1535,
      1557,
      1664,
      1744,
      1757,
      1777,
      1797,
      1838,
      1877,
      1954,
      1956,
      2077,
      2080,
      2106,
      2109,
      2112,
      2151,
      2175,
      2201,
      2262,
      2348,
      2401,
      2479,
      2499,
      2564,
      2567,
      2596,
      2605,
      2619,
      2621,
      2695,
      2743,
      2779,
      2828,
      2972,
      3007,
      3200,
      3236,
      3396,
      3432,
      3449,
      3485,
      3645,
      3653,
      3659,
      3711,
      3733,
      3741,
      3865,
      3895,
      3956,
      3989,
      4010,
      4011,
      4118,
      4121,
      4167,
      4177,
      4184,
      4190,
      4294,
      4310,
      4471,
      4530,
      4546,
      4559
    ],
    "5": [
      17,
      37,
      148,
      232,
      249,
      285,
      330,
      334,
      367,
      414,
      425,
      486,
      556,
      637,
      701,
      762,
      796,
      841,
      878,
      900,
      1004,
      1031,
      1127,
      1167,
      1244,
      1249,
      1269,
      1442,
      1466,
      1524,
      1733,
      1936,
      1994,
      2114,
      2188,
      2213,
      2250,
      2286,
      2321,
      2434,
      2537,
      2540,
      2606,
      2652,
      2675,
      2777,
      2816,
      2879,
      3064,
      3139,
      3194,
      3319,
      3625,
      3632,
      3654,
      3745,
      3775,
      3884,
      3913,
      3946,
      3961,
      4008,
      4122,
      4200,
      4223,
      4285,
      4585
    ],
    "0": [
      33,
      81,
      100,
      185,
      186,
      229,
      247,
      276,
      482,
      487,
      557,
      596,
      634,
      694,
      703,
      731,
      738,
      753,
      797,
      827,
      831,
      933,
      970,
      1016,
      1019,
      1026,
      1050,
      1083,
      1119,
      1174,
      1231,
      1252,
      1270,
      1328,
      1370,
      1387,
      1412,
      1460,
      1557,
      1558,
      1630,
      1639,
      1646,
      1675,
      1751,
      1765,
      1780,
      1878,
      1911,
      1934,
      2079,
      2094,
      2130,
      2139,
      2148,
      2175,
      2193,
      2205,
      2206,
      2299,
      2387,
      2397,
      2552,
      2589,
      2659,
      2694,
      2722,
      2727,
      2782,
      2907,
      2943,
      2968,
      2972,
      3022,
      3062,
      3176,
      3182,
      3206,
      3252,
      3387,
      3421,
      3493,
      3573,
      3576,
      3751,
      3805,
      3949,
      3963,
      3966,
      3988,
      4008,
      4052,
      4066,
      4107,
      4108,
      4111,
      4163,
      4208,
      4240,
      4466,
      4490,
      4496,
      4532,
      4590,
      4593
    ],
    "4": [
      35,
      49,
      82,
      165,
      363,
      407,
      483,
      522,
      574,
      632,
      685,
      712,
      827,
      846,
      889,
      921,
      1167,
      1194,
      1201,
      1250,
      1259,
      1300,
      1321,
      1367,
      1399,
      1421,
      1464,
      1466,
      1491,
      1507,
      1547,
      1570,
      1658,
      1709,
      1858,
      1861,
      1929,
      2217,
      2267,
      2308,
      2488,
      2489,
      2490,
      2540,
      2543,
      2555,
      2605,
      2645,
      2693,
      2708,
      2825,
      2859,
      2910,
      2924,
      2937,
      2962,
      3061,
      3068,
      3076,
      3097,
      3112,
      3142,
      3175,
      3221,
      3233,
      3331,
      3369,
      3432,
      3464,
      3512,
      3594,
      3597,
      3609,
      3620,
      3627,
      3664,
      3681,
      3685,
      3714,
      3719,
      3808,
      3811,
      3947,
      4015,
      4029,
      4152,
      4161,
      4173,
      4218,
      4250,
      4342,
      4399,
      4490,
      4525,
      4584
    ],