{
  "entry": "Q45067",
  "entry_name": "YNFC_BACSU",
  "type": "CLM",
  "prompt": "MDWGIIIKIFSNIKGGGDHLKKVTILKASILFLAIASFHLFSIPHAFDIGHHYKAVADQQEMHEMKAGQNADDEKKSITGAFTLTALWAMAVLLLTAESKSTGYSRRR",
  "k": 992,
  "original_sequence": "MDWGIIIKIFSNIKGGGDHLKKVTILKASILFLAIASFHLFSIPHAFDIGHHYKAVADQQEMHEMKAGQNADDEKKSITGAFTLTALWAMAVLLLTAESKSTGYSRRRQRKKSFILAKFYQSSYFGKLHVQHHPIM",
  "original_ll": -3.0626919269561768,
  "original_perplexity": 21.385047912597656,
  "progen3_sequence": "MDWGIIIKIFSNIKGGGDHLKKVTILKASILFLAIASFHLFSIPHAFDIGHHYKAVADQQEMHEMKAGQNADDEKKSITGAFTLTALWAMAVLLLTAESKSTGYSRRRLVGAGISALLIVVGLFGVLSLSGLALGL",
  "progen3_ll": -2.231462001800537,
  "progen3_perplexity": 9.313472747802734,
  "max_sequence": "MDWGIIIKIFSNIKGGGDHLKKVTILKASILFLAIASFHLFSIPHAFDIGHHYKAVADQQEMHEMKAGQNADDEKKSITGAFTLTALWAMAVLLLTAESKSTGYSRRRVAYLLALGAVLLSAIILLSIWGGGSIRV",
  "max_ll": -2.4577770233154297,
  "max_perplexity": 11.678821563720703,
  "max_kl": 0.0088494336232543,
  "max_nmse": 0.006093781441450119,
  "base_sequence": "MDWGIIIKIFSNIKGGGDHLKKVTILKASILFLAIASFHLFSIPHAFDIGHHYKAVADQQEMHEMKAGQNADDEKKSITGAFTLTALWAMAVLLLTAESKSTGYSRRRMLMLLGMSSFSCTDNHQSGGSSNVSSSS",
  "base_ll": -2.8033759593963623,
  "base_perplexity": 16.50025749206543,
  "base_kl": 0.2176910936832428,
  "base_nmse": 0.16149203479290009,
  "recovered_sequence": "MDWGIIIKIFSNIKGGGDHLKKVTILKASILFLAIASFHLFSIPHAFDIGHHYKAVADQQEMHEMKAGQNADDEKKSITGAFTLTALWAMAVLLLTAESKSTGYSRRRLVILGLLALLILLILFGVLSLSGLALGL",
  "recovered_ll": -2.233863115310669,
  "recovered_perplexity": 9.335862159729004,
  "recovered_kl": 0.023773828521370888,
  "recovered_nmse": 0.020712673664093018,
  "nodes": {
    "9": [
      12,
      34,
      162,
      184,
      263,
      324,
      359,
      375,
      381,
      407,
      411,
      419,
      464,
      466,
      473,
      513,
      538,
      545,
      760,
      763,
      767,
      957,
      967,
      991,
      994,
      1036,
      1042,
      1049,
      1080,
      1092,
      1106,
      1166,
      1184,
      1196,
      1219,
      1291,
      1302,
      1306,
      1438,
      1455,
      1491,
      1523,
      1528,
      1530,
      1560,
      1577,
      1579,
      1662,
      1713,
      1725,
      1735,
      1742,
      1782,
      1789,
      1796,
      1828,
      1832,
      1835,
      1844,
      1851,
      1931,
      1942,
      1957,
      2001,
      2005,
      2056,
      2080,
      2108,
      2109,
      2143,
      2264,
      2273,
      2283,
      2287,
      2383,
      2395,
      2405,
      2423,
      2441,
      2450,
      2510,
      2531,
      2732,
      2768,
      2787,
      2812,
      2888,
      2924,
      2941,
      2969,
      2975,
      3006,
      3008,
      3036,
      3050,
      3087,
      3105,
      3146,
      3162,
      3187,
      3199,
      3232,
      3310,
      3381,
      3382,
      3407,
      3414,
      3426,
      3513,
      3526,
      3538,
      3540,
      3581,
      3624,
      3721,
      3760,
      3779,
      3802,
      3821,
      3836,
      3880,
      3942,
      3965,
      3999,
      4106,
      4129,
      4190,
      4250,
      4380,
      4396,
      4419,
      4475,
      4482,
      4533,
      4544,
      4598,
      4603
    ],
    "2": [
      2,
      17,
      128,
      152,
      209,
      255,
      286,
      324,
      340,
      364,
      443,
      461,
      472,
      483,
      524,
      578,
      627,
      731,
      810,
      855,
      896,
      973,
      990,
      995,
      1002,
      1075,
      1188,
      1209,
      1254,
      1467,
      1468,
      1533,
      1565,
      1623,
      1728,
      1752,
      1756,
      1783,
      1830,
      1856,
      1860,
      1885,
      1943,
      1946,
      1973,
      2028,
      2040,
      2042,
      2104,
      2204,
      2297,
      2372,
      2435,
      2440,
      2460,
      2524,
      2564,
      2579,
      2587,
      2864,
      2925,
      2984,
      3010,
      3020,
      3070,
      3187,
      3220,
      3255,
      3317,
      3325,
      3353,
      3354,
      3408,
      3452,
      3544,
      3828,
      3933,
      4031,
      4055,
      4080,
      4114,
      4157,
      4198,
      4277,
      4315,
      4326,
      4408,
      4430,
      4454,
      4465,
      4505
    ],
    "8": [
      66,
      209,
      224,
      240,
      300,
      301,
      312,
      372,
      392,
      417,
      540,
      782,
      845,
      847,
      873,
      900,
      1136,
      1197,
      1201,
      1306,
      1323,
      1367,
      1376,
      1408,
      1486,
      1535,
      1548,
      1557,
      1664,
      1670,
      1678,
      1728,
      1744,
      1778,
      1825,
      1838,
      1867,
      1914,
      1956,
      2077,
      2109,
      2112,
      2183,
      2201,
      2279,
      2361,
      2401,
      2433,
      2479,
      2516,
      2536,
      2539,
      2564,
      2587,
      2590,
      2596,
      2605,
      2612,
      2621,
      2695,
      2779,
      3005,
      3055,
      3060,
      3170,
      3232,
      3236,
      3245,
      3257,
      3420,
      3441,
      3531,
      3567,
      3631,
      3642,
      3648,
      3659,
      3825,
      3865,
      3880,
      3895,
      3960,
      3973,
      3989,
      4118,
      4167,
      4201,
      4294,
      4310,
      4356,
      4391,
      4396,
      4471,
      4534,
      4555
    ],
    "7": [
      33,
      53,
      66,
      79,
      85,
      95,
      133,
      222,
      232,
      243,
      271,
      283,
      313,
      321,
      362,
      371,
      437,
      450,
      463,
      546,
      550,
      631,
      633,
      682,
      701,
      725,
      734,
      756,
      819,
      822,
      872,
      889,
      891,
      907,
      937,
      987,
      1067,
      1101,
      1220,
      1225,
      1256,
      1305,
      1418,
      1424,
      1473,
      1508,
      1520,
      1544,
      1563,
      1614,
      1625,
      1654,
      1709,
      1711,
      1717,
      1751,
      1816,
      1824,
      1929,
      1969,
      1970,
      1973,
      1976,
      1988,
      2053,
      2062,
      2113,
      2246,
      2263,
      2306,
      2328,
      2366,
      2392,
      2447,
      2448,
      2489,
      2498,
      2513,
      2594,
      2610,
      2634,
      2681,
      2747,
      2759,
      2816,
      2853,
      2856,
      2877,
      2922,
      2998,
      3002,
      3015,
      3025,
      3027,
      3033,
      3036,
      3135,
      3156,
      3167,
      3225,
      3316,
      3333,
      3363,
      3389,
      3428,
      3486,
      3487,
      3510,
      3521,
      3567,
      3576,
      3622,
      3635,
      3664,
      3690,
      3733,
      3769,
      3784,
      3860,
      3921,
      3932,
      3950,
      3958,
      3998,
      4005,
      4024,
      4055,
      4088,
      4134,
      4151,
      4154,
      4159,
      4176,
      4331,
      4385,
      4411,
      4417,
      4431,
      4475,
      4564,
      4596
    ],