{
  "entry": "Q4JB70",
  "entry_name": "CEDA2_SULAC",
  "type": "CLM",
  "prompt": "MKSYLLVSMLLLLNSILVYIYTKNVQILVSGITVAVIIYIV",
  "k": 800,
  "original_sequence": "MKSYLLVSMLLLLNSILVYIYTKNVQILVSGITVAVIIYIVVKIIFERFVHQ",
  "original_ll": -2.887810230255127,
  "original_perplexity": 17.95395278930664,
  "progen3_sequence": "MKSYLLVSMLLLLNSILVYIYTKNVQILVSGITVAVIIYIVLKLIKNKNILK",
  "progen3_ll": -2.0691583156585693,
  "progen3_perplexity": 7.918155670166016,
  "max_sequence": "MKSYLLVSMLLLLNSILVYIYTKNVQILVSGITVAVIIYIVLILTIQKNTFI",
  "max_ll": -2.577040672302246,
  "max_perplexity": 13.15814208984375,
  "max_kl": 0.01444203406572342,
  "max_nmse": 0.00814217608422041,
  "base_sequence": "MKSYLLVSMLLLLNSILVYIYTKNVQILVSGITVAVIIYIVGFNTETNNLIN",
  "base_ll": -2.8365111351013184,
  "base_perplexity": 17.056156158447266,
  "base_kl": 0.11851813644170761,
  "base_nmse": 0.14488103985786438,
  "recovered_sequence": "MKSYLLVSMLLLLNSILVYIYTKNVQILVSGITVAVIIYIVLKLIKNKKNLK",
  "recovered_ll": -2.0485150814056396,
  "recovered_perplexity": 7.756375312805176,
  "recovered_kl": 0.01735619641840458,
  "recovered_nmse": 0.010872015729546547,
  "nodes": {
    "9": [
      12,
      113,
      162,
      199,
      233,
      359,
      407,
      425,
      448,
      464,
      466,
      538,
      545,
      548,
      672,
      734,
      746,
      755,
      760,
      767,
      818,
      868,
      957,
      967,
      1025,
      1042,
      1055,
      1062,
      1080,
      1081,
      1106,
      1184,
      1214,
      1379,
      1438,
      1491,
      1528,
      1530,
      1560,
      1579,
      1713,
      1725,
      1828,
      1832,
      1835,
      1844,
      1851,
      1872,
      1910,
      1913,
      1942,
      1957,
      2005,
      2109,
      2153,
      2264,
      2283,
      2287,
      2388,
      2423,
      2467,
      2626,
      2732,
      2763,
      2787,
      2796,
      2821,
      2918,
      2941,
      2975,
      3004,
      3008,
      3050,
      3087,
      3101,
      3162,
      3198,
      3199,
      3210,
      3310,
      3316,
      3353,
      3372,
      3382,
      3422,
      3513,
      3526,
      3540,
      3624,
      3765,
      3779,
      3802,
      3821,
      3836,
      3873,
      3880,
      3999,
      4079,
      4106,
      4129,
      4148,
      4190,
      4279,
      4419,
      4421,
      4482,
      4533,
      4544,
      4603
    ],
    "0": [
      5,
      15,
      136,
      427,
      431,
      435,
      460,
      596,
      606,
      619,
      648,
      656,
      693,
      703,
      713,
      738,
      753,
      797,
      818,
      827,
      838,
      853,
      875,
      933,
      1017,
      1026,
      1134,
      1173,
      1265,
      1270,
      1299,
      1412,
      1504,
      1578,
      1583,
      1639,
      1736,
      1793,
      1911,
      2081,
      2089,
      2109,
      2148,
      2205,
      2239,
      2284,
      2330,
      2397,
      2470,
      2493,
      2495,
      2502,
      2511,
      2594,
      2636,
      2727,
      2755,
      2782,
      2844,
      2847,
      2888,
      2902,
      2968,
      2992,
      3038,
      3072,
      3075,
      3082,
      3182,
      3206,
      3220,
      3278,
      3423,
      3438,
      3488,
      3493,
      3573,
      3576,
      3591,
      3641,
      3646,
      3718,
      3751,
      3900,
      3908,
      3930,
      4001,
      4108,
      4111,
      4195,
      4357,
      4380,
      4424,
      4488,
      4510,
      4520,
      4590
    ],
    "1": [
      14,
      55,
      60,
      68,
      106,
      114,
      119,
      158,
      194,
      308,
      314,
      316,
      344,
      420,
      422,
      539,
      565,
      667,
      673,
      686,
      764,
      771,
      804,
      824,
      847,
      908,
      982,
      993,
      1012,
      1038,
      1108,
      1140,
      1148,
      1209,
      1427,
      1494,
      1515,
      1532,
      1578,
      1610,
      1652,
      1655,
      1711,
      1759,
      1924,
      2015,
      2184,
      2219,
      2244,
      2348,
      2365,
      2404,
      2419,
      2475,
      2549,
      2572,
      2655,
      2695,
      2710,
      2876,
      2930,
      2937,
      3039,
      3175,
      3304,
      3385,
      3401,
      3446,
      3532,
      3535,
      3562,
      3680,
      3694,
      3736,
      3743,
      3749,
      3846,
      3869,
      3899,
      4041,
      4049,
      4126,
      4140,
      4163,
      4193,
      4222,
      4235,
      4266,
      4267,
      4298,
      4308,
      4328,
      4431,
      4468,
      4500,
      4514,
      4567
    ],
    "6": [
      34,
      69,
      109,
      265,
      292,
      522,
      613,
      615,
      616,
      902,
      936,
      947,
      1031,
      1053,
      1079,
      1109,
      1178,
      1229,
      1245,
      1310,
      1402,
      1420,
      1487,
      1568,
      1599,
      1746,
      1750,
      1829,
      1915,
      1931,
      2010,
      2071,
      2143,
      2163,
      2196,
      2264,
      2276,
      2315,
      2368,
      2393,
      2588,
      2606,
      2720,
      2842,
      2915,
      2963,
      3064,
      3219,
      3236,
      3243,
      3301,
      3308,
      3390,
      3457,
      3461,
      3472,
      3499,
      3520,
      3569,
      3578,
      3591,
      3699,
      3727,
      3730,
      3927,
      4157,
      4170,
      4174,
      4256,
      4298,
      4360,
      4362,
      4515,
      4591
    ],
    "2": [
      17,
      113,
      132,
      148,
      245,
      250,
      326,
      364,
      392,
      468,
      503,
      524,
      527,
      596,
      838,
      896,
      917,
      939,
      998,
      1002,
      1096,
      1209,
      1293,
      1383,
      1442,
      1470,
      1511,
      1722,
      1740,
      1749,
      1751,
      1756,
      1783,
      1814,
      1896,
      1992,
      2023,
      2035,
      2104,
      2146,
      2204,
      2266,
      2287,
      2317,
      2357,
      2372,
      2404,
      2435,
      2458,
      2479,
      2524,
      2564,
      2616,
      2723,
      2769,
      2772,
      2860,
      2868,
      2926,
      2967,
      3063,
      3082,
      3093,
      3100,
      3191,
      3213,
      3226,
      3318,
      3327,
      3329,
      3334,
      3344,
      3493,
      3611,
      3691,
      3703,
      3799,
      3822,
      3841,
      3844,
      3860,
      3882,
      3927,
      4031,
      4128,
      4326,
      4407,
      4409,
      4426,
      4521,
      4580
    ],
    "7": [
      53,
      79,
      168,
      281,
      283,
      371,
      450,
      485,
      537,
      631,
      652,
      734,
      791,
      819,
      822,
      907,
      937,
      999,
      1010,
      1067,
      1070,
      1117,
      1203,
      1256,
      1416,
      1520,
      1653,
      1670,
      1824,
      2004,
      2071,
      2349,
      2394,
      2428,
      2430,
      2440,
      2447,
      2462,
      2498,
      2681,
      2747,
      2877,
      2907,
      3002,
      3015,
      3025,
      3037,
      3135,
      3156,
      3510,
      3576,
      3715,
      3751,
      3866,
      3921,
      3958,
      4002,
      4024,
      4055,
      4134,
      4196,
      4260,
      4393,
      4451
    ],