{
  "entry": "Q53078",
  "entry_name": "PUP1_RHOER",
  "type": "CLM",
  "prompt": "MAQEQTKRTGGGDEDDTPGGDGAAGQERREKLAEDTDDLLDEIDDVLEENA",
  "k": 480,
  "original_sequence": "MAQEQTKRTGGGDEDDTPGGDGAAGQERREKLAEDTDDLLDEIDDVLEENAEDFVRAYVQKGGQ",
  "original_ll": -0.7115984559059143,
  "original_perplexity": 2.037245273590088,
  "progen3_sequence": "MAQEQTKRTGGGDEDDTPGGDGAAGQERREKLAEDTDDLLDEIDDVLEENAEEFVREYVQKGGE",
  "progen3_ll": -0.32722532749176025,
  "progen3_perplexity": 1.3871139287948608,
  "max_sequence": "MAQEQTKRTGGGDEDDTPGGDGAAGQERREKLAEDTDDLLDEIDDVLEENAERIKESVERAGGK",
  "max_ll": -2.2642886638641357,
  "max_perplexity": 9.624276161193848,
  "max_kl": 1.6950663328170776,
  "max_nmse": 0.3611595928668976,
  "base_sequence": "MAQEQTKRTGGGDEDDTPGGDGAAGQERREKLAEDTDDLLDEIDDVLEENARRRKTAERDRREE",
  "base_ll": -2.7029523849487305,
  "base_perplexity": 14.923727989196777,
  "base_kl": 1.7934489250183105,
  "base_nmse": 0.9008029103279114,
  "recovered_sequence": "MAQEQTKRTGGGDEDDTPGGDGAAGQERREKLAEDTDDLLDEIDDVLEENARRLRKEYRKARKK",
  "recovered_ll": -2.7226572036743164,
  "recovered_perplexity": 15.220712661743164,
  "recovered_kl": 1.957491397857666,
  "recovered_nmse": 0.32047292590141296,
  "nodes": {
    "9": [
      7,
      43,
      44,
      90,
      127,
      224,
      234,
      262,
      297,
      302,
      305,
      345,
      428,
      488,
      494,
      504,
      506,
      636,
      654,
      706,
      715,
      732,
      814,
      828,
      847,
      857,
      906,
      937,
      992,
      1040,
      1088,
      1089,
      1120,
      1170,
      1195,
      1226,
      1245,
      1272,
      1284,
      1285,
      1341,
      1343,
      1352,
      1366,
      1394,
      1434,
      1535,
      1551,
      1554,
      1574,
      1633,
      1651,
      1732,
      1795,
      1815,
      1824,
      1881,
      1882,
      1890,
      1903,
      1934,
      1957,
      2026,
      2043,
      2047,
      2061,
      2217,
      2218,
      2227,
      2251,
      2274,
      2411,
      2417,
      2488,
      2535,
      2542,
      2545,
      2551,
      2619,
      2687,
      2704,
      2741,
      2788,
      2817,
      2890,
      2954,
      2974,
      3021,
      3028,
      3147,
      3157,
      3192,
      3266,
      3271,
      3284,
      3292,
      3296,
      3346,
      3458,
      3481,
      3484,
      3487,
      3528,
      3540,
      3547,
      3624,
      3661,
      3685,
      3740,
      3872,
      3881,
      3887,
      3912,
      3934,
      3980,
      3989,
      4049,
      4050,
      4069,
      4098,
      4142,
      4168,
      4294,
      4325,
      4402,
      4413,
      4444,
      4450,
      4520,
      4590
    ],
    "8": [
      49,
      94,
      188,
      301,
      349,
      372,
      392,
      585,
      647,
      704,
      806,
      817,
      845,
      854,
      900,
      907,
      949,
      1064,
      1251,
      1301,
      1306,
      1371,
      1408,
      1424,
      1443,
      1482,
      1483,
      1548,
      1557,
      1560,
      1664,
      1670,
      1678,
      1687,
      1777,
      1893,
      1942,
      2109,
      2140,
      2199,
      2201,
      2479,
      2536,
      2546,
      2557,
      2567,
      2590,
      2596,
      2605,
      2621,
      2635,
      2949,
      3236,
      3263,
      3283,
      3711,
      3865,
      3880,
      3989,
      4094,
      4292,
      4310,
      4369,
      4391
    ],
    "7": [
      7,
      11,
      93,
      330,
      372,
      642,
      689,
      846,
      872,
      889,
      907,
      914,
      1059,
      1252,
      1256,
      1262,
      1269,
      1319,
      1366,
      1370,
      1445,
      1454,
      1461,
      1496,
      1516,
      1709,
      1751,
      1758,
      1824,
      1855,
      1856,
      1929,
      1952,
      1969,
      2159,
      2254,
      2464,
      2685,
      2747,
      2802,
      2877,
      2998,
      3013,
      3103,
      3169,
      3216,
      3367,
      3381,
      3403,
      3727,
      3755,
      4065,
      4077,
      4161,
      4245,
      4287,
      4299,
      4421
    ],
    "0": [
      460,
      635,
      648,
      933,
      956,
      1297,
      1484,
      1652,
      1683,
      1882,
      2031,
      2201,
      2665,
      2691,
      2692,
      2757,
      2771,
      2853,
      2969,
      2984,
      3057,
      3256,
      3309,
      3334,
      3355,
      3644,
      3853,
      3861,
      4103,
      4426,
      4488,
      4596
    ],
    "5": [
      107,
      140,
      280,
      305,
      330,
      446,
      449,
      616,
      686,
      695,
      775,
      845,
      1031,
      1249,
      1344,
      1405,
      1769,
      1839,
      1979,
      2020,
      2238,
      2264,
      2652,
      2777,
      2902,
      3031,
      3244,
      3263,
      3446,
      3459,
      3466,
      3597,
      3615,
      3749,
      3759,
      3762,
      3808,
      3853,
      3878,
      3950,
      3996,
      4011,
      4107,
      4410,
      4549,
      4558,
      4601,
      4602
    ],
    "6": [
      4,
      23,
      85,
      309,
      365,
      491,
      510,
      600,
      609,
      698,
      897,
      942,
      947,
      1085,
      1135,
      1154,
      1189,
      1211,
      1305,
      1306,
      1348,
      1467,
      1584,
      1627,
      1710,
      1899,
      1987,
      2024,
      2322,
      2327,
      2354,
      2368,
      2389,
      2460,
      2496,
      2536,
      2569,
      2588,
      2596,
      2621,
      2726,
      2727,
      3419,
      3520,
      3750,
      3835,
      3957,
      3981,
      4127,
      4184,
      4240,
      4256,
      4311,
      4319,
      4400,
      4425,
      4501,
      4504,
      4512,
      4596
    ],
    "1": [
      74,
      1271,
      1638,
      1732,
      1733,
      1805,
      1914,
      2265,
      2906,
      3010,
      3184,
      3277,
      3939,
      4448
    ],
    "4": [
      132,
      483,
      710,
      866,
      1260,
      1321,
      1468,
      1570,
      1719,
      2230,
      2502,
      2540,
      2605,
      2643,
      2737,
      2901,
      2950,
      3134,
      3178,
      3230,
      3331,
      3841,
      3955,
      4029,
      4037,
      4062,
      4134,
      4186,
      4440,
      4458,
      4481
    ],
    "2": [
      253,
      591,
      670,
      971,
      1110,
      1161,
      1387,
      2171,
      2780,
      3304,
      3597,
      3601,
      4027,
      4063,
      4377
    ],
    "3": [
      173,
      545,
      648,
      792,
      804,
      1132,
      1358,
      1430,
      1542,
      1789,
      1804,
      1872,
      1882,
      1936,
      2221,
      2593,
      2644,
      2771,
      3007,
      3157,
      3177,
      3222,
      3340,
      3506,
      3764,
      3818,
      4015,
      4432
    ]
  }
}
