{
  "entry": "Q54TW3",
  "entry_name": "RL29_DICDI",
  "type": "GLM_2",
  "prompt": "MAKSKNHSTHHKNRKDHRNGIKKAVVHKKTSSKGVELGFARNQRYARIGTEIKRYVRGDMQEVKAHKNPRQPLKTIVAAAKAKLAAKKAAAKK[GLM]88-89-1",
  "k": 32,
  "original_sequence": "MAKSKNHSTHHKNRKDHRNGIKKAVVHKKTSSKGVELGFARNQRYARIGTEIKRYVRGDMQEVKAHKNPRQPLKTIVAAAKAKLAAKKAAAKK",
  "original_ll": -1.6242631673812866,
  "original_perplexity": 5.074678421020508,
  "progen3_sequence": "MAKSKNHSTHHKNRKDHRNGIKKAVVHKKTSSKGVELGFARNQRYARIGTEIKRYVRGDMQEVKAHKNPRQPLKTIVAAAKAKLAAKKLAAKK",
  "progen3_ll": -3.737544536590576,
  "progen3_perplexity": 41.994747161865234,
  "max_sequence": "MAKSKNHSTHHKNRKDHRNGIKKAVVHKKTSSKGVELGFARNQRYARIGTEIKRYVRGDMQEVKAHKNPRQPLKTIVAAAKAKLAAKKIAAKK",
  "max_ll": -4.249263286590576,
  "max_perplexity": 70.05377960205078,
  "max_kl": 1.3507293462753296,
  "max_nmse": 0.0346665121614933,
  "base_sequence": "MAKSKNHSTHHKNRKDHRNGIKKAVVHKKTSSKGVELGFARNQRYARIGTEIKRYVRGDMQEVKAHKNPRQPLKTIVAAAKAKLAAKKMAAKK",
  "base_ll": -5.100825786590576,
  "base_perplexity": 164.1574249267578,
  "base_kl": 0.3998967707157135,
  "base_nmse": 0.03624565899372101,
  "recovered_sequence": "MAKSKNHSTHHKNRKDHRNGIKKAVVHKKTSSKGVELGFARNQRYARIGTEIKRYVRGDMQEVKAHKNPRQPLKTIVAAAKAKLAAKKLAAKK",
  "recovered_ll": -3.737544536590576,
  "recovered_perplexity": 41.994747161865234,
  "recovered_kl": 0.47734272480010986,
  "recovered_nmse": 0.011079447343945503,
  "nodes": {
    "9": [
      12,
      429,
      833,
      967,
      1256,
      1320,
      1491,
      1579,
      1835,
      1844,
      2191,
      2287,
      2933,
      3147,
      3193,
      3199,
      3272,
      3516,
      3523,
      3540,
      3624,
      3779,
      3821,
      4079,
      4495
    ],
    "8": [
      372,
      2567,
      3648
    ],
    "0": [
      4488
    ],
    "2": [
      1178,
      2820
    ],
    "6": [
      2120
    ]
  }
}
