{
  "entry": "Q58149",
  "entry_name": "Y739_METJA",
  "type": "CLM",
  "prompt": "MISVKDVVNYNPEEYKFKSREIPSDLLAIIIYAYMQKVKDLGSDTTLYEIGYEVGRLVSPKSYEDIKKFFEANNIGYIEIKEKDNGEVEIKVKDCIFCRTQKSEEPMCDFEAGLIAGFLE",
  "k": 960,
  "original_sequence": "MISVKDVVNYNPEEYKFKSREIPSDLLAIIIYAYMQKVKDLGSDTTLYEIGYEVGRLVSPKSYEDIKKFFEANNIGYIEIKEKDNGEVEIKVKDCIFCRTQKSEEPMCDFEAGLIAGFLESIKNKKYFVKEMYCQAQGYDACVFIAKPLHN",
  "original_ll": -2.972747802734375,
  "original_perplexity": 19.545555114746094,
  "progen3_sequence": "MISVKDVVNYNPEEYKFKSREIPSDLLAIIIYAYMQKVKDLGSDTTLYEIGYEVGRLVSPKSYEDIKKFFEANNIGYIEIKEKDNGEVEIKVKDCIFCRTQKSEEPMCDFEAGLIAGFLENKTYENILENLEGEKIKIIKETIDIDSLLKK",
  "progen3_ll": -2.4175913333892822,
  "progen3_perplexity": 11.218804359436035,
  "max_sequence": "MISVKDVVNYNPEEYKFKSREIPSDLLAIIIYAYMQKVKDLGSDTTLYEIGYEVGRLVSPKSYEDIKKFFEANNIGYIEIKEKDNGEVEIKVKDCIFCRTQKSEEPMCDFEAGLIAGFLEKVDFYDVIDNIKKLKSTKKKEKDLEFFVFDE",
  "max_ll": -2.581233024597168,
  "max_perplexity": 13.213420867919922,
  "max_kl": 0.00629038643091917,
  "max_nmse": 0.0052629634737968445,
  "base_sequence": "MISVKDVVNYNPEEYKFKSREIPSDLLAIIIYAYMQKVKDLGSDTTLYEIGYEVGRLVSPKSYEDIKKFFEANNIGYIEIKEKDNGEVEIKVKDCIFCRTQKSEEPMCDFEAGLIAGFLEKEIKKNYKKESKKKKKKNKKNDNNKKKIKKI",
  "base_ll": -2.065117359161377,
  "base_perplexity": 7.886223793029785,
  "base_kl": 0.1931774616241455,
  "base_nmse": 0.16835682094097137,
  "recovered_sequence": "MISVKDVVNYNPEEYKFKSREIPSDLLAIIIYAYMQKVKDLGSDTTLYEIGYEVGRLVSPKSYEDIKKFFEANNIGYIEIKEKDNGEVEIKVKDCIFCRTQKSEEPMCDFEAGLIAGFLENKTYENELENLDGEKDKIKKETIDIDKGGKK",
  "recovered_ll": -2.601134777069092,
  "recovered_perplexity": 13.479024887084961,
  "recovered_kl": 0.01940743625164032,
  "recovered_nmse": 0.020121242851018906,
  "nodes": {
    "9": [
      5,
      12,
      50,
      162,
      280,
      407,
      414,
      429,
      464,
      466,
      497,
      506,
      512,
      538,
      545,
      622,
      671,
      734,
      745,
      746,
      755,
      758,
      760,
      765,
      767,
      957,
      967,
      981,
      1025,
      1062,
      1081,
      1086,
      1184,
      1190,
      1307,
      1374,
      1402,
      1459,
      1461,
      1483,
      1491,
      1579,
      1584,
      1713,
      1725,
      1750,
      1828,
      1832,
      1835,
      1844,
      1851,
      1942,
      1949,
      1957,
      2005,
      2020,
      2046,
      2105,
      2109,
      2169,
      2248,
      2264,
      2287,
      2298,
      2349,
      2423,
      2510,
      2511,
      2545,
      2548,
      2572,
      2592,
      2626,
      2642,
      2706,
      2719,
      2732,
      2787,
      2791,
      2858,
      2916,
      2941,
      3004,
      3008,
      3050,
      3146,
      3198,
      3199,
      3266,
      3310,
      3346,
      3372,
      3382,
      3408,
      3513,
      3516,
      3540,
      3588,
      3624,
      3649,
      3672,
      3676,
      3695,
      3723,
      3779,
      3795,
      3802,
      3821,
      3841,
      3873,
      3925,
      3965,
      3999,
      4038,
      4079,
      4106,
      4129,
      4168,
      4190,
      4250,
      4279,
      4370,
      4398,
      4419,
      4469,
      4482,
      4533,
      4544,
      4603
    ],
    "0": [
      21,
      108,
      218,
      229,
      253,
      276,
      343,
      363,
      449,
      460,
      526,
      608,
      648,
      694,
      738,
      817,
      875,
      933,
      1013,
      1026,
      1093,
      1135,
      1166,
      1222,
      1250,
      1265,
      1297,
      1354,
      1356,
      1450,
      1495,
      1565,
      1583,
      1652,
      1728,
      1738,
      1757,
      1770,
      1777,
      1800,
      1810,
      1844,
      1849,
      1851,
      1861,
      2031,
      2114,
      2117,
      2152,
      2160,
      2205,
      2257,
      2324,
      2384,
      2420,
      2470,
      2473,
      2517,
      2594,
      2607,
      2722,
      2776,
      2777,
      2888,
      2895,
      2907,
      2962,
      3024,
      3057,
      3078,
      3114,
      3121,
      3190,
      3205,
      3244,
      3278,
      3323,
      3414,
      3480,
      3517,
      3536,
      3539,
      3554,
      3555,
      3573,
      3593,
      3598,
      3641,
      3644,
      3676,
      3747,
      3844,
      3853,
      3879,
      3930,
      3934,
      3963,
      4012,
      4066,
      4081,
      4194,
      4195,
      4279,
      4336,
      4360,
      4388,
      4426,
      4488,
      4507,
      4520,
      4596
    ],
    "8": [
      94,
      188,
      263,
      293,
      301,
      392,
      394,
      456,
      457,
      582,
      583,
      605,
      643,
      657,
      707,
      817,
      835,
      841,
      845,
      854,
      889,
      900,
      991,
      1013,
      1030,
      1069,
      1230,
      1299,
      1301,
      1306,
      1400,
      1404,
      1408,
      1417,
      1480,
      1548,
      1557,
      1560,
      1664,
      1676,
      1678,
      1687,
      1734,
      1777,
      1804,
      1825,
      1838,
      1948,
      1955,
      2030,
      2054,
      2069,
      2077,
      2109,
      2112,
      2122,
      2151,
      2154,
      2181,
      2199,
      2201,
      2203,
      2256,
      2300,
      2361,
      2400,
      2401,
      2479,
      2567,
      2583,
      2596,
      2605,
      2621,
      2633,
      2727,
      2729,
      2854,
      2906,
      2988,
      3007,
      3009,
      3102,
      3142,
      3235,
      3236,
      3248,
      3263,
      3380,
      3440,
      3490,
      3631,
      3648,
      3653,
      3659,
      3679,
      3711,
      3741,
      3849,
      3860,
      3865,
      3895,
      3960,
      3962,
      3973,
      3989,
      4011,
      4026,
      4118,
      4121,
      4201,
      4211,
      4292,
      4294,
      4310,
      4337,
      4391,
      4432
    ],
    "5": [
      17,
      69,
      117,
      293,
      308,
      330,
      340,
      343,
      470,
      616,
      666,
      701,
      702,
      719,
      774,
      776,
      868,
      893,
      894,
      1031,
      1078,
      1099,
      1108,
      1288,
      1313,
      1344,
      1669,
      1692,
      1733,
      1769,
      1796,
      1835,
      1870,
      1874,
      2020,
      2183,
      2188,
      2189,
      2346,
      2451,
      2575,
      2611,
      2642,
      2735,
      2746,
      2831,
      2938,
      2956,
      3038,
      3056,
      3118,
      3235,
      3244,
      3330,
      3532,
      3679,
      3692,
      3710,
      3943,
      4077,
      4102,
      4124,
      4161,
      4181,
      4208,
      4348,
      4402,
      4427,
      4461,
      4516
    ],
    "7": [
      7,
      11,
      34,
      41,
      66,
      78,
      83,
      123,
      230,
      283,
      291,
      341,
      345,
      396,
      435,
      450,
      465,
      491,
      517,
      589,
      647,
      711,
      715,
      740,
      872,
      889,
      907,
      992,
      1010,
      1059,
      1070,
      1126,
      1151,
      1244,
      1256,
      1419,
      1454,
      1489,
      1520,
      1523,
      1544,
      1625,
      1634,
      1675,
      1709,
      1751,
      1816,
      1824,
      1826,
      1929,
      1969,
      2113,
      2227,
      2263,
      2287,
      2428,
      2476,
      2488,
      2517,
      2595,
      2747,
      2802,
      2877,
      2891,
      2987,
      2998,
      3135,
      3251,
      3381,
      3389,
      3487,
      3576,
      3588,
      3601,
      3690,
      3825,
      3942,
      3948,
      3971,
      4005,
      4055,
      4130,
      4159,
      4254,
      4299,
      4331,
      4421,
      4593
    ],