{
  "entry": "Q58177",
  "entry_name": "Y767_METJA",
  "type": "GLM_1",
  "prompt": "MVNVERISISFPKFLLKEIDEVVKKKGYSSRSELIRDAVRKYVLENNPLNKNETVSGIIIVVYNPTKEALEKMSKLYFEHNKVIKSLNQAYVTTSCGKNAKVEIFVVEGNSKDISKFYEEIEKINGKIYDKVIIF[GLM]18-50-32",
  "k": 1000,
  "original_sequence": "MVNVERISISFPKFLLKEIDEVVKKKGYSSRSELIRDAVRKYVLENNPLNKNETVSGIIIVVYNPTKEALEKMSKLYFEHNKVIKSLNQAYVTTSCGKNAKVEIFVVEGNSKDISKFYEEIEKINGKIYDKVIIF",
  "original_ll": -1.9060051441192627,
  "original_perplexity": 6.726164817810059,
  "progen3_sequence": "MVNVERISISFPKFLLKEKKFENLVKEELVKLAEEERKYELEKKKPKKKDKNETVSGIIIVVYNPTKEALEKMSKLYFEHNKVIKSLNQAYVTTSCGKNAKVEIFVVEGNSKDISKFYEEIEKINGKIYDKVIIF",
  "progen3_ll": -2.478128433227539,
  "progen3_perplexity": 11.918936729431152,
  "max_sequence": "MVNVERISISFPKFLLKEEDKYKEEKKKKEVIIEKTLVDKNRKGNTNKKKKNETVSGIIIVVYNPTKEALEKMSKLYFEHNKVIKSLNQAYVTTSCGKNAKVEIFVVEGNSKDISKFYEEIEKINGKIYDKVIIF",
  "max_ll": -2.543510675430298,
  "max_perplexity": 12.724264144897461,
  "max_kl": 0.12981271743774414,
  "max_nmse": 0.040469978004693985,
  "base_sequence": "MVNVERISISFPKFLLKEKYYNYNFKEKKYKKNKNNNMKKNMNFKKKKKIKNETVSGIIIVVYNPTKEALEKMSKLYFEHNKVIKSLNQAYVTTSCGKNAKVEIFVVEGNSKDISKFYEEIEKINGKIYDKVIIF",
  "base_ll": -2.402230978012085,
  "base_perplexity": 11.047796249389648,
  "base_kl": 0.589340090751648,
  "base_nmse": 0.9159276485443115,
  "recovered_sequence": "MVNVERISISFPKFLLKEKKFEKLKKKKLVKKKEEEKKKKIEKKKIKKKKKNETVSGIIIVVYNPTKEALEKMSKLYFEHNKVIKSLNQAYVTTSCGKNAKVEIFVVEGNSKDISKFYEEIEKINGKIYDKVIIF",
  "recovered_ll": -1.8653087615966797,
  "recovered_perplexity": 6.457930088043213,
  "recovered_kl": 0.16191764175891876,
  "recovered_nmse": 0.09206362813711166,
  "nodes": {
    "9": [
      12,
      57,
      88,
      89,
      162,
      234,
      251,
      256,
      258,
      290,
      375,
      384,
      391,
      407,
      409,
      415,
      448,
      465,
      466,
      490,
      506,
      512,
      528,
      543,
      545,
      555,
      617,
      629,
      631,
      654,
      667,
      671,
      673,
      706,
      715,
      727,
      734,
      745,
      746,
      758,
      760,
      767,
      817,
      842,
      900,
      937,
      957,
      967,
      980,
      987,
      992,
      1004,
      1018,
      1038,
      1049,
      1062,
      1076,
      1081,
      1094,
      1124,
      1139,
      1184,
      1190,
      1251,
      1271,
      1293,
      1296,
      1305,
      1352,
      1374,
      1375,
      1394,
      1405,
      1406,
      1410,
      1440,
      1445,
      1461,
      1465,
      1472,
      1483,
      1491,
      1523,
      1567,
      1579,
      1592,
      1654,
      1659,
      1663,
      1725,
      1836,
      1844,
      1851,
      1865,
      1903,
      1941,
      1943,
      1957,
      2040,
      2043,
      2056,
      2157,
      2169,
      2191,
      2194,
      2200,
      2204,
      2212,
      2218,
      2223,
      2224,
      2230,
      2264,
      2268,
      2287,
      2298,
      2326,
      2332,
      2370,
      2376,
      2417,
      2423,
      2438,
      2473,
      2516,
      2542,
      2559,
      2587,
      2635,
      2678,
      2732,
      2739,
      2743,
      2787,
      2791,
      2802,
      2835,
      2838,
      2858,
      2923,
      2941,
      2946,
      2949,
      2997,
      3004,
      3010,
      3019,
      3021,
      3050,
      3099,
      3140,
      3192,
      3199,
      3230,
      3310,
      3346,
      3355,
      3372,
      3414,
      3419,
      3420,
      3462,
      3484,
      3513,
      3516,
      3526,
      3529,
      3531,
      3534,
      3540,
      3546,
      3547,
      3624,
      3639,
      3715,
      3718,
      3795,
      3802,
      3821,
      3861,
      3862,
      3863,
      3866,
      3872,
      3878,
      3926,
      3934,
      3972,
      3995,
      4050,
      4079,
      4106,
      4122,
      4123,
      4129,
      4159,
      4268,
      4279,
      4287,
      4288,
      4291,
      4297,
      4314,
      4350,
      4370,
      4417,
      4454,
      4457,
      4462,
      4503,
      4530,
      4533,
      4544,
      4590,
      4603,
      4604
    ],
    "6": [
      0,
      119,
      139,
      247,
      300,
      309,
      321,
      322,
      384,
      425,
      427,
      441,
      447,
      487,
      510,
      636,
      638,
      664,
      786,
      806,
      947,
      958,
      990,
      1085,
      1174,
      1186,
      1216,
      1225,
      1278,
      1319,
      1474,
      1598,
      1623,
      1642,
      1682,
      1743,
      1758,
      1777,
      1904,
      1987,
      2017,
      2025,
      2039,
      2041,
      2125,
      2157,
      2164,
      2294,
      2352,
      2448,
      2516,
      2633,
      2654,
      2675,
      2694,
      2740,
      2780,
      2784,
      2816,
      2903,
      2915,
      2946,
      2970,
      3006,
      3007,
      3045,
      3085,
      3100,
      3114,
      3367,
      3383,
      3396,
      3452,
      3470,
      3497,
      3585,
      3615,
      4022,
      4068,
      4090,
      4107,
      4111,
      4226,
      4236,
      4240,
      4329,
      4366,
      4393,
      4404,
      4425,
      4430,
      4527,
      4559,
      4593,
      4598
    ],
    "7": [
      7,
      152,
      164,
      168,
      181,
      198,
      211,
      305,
      330,
      342,
      374,
      430,
      488,
      517,
      537,
      560,
      608,
      613,
      639,
      715,
      740,
      772,
      804,
      865,
      889,
      893,
      914,
      970,
      1006,
      1016,
      1041,
      1050,
      1126,
      1127,
      1161,
      1190,
      1231,
      1237,
      1256,
      1284,
      1309,
      1314,
      1347,
      1353,
      1507,
      1548,
      1550,
      1597,
      1625,
      1661,
      1704,
      1788,
      1802,
      1855,
      1923,
      1929,
      1973,
      2023,
      2087,
      2159,
      2213,
      2254,
      2263,
      2283,
      2338,
      2347,
      2370,
      2428,
      2446,
      2479,
      2520,
      2552,
      2584,
      2592,
      2666,
      2747,
      2802,
      2827,
      2845,
      2857,
      2874,
      2911,
      2945,
      2979,
      2998,
      3001,
      3176,
      3198,
      3220,
      3270,
      3282,
      3309,
      3364,
      3367,
      3377,
      3400,
      3435,
      3442,
      3510,
      3515,
      3551,
      3582,
      3669,
      3678,
      3713,
      3780,
      3798,
      3895,
      3915,
      3934,
      3942,
      3945,
      3966,
      4105,
      4169,
      4171,
      4173,
      4184,
      4186,
      4216,
      4225,
      4278,
      4319,
      4421,
      4510,
      4515,
      4559,
      4585,
      4601
    ],
    "0": [
      88,
      276,
      327,
      422,
      460,
      514,
      648,
      656,
      686,
      694,
      722,
      733,
      753,
      788,
      798,
      817,
      1021,
      1252,
      1297,
      1360,
      1387,
      1408,
      1412,
      1460,
      1462,
      1536,
      1583,
      1648,
      1824,
      1848,
      1927,
      1935,
      2147,
      2211,
      2254,
      2295,
      2299,
      2423,
      2511,
      2594,
      2692,
      2722,
      2782,
      2835,
      2849,
      2968,
      3050,
      3057,
      3129,
      3182,
      3484,
      3616,
      3655,
      3819,
      3848,
      3853,
      3918,
      3963,
      4081,
      4195,
      4250,
      4294,
      4426,
      4488,
      4511
    ],