{
  "entry": "Q61TH2",
  "entry_name": "TIM9_CAEBR",
  "type": "CLM",
  "prompt": "MASEQNIQTFRDFLTQYNLVAEQCFTSCVNEFGSRTVNAKEESCANNCLDKFLKMTQRVSQR",
  "k": 992,
  "original_sequence": "MASEQNIQTFRDFLTQYNLVAEQCFTSCVNEFGSRTVNAKEESCANNCLDKFLKMTQRVSQRFQEHQILNAQANGAAM",
  "original_ll": -2.9476442337036133,
  "original_perplexity": 19.060997009277344,
  "progen3_sequence": "MASEQNIQTFRDFLTQYNLVAEQCFTSCVNEFGSRTVNAKEESCANNCLDKFLKMTQRVSQRNPEEENKKRVTILEEL",
  "progen3_ll": -2.690387725830078,
  "progen3_perplexity": 14.73738956451416,
  "max_sequence": "MASEQNIQTFRDFLTQYNLVAEQCFTSCVNEFGSRTVNAKEESCANNCLDKFLKMTQRVSQRDIVDVLEDLKILRLKK",
  "max_ll": -2.618075370788574,
  "max_perplexity": 13.70931339263916,
  "max_kl": 0.0034824348986148834,
  "max_nmse": 0.00176468666177243,
  "base_sequence": "MASEQNIQTFRDFLTQYNLVAEQCFTSCVNEFGSRTVNAKEESCANNCLDKFLKMTQRVSQRSLLVQFICYKLYFVFF",
  "base_ll": -2.9532294273376465,
  "base_perplexity": 19.167755126953125,
  "base_kl": 0.16537562012672424,
  "base_nmse": 0.3472754955291748,
  "recovered_sequence": "MASEQNIQTFRDFLTQYNLVAEQCFTSCVNEFGSRTVNAKEESCANNCLDKFLKMTQRVSQRSPEEENKYRVTILEEL",
  "recovered_ll": -2.763962507247925,
  "recovered_perplexity": 15.862574577331543,
  "recovered_kl": 0.010842010378837585,
  "recovered_nmse": 0.003440559608861804,
  "nodes": {
    "9": [
      12,
      162,
      407,
      425,
      538,
      545,
      555,
      603,
      734,
      741,
      745,
      746,
      758,
      760,
      763,
      875,
      957,
      964,
      967,
      991,
      1042,
      1166,
      1184,
      1190,
      1251,
      1302,
      1320,
      1374,
      1443,
      1491,
      1523,
      1528,
      1579,
      1663,
      1713,
      1828,
      1832,
      1835,
      1844,
      1851,
      1914,
      1942,
      1951,
      1957,
      2005,
      2046,
      2076,
      2097,
      2105,
      2108,
      2221,
      2264,
      2287,
      2348,
      2376,
      2423,
      2510,
      2511,
      2561,
      2592,
      2642,
      2732,
      2739,
      2763,
      2787,
      2865,
      2941,
      2946,
      2957,
      2975,
      3006,
      3008,
      3050,
      3087,
      3139,
      3146,
      3162,
      3187,
      3199,
      3310,
      3372,
      3382,
      3399,
      3513,
      3516,
      3526,
      3540,
      3581,
      3624,
      3649,
      3676,
      3760,
      3779,
      3802,
      3821,
      3856,
      3880,
      3965,
      3999,
      4038,
      4106,
      4129,
      4190,
      4279,
      4288,
      4419,
      4452,
      4478,
      4482,
      4533,
      4544
    ],
    "8": [
      158,
      240,
      263,
      372,
      394,
      417,
      583,
      584,
      657,
      747,
      1004,
      1008,
      1027,
      1136,
      1306,
      1408,
      1444,
      1458,
      1486,
      1557,
      1664,
      1678,
      1744,
      1757,
      1838,
      1867,
      1954,
      1956,
      2030,
      2054,
      2069,
      2077,
      2106,
      2109,
      2112,
      2151,
      2199,
      2201,
      2256,
      2361,
      2401,
      2407,
      2479,
      2489,
      2567,
      2596,
      2605,
      2621,
      2710,
      2729,
      2743,
      2779,
      2917,
      2949,
      3042,
      3195,
      3284,
      3396,
      3432,
      3735,
      3741,
      3849,
      3865,
      4030,
      4177,
      4294,
      4310,
      4471,
      4534,
      4546,
      4550
    ],
    "7": [
      7,
      11,
      42,
      66,
      136,
      208,
      230,
      248,
      310,
      323,
      330,
      372,
      375,
      491,
      521,
      537,
      592,
      642,
      647,
      766,
      872,
      889,
      907,
      1010,
      1059,
      1069,
      1135,
      1237,
      1256,
      1262,
      1319,
      1347,
      1366,
      1370,
      1419,
      1454,
      1461,
      1520,
      1544,
      1567,
      1625,
      1709,
      1716,
      1751,
      1758,
      1816,
      1824,
      1856,
      1899,
      1929,
      1969,
      2044,
      2110,
      2113,
      2254,
      2261,
      2354,
      2410,
      2428,
      2469,
      2488,
      2499,
      2595,
      2666,
      2685,
      2725,
      2747,
      2753,
      2802,
      2914,
      2973,
      2994,
      2998,
      3038,
      3124,
      3135,
      3216,
      3251,
      3353,
      3367,
      3381,
      3389,
      3403,
      3487,
      3495,
      3599,
      3690,
      3755,
      3760,
      3942,
      3948,
      4014,
      4045,
      4055,
      4077,
      4088,
      4104,
      4149,
      4159,
      4161,
      4245,
      4261,
      4299,
      4365,
      4421,
      4491
    ],
    "0": [
      119,
      124,
      149,
      164,
      195,
      229,
      253,
      276,
      286,
      288,
      337,
      343,
      349,
      363,
      449,
      476,
      500,
      600,
      641,
      691,
      694,
      738,
      820,
      831,
      868,
      885,
      933,
      940,
      982,
      986,
      1038,
      1074,
      1097,
      1216,
      1251,
      1297,
      1356,
      1486,
      1508,
      1530,
      1580,
      1646,
      1675,
      1697,
      1763,
      1770,
      1777,
      1844,
      1991,
      2031,
      2134,
      2172,
      2212,
      2234,
      2256,
      2262,
      2299,
      2305,
      2355,
      2356,
      2421,
      2473,
      2531,
      2581,
      2594,
      2674,
      2864,
      2888,
      2907,
      2952,
      2965,
      2968,
      2984,
      2990,
      2999,
      3139,
      3182,
      3190,
      3205,
      3214,
      3424,
      3436,
      3536,
      3539,
      3555,
      3573,
      3593,
      3627,
      3676,
      3698,
      3733,
      3747,
      3751,
      3772,
      3820,
      3853,
      3872,
      3922,
      3990,
      4081,
      4145,
      4183,
      4262,
      4275,
      4292,
      4321,
      4322,
      4343,
      4360,
      4383,
      4426,
      4429,
      4584,
      4594,
      4596,
      4603
    ],
    "5": [
      17,
      69,
      147,
      156,
      196,
      198,
      288,
      290,
      305,
      330,
      398,
      421,
      470,
      473,
      504,
      616,
      623,
      672,
      701,
      761,
      769,
      956,
      1025,
      1031,
      1032,
      1070,
      1078,
      1108,
      1226,
      1249,
      1299,
      1323,
      1405,
      1477,
      1489,
      1532,
      1567,
      1569,
      1636,
      1692,
      1733,
      1751,
      1769,
      1870,
      1892,
      1906,
      2020,
      2040,
      2118,
      2188,
      2189,
      2209,
      2279,
      2383,
      2392,
      2418,
      2535,
      2541,
      2557,
      2652,
      2658,
      2675,
      2735,
      2777,
      2781,
      2805,
      2901,
      2965,
      3093,
      3244,
      3263,
      3349,
      3381,
      3398,
      3446,
      3557,
      3575,
      3587,
      3749,
      3759,
      3794,
      3808,
      3825,
      3841,
      3910,
      3961,
      4044,
      4089,
      4108,
      4124,
      4262,
      4265,
      4394,
      4433,
      4516,
      4521,
      4539,
      4540,
      4553
    ],