{
  "entry": "Q65KJ5",
  "entry_name": "FOSB_BACLD",
  "type": "CLM",
  "prompt": "MENNKILGINHLLFSVSDLSVSISFYEKVFDAKWLVKAEKTAYFDLNGIWLAFNEEKDIKRQEIHDSYTHIAFSIQQEDLPFWEKKLHDLGVNVLKGRKRHEGDRDSIYFSDPDGHKFELHTG",
  "k": 416,
  "original_sequence": "MENNKILGINHLLFSVSDLSVSISFYEKVFDAKWLVKAEKTAYFDLNGIWLAFNEEKDIKRQEIHDSYTHIAFSIQQEDLPFWEKKLHDLGVNVLKGRKRHEGDRDSIYFSDPDGHKFELHTGSVFDRLQYYQNEKPHLSFHEGHIKALYDRNK",
  "original_ll": -2.9596498012542725,
  "original_perplexity": 19.291213989257812,
  "progen3_sequence": "MENNKILGINHLLFSVSDLSVSISFYEKVFDAKWLVKAEKTAYFDLNGIWLAFNEEKDIKRQEIHDSYTHIAFSIQQEDLPFWEKKLHDLGVNVLKGRKRHEGDRDSIYFSDPDGHKFELHTGKYAK",
  "progen3_ll": -2.007215976715088,
  "progen3_perplexity": 7.442567825317383,
  "max_sequence": "MENNKILGINHLLFSVSDLSVSISFYEKVFDAKWLVKAEKTAYFDLNGIWLAFNEEKDIKRQEIHDSYTHIAFSIQQEDLPFWEKKLHDLGVNVLKGRKRHEGDRDSIYFSDPDGHKFELHTGVPKD",
  "max_ll": -2.895301342010498,
  "max_perplexity": 18.088951110839844,
  "max_kl": 0.26574426889419556,
  "max_nmse": 0.04631296172738075,
  "base_sequence": "MENNKILGINHLLFSVSDLSVSISFYEKVFDAKWLVKAEKTAYFDLNGIWLAFNEEKDIKRQEIHDSYTHIAFSIQQEDLPFWEKKLHDLGVNVLKGRKRHEGDRDSIYFSDPDGHKFELHTGLFFEEM",
  "base_ll": -2.865985155105591,
  "base_perplexity": 17.566349029541016,
  "base_kl": 0.34990376234054565,
  "base_nmse": 0.5919663906097412,
  "recovered_sequence": "MENNKILGINHLLFSVSDLSVSISFYEKVFDAKWLVKAEKTAYFDLNGIWLAFNEEKDIKRQEIHDSYTHIAFSIQQEDLPFWEKKLHDLGVNVLKGRKRHEGDRDSIYFSDPDGHKFELHTGLEAK",
  "recovered_ll": -3.1609811782836914,
  "recovered_perplexity": 23.593734741210938,
  "recovered_kl": 0.29050412774086,
  "recovered_nmse": 0.025577934458851814,
  "nodes": {
    "9": [
      12,
      52,
      168,
      425,
      429,
      464,
      466,
      486,
      505,
      545,
      588,
      654,
      708,
      717,
      805,
      849,
      869,
      952,
      967,
      992,
      1005,
      1055,
      1117,
      1124,
      1152,
      1184,
      1233,
      1372,
      1393,
      1395,
      1401,
      1405,
      1456,
      1463,
      1491,
      1598,
      1603,
      1778,
      1835,
      1839,
      1851,
      1852,
      1858,
      1957,
      2109,
      2134,
      2191,
      2220,
      2254,
      2264,
      2376,
      2417,
      2427,
      2443,
      2467,
      2511,
      2570,
      2573,
      2592,
      2626,
      2678,
      2732,
      2924,
      2941,
      3004,
      3160,
      3196,
      3228,
      3325,
      3353,
      3408,
      3516,
      3540,
      3549,
      3602,
      3624,
      3678,
      3695,
      3713,
      3821,
      3874,
      3979,
      3999,
      4069,
      4079,
      4120,
      4142,
      4214,
      4370,
      4402,
      4415,
      4482,
      4504,
      4544,
      4575
    ],
    "5": [
      2,
      32,
      101,
      183,
      222,
      308,
      428,
      574,
      615,
      622,
      722,
      849,
      999,
      1158,
      1293,
      1449,
      1539,
      1599,
      1669,
      1678,
      1799,
      2046,
      2295,
      2402,
      2408,
      2427,
      2545,
      2635,
      2826,
      2925,
      2974,
      3043,
      3147,
      3168,
      3177,
      3218,
      3338,
      3385,
      3400,
      3688,
      3733,
      3753,
      3845,
      3863,
      3932,
      3958,
      4066,
      4086,
      4190,
      4269,
      4296,
      4375,
      4563
    ],
    "8": [
      15,
      52,
      107,
      124,
      125,
      154,
      177,
      233,
      234,
      401,
      521,
      523,
      537,
      592,
      610,
      884,
      949,
      1009,
      1041,
      1194,
      1410,
      1549,
      1701,
      1865,
      1934,
      1987,
      2060,
      2099,
      2101,
      2143,
      2317,
      2469,
      2475,
      2537,
      2585,
      2746,
      2812,
      2853,
      2944,
      3002,
      3009,
      3173,
      3204,
      3467,
      3656,
      3704,
      3775,
      3821,
      3884,
      3945,
      3988,
      4113,
      4251,
      4311,
      4324,
      4336,
      4513,
      4576
    ],
    "0": [
      116,
      187,
      207,
      460,
      468,
      475,
      568,
      622,
      699,
      785,
      833,
      866,
      933,
      1252,
      1334,
      1429,
      1502,
      1824,
      2152,
      2170,
      2421,
      2423,
      2595,
      2680,
      2722,
      2844,
      2984,
      3218,
      3228,
      3247,
      3315,
      3475,
      3606,
      3619,
      4006,
      4081,
      4279,
      4491,
      4497,
      4534,
      4596
    ],
    "7": [
      222,
      456,
      538,
      730,
      1152,
      1200,
      1221,
      1882,
      1894,
      1933,
      2167,
      2496,
      2517,
      3117,
      3465,
      3531,
      3982,
      4227,
      4443
    ],
    "6": [
      214,
      654,
      731,
      850,
      976,
      1060,
      1137,
      1152,
      1201,
      1382,
      1497,
      1517,
      1752,
      2024,
      2113,
      2880,
      2902,
      3238,
      3298,
      3414,
      3474,
      3478,
      3515,
      3598,
      3645,
      3757,
      3839,
      4012,
      4184,
      4198,
      4232,
      4290,
      4529
    ],
    "1": [
      45,
      323,
      475,
      964,
      1244,
      1394,
      1443,
      1621,
      1737,
      1775,
      2042,
      2075,
      2271,
      2290,
      2497,
      2516,
      2578,
      2600,
      2666,
      2784,
      2892,
      3025,
      3180,
      3301,
      3437,
      3485,
      3759,
      3824,
      4498
    ],
    "4": [
      110,
      220,
      662,
      721,
      775,
      871,
      1123,
      1164,
      1198,
      1230,
      1235,
      1344,
      1363,
      1491,
      1569,
      1969,
      2065,
      2180,
      2447,
      2502,
      2524,
      2613,
      2755,
      2778,
      2785,
      2923,
      3175,
      3337,
      3386,
      3829,
      3866,
      3874,
      3914,
      3916,
      4130,
      4143,
      4241,
      4275,
      4292,
      4399,
      4578
    ],
    "3": [
      274,
      290,
      408,
      545,
      731,
      777,
      950,
      1102,
      1113,
      1269,
      1389,
      1486,
      1535,
      2363,
      2514,
      2567,
      3254,
      3324,
      3370,
      3485,
      3520,
      3694,
      4349
    ],
    "2": [
      217,
      385,
      1043,
      1185,
      1200,
      1210,
      1611,
      1685,
      1785,
      1861,
      1871,
      2105,
      2178,
      2521,
      2811,
      3109,
      3489,
      3616,
      3823,
      3827,
      3974,
      4259,
      4286,
      4581
    ]
  }
}
