{
  "entry": "Q6B9Z0",
  "entry_name": "IGFL_MOUSE",
  "type": "GLM_2",
  "prompt": "MKIRNACAVLIEVLLFILEGVTGARKISTFSGPGSWPCNPKCDGRTYNPSEECCVHDTILPFKRINLCGPSCTYRPCFELCCPESYSPKKKFIVKLKVHGERSHCSSSPISRNCKSNKIFHGEDIEDNQLSLRKKSGDQP[GLM]62-64-2",
  "k": 1000,
  "original_sequence": "MKIRNACAVLIEVLLFILEGVTGARKISTFSGPGSWPCNPKCDGRTYNPSEECCVHDTILPFKRINLCGPSCTYRPCFELCCPESYSPKKKFIVKLKVHGERSHCSSSPISRNCKSNKIFHGEDIEDNQLSLRKKSGDQP",
  "original_ll": -3.1488277912139893,
  "original_perplexity": 23.308725357055664,
  "progen3_sequence": "MKIRNACAVLIEVLLFILEGVTGARKISTFSGPGSWPCNPKCDGRTYNPSEECCVHDTILPFVFINLCGPSCTYRPCFELCCPESYSPKKKFIVKLKVHGERSHCSSSPISRNCKSNKIFHGEDIEDNQLSLRKKSGDQP",
  "progen3_ll": -3.0248351097106934,
  "progen3_perplexity": 20.59061050415039,
  "max_sequence": "MKIRNACAVLIEVLLFILEGVTGARKISTFSGPGSWPCNPKCDGRTYNPSEECCVHDTILPFIEINLCGPSCTYRPCFELCCPESYSPKKKFIVKLKVHGERSHCSSSPISRNCKSNKIFHGEDIEDNQLSLRKKSGDQP",
  "max_ll": -2.8655972480773926,
  "max_perplexity": 17.559537887573242,
  "max_kl": 0.19419293105602264,
  "max_nmse": 0.03844435513019562,
  "base_sequence": "MKIRNACAVLIEVLLFILEGVTGARKISTFSGPGSWPCNPKCDGRTYNPSEECCVHDTILPFCCINLCGPSCTYRPCFELCCPESYSPKKKFIVKLKVHGERSHCSSSPISRNCKSNKIFHGEDIEDNQLSLRKKSGDQP",
  "base_ll": -2.5119400024414062,
  "base_perplexity": 12.328824996948242,
  "base_kl": 0.7037703990936279,
  "base_nmse": 0.11611206829547882,
  "recovered_sequence": "MKIRNACAVLIEVLLFILEGVTGARKISTFSGPGSWPCNPKCDGRTYNPSEECCVHDTILPFMDINLCGPSCTYRPCFELCCPESYSPKKKFIVKLKVHGERSHCSSSPISRNCKSNKIFHGEDIEDNQLSLRKKSGDQP",
  "recovered_ll": -3.508542537689209,
  "recovered_perplexity": 33.39955520629883,
  "recovered_kl": 0.3167458176612854,
  "recovered_nmse": 0.2591927945613861,
  "nodes": {
    "9": [
      12,
      34,
      162,
      407,
      413,
      425,
      497,
      538,
      734,
      760,
      957,
      967,
      1036,
      1184,
      1251,
      1302,
      1466,
      1491,
      1554,
      1579,
      1584,
      1665,
      1672,
      1828,
      1832,
      1835,
      1844,
      1851,
      1859,
      1957,
      2005,
      2105,
      2177,
      2213,
      2283,
      2287,
      2360,
      2467,
      2642,
      2732,
      2763,
      2787,
      2975,
      2983,
      3050,
      3087,
      3105,
      3162,
      3199,
      3381,
      3382,
      3513,
      3540,
      3579,
      3624,
      3637,
      3695,
      3779,
      3802,
      3821,
      3999,
      4103,
      4244,
      4250,
      4353,
      4482,
      4526,
      4544
    ],
    "0": [
      17,
      149,
      195,
      211,
      229,
      429,
      510,
      627,
      701,
      715,
      771,
      827,
      838,
      853,
      860,
      875,
      897,
      899,
      933,
      1013,
      1016,
      1026,
      1093,
      1132,
      1207,
      1250,
      1253,
      1257,
      1265,
      1291,
      1354,
      1361,
      1455,
      1486,
      1513,
      1575,
      1608,
      1646,
      1675,
      1721,
      1735,
      1770,
      1851,
      1883,
      1911,
      1934,
      2053,
      2086,
      2103,
      2126,
      2135,
      2160,
      2257,
      2278,
      2313,
      2409,
      2442,
      2443,
      2470,
      2492,
      2546,
      2552,
      2571,
      2666,
      2694,
      2702,
      2712,
      2747,
      2765,
      2769,
      2792,
      2815,
      2847,
      2879,
      2907,
      2911,
      2929,
      3007,
      3016,
      3109,
      3119,
      3221,
      3241,
      3275,
      3285,
      3384,
      3414,
      3451,
      3523,
      3536,
      3573,
      3691,
      3699,
      3733,
      3741,
      3751,
      3814,
      3839,
      3887,
      4042,
      4149,
      4183,
      4234,
      4240,
      4270,
      4279,
      4305,
      4328,
      4333,
      4352,
      4371,
      4388,
      4389,
      4448,
      4466,
      4470,
      4488,
      4492,
      4520,
      4532
    ],
    "7": [
      66,
      166,
      179,
      362,
      372,
      509,
      554,
      631,
      872,
      873,
      889,
      907,
      1010,
      1017,
      1151,
      1211,
      1256,
      1325,
      1338,
      1368,
      1454,
      1510,
      1520,
      1544,
      1625,
      1643,
      1709,
      1751,
      1765,
      1816,
      1824,
      1830,
      1929,
      1966,
      1969,
      1970,
      1979,
      2113,
      2147,
      2180,
      2261,
      2279,
      2401,
      2581,
      2595,
      2627,
      2685,
      2747,
      2786,
      2877,
      2922,
      3029,
      3135,
      3216,
      3227,
      3353,
      3389,
      3464,
      3487,
      3541,
      3576,
      3601,
      3690,
      3760,
      3825,
      3948,
      3970,
      4024,
      4055,
      4063,
      4130,
      4144,
      4159,
      4195,
      4317,
      4331,
      4558
    ],
    "8": [
      97,
      155,
      194,
      221,
      234,
      240,
      274,
      301,
      311,
      391,
      528,
      567,
      611,
      638,
      649,
      726,
      737,
      811,
      1033,
      1108,
      1135,
      1136,
      1175,
      1195,
      1214,
      1258,
      1272,
      1301,
      1324,
      1376,
      1388,
      1535,
      1557,
      1651,
      1664,
      1730,
      1747,
      1757,
      1780,
      1842,
      1954,
      2021,
      2023,
      2054,
      2077,
      2078,
      2103,
      2109,
      2111,
      2112,
      2125,
      2151,
      2194,
      2201,
      2401,
      2433,
      2560,
      2564,
      2567,
      2596,
      2605,
      2727,
      2753,
      2779,
      2790,
      2829,
      2959,
      3001,
      3024,
      3098,
      3106,
      3176,
      3259,
      3415,
      3422,
      3426,
      3464,
      3483,
      3500,
      3659,
      3741,
      3825,
      3846,
      3849,
      3865,
      3900,
      3960,
      4058,
      4167,
      4290,
      4310,
      4364,
      4471,
      4542,
      4546,
      4585,
      4594
    ],
    "1": [
      41,
      115,
      175,
      189,
      234,
      251,
      252,
      261,
      307,
      330,
      361,
      428,
      479,
      529,
      545,
      595,
      607,
      631,
      671,
      699,
      738,
      797,
      799,
      808,
      815,
      828,
      852,
      853,
      899,
      930,
      990,
      1011,
      1185,
      1247,
      1255,
      1269,
      1318,
      1405,
      1438,
      1469,
      1518,
      1533,
      1543,
      1569,
      1613,
      1642,
      1657,
      1696,
      1705,
      1720,
      1741,
      1770,
      1799,
      1840,
      1854,
      1876,
      1951,
      1957,
      1969,
      1979,
      2004,
      2069,
      2086,
      2093,
      2328,
      2351,
      2379,
      2410,
      2411,
      2425,
      2438,
      2510,
      2517,
      2617,
      2620,
      2675,
      2689,
      2767,
      2843,
      2889,
      2933,
      2942,
      2944,
      2979,
      3021,
      3110,
      3116,
      3118,
      3167,
      3185,
      3201,
      3210,
      3230,
      3252,
      3279,
      3359,
      3383,
      3429,
      3463,
      3498,
      3502,
      3536,
      3577,
      3595,
      3646,
      3800,
      3829,
      3853,
      3880,
      3957,
      4036,
      4056,
      4075,
      4112,
      4129,
      4170,
      4178,
      4179,
      4197,
      4550,
      4586
    ],