{
  "entry": "Q6DUW6",
  "entry_name": "IDL4_ARATH",
  "type": "CLM",
  "prompt": "MYPTRPHYWRRRLSINRPQAFLLLILCLFFIHHCDASRFSSSSVFYRNPNYDHSNNTVRRGHFLGFLPRHLPVP",
  "k": 1000,
  "original_sequence": "MYPTRPHYWRRRLSINRPQAFLLLILCLFFIHHCDASRFSSSSVFYRNPNYDHSNNTVRRGHFLGFLPRHLPVPASAPSRKHNDIGIQALLSP",
  "original_ll": -2.8146579265594482,
  "original_perplexity": 16.687467575073242,
  "progen3_sequence": "MYPTRPHYWRRRLSINRPQAFLLLILCLFFIHHCDASRFSSSSVFYRNPNYDHSNNTVRRGHFLGFLPRHLPVPGRSNQPLLSLSFSSLSSGS",
  "progen3_ll": -2.426135778427124,
  "progen3_perplexity": 11.31507396697998,
  "max_sequence": "MYPTRPHYWRRRLSINRPQAFLLLILCLFFIHHCDASRFSSSSVFYRNPNYDHSNNTVRRGHFLGFLPRHLPVPSPFTLSVGYPPAPSFSFSS",
  "max_ll": -2.492993116378784,
  "max_perplexity": 12.097431182861328,
  "max_kl": 0.0032698246650397778,
  "max_nmse": 0.0012356855440884829,
  "base_sequence": "MYPTRPHYWRRRLSINRPQAFLLLILCLFFIHHCDASRFSSSSVFYRNPNYDHSNNTVRRGHFLGFLPRHLPVPFLLSLTNLSLSPSLSSFSS",
  "base_ll": -2.2428951263427734,
  "base_perplexity": 9.420565605163574,
  "base_kl": 0.09058744460344315,
  "base_nmse": 0.3072415292263031,
  "recovered_sequence": "MYPTRPHYWRRRLSINRPQAFLLLILCLFFIHHCDASRFSSSSVFYRNPNYDHSNNTVRRGHFLGFLPRHLPVPGRSNQPLLSLSFSSLSSGS",
  "recovered_ll": -2.426135778427124,
  "recovered_perplexity": 11.31507396697998,
  "recovered_kl": 0.0041045211255550385,
  "recovered_nmse": 0.001617859466932714,
  "nodes": {
    "9": [
      12,
      34,
      117,
      162,
      263,
      284,
      352,
      381,
      407,
      413,
      416,
      425,
      433,
      450,
      473,
      538,
      545,
      716,
      734,
      760,
      763,
      957,
      967,
      991,
      1036,
      1042,
      1166,
      1176,
      1184,
      1186,
      1196,
      1251,
      1302,
      1306,
      1491,
      1528,
      1564,
      1579,
      1626,
      1665,
      1735,
      1782,
      1828,
      1832,
      1844,
      1851,
      1859,
      1888,
      1942,
      1957,
      2001,
      2005,
      2105,
      2108,
      2109,
      2126,
      2148,
      2153,
      2177,
      2264,
      2273,
      2283,
      2287,
      2376,
      2476,
      2510,
      2604,
      2642,
      2715,
      2732,
      2763,
      2787,
      2865,
      2874,
      2941,
      2957,
      2975,
      2983,
      3006,
      3050,
      3079,
      3087,
      3101,
      3105,
      3162,
      3199,
      3221,
      3381,
      3382,
      3399,
      3513,
      3526,
      3540,
      3579,
      3603,
      3624,
      3676,
      3760,
      3779,
      3802,
      3821,
      3848,
      3856,
      3880,
      3999,
      4103,
      4129,
      4273,
      4290,
      4353,
      4380,
      4419,
      4482,
      4544
    ],
    "8": [
      82,
      94,
      137,
      140,
      141,
      158,
      240,
      274,
      372,
      417,
      434,
      543,
      583,
      638,
      703,
      756,
      811,
      893,
      999,
      1004,
      1008,
      1033,
      1108,
      1136,
      1165,
      1177,
      1192,
      1201,
      1238,
      1258,
      1376,
      1400,
      1444,
      1486,
      1494,
      1535,
      1557,
      1651,
      1664,
      1744,
      1839,
      1842,
      1870,
      1954,
      1956,
      2021,
      2054,
      2077,
      2106,
      2109,
      2112,
      2151,
      2197,
      2199,
      2201,
      2230,
      2278,
      2329,
      2361,
      2401,
      2433,
      2489,
      2516,
      2540,
      2564,
      2578,
      2596,
      2621,
      2710,
      2743,
      2766,
      2779,
      2793,
      2806,
      2918,
      3001,
      3042,
      3113,
      3135,
      3195,
      3259,
      3262,
      3268,
      3323,
      3396,
      3399,
      3409,
      3413,
      3422,
      3432,
      3485,
      3524,
      3555,
      3600,
      3645,
      3653,
      3700,
      3735,
      3849,
      3865,
      3874,
      4115,
      4167,
      4294,
      4310,
      4334,
      4364,
      4371,
      4471,
      4534,
      4546
    ],
    "7": [
      66,
      78,
      283,
      362,
      372,
      509,
      631,
      715,
      872,
      889,
      907,
      968,
      987,
      1010,
      1151,
      1256,
      1306,
      1347,
      1424,
      1454,
      1510,
      1520,
      1544,
      1625,
      1709,
      1751,
      1765,
      1816,
      1824,
      1830,
      1929,
      1958,
      2091,
      2113,
      2227,
      2248,
      2261,
      2263,
      2279,
      2401,
      2469,
      2513,
      2595,
      2676,
      2733,
      2746,
      2747,
      2816,
      2877,
      2891,
      2922,
      2977,
      2998,
      3010,
      3135,
      3159,
      3225,
      3330,
      3353,
      3389,
      3464,
      3487,
      3588,
      3598,
      3608,
      3690,
      3760,
      3825,
      3948,
      4024,
      4055,
      4063,
      4130,
      4149,
      4331,
      4413,
      4421,
      4475,
      4564
    ],
    "0": [
      65,
      186,
      253,
      276,
      280,
      463,
      468,
      694,
      753,
      772,
      866,
      869,
      951,
      980,
      982,
      987,
      995,
      1037,
      1038,
      1094,
      1175,
      1216,
      1252,
      1291,
      1293,
      1352,
      1360,
      1451,
      1455,
      1550,
      1575,
      1611,
      1641,
      1653,
      1702,
      1735,
      1777,
      1800,
      1809,
      1824,
      1838,
      1848,
      1849,
      1864,
      1878,
      1883,
      1971,
      2012,
      2031,
      2122,
      2172,
      2211,
      2256,
      2261,
      2299,
      2436,
      2468,
      2511,
      2594,
      2595,
      2600,
      2627,
      2659,
      2674,
      2680,
      2692,
      2722,
      2749,
      2778,
      2808,
      2837,
      2884,
      2889,
      2917,
      2948,
      2968,
      2972,
      2984,
      3001,
      3059,
      3182,
      3256,
      3374,
      3455,
      3692,
      3698,
      3716,
      3723,
      3730,
      3844,
      3853,
      3928,
      3963,
      4008,
      4025,
      4145,
      4208,
      4256,
      4289,
      4291,
      4320,
      4329,
      4360,
      4386,
      4426,
      4488,
      4490,
      4507,
      4596,
      4603
    ],
    "5": [
      17,
      69,
      169,
      198,
      231,
      276,
      288,
      290,
      315,
      330,
      380,
      386,
      405,
      421,
      424,
      464,
      495,
      600,
      608,
      616,
      628,
      732,
      735,
      870,
      975,
      1031,
      1080,
      1108,
      1143,
      1167,
      1191,
      1247,
      1249,
      1266,
      1273,
      1397,
      1494,
      1566,
      1647,
      1670,
      1678,
      1799,
      1847,
      1870,
      1908,
      1928,
      1966,
      2110,
      2139,
      2186,
      2188,
      2189,
      2243,
      2278,
      2329,
      2414,
      2415,
      2434,
      2496,
      2576,
      2588,
      2675,
      2777,
      2801,
      2938,
      2957,
      3046,
      3145,
      3217,
      3244,
      3271,
      3319,
      3453,
      3477,
      3494,
      3512,
      3529,
      3537,
      3588,
      3616,
      3675,
      3692,
      3745,
      3791,
      3804,
      3819,
      3965,
      3979,
      4008,
      4031,
      4034,
      4066,
      4086,
      4098,
      4104,
      4200,
      4208,
      4275,
      4285,
      4420,
      4455,
      4516,
      4577
    ],