{
  "entry": "Q6T6C2",
  "entry_name": "THMAC_THETS",
  "type": "GLM_1",
  "prompt": "MELKSGLSILLCFGICIAVINAGCFEDWSRCSPSTSRGTGVLWRDCDSYCKVCFKADRGECFDSPSLNCPQRLPNNKQCRCINARTAKDNRNPTCWA[GLM]29-79-50",
  "k": 1000,
  "original_sequence": "MELKSGLSILLCFGICIAVINAGCFEDWSRCSPSTSRGTGVLWRDCDSYCKVCFKADRGECFDSPSLNCPQRLPNNKQCRCINARTAKDNRNPTCWA",
  "original_ll": -2.9242520332336426,
  "original_perplexity": 18.62029457092285,
  "progen3_sequence": "MELKSGLSILLCFGICIAVINAGCFEDWSLKPDRRAYIKEKDTARLRYRFGKDNGYNIYKISLKVYLLIFPVITANEVSRCINARTAKDNRNPTCWA",
  "progen3_ll": -2.8862085342407227,
  "progen3_perplexity": 17.92521858215332,
  "max_sequence": "MELKSGLSILLCFGICIAVINAGCFEDWSCDREVAKRNNARETIAKDSKLDPKTSNPLSYNPLGYTISTKPKKTNKKRMRCINARTAKDNRNPTCWA",
  "max_ll": -2.8753204345703125,
  "max_perplexity": 17.73110580444336,
  "max_kl": 0.0381026566028595,
  "max_nmse": 0.04557112604379654,
  "base_sequence": "MELKSGLSILLCFGICIAVINAGCFEDWSCCCCCCCCCCCCFCMMCCCCCCCCCMCCCCCMCCNCCCCCCCCCCCCCCCRCINARTAKDNRNPTCWA",
  "base_ll": -1.3961580991744995,
  "base_perplexity": 4.039649963378906,
  "base_kl": 0.8524917364120483,
  "base_nmse": 2.1696112155914307,
  "recovered_sequence": "MELKSGLSILLCFGICIAVINAGCFEDWSLKPDRGLFICEKITARLRCREGGDYGYNIYKYKYCCYKQIGPMSYCNEVCRCINARTAKDNRNPTCWA",
  "recovered_ll": -3.0126428604125977,
  "recovered_perplexity": 20.341087341308594,
  "recovered_kl": 0.06621687114238739,
  "recovered_nmse": 0.3371921181678772,
  "nodes": {
    "9": [
      12,
      34,
      80,
      139,
      162,
      350,
      407,
      408,
      413,
      425,
      429,
      447,
      464,
      466,
      497,
      538,
      545,
      598,
      703,
      734,
      749,
      760,
      763,
      840,
      905,
      924,
      957,
      967,
      991,
      1036,
      1143,
      1166,
      1184,
      1233,
      1251,
      1302,
      1466,
      1491,
      1579,
      1584,
      1626,
      1648,
      1650,
      1665,
      1672,
      1762,
      1828,
      1832,
      1835,
      1844,
      1851,
      1872,
      1931,
      1957,
      2005,
      2086,
      2105,
      2109,
      2130,
      2177,
      2213,
      2264,
      2287,
      2360,
      2376,
      2467,
      2510,
      2511,
      2548,
      2570,
      2592,
      2637,
      2642,
      2732,
      2739,
      2763,
      2787,
      2809,
      2865,
      2874,
      2975,
      2982,
      2983,
      3006,
      3050,
      3101,
      3105,
      3162,
      3199,
      3221,
      3345,
      3372,
      3381,
      3382,
      3399,
      3480,
      3505,
      3513,
      3526,
      3540,
      3579,
      3624,
      3637,
      3695,
      3709,
      3723,
      3779,
      3802,
      3808,
      3821,
      3873,
      3990,
      3999,
      4103,
      4250,
      4419,
      4475,
      4482,
      4526,
      4544,
      4603
    ],
    "8": [
      114,
      125,
      129,
      154,
      155,
      194,
      203,
      221,
      234,
      240,
      274,
      319,
      323,
      372,
      391,
      417,
      434,
      543,
      567,
      583,
      609,
      611,
      628,
      638,
      649,
      693,
      721,
      726,
      800,
      811,
      813,
      855,
      972,
      999,
      1033,
      1108,
      1136,
      1175,
      1183,
      1200,
      1258,
      1272,
      1291,
      1324,
      1397,
      1513,
      1518,
      1557,
      1581,
      1591,
      1609,
      1664,
      1687,
      1719,
      1724,
      1730,
      1734,
      1747,
      1757,
      1780,
      1781,
      1800,
      1842,
      1870,
      1954,
      1995,
      2021,
      2023,
      2054,
      2077,
      2103,
      2109,
      2112,
      2119,
      2122,
      2201,
      2302,
      2317,
      2329,
      2356,
      2370,
      2401,
      2560,
      2575,
      2578,
      2596,
      2605,
      2621,
      2671,
      2689,
      2779,
      2790,
      2829,
      2850,
      2853,
      2903,
      2924,
      2931,
      2948,
      2959,
      3001,
      3024,
      3098,
      3106,
      3259,
      3262,
      3284,
      3346,
      3360,
      3396,
      3415,
      3422,
      3426,
      3464,
      3500,
      3524,
      3600,
      3653,
      3741,
      3809,
      3849,
      3865,
      3943,
      3960,
      4115,
      4132,
      4167,
      4171,
      4212,
      4216,
      4276,
      4284,
      4290,
      4310,
      4355,
      4364,
      4371,
      4403,
      4471,
      4546,
      4594,
      4595,
      4603
    ],
    "7": [
      66,
      166,
      179,
      198,
      362,
      369,
      509,
      535,
      537,
      554,
      631,
      889,
      893,
      907,
      912,
      933,
      1010,
      1126,
      1151,
      1211,
      1233,
      1256,
      1320,
      1338,
      1419,
      1454,
      1510,
      1520,
      1625,
      1643,
      1689,
      1707,
      1751,
      1765,
      1824,
      1830,
      1880,
      1886,
      1929,
      1931,
      1966,
      1969,
      1979,
      2013,
      2113,
      2147,
      2180,
      2227,
      2230,
      2261,
      2279,
      2299,
      2401,
      2476,
      2488,
      2491,
      2595,
      2621,
      2746,
      2747,
      2755,
      2786,
      2842,
      2877,
      2891,
      2922,
      2973,
      3135,
      3159,
      3227,
      3353,
      3389,
      3464,
      3473,
      3487,
      3541,
      3588,
      3675,
      3690,
      3760,
      3813,
      3914,
      3942,
      3948,
      3958,
      3966,
      3970,
      3975,
      4014,
      4045,
      4055,
      4063,
      4110,
      4144,
      4195,
      4317,
      4413,
      4421,
      4455,
      4558,
      4564
    ],
    "3": [
      159,
      196,
      305,
      335,
      366,
      381,
      421,
      429,
      466,
      495,
      511,
      534,
      545,
      550,
      597,
      695,
      708,
      740,
      776,
      824,
      855,
      1026,
      1040,
      1221,
      1429,
      1436,
      1441,
      1450,
      1533,
      1608,
      1636,
      1642,
      1723,
      1808,
      1819,
      1866,
      1869,
      1935,
      2088,
      2162,
      2219,
      2232,
      2246,
      2286,
      2336,
      2448,
      2520,
      2606,
      2627,
      2648,
      2690,
      2785,
      2859,
      2870,
      2903,
      2948,
      3014,
      3106,
      3264,
      3265,
      3449,
      3458,
      3473,
      3525,
      3538,
      3550,
      3590,
      3670,
      3680,
      3773,
      3818,
      3909,
      3926,
      4003,
      4033,
      4075,
      4161,
      4172,
      4200,
      4249,
      4252,
      4362,
      4401,
      4482,
      4488,
      4561,
      4587
    ],