{
  "entry": "Q8BGI1",
  "entry_name": "RNF24_MOUSE",
  "type": "CLM",
  "prompt": "MSSDFPHYNFRMPNIGFQNLPLNIYIVVFGTAVFVFILSLLFCCYLIRLRHQAHKEFYAYKQVILKEKVKELNLHELCAVCLEDFKPRDELGICPCKHAFHRKCLVKWLEVRKVCPLC",
  "k": 960,
  "original_sequence": "MSSDFPHYNFRMPNIGFQNLPLNIYIVVFGTAVFVFILSLLFCCYLIRLRHQAHKEFYAYKQVILKEKVKELNLHELCAVCLEDFKPRDELGICPCKHAFHRKCLVKWLEVRKVCPLCNMPVLQLAQLHSKQDRGPPQEPLPGAENIV",
  "original_ll": -2.948282480239868,
  "original_perplexity": 19.073165893554688,
  "progen3_sequence": "MSSDFPHYNFRMPNIGFQNLPLNIYIVVFGTAVFVFILSLLFCCYLIRLRHQAHKEFYAYKQVILKEKVKELNLHELCAVCLEDFKPRDELGICPCKHAFHRKCLVKWLEVRKVCPLCRSDIVQPTVKVEAEGSVVPEPPQPEPEPEP",
  "progen3_ll": -2.2773778438568115,
  "progen3_perplexity": 9.751077651977539,
  "max_sequence": "MSSDFPHYNFRMPNIGFQNLPLNIYIVVFGTAVFVFILSLLFCCYLIRLRHQAHKEFYAYKQVILKEKVKELNLHELCAVCLEDFKPRDELGICPCKHAFHRKCLVKWLEVRKVCPLCRSGISLSKSLVRKSPGAGRDPSATADPDEP",
  "max_ll": -2.6008236408233643,
  "max_perplexity": 13.474832534790039,
  "max_kl": 0.014797688461840153,
  "max_nmse": 0.011627406813204288,
  "base_sequence": "MSSDFPHYNFRMPNIGFQNLPLNIYIVVFGTAVFVFILSLLFCCYLIRLRHQAHKEFYAYKQVILKEKVKELNLHELCAVCLEDFKPRDELGICPCKHAFHRKCLVKWLEVRKVCPLCCKSCEEKQSSELESIVGGGNPTEETVTPP",
  "base_ll": -2.8254270553588867,
  "base_perplexity": 16.868146896362305,
  "base_kl": 0.1939326673746109,
  "base_nmse": 0.2772911489009857,
  "recovered_sequence": "MSSDFPHYNFRMPNIGFQNLPLNIYIVVFGTAVFVFILSLLFCCYLIRLRHQAHKEFYAYKQVILKEKVKELNLHELCAVCLEDFKPRDELGICPCKHAFHRKCLVKWLEVRKVCPLCRSDIVSRTVKVSEGSVVPETPQGTGEPPP",
  "recovered_ll": -2.5464372634887695,
  "recovered_perplexity": 12.761556625366211,
  "recovered_kl": 0.07756491005420685,
  "recovered_nmse": 0.03343098983168602,
  "nodes": {
    "9": [
      12,
      24,
      40,
      52,
      88,
      89,
      102,
      113,
      119,
      126,
      162,
      185,
      211,
      271,
      284,
      324,
      380,
      387,
      407,
      414,
      425,
      429,
      464,
      466,
      486,
      495,
      513,
      545,
      549,
      619,
      643,
      654,
      690,
      706,
      708,
      715,
      716,
      760,
      763,
      793,
      810,
      905,
      952,
      957,
      967,
      980,
      982,
      991,
      992,
      1004,
      1039,
      1081,
      1124,
      1157,
      1176,
      1184,
      1200,
      1204,
      1243,
      1244,
      1251,
      1271,
      1302,
      1303,
      1306,
      1319,
      1348,
      1352,
      1394,
      1440,
      1453,
      1461,
      1491,
      1492,
      1554,
      1579,
      1651,
      1660,
      1662,
      1665,
      1688,
      1709,
      1824,
      1832,
      1835,
      1844,
      1851,
      1859,
      1903,
      1914,
      1937,
      1943,
      1957,
      2004,
      2047,
      2056,
      2080,
      2081,
      2108,
      2109,
      2148,
      2178,
      2194,
      2200,
      2243,
      2264,
      2287,
      2311,
      2353,
      2376,
      2380,
      2404,
      2420,
      2423,
      2427,
      2467,
      2510,
      2511,
      2527,
      2542,
      2548,
      2570,
      2592,
      2626,
      2704,
      2732,
      2780,
      2787,
      2805,
      2809,
      2820,
      2874,
      2881,
      2883,
      2911,
      2924,
      2941,
      2957,
      2967,
      2970,
      2975,
      2980,
      2983,
      3004,
      3050,
      3105,
      3137,
      3159,
      3176,
      3187,
      3199,
      3214,
      3228,
      3276,
      3284,
      3353,
      3362,
      3382,
      3399,
      3414,
      3491,
      3498,
      3500,
      3506,
      3516,
      3526,
      3540,
      3541,
      3602,
      3603,
      3624,
      3668,
      3722,
      3760,
      3779,
      3791,
      3802,
      3821,
      3920,
      3972,
      3999,
      4069,
      4079,
      4103,
      4142,
      4198,
      4202,
      4219,
      4287,
      4312,
      4442,
      4475,
      4482,
      4536,
      4544,
      4575,
      4587
    ],
    "8": [
      35,
      37,
      48,
      53,
      272,
      299,
      333,
      372,
      405,
      528,
      585,
      605,
      609,
      638,
      649,
      678,
      733,
      746,
      828,
      830,
      842,
      862,
      938,
      950,
      983,
      1020,
      1033,
      1120,
      1136,
      1159,
      1166,
      1177,
      1397,
      1439,
      1495,
      1557,
      1559,
      1581,
      1596,
      1662,
      1664,
      1719,
      1793,
      1827,
      1836,
      1843,
      1848,
      1919,
      1930,
      1946,
      2033,
      2048,
      2050,
      2076,
      2115,
      2116,
      2154,
      2184,
      2199,
      2224,
      2234,
      2235,
      2267,
      2289,
      2317,
      2329,
      2356,
      2401,
      2410,
      2441,
      2473,
      2537,
      2576,
      2596,
      2600,
      2621,
      2640,
      2687,
      2779,
      2781,
      2790,
      2818,
      2835,
      2837,
      2849,
      2887,
      2898,
      2959,
      2988,
      3009,
      3087,
      3100,
      3102,
      3106,
      3109,
      3135,
      3154,
      3166,
      3195,
      3242,
      3278,
      3284,
      3298,
      3364,
      3390,
      3430,
      3464,
      3491,
      3520,
      3545,
      3595,
      3610,
      3648,
      3671,
      3698,
      3705,
      3741,
      3756,
      3774,
      3809,
      3874,
      3957,
      3972,
      3995,
      4003,
      4009,
      4030,
      4115,
      4125,
      4161,
      4163,
      4203,
      4215,
      4247,
      4273,
      4283,
      4337,
      4354,
      4355,
      4403,
      4471,
      4511,
      4526,
      4550,
      4558
    ],
    "7": [
      66,
      117,
      181,
      222,
      285,
      324,
      397,
      509,
      537,
      554,
      647,
      656,
      682,
      801,
      889,
      907,
      956,
      1149,
      1203,
      1251,
      1256,
      1281,
      1296,
      1347,
      1401,
      1419,
      1454,
      1502,
      1520,
      1581,
      1625,
      1707,
      1730,
      1760,
      1816,
      1973,
      1976,
      2290,
      2306,
      2349,
      2351,
      2440,
      2446,
      2450,
      2474,
      2482,
      2499,
      2594,
      2595,
      2610,
      2621,
      2804,
      2827,
      2891,
      2903,
      3010,
      3055,
      3078,
      3110,
      3159,
      3195,
      3302,
      3319,
      3360,
      3363,
      3389,
      3420,
      3428,
      3576,
      3619,
      3635,
      3675,
      3755,
      3760,
      3895,
      3921,
      3948,
      4005,
      4014,
      4055,
      4081,
      4125,
      4151,
      4152,
      4154,
      4155,
      4298,
      4331,
      4411,
      4431,
      4435,
      4532,
      4564,
      4585,
      4596
    ],
    "5": [
      31,
      45,
      127,
      160,
      197,
      207,
      256,
      282,
      288,
      293,
      330,
      387,
      397,
      418,
      533,
      574,
      577,
      622,
      740,
      774,
      811,
      831,
      876,
      1031,
      1067,
      1140,
      1171,
      1182,
      1273,
      1338,
      1410,
      1551,
      1593,
      1712,
      1724,
      1858,
      1954,
      2189,
      2202,
      2268,
      2278,
      2418,
      2431,
      2462,
      2496,
      2508,
      2566,
      2670,
      2675,
      2727,
      2746,
      2776,
      2851,
      2881,
      2970,
      3038,
      3084,
      3100,
      3130,
      3174,
      3244,
      3325,
      3328,
      3362,
      3430,
      3479,
      3519,
      3588,
      3590,
      3595,
      3632,
      3692,
      3893,
      3943,
      4004,
      4021,
      4066,
      4077,
      4093,
      4181,
      4460,
      4462,
      4525
    ],