{
  "entry": "Q8K1L6",
  "entry_name": "CP074_MOUSE",
  "type": "GLM_1",
  "prompt": "MTPAAHGCKRVAWCPSRPPASAPSAPQEAARRGDAMGLKPSCLKGFKMCVSSSNNNHDEAPVLNDKHLSVPNIIITPPTPTGMGLSRDSNKQVWMDELGSYQDDGELEPEA[GLM]0-14-14",
  "k": 896,
  "original_sequence": "MTPAAHGCKRVAWCPSRPPASAPSAPQEAARRGDAMGLKPSCLKGFKMCVSSSNNNHDEAPVLNDKHLSVPNIIITPPTPTGMGLSRDSNKQVWMDELGSYQDDGELEPEA",
  "original_ll": -2.8703651428222656,
  "original_perplexity": 17.64345932006836,
  "progen3_sequence": "GRNNVQPGVEREDEPSRPPASAPSAPQEAARRGDAMGLKPSCLKGFKMCVSSSNNNHDEAPVLNDKHLSVPNIIITPPTPTGMGLSRDSNKQVWMDELGSYQDDGELEPEA",
  "progen3_ll": -3.3120646476745605,
  "progen3_perplexity": 27.44172477722168,
  "max_sequence": "DMGIQNSGGDLASGPSRPPASAPSAPQEAARRGDAMGLKPSCLKGFKMCVSSSNNNHDEAPVLNDKHLSVPNIIITPPTPTGMGLSRDSNKQVWMDELGSYQDDGELEPEA",
  "max_ll": -3.307471752166748,
  "max_perplexity": 27.315977096557617,
  "max_kl": 0.0306838508695364,
  "max_nmse": 0.026936238631606102,
  "base_sequence": "MMMMNPVYPLNPRVPSRPPASAPSAPQEAARRGDAMGLKPSCLKGFKMCVSSSNNNHDEAPVLNDKHLSVPNIIITPPTPTGMGLSRDSNKQVWMDELGSYQDDGELEPEA",
  "base_ll": -2.9420199394226074,
  "base_perplexity": 18.95409393310547,
  "base_kl": 0.1666662096977234,
  "base_nmse": 1.5574861764907837,
  "recovered_sequence": "KRNNVQPRVLRETVPSRPPASAPSAPQEAARRGDAMGLKPSCLKGFKMCVSSSNNNHDEAPVLNDKHLSVPNIIITPPTPTGMGLSRDSNKQVWMDELGSYQDDGELEPEA",
  "recovered_ll": -3.315624237060547,
  "recovered_perplexity": 27.539579391479492,
  "recovered_kl": 0.05124856159090996,
  "recovered_nmse": 0.18652941286563873,
  "nodes": {
    "1": [
      40,
      93,
      120,
      138,
      163,
      183,
      234,
      240,
      255,
      289,
      298,
      452,
      471,
      480,
      526,
      573,
      576,
      599,
      600,
      609,
      623,
      628,
      631,
      669,
      694,
      722,
      735,
      736,
      751,
      780,
      796,
      817,
      874,
      881,
      926,
      931,
      937,
      1000,
      1060,
      1294,
      1315,
      1411,
      1421,
      1422,
      1433,
      1443,
      1455,
      1505,
      1529,
      1567,
      1574,
      1588,
      1685,
      1728,
      1754,
      1760,
      1798,
      1804,
      1894,
      1910,
      1956,
      1967,
      2029,
      2147,
      2248,
      2327,
      2343,
      2361,
      2464,
      2486,
      2505,
      2557,
      2597,
      2599,
      2622,
      2706,
      2717,
      2794,
      2848,
      2903,
      2931,
      2940,
      2958,
      2988,
      3002,
      3044,
      3053,
      3068,
      3098,
      3114,
      3145,
      3212,
      3221,
      3254,
      3320,
      3355,
      3389,
      3397,
      3490,
      3507,
      3582,
      3607,
      3639,
      3657,
      3673,
      3771,
      3831,
      3834,
      3908,
      4060,
      4074,
      4106,
      4107,
      4185,
      4230,
      4240,
      4250,
      4262,
      4345,
      4441,
      4517,
      4535,
      4584,
      4603
    ],
    "9": [
      12,
      58,
      98,
      113,
      142,
      151,
      162,
      185,
      237,
      284,
      375,
      381,
      407,
      425,
      465,
      466,
      497,
      545,
      579,
      734,
      760,
      763,
      770,
      793,
      803,
      924,
      957,
      967,
      991,
      1049,
      1080,
      1092,
      1166,
      1176,
      1184,
      1204,
      1219,
      1251,
      1302,
      1366,
      1378,
      1436,
      1444,
      1472,
      1481,
      1491,
      1495,
      1499,
      1500,
      1523,
      1528,
      1538,
      1554,
      1579,
      1648,
      1823,
      1828,
      1844,
      1851,
      1864,
      1907,
      1909,
      1957,
      2001,
      2005,
      2056,
      2067,
      2191,
      2212,
      2236,
      2238,
      2264,
      2282,
      2283,
      2314,
      2325,
      2360,
      2395,
      2455,
      2488,
      2510,
      2590,
      2613,
      2732,
      2787,
      2941,
      2957,
      2967,
      2975,
      2982,
      2992,
      3004,
      3006,
      3050,
      3058,
      3123,
      3162,
      3185,
      3199,
      3221,
      3242,
      3289,
      3310,
      3382,
      3411,
      3414,
      3465,
      3501,
      3526,
      3540,
      3551,
      3567,
      3581,
      3603,
      3624,
      3664,
      3689,
      3709,
      3723,
      3760,
      3765,
      3779,
      3802,
      3821,
      3878,
      3925,
      3952,
      3979,
      3990,
      4052,
      4103,
      4129,
      4146,
      4232,
      4275,
      4330,
      4482,
      4514,
      4539,
      4544,
      4603
    ],
    "2": [
      1,
      2,
      10,
      228,
      267,
      342,
      390,
      427,
      459,
      527,
      550,
      570,
      819,
      841,
      952,
      1031,
      1087,
      1208,
      1219,
      1301,
      1389,
      1398,
      1513,
      1533,
      1617,
      1633,
      1672,
      1686,
      1694,
      1706,
      1749,
      1784,
      1811,
      1858,
      1897,
      1920,
      2026,
      2037,
      2103,
      2187,
      2195,
      2218,
      2283,
      2373,
      2496,
      2526,
      2633,
      2715,
      2734,
      2743,
      2748,
      2769,
      2772,
      2800,
      2830,
      2859,
      2866,
      2897,
      2907,
      2937,
      2997,
      3047,
      3114,
      3238,
      3259,
      3284,
      3549,
      3591,
      3640,
      3662,
      3767,
      3826,
      3868,
      3871,
      4030,
      4066,
      4088,
      4135,
      4252,
      4314,
      4399,
      4464,
      4519,
      4533
    ],
    "7": [
      7,
      66,
      78,
      99,
      208,
      329,
      363,
      375,
      530,
      720,
      872,
      889,
      907,
      971,
      1010,
      1069,
      1128,
      1132,
      1208,
      1256,
      1306,
      1382,
      1442,
      1454,
      1464,
      1493,
      1496,
      1516,
      1519,
      1520,
      1567,
      1625,
      1689,
      1717,
      1720,
      1751,
      1784,
      1816,
      1824,
      1830,
      1846,
      1898,
      1929,
      1935,
      1958,
      1969,
      2001,
      2091,
      2227,
      2248,
      2256,
      2328,
      2424,
      2513,
      2645,
      2676,
      2725,
      2747,
      2816,
      2877,
      2914,
      2922,
      3013,
      3038,
      3055,
      3124,
      3128,
      3135,
      3156,
      3167,
      3284,
      3367,
      3389,
      3390,
      3403,
      3419,
      3457,
      3459,
      3460,
      3487,
      3514,
      3676,
      3700,
      3760,
      3775,
      3983,
      3993,
      4052,
      4055,
      4118,
      4122,
      4164,
      4243,
      4248,
      4474
    ],