{
  "entry": "Q8K1L6",
  "entry_name": "CP074_MOUSE",
  "type": "GLM_2",
  "prompt": "MTPAAHGCKRVAWCPSRPPASAPSAPQEAARRGDAMGLKPSCLKGFKMCVSSSNNNHDEAPVLNDKHLSVPNIIITPPTPTGMGLSRDSNKQVWMDELGSYQDDGELEPEA[GLM]91-95-4",
  "k": 992,
  "original_sequence": "MTPAAHGCKRVAWCPSRPPASAPSAPQEAARRGDAMGLKPSCLKGFKMCVSSSNNNHDEAPVLNDKHLSVPNIIITPPTPTGMGLSRDSNKQVWMDELGSYQDDGELEPEA",
  "original_ll": -3.649080276489258,
  "original_perplexity": 38.439292907714844,
  "progen3_sequence": "MTPAAHGCKRVAWCPSRPPASAPSAPQEAARRGDAMGLKPSCLKGFKMCVSSSNNNHDEAPVLNDKHLSVPNIIITPPTPTGMGLSRDSNKDRRPDELGSYQDDGELEPEA",
  "progen3_ll": -2.7773373126983643,
  "progen3_perplexity": 16.07615852355957,
  "max_sequence": "MTPAAHGCKRVAWCPSRPPASAPSAPQEAARRGDAMGLKPSCLKGFKMCVSSSNNNHDEAPVLNDKHLSVPNIIITPPTPTGMGLSRDSNKLGLRDELGSYQDDGELEPEA",
  "max_ll": -2.733611583709717,
  "max_perplexity": 15.3883638381958,
  "max_kl": 0.024646326899528503,
  "max_nmse": 0.042343612760305405,
  "base_sequence": "MTPAAHGCKRVAWCPSRPPASAPSAPQEAARRGDAMGLKPSCLKGFKMCVSSSNNNHDEAPVLNDKHLSVPNIIITPPTPTGMGLSRDSNKLMNFDELGSYQDDGELEPEA",
  "base_ll": -3.295746326446533,
  "base_perplexity": 26.997554779052734,
  "base_kl": 0.3306291699409485,
  "base_nmse": 3.366556406021118,
  "recovered_sequence": "MTPAAHGCKRVAWCPSRPPASAPSAPQEAARRGDAMGLKPSCLKGFKMCVSSSNNNHDEAPVLNDKHLSVPNIIITPPTPTGMGLSRDSNKDLRPDELGSYQDDGELEPEA",
  "recovered_ll": -2.839412212371826,
  "recovered_perplexity": 17.1057071685791,
  "recovered_kl": 0.05895445868372917,
  "recovered_nmse": 0.3875841200351715,
  "nodes": {
    "9": [
      12,
      162,
      381,
      407,
      416,
      450,
      538,
      545,
      734,
      760,
      763,
      836,
      875,
      957,
      967,
      991,
      1042,
      1073,
      1136,
      1176,
      1184,
      1186,
      1251,
      1298,
      1302,
      1426,
      1491,
      1579,
      1713,
      1729,
      1735,
      1828,
      1832,
      1844,
      1851,
      1859,
      1942,
      1957,
      2005,
      2105,
      2108,
      2282,
      2287,
      2343,
      2420,
      2455,
      2510,
      2642,
      2732,
      2787,
      2957,
      2975,
      3006,
      3018,
      3050,
      3087,
      3101,
      3105,
      3162,
      3199,
      3221,
      3381,
      3382,
      3399,
      3500,
      3513,
      3526,
      3540,
      3579,
      3581,
      3624,
      3676,
      3760,
      3779,
      3802,
      3821,
      3856,
      3880,
      3952,
      3965,
      3999,
      4129,
      4419,
      4482,
      4526,
      4544
    ],
    "8": [
      18,
      82,
      97,
      140,
      154,
      204,
      211,
      240,
      299,
      301,
      350,
      372,
      417,
      655,
      968,
      1004,
      1006,
      1008,
      1136,
      1165,
      1270,
      1301,
      1309,
      1391,
      1444,
      1486,
      1494,
      1535,
      1557,
      1623,
      1664,
      1744,
      1954,
      1956,
      2077,
      2106,
      2112,
      2127,
      2151,
      2258,
      2376,
      2401,
      2490,
      2500,
      2528,
      2540,
      2542,
      2564,
      2596,
      2621,
      2710,
      2743,
      2779,
      2806,
      2921,
      3030,
      3088,
      3113,
      3195,
      3268,
      3321,
      3396,
      3413,
      3432,
      3461,
      3485,
      3507,
      3535,
      3555,
      3594,
      3659,
      3700,
      3735,
      3772,
      3846,
      3874,
      4021,
      4177,
      4334,
      4347,
      4378,
      4471,
      4534,
      4559,
      4578
    ],
    "7": [
      66,
      99,
      330,
      362,
      372,
      550,
      642,
      872,
      889,
      907,
      1010,
      1128,
      1151,
      1256,
      1262,
      1306,
      1382,
      1454,
      1476,
      1520,
      1625,
      1716,
      1751,
      1816,
      1824,
      1830,
      1929,
      1935,
      1958,
      1969,
      2089,
      2180,
      2227,
      2248,
      2261,
      2328,
      2499,
      2513,
      2676,
      2747,
      2827,
      2922,
      2977,
      2998,
      3135,
      3159,
      3284,
      3330,
      3381,
      3389,
      3457,
      3464,
      3487,
      3588,
      3598,
      3690,
      3755,
      3760,
      3944,
      4045,
      4055,
      4130,
      4144,
      4149,
      4299,
      4331,
      4365,
      4421,
      4466,
      4475
    ],
    "0": [
      28,
      116,
      159,
      190,
      243,
      253,
      270,
      288,
      289,
      318,
      392,
      430,
      439,
      449,
      460,
      621,
      641,
      715,
      771,
      853,
      976,
      1038,
      1049,
      1074,
      1110,
      1132,
      1164,
      1184,
      1211,
      1216,
      1244,
      1263,
      1265,
      1332,
      1380,
      1458,
      1487,
      1521,
      1530,
      1575,
      1581,
      1614,
      1616,
      1809,
      1883,
      1965,
      1971,
      1999,
      2006,
      2014,
      2031,
      2103,
      2142,
      2190,
      2191,
      2206,
      2242,
      2256,
      2257,
      2262,
      2391,
      2403,
      2404,
      2423,
      2468,
      2550,
      2574,
      2607,
      2623,
      2674,
      2702,
      2711,
      2735,
      2784,
      2810,
      2831,
      2844,
      2970,
      3002,
      3054,
      3074,
      3151,
      3284,
      3290,
      3291,
      3294,
      3375,
      3414,
      3434,
      3464,
      3536,
      3546,
      3580,
      3619,
      3633,
      3741,
      3778,
      3794,
      3815,
      3827,
      3839,
      3887,
      3941,
      3970,
      4072,
      4150,
      4155,
      4294,
      4320,
      4332,
      4352,
      4356,
      4360,
      4389,
      4395,
      4441,
      4470,
      4488,
      4504,
      4520
    ],
    "5": [
      32,
      69,
      152,
      171,
      196,
      198,
      231,
      315,
      330,
      344,
      391,
      405,
      421,
      428,
      429,
      508,
      511,
      596,
      616,
      628,
      719,
      769,
      784,
      975,
      1121,
      1170,
      1191,
      1195,
      1239,
      1247,
      1249,
      1273,
      1299,
      1329,
      1397,
      1569,
      1619,
      1653,
      1870,
      1905,
      1908,
      1928,
      1966,
      2141,
      2246,
      2278,
      2336,
      2359,
      2395,
      2399,
      2414,
      2415,
      2496,
      2504,
      2522,
      2584,
      2675,
      2744,
      2756,
      2772,
      2777,
      2801,
      2869,
      2974,
      3128,
      3162,
      3197,
      3244,
      3453,
      3459,
      3498,
      3537,
      3584,
      3588,
      3626,
      3662,
      3675,
      3691,
      3748,
      3791,
      3794,
      3810,
      3979,
      4016,
      4104,
      4108,
      4255,
      4281,
      4302,
      4391,
      4508,
      4516,
      4577
    ],