{
  "entry": "Q8N8H1",
  "entry_name": "ZN321_HUMAN",
  "type": "CLM",
  "prompt": "MMKEFSSTAQGNTEVIHTGTLQRHESHHIRDFCFQEIEKDIHNFEFQWQEEERNGHEAPMTEIKELTGSTDRHDQRHAGNKPIKDQLGSSFHSHLPELHIFQPEWKIGNQVEKSIINASLILTSQRISCSP",
  "k": 928,
  "original_sequence": "MMKEFSSTAQGNTEVIHTGTLQRHESHHIRDFCFQEIEKDIHNFEFQWQEEERNGHEAPMTEIKELTGSTDRHDQRHAGNKPIKDQLGSSFHSHLPELHIFQPEWKIGNQVEKSIINASLILTSQRISCSPKTRISNNYGNNSLHSSLPIQKLGSTHERKIFPM",
  "original_ll": -2.8645005226135254,
  "original_perplexity": 17.5402889251709,
  "progen3_sequence": "MMKEFSSTAQGNTEVIHTGTLQRHESHHIRDFCFQEIEKDIHNFEFQWQEEERNGHEAPMTEIKELTGSTDRHDQRHAGNKPIKDQLGSSFHSHLPELHIFQPEWKIGNQVEKSIINASLILTSQRISCSPRILLNNLSELDRISQKSTNQLRPAFIRRSEKIK",
  "progen3_ll": -2.7599246501922607,
  "progen3_perplexity": 15.798652648925781,
  "max_sequence": "MMKEFSSTAQGNTEVIHTGTLQRHESHHIRDFCFQEIEKDIHNFEFQWQEEERNGHEAPMTEIKELTGSTDRHDQRHAGNKPIKDQLGSSFHSHLPELHIFQPEWKIGNQVEKSIINASLILTSQRISCSPFIAVPVTDSTAKLRFSDVFSHRQNLLSSQLDLS",
  "max_ll": -2.772705316543579,
  "max_perplexity": 16.001867294311523,
  "max_kl": 0.00159664754755795,
  "max_nmse": 0.001303014694713056,
  "base_sequence": "MMKEFSSTAQGNTEVIHTGTLQRHESHHIRDFCFQEIEKDIHNFEFQWQEEERNGHEAPMTEIKELTGSTDRHDQRHAGNKPIKDQLGSSFHSHLPELHIFQPEWKIGNQVEKSIINASLILTSQRISCSPLHSAQRNFSNCYNIDNIEIQSLSHSIHLHLSLL",
  "base_ll": -2.7773241996765137,
  "base_perplexity": 16.075946807861328,
  "base_kl": 0.1512499451637268,
  "base_nmse": 0.5378677845001221,
  "recovered_sequence": "MMKEFSSTAQGNTEVIHTGTLQRHESHHIRDFCFQEIEKDIHNFEFQWQEEERNGHEAPMTEIKELTGSTDRHDQRHAGNKPIKDQLGSSFHSHLPELHIFQPEWKIGNQVEKSIINASLILTSQRISCSPRILLNNLSELARISSKSTRQLRPAFIRRSEKIK",
  "recovered_ll": -2.72941255569458,
  "recovered_perplexity": 15.323883056640625,
  "recovered_kl": 0.0030657046008855104,
  "recovered_nmse": 0.002460856456309557,
  "nodes": {
    "9": [
      12,
      34,
      63,
      134,
      162,
      263,
      324,
      381,
      407,
      416,
      433,
      450,
      464,
      538,
      545,
      760,
      763,
      777,
      836,
      875,
      921,
      957,
      967,
      1039,
      1042,
      1166,
      1184,
      1196,
      1219,
      1251,
      1302,
      1426,
      1443,
      1491,
      1528,
      1537,
      1564,
      1579,
      1626,
      1662,
      1686,
      1724,
      1735,
      1782,
      1799,
      1832,
      1844,
      1851,
      1875,
      1914,
      1957,
      2005,
      2064,
      2066,
      2108,
      2109,
      2148,
      2264,
      2273,
      2281,
      2283,
      2287,
      2343,
      2376,
      2395,
      2450,
      2455,
      2510,
      2531,
      2568,
      2732,
      2787,
      2919,
      2941,
      2957,
      2969,
      2975,
      2983,
      3006,
      3018,
      3050,
      3105,
      3108,
      3199,
      3232,
      3239,
      3382,
      3399,
      3426,
      3445,
      3526,
      3540,
      3581,
      3603,
      3624,
      3722,
      3760,
      3779,
      3802,
      3821,
      3856,
      3965,
      3999,
      4085,
      4088,
      4129,
      4226,
      4244,
      4344,
      4437,
      4475,
      4482,
      4544,
      4575,
      4587
    ],
    "0": [
      14,
      36,
      62,
      68,
      116,
      117,
      190,
      243,
      276,
      285,
      337,
      449,
      542,
      600,
      641,
      671,
      674,
      694,
      771,
      784,
      817,
      885,
      933,
      1026,
      1101,
      1169,
      1265,
      1268,
      1297,
      1356,
      1408,
      1534,
      1547,
      1612,
      1751,
      1800,
      1824,
      1904,
      1975,
      2031,
      2055,
      2160,
      2172,
      2216,
      2229,
      2234,
      2261,
      2299,
      2356,
      2421,
      2432,
      2435,
      2512,
      2515,
      2580,
      2594,
      2680,
      2697,
      2700,
      2714,
      2722,
      2727,
      2888,
      2968,
      2972,
      2984,
      2991,
      3008,
      3034,
      3057,
      3074,
      3182,
      3220,
      3272,
      3477,
      3494,
      3555,
      3698,
      3722,
      3727,
      3730,
      3922,
      3928,
      3933,
      3938,
      3963,
      4023,
      4066,
      4077,
      4081,
      4143,
      4145,
      4182,
      4279,
      4319,
      4360,
      4426,
      4434,
      4488,
      4500,
      4519,
      4520,
      4596
    ],
    "8": [
      33,
      82,
      94,
      140,
      204,
      274,
      372,
      417,
      583,
      584,
      638,
      811,
      813,
      912,
      1004,
      1006,
      1008,
      1121,
      1136,
      1159,
      1161,
      1165,
      1177,
      1183,
      1201,
      1301,
      1309,
      1376,
      1414,
      1444,
      1486,
      1494,
      1511,
      1535,
      1557,
      1664,
      1744,
      1781,
      1829,
      1870,
      1954,
      1956,
      2070,
      2077,
      2106,
      2112,
      2127,
      2258,
      2278,
      2302,
      2334,
      2401,
      2475,
      2490,
      2528,
      2542,
      2564,
      2596,
      2621,
      2706,
      2710,
      2743,
      2779,
      2806,
      2986,
      3024,
      3195,
      3268,
      3321,
      3348,
      3388,
      3396,
      3413,
      3422,
      3432,
      3459,
      3485,
      3507,
      3535,
      3555,
      3594,
      3600,
      3653,
      3700,
      3735,
      3874,
      3960,
      4021,
      4167,
      4177,
      4212,
      4334,
      4345,
      4347,
      4416,
      4471,
      4534,
      4546,
      4559,
      4596
    ],
    "7": [
      66,
      78,
      158,
      230,
      280,
      330,
      341,
      362,
      372,
      509,
      550,
      631,
      642,
      889,
      907,
      1128,
      1256,
      1264,
      1306,
      1347,
      1361,
      1393,
      1446,
      1454,
      1512,
      1520,
      1625,
      1709,
      1751,
      1816,
      1824,
      1826,
      1830,
      1856,
      1898,
      1929,
      1935,
      1958,
      1966,
      1969,
      2020,
      2180,
      2227,
      2248,
      2261,
      2279,
      2469,
      2499,
      2676,
      2747,
      2816,
      2922,
      2977,
      2986,
      3100,
      3135,
      3149,
      3159,
      3225,
      3330,
      3381,
      3389,
      3464,
      3487,
      3541,
      3598,
      3601,
      3690,
      3754,
      3755,
      3760,
      3825,
      3937,
      3944,
      3948,
      3949,
      4055,
      4076,
      4149,
      4195,
      4279,
      4299,
      4331,
      4365,
      4466,
      4475,
      4534,
      4564
    ],