{
  "entry": "Q8NEQ5",
  "entry_name": "CA162_HUMAN",
  "type": "GLM_1",
  "prompt": "MGGNGSTCKPDTERQGTLSTAAPTTSPAPCLSNHHNKKHLILAFCAGVLLTLLLIAFIFLIIKSYRKYRRERLPISPGPLLRWVPLLSGTMADHSKPQAPDPHSDPPAKLSSIPGESLTYASTTFKLSEEKSNHLAENHSADFDPIVYAQIKVTN[GLM]95-149-54",
  "k": 928,
  "original_sequence": "MGGNGSTCKPDTERQGTLSTAAPTTSPAPCLSNHHNKKHLILAFCAGVLLTLLLIAFIFLIIKSYRKYRRERLPISPGPLLRWVPLLSGTMADHSKPQAPDPHSDPPAKLSSIPGESLTYASTTFKLSEEKSNHLAENHSADFDPIVYAQIKVTN",
  "original_ll": -2.8608996868133545,
  "original_perplexity": 17.477243423461914,
  "progen3_sequence": "MGGNGSTCKPDTERQGTLSTAAPTTSPAPCLSNHHNKKHLILAFCAGVLLTLLLIAFIFLIIKSYRKYRRERLPISPGPLLRWVPLLSGTMADHSVDLFIEDKDAINVLLKRSKKAGVVVGAVSSKGANLDADATKNARIGKKRPVGNSQIKVTN",
  "progen3_ll": -2.818077325820923,
  "progen3_perplexity": 16.744625091552734,
  "max_sequence": "MGGNGSTCKPDTERQGTLSTAAPTTSPAPCLSNHHNKKHLILAFCAGVLLTLLLIAFIFLIIKSYRKYRRERLPISPGPLLRWVPLLSGTMADHSIDILRRKALRVNTLSVIKGRAMMSGGVPGELKEESKLKLKRGKGTRRRPPKKVEQIKVTN",
  "max_ll": -2.8082714080810547,
  "max_perplexity": 16.58123207092285,
  "max_kl": 0.13120324909687042,
  "max_nmse": 0.05006237328052521,
  "base_sequence": "MGGNGSTCKPDTERQGTLSTAAPTTSPAPCLSNHHNKKHLILAFCAGVLLTLLLIAFIFLIIKSYRKYRRERLPISPGPLLRWVPLLSGTMADHSMDMCCCCCMCCCCCYMCKCCDCVCCRVMCCMCSCMCCCMMMMGMMCCCKCMDMMQIKVTN",
  "base_ll": -2.5635435581207275,
  "base_perplexity": 12.981738090515137,
  "base_kl": 0.8267630338668823,
  "base_nmse": 1.0193568468093872,
  "recovered_sequence": "MGGNGSTCKPDTERQGTLSTAAPTTSPAPCLSNHHNKKHLILAFCAGVLLTLLLIAFIFLIIKSYRKYRRERLPISPGPLLRWVPLLSGTMADHSDDLVCCDCDPICALYSRMKKPGYDVVVVSSKGMMKDAMEKKYYVIGKKIEVKNKQIKVTN",
  "recovered_ll": -2.9661595821380615,
  "recovered_perplexity": 19.417207717895508,
  "recovered_kl": 0.22032992541790009,
  "recovered_nmse": 0.14262795448303223,
  "nodes": {
    "9": [
      12,
      63,
      162,
      284,
      324,
      381,
      407,
      416,
      450,
      464,
      538,
      545,
      727,
      734,
      760,
      763,
      875,
      957,
      967,
      1039,
      1042,
      1166,
      1176,
      1184,
      1186,
      1251,
      1302,
      1306,
      1426,
      1443,
      1491,
      1528,
      1554,
      1564,
      1565,
      1579,
      1662,
      1713,
      1735,
      1782,
      1828,
      1832,
      1835,
      1844,
      1851,
      1914,
      1942,
      1957,
      2001,
      2005,
      2046,
      2105,
      2108,
      2109,
      2148,
      2153,
      2264,
      2282,
      2287,
      2376,
      2420,
      2423,
      2455,
      2510,
      2568,
      2570,
      2715,
      2732,
      2787,
      2809,
      2874,
      2941,
      2957,
      2975,
      2983,
      3006,
      3008,
      3018,
      3050,
      3058,
      3087,
      3101,
      3105,
      3146,
      3147,
      3162,
      3199,
      3276,
      3351,
      3353,
      3372,
      3382,
      3399,
      3513,
      3526,
      3540,
      3603,
      3624,
      3676,
      3740,
      3760,
      3765,
      3779,
      3802,
      3821,
      3848,
      3856,
      3880,
      3906,
      3965,
      3996,
      3999,
      4088,
      4129,
      4344,
      4419,
      4478,
      4482,
      4526,
      4544,
      4575,
      4587
    ],
    "8": [
      94,
      204,
      240,
      299,
      372,
      417,
      747,
      756,
      949,
      999,
      1004,
      1008,
      1136,
      1165,
      1301,
      1333,
      1391,
      1400,
      1444,
      1486,
      1494,
      1535,
      1557,
      1664,
      1678,
      1744,
      1829,
      1870,
      1954,
      1956,
      2077,
      2106,
      2109,
      2112,
      2151,
      2199,
      2201,
      2291,
      2329,
      2334,
      2361,
      2374,
      2376,
      2401,
      2516,
      2528,
      2542,
      2549,
      2567,
      2596,
      2621,
      2710,
      2743,
      2779,
      2806,
      2872,
      2921,
      2925,
      3009,
      3042,
      3113,
      3126,
      3195,
      3268,
      3321,
      3396,
      3413,
      3432,
      3459,
      3485,
      3507,
      3535,
      3555,
      3600,
      3653,
      3700,
      3735,
      3874,
      4021,
      4177,
      4334,
      4347,
      4471,
      4488,
      4534,
      4550,
      4559,
      4578,
      4596
    ],
    "0": [
      116,
      123,
      151,
      187,
      207,
      276,
      292,
      402,
      547,
      648,
      687,
      694,
      715,
      771,
      785,
      823,
      902,
      925,
      933,
      940,
      972,
      995,
      1028,
      1171,
      1250,
      1252,
      1265,
      1272,
      1281,
      1297,
      1429,
      1462,
      1468,
      1502,
      1652,
      1697,
      1763,
      1777,
      1798,
      1824,
      1878,
      1883,
      1906,
      1953,
      1991,
      2021,
      2123,
      2160,
      2170,
      2191,
      2216,
      2295,
      2299,
      2316,
      2356,
      2413,
      2423,
      2470,
      2680,
      2692,
      2722,
      2804,
      2863,
      2888,
      2956,
      2969,
      2972,
      2984,
      2991,
      3000,
      3023,
      3057,
      3118,
      3133,
      3205,
      3233,
      3253,
      3256,
      3307,
      3315,
      3325,
      3347,
      3606,
      3616,
      3691,
      3698,
      3716,
      3721,
      3730,
      3768,
      3835,
      3841,
      3853,
      3887,
      3938,
      3960,
      3963,
      4006,
      4033,
      4145,
      4147,
      4195,
      4208,
      4218,
      4319,
      4329,
      4331,
      4426,
      4488,
      4511,
      4516,
      4596,
      4603
    ],
    "7": [
      7,
      11,
      66,
      78,
      205,
      330,
      372,
      491,
      550,
      872,
      889,
      907,
      1079,
      1149,
      1151,
      1252,
      1256,
      1262,
      1290,
      1306,
      1347,
      1393,
      1424,
      1454,
      1512,
      1520,
      1625,
      1709,
      1716,
      1751,
      1816,
      1824,
      1830,
      1929,
      1958,
      1969,
      2020,
      2227,
      2261,
      2469,
      2499,
      2747,
      2802,
      2877,
      2922,
      2977,
      2998,
      3135,
      3169,
      3216,
      3225,
      3251,
      3381,
      3389,
      3403,
      3464,
      3487,
      3608,
      3727,
      3755,
      3760,
      3825,
      3944,
      3948,
      4024,
      4045,
      4055,
      4077,
      4130,
      4141,
      4149,
      4228,
      4279,
      4299,
      4421,
      4457,
      4466,
      4475
    ],
    "4": [
      76,
      129,
      285,
      310,
      336,
      446,
      562,
      600,
      716,
      727,
      808,
      825,
      847,
      893,
      927,
      931,
      944,
      979,
      1061,
      1087,
      1180,
      1184,
      1204,
      1295,
      1449,
      1456,
      1488,
      1491,
      1547,
      1564,
      1566,
      1571,
      1581,
      1597,
      1666,
      1719,
      1794,
      1802,
      1807,
      1843,
      1882,
      1928,
      1935,
      1982,
      2055,
      2063,
      2134,
      2177,
      2181,
      2215,
      2233,
      2295,
      2309,
      2328,
      2413,
      2525,
      2573,
      2610,
      2637,
      2656,
      2749,
      2805,
      2836,
      2847,
      2852,
      2878,
      2879,
      2904,
      2917,
      2933,
      3010,
      3068,
      3175,
      3206,
      3291,
      3426,
      3498,
      3512,
      3632,
      3736,
      3800,
      3811,
      3829,
      3910,
      3981,
      4015,
      4134,
      4185,
      4205,
      4218,
      4222,
      4227,
      4252,
      4256,
      4340,
      4413,
      4438,
      4440,
      4472,
      4559,
      4579,
      4584,
      4586,
      4599
    ],