{
  "entry": "Q8ZSD2",
  "entry_name": "SSB2_NOSS1",
  "type": "GLM_2",
  "prompt": "MNYINKVMLVGRCGQEPDLKFFESGAVKASISIAVRPPYRSEQALWFDLVAWGNQAEVIGNYVRKGTQIAITGEFGFDRWADKNSGTMRQKPVITINTIELLGSPRKEESTSTSAPNETQAVANANF[GLM]14-56-42",
  "k": 896,
  "original_sequence": "MNYINKVMLVGRCGQEPDLKFFESGAVKASISIAVRPPYRSEQALWFDLVAWGNQAEVIGNYVRKGTQIAITGEFGFDRWADKNSGTMRQKPVITINTIELLGSPRKEESTSTSAPNETQAVANANF",
  "original_ll": -2.1578023433685303,
  "original_perplexity": 8.65210247039795,
  "progen3_sequence": "MNYINKVMLVGRCGYVIFRMGGNTWMIGKDIGILGNPTPDRMTGDPTEKDPRKANQEVIGNYVRKGTQIAITGEFGFDRWADKNSGTMRQKPVITINTIELLGSPRKEESTSTSAPNETQAVANANF",
  "progen3_ll": -2.9794230461120605,
  "progen3_perplexity": 19.676462173461914,
  "max_sequence": "MNYINKVMLVGRCGEVKKNIYSNKKNVGSNLYIKYGTQTEYKEGNELKIKGSGYENEVIGNYVRKGTQIAITGEFGFDRWADKNSGTMRQKPVITINTIELLGSPRKEESTSTSAPNETQAVANANF",
  "max_ll": -2.7494750022888184,
  "max_perplexity": 15.634422302246094,
  "max_kl": 0.11464595794677734,
  "max_nmse": 0.039836153388023376,
  "base_sequence": "MNYINKVMLVGRCGVIMYNKFYNFNMCNMMYMNNYNKKKVMMKYNMKNIMKMVMEMEVIGNYVRKGTQIAITGEFGFDRWADKNSGTMRQKPVITINTIELLGSPRKEESTSTSAPNETQAVANANF",
  "base_ll": -2.8240535259246826,
  "base_perplexity": 16.844993591308594,
  "base_kl": 0.4759633243083954,
  "base_nmse": 2.0959701538085938,
  "recovered_sequence": "MNYINKVMLVGRCGDVEFKMPPEKDMIYKNIKINENPIPDFTTGDPNNKQIKKKNMEVIGNYVRKGTQIAITGEFGFDRWADKNSGTMRQKPVITINTIELLGSPRKEESTSTSAPNETQAVANANF",
  "recovered_ll": -2.987607479095459,
  "recovered_perplexity": 19.838163375854492,
  "recovered_kl": 0.16140656173229218,
  "recovered_nmse": 0.13556811213493347,
  "nodes": {
    "8": [
      74,
      128,
      146,
      149,
      241,
      272,
      339,
      450,
      456,
      575,
      583,
      602,
      626,
      699,
      716,
      724,
      783,
      816,
      826,
      835,
      863,
      873,
      945,
      984,
      1120,
      1198,
      1231,
      1245,
      1283,
      1299,
      1301,
      1306,
      1311,
      1318,
      1360,
      1377,
      1390,
      1396,
      1400,
      1401,
      1439,
      1468,
      1579,
      1611,
      1664,
      1687,
      1688,
      1706,
      1750,
      1768,
      1770,
      1775,
      1784,
      1785,
      1804,
      1887,
      1928,
      1943,
      1958,
      2016,
      2068,
      2077,
      2083,
      2089,
      2114,
      2201,
      2252,
      2314,
      2332,
      2346,
      2348,
      2382,
      2389,
      2391,
      2399,
      2401,
      2442,
      2509,
      2544,
      2547,
      2567,
      2615,
      2621,
      2626,
      2636,
      2647,
      2688,
      2702,
      2734,
      2777,
      2781,
      2785,
      2806,
      2812,
      2843,
      2846,
      2854,
      2902,
      2932,
      2939,
      2966,
      2995,
      3009,
      3044,
      3138,
      3183,
      3254,
      3257,
      3267,
      3298,
      3346,
      3358,
      3387,
      3440,
      3458,
      3486,
      3560,
      3563,
      3653,
      3660,
      3690,
      3727,
      3764,
      3779,
      3825,
      3880,
      3929,
      3938,
      3942,
      4010,
      4083,
      4090,
      4100,
      4127,
      4178,
      4273,
      4310,
      4329,
      4337,
      4353,
      4358,
      4369,
      4394,
      4471,
      4502,
      4515,
      4564
    ],
    "9": [
      12,
      27,
      44,
      67,
      88,
      101,
      102,
      126,
      224,
      251,
      271,
      290,
      300,
      305,
      310,
      318,
      442,
      450,
      458,
      466,
      481,
      500,
      506,
      512,
      573,
      582,
      588,
      598,
      619,
      654,
      662,
      667,
      696,
      706,
      715,
      736,
      744,
      746,
      758,
      768,
      814,
      828,
      871,
      885,
      938,
      950,
      960,
      967,
      978,
      981,
      992,
      1000,
      1004,
      1016,
      1048,
      1061,
      1073,
      1081,
      1088,
      1104,
      1138,
      1161,
      1176,
      1184,
      1217,
      1230,
      1245,
      1250,
      1251,
      1260,
      1312,
      1318,
      1340,
      1343,
      1346,
      1348,
      1352,
      1370,
      1377,
      1394,
      1396,
      1457,
      1470,
      1484,
      1537,
      1544,
      1554,
      1586,
      1594,
      1617,
      1637,
      1648,
      1774,
      1783,
      1822,
      1844,
      1851,
      1858,
      1859,
      1878,
      1934,
      1937,
      1940,
      1943,
      1957,
      1965,
      1977,
      2015,
      2061,
      2069,
      2094,
      2102,
      2111,
      2159,
      2161,
      2188,
      2194,
      2218,
      2220,
      2231,
      2254,
      2276,
      2319,
      2368,
      2376,
      2389,
      2394,
      2417,
      2420,
      2423,
      2427,
      2438,
      2439,
      2514,
      2516,
      2559,
      2580,
      2597,
      2614,
      2621,
      2674,
      2678,
      2697,
      2704,
      2712,
      2716,
      2732,
      2755,
      2771,
      2781,
      2787,
      2788,
      2817,
      2834,
      2842,
      2855,
      2873,
      2881,
      2883,
      2890,
      2901,
      2909,
      2921,
      2935,
      3021,
      3028,
      3048,
      3050,
      3054,
      3073,
      3122,
      3142,
      3157,
      3159,
      3176,
      3180,
      3192,
      3196,
      3199,
      3228,
      3231,
      3242,
      3260,
      3273,
      3284,
      3309,
      3314,
      3338,
      3362,
      3391,
      3414,
      3420,
      3432,
      3474,
      3491,
      3499,
      3500,
      3540,
      3549,
      3577,
      3624,
      3668,
      3696,
      3715,
      3763,
      3795,
      3797,
      3821,
      3877,
      3881,
      3920,
      3934,
      3948,
      3995,
      3999,
      4001,
      4016,
      4020,
      4028,
      4049,
      4059,
      4071,
      4117,
      4126,
      4142,
      4157,
      4168,
      4182,
      4202,
      4250,
      4287,
      4298,
      4302,
      4320,
      4393,
      4395,
      4442,
      4444,
      4471,
      4504,
      4521,
      4544,
      4549,
      4567,
      4570,
      4590,
      4603
    ],
    "0": [
      129,
      179,
      318,
      392,
      449,
      460,
      641,
      648,
      694,
      933,
      1017,
      1049,
      1184,
      1252,
      1297,
      1387,
      1412,
      1521,
      1800,
      1824,
      2031,
      2186,
      2299,
      2306,
      2423,
      2511,
      2594,
      2631,
      2662,
      2692,
      2694,
      2706,
      2722,
      2968,
      2972,
      2984,
      3056,
      3090,
      3139,
      3182,
      3205,
      3243,
      3256,
      3627,
      3794,
      3853,
      3889,
      3963,
      4195,
      4360,
      4426,
      4458,
      4488,
      4590,
      4596
    ],
    "4": [
      57,
      87,
      115,
      173,
      176,
      303,
      363,
      522,
      553,
      613,
      622,
      662,
      701,
      729,
      739,
      752,
      812,
      904,
      983,
      1030,
      1040,
      1058,
      1102,
      1164,
      1179,
      1235,
      1296,
      1547,
      1569,
      1574,
      1710,
      1805,
      1904,
      2077,
      2180,
      2190,
      2200,
      2225,
      2247,
      2267,
      2487,
      2561,
      2937,
      2999,
      3008,
      3100,
      3167,
      3259,
      3341,
      3435,
      3437,
      3443,
      3562,
      3575,
      3580,
      3597,
      3677,
      3681,
      3730,
      3811,
      3941,
      4025,
      4053,
      4149,
      4151,
      4325,
      4490,
      4517,
      4583
    ],