{
  "entry": "Q93WP7",
  "entry_name": "HSYB_TOBAC",
  "type": "CLM",
  "prompt": "MRALFLIYLILSPFRAVSRTLLENHEGLNVGSGYGRGTNLPPPSPASSPPSKEVSNSVSPTRTDEKTSENTELVMTTIAQGENSNQLFPFLTSSDNYQLASFKKLSISYLLPVSYVWKLISSSSFNHDLVD",
  "k": 672,
  "original_sequence": "MRALFLIYLILSPFRAVSRTLLENHEGLNVGSGYGRGTNLPPPSPASSPPSKEVSNSVSPTRTDEKTSENTELVMTTIAQGENSNQLFPFLTSSDNYQLASFKKLSISYLLPVSYVWKLISSSSFNHDLVDIFDTSSDEKYWNRKPLSPPSPKPADGHRPLQSY",
  "original_ll": -2.902895450592041,
  "original_perplexity": 18.226844787597656,
  "progen3_sequence": "MRALFLIYLILSPFRAVSRTLLENHEGLNVGSGYGRGTNLPPPSPASSPPSKEVSNSVSPTRTDEKTSENTELVMTTIAQGENSNQLFPFLTSSDNYQLASFKKLSISYLLPVSYVWKLISSSSFNHDLVDLNKSELIKNPIERQALTDLSTNFSSSPSSSSSS",
  "progen3_ll": -2.4662082195281982,
  "progen3_perplexity": 11.777704238891602,
  "max_sequence": "MRALFLIYLILSPFRAVSRTLLENHEGLNVGSGYGRGTNLPPPSPASSPPSKEVSNSVSPTRTDEKTSENTELVMTTIAQGENSNQLFPFLTSSDNYQLASFKKLSISYLLPVSYVWKLISSSSFNHDLVDASKIFKSTSFNLTGKIAFKIQLPDSSQSLFPSS",
  "max_ll": -2.7005388736724854,
  "max_perplexity": 14.887752532958984,
  "max_kl": 0.0034104851074516773,
  "max_nmse": 0.003659255336970091,
  "base_sequence": "MRALFLIYLILSPFRAVSRTLLENHEGLNVGSGYGRGTNLPPPSPASSPPSKEVSNSVSPTRTDEKTSENTELVMTTIAQGENSNQLFPFLTSSDNYQLASFKKLSISYLLPVSYVWKLISSSSFNHDLVDGFSLNSQSVNNLLNSYNQNLLTLIFSSLSSSSS",
  "base_ll": -2.436835527420044,
  "base_perplexity": 11.43679141998291,
  "base_kl": 0.13307201862335205,
  "base_nmse": 0.3012029230594635,
  "recovered_sequence": "MRALFLIYLILSPFRAVSRTLLENHEGLNVGSGYGRGTNLPPPSPASSPPSKEVSNSVSPTRTDEKTSENTELVMTTIAQGENSNQLFPFLTSSDNYQLASFKKLSISYLLPVSYVWKLISSSSFNHDLVDLNKSELIKNLIERIALTDSSTNFSSSPSSSDSS",
  "recovered_ll": -2.4822795391082764,
  "recovered_perplexity": 11.96851634979248,
  "recovered_kl": 0.00831876415759325,
  "recovered_nmse": 0.007569585926830769,
  "nodes": {
    "9": [
      12,
      24,
      34,
      117,
      162,
      263,
      284,
      407,
      413,
      416,
      447,
      456,
      464,
      473,
      538,
      545,
      734,
      760,
      763,
      875,
      957,
      967,
      991,
      1036,
      1039,
      1042,
      1166,
      1184,
      1251,
      1302,
      1306,
      1443,
      1491,
      1530,
      1564,
      1579,
      1665,
      1782,
      1828,
      1832,
      1844,
      1851,
      1914,
      1931,
      1942,
      1957,
      2005,
      2086,
      2105,
      2108,
      2109,
      2126,
      2148,
      2153,
      2264,
      2283,
      2287,
      2376,
      2455,
      2510,
      2642,
      2658,
      2732,
      2763,
      2787,
      2865,
      2874,
      2957,
      2975,
      2983,
      3006,
      3008,
      3050,
      3079,
      3087,
      3101,
      3105,
      3162,
      3199,
      3290,
      3351,
      3372,
      3381,
      3382,
      3399,
      3513,
      3526,
      3540,
      3579,
      3603,
      3624,
      3676,
      3760,
      3779,
      3802,
      3821,
      3848,
      3880,
      3906,
      3999,
      4088,
      4129,
      4190,
      4290,
      4344,
      4419,
      4478,
      4482,
      4526,
      4533,
      4544
    ],
    "8": [
      240,
      319,
      372,
      417,
      682,
      756,
      811,
      999,
      1004,
      1008,
      1136,
      1165,
      1177,
      1258,
      1301,
      1309,
      1400,
      1444,
      1486,
      1494,
      1535,
      1557,
      1664,
      1687,
      1730,
      1744,
      1842,
      1954,
      1956,
      2021,
      2054,
      2077,
      2103,
      2106,
      2109,
      2112,
      2199,
      2201,
      2258,
      2329,
      2374,
      2401,
      2479,
      2564,
      2578,
      2596,
      2621,
      2710,
      2727,
      2743,
      2766,
      2779,
      2793,
      2806,
      2917,
      2918,
      2986,
      3001,
      3088,
      3135,
      3195,
      3268,
      3321,
      3396,
      3413,
      3422,
      3432,
      3485,
      3507,
      3524,
      3653,
      3735,
      3741,
      3849,
      3865,
      3874,
      3960,
      4021,
      4167,
      4294,
      4310,
      4334,
      4471,
      4534,
      4546,
      4559,
      4596
    ],
    "0": [
      129,
      135,
      151,
      174,
      276,
      694,
      753,
      771,
      809,
      851,
      933,
      1155,
      1468,
      1521,
      1652,
      1800,
      1824,
      1878,
      2031,
      2160,
      2205,
      2216,
      2257,
      2356,
      2383,
      2594,
      2692,
      2722,
      2728,
      2888,
      2889,
      2904,
      2968,
      2984,
      3050,
      3057,
      3074,
      3182,
      3233,
      3256,
      3508,
      3593,
      3794,
      3841,
      3848,
      3853,
      3936,
      3960,
      3963,
      4066,
      4145,
      4388,
      4426,
      4488,
      4596
    ],
    "7": [
      66,
      72,
      78,
      330,
      362,
      372,
      509,
      715,
      872,
      889,
      907,
      1010,
      1151,
      1256,
      1306,
      1347,
      1370,
      1393,
      1419,
      1454,
      1512,
      1520,
      1625,
      1707,
      1717,
      1751,
      1816,
      1824,
      1830,
      1856,
      1929,
      1969,
      2020,
      2227,
      2230,
      2261,
      2279,
      2299,
      2401,
      2499,
      2676,
      2746,
      2747,
      2802,
      2816,
      2891,
      2922,
      2977,
      3135,
      3143,
      3159,
      3225,
      3227,
      3381,
      3389,
      3464,
      3487,
      3588,
      3608,
      3755,
      3760,
      3944,
      3948,
      4014,
      4055,
      4063,
      4149,
      4254,
      4299,
      4413,
      4421,
      4466,
      4475
    ],
    "6": [
      13,
      18,
      36,
      299,
      394,
      483,
      484,
      559,
      756,
      762,
      947,
      954,
      1050,
      1068,
      1084,
      1137,
      1292,
      1377,
      1382,
      1410,
      1457,
      1467,
      1478,
      1504,
      1546,
      1584,
      1607,
      1613,
      1657,
      1701,
      1718,
      1766,
      1772,
      1785,
      1804,
      1987,
      2089,
      2120,
      2161,
      2207,
      2235,
      2260,
      2389,
      2460,
      2495,
      2516,
      2556,
      2592,
      2614,
      2625,
      2664,
      2717,
      2727,
      2740,
      2794,
      2961,
      2989,
      3016,
      3154,
      3284,
      3459,
      3500,
      3509,
      3628,
      3701,
      3706,
      3760,
      3948,
      4098,
      4117,
      4138,
      4139,
      4192,
      4235,
      4392,
      4400,
      4462,
      4501,
      4512,
      4513,
      4537,
      4581,
      4601
    ],
    "4": [
      76,
      129,
      131,
      285,
      446,
      464,
      483,
      562,
      600,
      714,
      716,
      825,
      944,
      971,
      1041,
      1170,
      1184,
      1270,
      1272,
      1335,
      1361,
      1547,
      1566,
      1597,
      1666,
      1719,
      1802,
      1804,
      1853,
      1917,
      1935,
      1982,
      1988,
      2029,
      2055,
      2134,
      2177,
      2181,
      2337,
      2573,
      2656,
      2657,
      2816,
      2879,
      3175,
      3206,
      3214,
      3301,
      3342,
      3426,
      3512,
      3632,
      3678,
      3681,
      3787,
      3817,
      3821,
      3829,
      3873,
      3907,
      3916,
      3985,
      4015,
      4029,
      4030,
      4205,
      4218,
      4222,
      4358,
      4438,
      4559,
      4584
    ],