{
  "entry": "Q96E14",
  "entry_name": "RMI2_HUMAN",
  "type": "GLM_1",
  "prompt": "MAAAADSFSGGPAGVRLPRSPPLKVLAEQLRRDAEGGPGAWRLSRAAAGRGPLDLAAVWMQGRVVMADRGEARLRDPSGDFSVRGLERVPRGRPCLVPGKYVMVMGVVQACSPEPCLQAVKMTDLSDNPIHESMWELEVEDLHRNIP[GLM]15-30-15",
  "k": 64,
  "original_sequence": "MAAAADSFSGGPAGVRLPRSPPLKVLAEQLRRDAEGGPGAWRLSRAAAGRGPLDLAAVWMQGRVVMADRGEARLRDPSGDFSVRGLERVPRGRPCLVPGKYVMVMGVVQACSPEPCLQAVKMTDLSDNPIHESMWELEVEDLHRNIP",
  "original_ll": -2.653965950012207,
  "original_perplexity": 14.210285186767578,
  "progen3_sequence": "MAAAADSFSGGPAGVVFVVPRVAVIVRLVVRRDAEGGPGAWRLSRAAAGRGPLDLAAVWMQGRVVMADRGEARLRDPSGDFSVRGLERVPRGRPCLVPGKYVMVMGVVQACSPEPCLQAVKMTDLSDNPIHESMWELEVEDLHRNIP",
  "progen3_ll": -2.6795833110809326,
  "progen3_perplexity": 14.57901668548584,
  "max_sequence": "MAAAADSFSGGPAGVLLILLPIVVVLRIDTRRDAEGGPGAWRLSRAAAGRGPLDLAAVWMQGRVVMADRGEARLRDPSGDFSVRGLERVPRGRPCLVPGKYVMVMGVVQACSPEPCLQAVKMTDLSDNPIHESMWELEVEDLHRNIP",
  "max_ll": -2.7944366931915283,
  "max_perplexity": 16.35341453552246,
  "max_kl": 0.17919054627418518,
  "max_nmse": 0.06769770383834839,
  "base_sequence": "MAAAADSFSGGPAGVMLWVLRARVRRRRRRRRDAEGGPGAWRLSRAAAGRGPLDLAAVWMQGRVVMADRGEARLRDPSGDFSVRGLERVPRGRPCLVPGKYVMVMGVVQACSPEPCLQAVKMTDLSDNPIHESMWELEVEDLHRNIP",
  "base_ll": -2.6145401000976562,
  "base_perplexity": 13.660931587219238,
  "base_kl": 0.45244142413139343,
  "base_nmse": 0.17700804769992828,
  "recovered_sequence": "MAAAADSFSGGPAGVRAPVPPGAERFRDLRRRDAEGGPGAWRLSRAAAGRGPLDLAAVWMQGRVVMADRGEARLRDPSGDFSVRGLERVPRGRPCLVPGKYVMVMGVVQACSPEPCLQAVKMTDLSDNPIHESMWELEVEDLHRNIP",
  "recovered_ll": -2.530472993850708,
  "recovered_perplexity": 12.55944538116455,
  "recovered_kl": 0.30947646498680115,
  "recovered_nmse": 0.0639147013425827,
  "nodes": {
    "9": [
      12,
      162,
      381,
      407,
      538,
      734,
      760,
      763,
      793,
      957,
      967,
      1080,
      1092,
      1184,
      1302,
      1491,
      1579,
      1844,
      1851,
      1957,
      2005,
      2283,
      2787,
      2975,
      2992,
      3050,
      3199,
      3382,
      3526,
      3540,
      3624,
      3709,
      3779,
      3802,
      3821,
      4129,
      4544
    ],
    "7": [
      889,
      907,
      1625,
      1824,
      2513,
      3128
    ],
    "8": [
      1444,
      1486,
      1535,
      1664,
      2106,
      2201,
      2479,
      2621,
      2743,
      3195,
      3396,
      4471
    ],
    "0": [
      694,
      2299,
      3853,
      3963
    ],
    "3": [
      3831
    ],
    "4": [
      3811
    ],
    "5": [
      1249,
      3064,
      3775
    ]
  }
}
