{
  "entry": "Q99547",
  "entry_name": "MPH6_HUMAN",
  "type": "CLM",
  "prompt": "MAAERKTRLSKNLLRMKFMQRGLDSETKKQLEEEEKKIISEEHWYLDLPELKEKESFIIEEQSFLLCEDLLYGRMSFRGFNPEVEKLMLQMNAKHKAEEVEDETVELDVSDEEMARRYETLVGTIGKK",
  "k": 896,
  "original_sequence": "MAAERKTRLSKNLLRMKFMQRGLDSETKKQLEEEEKKIISEEHWYLDLPELKEKESFIIEEQSFLLCEDLLYGRMSFRGFNPEVEKLMLQMNAKHKAEEVEDETVELDVSDEEMARRYETLVGTIGKKFARKRDHANYEEDENGDITPIKAKKMFLKPQD",
  "original_ll": -2.9200007915496826,
  "original_perplexity": 18.541301727294922,
  "progen3_sequence": "MAAERKTRLSKNLLRMKFMQRGLDSETKKQLEEEEKKIISEEHWYLDLPELKEKESFIIEEQSFLLCEDLLYGRMSFRGFNPEVEKLMLQMNAKHKAEEVEDETVELDVSDEEMARRYETLVGTIGKKVPERFKKLLSEGKSAFDSILEAFGDLEKDHFT",
  "progen3_ll": -2.61954927444458,
  "progen3_perplexity": 13.729534149169922,
  "max_sequence": "MAAERKTRLSKNLLRMKFMQRGLDSETKKQLEEEEKKIISEEHWYLDLPELKEKESFIIEEQSFLLCEDLLYGRMSFRGFNPEVEKLMLQMNAKHKAEEVEDETVELDVSDEEMARRYETLVGTIGKKFKILIKRKLEKGKLLYAFLVQEIKSVKVEESE",
  "max_ll": -2.6713337898254395,
  "max_perplexity": 14.45924186706543,
  "max_kl": 0.010899091139435768,
  "max_nmse": 0.0022300020791590214,
  "base_sequence": "MAAERKTRLSKNLLRMKFMQRGLDSETKKQLEEEEKKIISEEHWYLDLPELKEKESFIIEEQSFLLCEDLLYGRMSFRGFNPEVEKLMLQMNAKHKAEEVEDETVELDVSDEEMARRYETLVGTIGKKKIMKLKLKYEYYIFYETVYMIYIYKTLKLVKK",
  "base_ll": -2.8986618518829346,
  "base_perplexity": 18.14984130859375,
  "base_kl": 0.11456862092018127,
  "base_nmse": 0.1953381597995758,
  "recovered_sequence": "MAAERKTRLSKNLLRMKFMQRGLDSETKKQLEEEEKKIISEEHWYLDLPELKEKESFIIEEQSFLLCEDLLYGRMSFRGFNPEVEKLMLQMNAKHKAEEVEDETVELDVSDEEMARRYETLVGTIGKKLPERFKYLLSEGKSAFDSIKEAFGDLEKDEFT",
  "recovered_ll": -2.674344778060913,
  "recovered_perplexity": 14.50284481048584,
  "recovered_kl": 0.02303961105644703,
  "recovered_nmse": 0.008471459150314331,
  "nodes": {
    "9": [
      12,
      24,
      162,
      267,
      269,
      407,
      414,
      429,
      447,
      464,
      538,
      545,
      746,
      760,
      875,
      909,
      957,
      964,
      967,
      1025,
      1039,
      1042,
      1053,
      1081,
      1184,
      1190,
      1251,
      1302,
      1320,
      1374,
      1426,
      1491,
      1565,
      1579,
      1648,
      1713,
      1725,
      1772,
      1828,
      1832,
      1844,
      1851,
      1906,
      1914,
      1942,
      1957,
      2005,
      2020,
      2029,
      2046,
      2097,
      2105,
      2169,
      2248,
      2280,
      2287,
      2411,
      2423,
      2455,
      2488,
      2510,
      2511,
      2568,
      2597,
      2626,
      2642,
      2732,
      2787,
      2809,
      2892,
      2941,
      2957,
      2975,
      3004,
      3008,
      3050,
      3101,
      3105,
      3107,
      3162,
      3199,
      3266,
      3272,
      3340,
      3346,
      3372,
      3382,
      3399,
      3513,
      3540,
      3624,
      3676,
      3722,
      3740,
      3760,
      3779,
      3802,
      3821,
      3832,
      3856,
      3880,
      3927,
      3965,
      3999,
      4010,
      4106,
      4123,
      4129,
      4168,
      4190,
      4250,
      4263,
      4419,
      4469,
      4482,
      4526,
      4533,
      4544,
      4592,
      4603
    ],
    "7": [
      7,
      11,
      66,
      78,
      164,
      230,
      330,
      372,
      491,
      550,
      564,
      642,
      715,
      766,
      889,
      907,
      1010,
      1059,
      1126,
      1135,
      1172,
      1188,
      1256,
      1262,
      1306,
      1347,
      1370,
      1419,
      1454,
      1512,
      1520,
      1625,
      1707,
      1716,
      1751,
      1758,
      1816,
      1824,
      1830,
      1929,
      1969,
      2227,
      2254,
      2261,
      2291,
      2428,
      2499,
      2685,
      2747,
      2802,
      2877,
      2977,
      2998,
      3135,
      3216,
      3251,
      3367,
      3381,
      3389,
      3403,
      3487,
      3727,
      3755,
      3760,
      3825,
      3942,
      3944,
      3948,
      4045,
      4055,
      4110,
      4161,
      4245,
      4299,
      4421,
      4466
    ],
    "8": [
      158,
      188,
      240,
      349,
      372,
      417,
      487,
      597,
      756,
      817,
      835,
      949,
      1004,
      1006,
      1008,
      1136,
      1258,
      1299,
      1301,
      1391,
      1408,
      1444,
      1486,
      1557,
      1664,
      1676,
      1678,
      1777,
      1838,
      1956,
      2030,
      2069,
      2077,
      2106,
      2109,
      2112,
      2199,
      2201,
      2329,
      2374,
      2401,
      2479,
      2567,
      2587,
      2596,
      2605,
      2621,
      2710,
      2729,
      2743,
      2779,
      2785,
      2849,
      3009,
      3102,
      3107,
      3126,
      3195,
      3248,
      3396,
      3432,
      3485,
      3535,
      3607,
      3653,
      3735,
      3741,
      3846,
      3849,
      3874,
      3956,
      4310,
      4334,
      4471,
      4534,
      4546,
      4550,
      4559
    ],
    "4": [
      1,
      76,
      285,
      301,
      310,
      327,
      355,
      407,
      483,
      562,
      570,
      637,
      668,
      727,
      767,
      845,
      893,
      917,
      927,
      980,
      1033,
      1041,
      1170,
      1259,
      1295,
      1399,
      1443,
      1507,
      1536,
      1547,
      1551,
      1570,
      1577,
      1590,
      1623,
      1666,
      1719,
      1758,
      1858,
      1935,
      2021,
      2134,
      2136,
      2181,
      2204,
      2230,
      2271,
      2377,
      2413,
      2416,
      2457,
      2459,
      2605,
      2631,
      2645,
      2656,
      2669,
      2693,
      2746,
      2816,
      2854,
      2860,
      2879,
      2950,
      2963,
      3084,
      3097,
      3175,
      3282,
      3293,
      3331,
      3373,
      3454,
      3495,
      3808,
      3817,
      3829,
      3873,
      3916,
      3965,
      4007,
      4015,
      4029,
      4061,
      4062,
      4079,
      4121,
      4134,
      4148,
      4155,
      4205,
      4399,
      4449
    ],
    "3": [
      48,
      106,
      161,
      267,
      316,
      343,
      545,
      568,
      677,
      731,
      784,
      792,
      817,
      950,
      963,
      994,
      1036,
      1213,
      1221,
      1254,
      1290,
      1430,
      1453,
      1475,
      1481,
      1501,
      1530,
      1537,
      1542,
      1704,
      1709,
      1712,
      1727,
      1760,
      1801,
      1851,
      1870,
      2001,
      2075,
      2120,
      2150,
      2193,
      2201,
      2225,
      2236,
      2280,
      2479,
      2491,
      2562,
      2589,
      2620,
      2640,
      2659,
      2681,
      2757,
      2782,
      2945,
      3013,
      3018,
      3030,
      3197,
      3222,
      3341,
      3347,
      3349,
      3351,
      3364,
      3536,
      3606,
      3645,
      3762,
      3767,
      3818,
      3933,
      3968,
      4005,
      4024,
      4149,
      4224,
      4246,
      4249,
      4259,
      4277,
      4345,
      4349,
      4461,
      4562
    ],