{
  "entry": "Q9BP55",
  "entry_name": "CM4C_CONPE",
  "type": "CLM",
  "prompt": "DQPAERMQDDISSEHHPFFDPVKRCCKYGWTC",
  "k": 608,
  "original_sequence": "DQPAERMQDDISSEHHPFFDPVKRCCKYGWTCVLGCSPCGC",
  "original_ll": -2.7805261611938477,
  "original_perplexity": 16.127504348754883,
  "progen3_sequence": "DQPAERMQDDISSEHHPFFDPVKRCCKYGWTCEGCISSNLN",
  "progen3_ll": -2.075343132019043,
  "progen3_perplexity": 7.96727991104126,
  "max_sequence": "DQPAERMQDDISSEHHPFFDPVKRCCKYGWTCFSCGTENRS",
  "max_ll": -2.9283666610717773,
  "max_perplexity": 18.697067260742188,
  "max_kl": 0.06723860651254654,
  "max_nmse": 0.022977562621235847,
  "base_sequence": "DQPAERMQDDISSEHHPFFDPVKRCCKYGWTCYNVCCRTGA",
  "base_ll": -2.9316792488098145,
  "base_perplexity": 18.759103775024414,
  "base_kl": 0.3267185091972351,
  "base_nmse": 0.07281029224395752,
  "recovered_sequence": "DQPAERMQDDISSEHHPFFDPVKRCCKYGWTCEGCASSNLL",
  "recovered_ll": -2.072873830795288,
  "recovered_perplexity": 7.947630405426025,
  "recovered_kl": 0.08227748423814774,
  "recovered_nmse": 0.13483987748622894,
  "nodes": {
    "9": [
      12,
      104,
      162,
      350,
      381,
      407,
      466,
      497,
      506,
      622,
      696,
      703,
      734,
      760,
      828,
      957,
      967,
      1004,
      1036,
      1073,
      1080,
      1093,
      1176,
      1184,
      1196,
      1217,
      1251,
      1302,
      1455,
      1491,
      1579,
      1584,
      1729,
      1798,
      1828,
      1832,
      1844,
      1851,
      1957,
      2005,
      2067,
      2094,
      2105,
      2196,
      2283,
      2360,
      2395,
      2417,
      2473,
      2514,
      2642,
      2648,
      2652,
      2664,
      2732,
      2768,
      2787,
      2788,
      2791,
      2804,
      2890,
      2975,
      2983,
      3040,
      3050,
      3162,
      3199,
      3310,
      3372,
      3382,
      3505,
      3513,
      3526,
      3540,
      3577,
      3624,
      3637,
      3672,
      3676,
      3695,
      3709,
      3723,
      3779,
      3802,
      3821,
      3965,
      3999,
      4103,
      4129,
      4250,
      4419,
      4482,
      4490,
      4493,
      4544,
      4558,
      4603
    ],
    "8": [
      220,
      311,
      392,
      733,
      800,
      842,
      1013,
      1136,
      1256,
      1306,
      1557,
      1664,
      1687,
      1843,
      1848,
      1867,
      2030,
      2109,
      2115,
      2361,
      2596,
      2605,
      2817,
      2903,
      2959,
      3098,
      3145,
      3259,
      3445,
      3490,
      3806,
      3846,
      4115,
      4292,
      4294,
      4310
    ],
    "0": [
      3,
      61,
      67,
      90,
      116,
      133,
      155,
      156,
      177,
      193,
      314,
      376,
      436,
      460,
      491,
      493,
      642,
      694,
      702,
      758,
      815,
      859,
      1069,
      1084,
      1122,
      1135,
      1141,
      1253,
      1286,
      1335,
      1557,
      1567,
      1604,
      1623,
      1657,
      1810,
      1836,
      1890,
      2018,
      2112,
      2117,
      2197,
      2238,
      2241,
      2299,
      2306,
      2336,
      2337,
      2423,
      2434,
      2472,
      2563,
      2694,
      2705,
      2710,
      2806,
      2952,
      2984,
      3054,
      3067,
      3162,
      3313,
      3323,
      3327,
      3428,
      3437,
      3448,
      3465,
      3500,
      3536,
      3542,
      3554,
      3617,
      3619,
      3621,
      3698,
      3790,
      3810,
      3813,
      3963,
      4027,
      4053,
      4087,
      4118,
      4150,
      4294,
      4336,
      4338,
      4340,
      4400,
      4501,
      4555,
      4562,
      4596
    ],
    "5": [
      31,
      194,
      197,
      207,
      225,
      256,
      293,
      340,
      343,
      387,
      397,
      419,
      439,
      456,
      544,
      642,
      715,
      740,
      755,
      774,
      811,
      830,
      831,
      868,
      967,
      995,
      1010,
      1042,
      1125,
      1182,
      1249,
      1313,
      1411,
      1474,
      1858,
      2113,
      2294,
      2431,
      2508,
      2566,
      2575,
      2611,
      2616,
      2692,
      2698,
      2746,
      2867,
      2881,
      2932,
      2970,
      3038,
      3174,
      3325,
      3328,
      3356,
      3362,
      3479,
      3590,
      3632,
      3692,
      3730,
      3893,
      3943,
      4000,
      4004,
      4077,
      4137,
      4181,
      4193,
      4348,
      4427,
      4460,
      4472,
      4525
    ],
    "4": [
      363,
      369,
      388,
      829,
      878,
      949,
      1023,
      1037,
      1065,
      1150,
      1385,
      1458,
      1671,
      1766,
      1967,
      1972,
      2048,
      2170,
      2223,
      2316,
      2472,
      2551,
      2594,
      2613,
      2642,
      2738,
      2945,
      3062,
      3161,
      3337,
      3434,
      3440,
      3482,
      3500,
      3597,
      3620,
      3646,
      3648,
      3670,
      3773,
      3811,
      3894,
      3989,
      4002,
      4151,
      4322,
      4377,
      4493,
      4538,
      4542
    ],
    "6": [
      391,
      447,
      527,
      559,
      609,
      803,
      860,
      1284,
      1467,
      1478,
      1722,
      1873,
      1969,
      2044,
      2179,
      2389,
      2460,
      2654,
      2727,
      2802,
      2848,
      2874,
      2973,
      3091,
      3396,
      3459,
      3473,
      3586,
      3840,
      4235,
      4334
    ],
    "7": [
      7,
      66,
      537,
      631,
      647,
      861,
      872,
      889,
      1070,
      1208,
      1454,
      1520,
      1625,
      1751,
      1765,
      1824,
      1929,
      1969,
      1972,
      2366,
      2877,
      3135,
      3227,
      3487,
      3690,
      3950,
      4055,
      4152,
      4169,
      4331
    ],
    "1": [
      92,
      99,
      186,
      196,
      205,
      339,
      361,
      387,
      390,
      460,
      617,
      718,
      726,
      807,
      811,
      829,
      1086,
      1224,
      1239,
      1339,
      1391,
      1407,
      1498,
      1659,
      1756,
      1882,
      2030,
      2153,
      2182,
      2198,
      2208,
      2418,
      2429,
      2504,
      2630,
      2706,
      3078,
      3082,
      3137,
      3154,
      3166,
      3177,
      3178,
      3302,
      3325,
      3327,
      3357,
      3377,
      3412,
      3495,
      3525,
      3586,
      3606,
      3622,
      3680,
      3784,
      3802,
      3949,
      3967,
      3973,
      4001,
      4005,
      4024,
      4031,
      4097,
      4127,
      4142,
      4180,
      4226,
      4329,
      4352,
      4379,
      4592,
      4595,
      4603
    ],
    "2": [
      15,
      49,
      106,
      149,
      206,
      212,
      252,
      302,
      315,
      332,
      694,
      906,
      1007,
      1074,
      1154,
      1234,
      1292,
      1418,
      1489,
      1570,
      1670,
      1785,
      1812,
      1853,
      2061,
      2178,
      2274,
      2299,
      2375,
      2456,
      2514,
      2648,
      2693,
      2706,
      2725,
      2812,
      2827,
      2836,
      2907,
      3230,
      3371,
      3518,
      3679,
      3804,
      3908,
      3932,
      3943,
      4021,
      4025,
      4050,
      4172,
      4213,
      4241,
      4271,
      4292,
      4294,
      4348,
      4419,
      4442
    ],