{
  "entry": "Q9VTN3",
  "entry_name": "TIM13_DROME",
  "type": "CLM",
  "prompt": "MAAANMEKGELMNQVKQQIALANAQEMLSKMTEKCFKKCIQKPGKSLDSTEQRCISQCMDRFMDAWNLVSRTY",
  "k": 1000,
  "original_sequence": "MAAANMEKGELMNQVKQQIALANAQEMLSKMTEKCFKKCIQKPGKSLDSTEQRCISQCMDRFMDAWNLVSRTYGNRLQREQYRTMESLEMTS",
  "original_ll": -2.940394639968872,
  "original_perplexity": 18.92331314086914,
  "progen3_sequence": "MAAANMEKGELMNQVKQQIALANAQEMLSKMTEKCFKKCIQKPGKSLDSTEQRCISQCMDRFMDAWNLVSRTYDKLAGTGRKKGRKRKKKAA",
  "progen3_ll": -2.5200958251953125,
  "progen3_perplexity": 12.429788589477539,
  "max_sequence": "MAAANMEKGELMNQVKQQIALANAQEMLSKMTEKCFKKCIQKPGKSLDSTEQRCISQCMDRFMDAWNLVSRTYNDVAEGVSNEGKGKKKKKA",
  "max_ll": -2.551363468170166,
  "max_perplexity": 12.824578285217285,
  "max_kl": 0.006524651311337948,
  "max_nmse": 0.001548517495393753,
  "base_sequence": "MAAANMEKGELMNQVKQQIALANAQEMLSKMTEKCFKKCIQKPGKSLDSTEQRCISQCMDRFMDAWNLVSRTYCDMGQKSTCEDSKGNIGCK",
  "base_ll": -2.980287551879883,
  "base_perplexity": 19.693477630615234,
  "base_kl": 0.1620779186487198,
  "base_nmse": 0.29642271995544434,
  "recovered_sequence": "MAAANMEKGELMNQVKQQIALANAQEMLSKMTEKCFKKCIQKPGKSLDSTEQRCISQCMDRFMDAWNLVSRTYDKLAGTGRKEGRARKDKAA",
  "recovered_ll": -2.712818145751953,
  "recovered_perplexity": 15.071690559387207,
  "recovered_kl": 0.026604896411299706,
  "recovered_nmse": 0.0036216522566974163,
  "nodes": {
    "9": [
      12,
      117,
      162,
      407,
      408,
      414,
      429,
      464,
      473,
      538,
      545,
      555,
      603,
      741,
      745,
      760,
      763,
      875,
      957,
      967,
      1042,
      1053,
      1184,
      1190,
      1251,
      1302,
      1320,
      1337,
      1374,
      1426,
      1443,
      1453,
      1483,
      1491,
      1579,
      1705,
      1713,
      1725,
      1828,
      1832,
      1835,
      1844,
      1851,
      1906,
      1914,
      1941,
      1942,
      1951,
      1957,
      2005,
      2029,
      2046,
      2076,
      2097,
      2108,
      2109,
      2264,
      2282,
      2287,
      2423,
      2488,
      2510,
      2592,
      2626,
      2642,
      2732,
      2739,
      2763,
      2787,
      2791,
      2858,
      2865,
      2941,
      2946,
      2975,
      2983,
      3004,
      3006,
      3008,
      3050,
      3087,
      3139,
      3146,
      3199,
      3310,
      3346,
      3372,
      3382,
      3399,
      3513,
      3516,
      3540,
      3624,
      3676,
      3695,
      3760,
      3779,
      3802,
      3821,
      3841,
      3873,
      3880,
      3965,
      3999,
      4106,
      4129,
      4190,
      4250,
      4279,
      4288,
      4419,
      4478,
      4482,
      4526,
      4533,
      4544,
      4603
    ],
    "8": [
      94,
      188,
      204,
      240,
      301,
      349,
      372,
      394,
      417,
      583,
      817,
      949,
      1004,
      1008,
      1069,
      1125,
      1136,
      1237,
      1258,
      1301,
      1408,
      1444,
      1486,
      1557,
      1664,
      1678,
      1687,
      1744,
      1757,
      1777,
      1838,
      1867,
      1954,
      1956,
      2069,
      2077,
      2106,
      2109,
      2112,
      2151,
      2199,
      2201,
      2401,
      2479,
      2527,
      2546,
      2567,
      2596,
      2605,
      2621,
      2710,
      2729,
      2743,
      2779,
      2785,
      2898,
      2949,
      3040,
      3042,
      3236,
      3248,
      3263,
      3396,
      3430,
      3432,
      3485,
      3648,
      3659,
      3735,
      3741,
      3756,
      3849,
      3865,
      3874,
      4177,
      4215,
      4294,
      4310,
      4471,
      4534,
      4546
    ],
    "7": [
      7,
      11,
      42,
      66,
      164,
      230,
      283,
      330,
      372,
      428,
      436,
      491,
      517,
      642,
      647,
      715,
      740,
      766,
      772,
      781,
      889,
      893,
      907,
      1002,
      1010,
      1059,
      1070,
      1078,
      1100,
      1126,
      1252,
      1256,
      1262,
      1347,
      1366,
      1370,
      1376,
      1398,
      1419,
      1454,
      1461,
      1483,
      1520,
      1567,
      1625,
      1674,
      1751,
      1758,
      1816,
      1824,
      1899,
      1929,
      1969,
      2110,
      2254,
      2261,
      2428,
      2446,
      2459,
      2499,
      2519,
      2685,
      2725,
      2747,
      2753,
      2802,
      2891,
      3124,
      3135,
      3216,
      3251,
      3367,
      3381,
      3389,
      3487,
      3588,
      3727,
      3760,
      3782,
      3866,
      3942,
      3948,
      3966,
      4014,
      4045,
      4055,
      4077,
      4104,
      4161,
      4245,
      4261,
      4299,
      4365,
      4421,
      4491
    ],
    "0": [
      253,
      276,
      288,
      318,
      345,
      447,
      449,
      538,
      539,
      545,
      574,
      600,
      620,
      641,
      648,
      694,
      738,
      753,
      834,
      937,
      972,
      982,
      1060,
      1065,
      1136,
      1154,
      1178,
      1186,
      1218,
      1238,
      1251,
      1281,
      1297,
      1347,
      1387,
      1502,
      1514,
      1530,
      1534,
      1580,
      1652,
      1675,
      1772,
      1800,
      1809,
      1832,
      1851,
      1962,
      2031,
      2055,
      2123,
      2172,
      2265,
      2298,
      2299,
      2310,
      2381,
      2487,
      2534,
      2609,
      2699,
      2722,
      2727,
      2728,
      2950,
      2961,
      2968,
      2984,
      2991,
      3044,
      3057,
      3111,
      3122,
      3139,
      3182,
      3347,
      3358,
      3424,
      3461,
      3482,
      3536,
      3560,
      3641,
      3698,
      3740,
      3755,
      3761,
      3784,
      3826,
      3879,
      4081,
      4091,
      4195,
      4249,
      4300,
      4400,
      4426,
      4466,
      4521,
      4596
    ],
    "6": [
      4,
      20,
      23,
      36,
      43,
      85,
      139,
      204,
      329,
      427,
      447,
      452,
      491,
      609,
      634,
      662,
      664,
      742,
      762,
      803,
      883,
      898,
      929,
      942,
      947,
      990,
      1081,
      1137,
      1154,
      1189,
      1225,
      1348,
      1388,
      1467,
      1478,
      1504,
      1575,
      1584,
      1627,
      1701,
      1743,
      1820,
      1876,
      1969,
      1987,
      1990,
      2010,
      2034,
      2110,
      2160,
      2213,
      2221,
      2236,
      2276,
      2389,
      2460,
      2495,
      2496,
      2516,
      2569,
      2588,
      2723,
      2726,
      2727,
      2740,
      2874,
      2970,
      3024,
      3202,
      3205,
      3308,
      3375,
      3396,
      3398,
      3416,
      3419,
      3459,
      3502,
      3509,
      3563,
      3697,
      3701,
      3705,
      3727,
      3764,
      3809,
      3835,
      3872,
      3897,
      3908,
      3921,
      3948,
      3952,
      4061,
      4068,
      4095,
      4235,
      4250,
      4335,
      4494,
      4512,
      4591
    ],