{
  "entry": "Q9ZCZ6",
  "entry_name": "RIMP_RICPR",
  "type": "CLM",
  "prompt": "MQTIAQQITNIIEESLTDMGFELVLVKFKGVSPKVVEVLIDSLNGNKISIEDCTNVSRTISAILDVEDLIEEAYSLEVSSSGIERTLVKFENY",
  "k": 384,
  "original_sequence": "MQTIAQQITNIIEESLTDMGFELVLVKFKGVSPKVVEVLIDSLNGNKISIEDCTNVSRTISAILDVEDLIEEAYSLEVSSSGIERTLVKFENYNRFLGREVKIKLKELLNGKTLYPR",
  "original_ll": -2.179882764816284,
  "original_perplexity": 8.845269203186035,
  "progen3_sequence": "MQTIAQQITNIIEESLTDMGFELVLVKFKGVSPKVVEVLIDSLNGNKISIEDCTNVSRTISAILDVEDLIEEAYSLEVSSSGIERTLVKFENYDIHLGKKVKIKTKNLIDNKKKIIL",
  "progen3_ll": -1.4493070840835571,
  "progen3_perplexity": 4.260161399841309,
  "max_sequence": "MQTIAQQITNIIEESLTDMGFELVLVKFKGVSPKVVEVLIDSLNGNKISIEDCTNVSRTISAILDVEDLIEEAYSLEVSSSGIERTLVKFENYSNIVGKIIKLKLKDILDGKLIILA",
  "max_ll": -1.9613252878189087,
  "max_perplexity": 7.1087422370910645,
  "max_kl": 0.3016471862792969,
  "max_nmse": 0.0905248373746872,
  "base_sequence": "MQTIAQQITNIIEESLTDMGFELVLVKFKGVSPKVVEVLIDSLNGNKISIEDCTNVSRTISAILDVEDLIEEAYSLEVSSSGIERTLVKFENYKKKIGKIVLVNIKIIKKKKKKIIG",
  "base_ll": -1.9835745096206665,
  "base_perplexity": 7.268679141998291,
  "base_kl": 0.47577959299087524,
  "base_nmse": 0.17094647884368896,
  "recovered_sequence": "MQTIAQQITNIIEESLTDMGFELVLVKFKGVSPKVVEVLIDSLNGNKISIEDCTNVSRTISAILDVEDLIEEAYSLEVSSSGIERTLVKFENYKKLLGKIIKIKTKNLIKEKKKIIL",
  "recovered_ll": -1.7309309244155884,
  "recovered_perplexity": 5.645907402038574,
  "recovered_kl": 0.33899450302124023,
  "recovered_nmse": 0.06774001568555832,
  "nodes": {
    "9": [
      21,
      27,
      56,
      59,
      75,
      88,
      126,
      159,
      195,
      305,
      311,
      321,
      327,
      442,
      458,
      466,
      486,
      500,
      506,
      528,
      543,
      573,
      582,
      588,
      598,
      636,
      667,
      674,
      678,
      696,
      706,
      715,
      736,
      744,
      746,
      828,
      878,
      978,
      992,
      1000,
      1003,
      1004,
      1016,
      1048,
      1051,
      1061,
      1062,
      1073,
      1081,
      1088,
      1126,
      1176,
      1184,
      1193,
      1271,
      1285,
      1352,
      1381,
      1394,
      1406,
      1407,
      1445,
      1484,
      1586,
      1621,
      1783,
      1808,
      1844,
      1858,
      1934,
      1937,
      1941,
      1957,
      1961,
      1980,
      1985,
      2040,
      2094,
      2102,
      2129,
      2185,
      2194,
      2220,
      2223,
      2231,
      2264,
      2276,
      2298,
      2313,
      2323,
      2332,
      2354,
      2368,
      2413,
      2417,
      2418,
      2427,
      2431,
      2438,
      2475,
      2514,
      2559,
      2597,
      2609,
      2640,
      2646,
      2704,
      2732,
      2738,
      2881,
      2892,
      2911,
      2955,
      2959,
      3004,
      3015,
      3021,
      3038,
      3122,
      3196,
      3227,
      3228,
      3260,
      3262,
      3284,
      3355,
      3370,
      3372,
      3419,
      3474,
      3491,
      3503,
      3534,
      3540,
      3578,
      3624,
      3690,
      3700,
      3712,
      3763,
      3795,
      3821,
      3874,
      3920,
      3934,
      3938,
      3972,
      3995,
      4028,
      4040,
      4047,
      4142,
      4157,
      4172,
      4191,
      4320,
      4370,
      4373,
      4377,
      4393,
      4417,
      4459,
      4467,
      4474,
      4493,
      4536,
      4544,
      4578,
      4599
    ],
    "8": [
      21,
      129,
      146,
      191,
      220,
      226,
      235,
      241,
      315,
      325,
      368,
      430,
      492,
      505,
      602,
      610,
      620,
      643,
      731,
      905,
      959,
      1027,
      1062,
      1120,
      1137,
      1140,
      1145,
      1160,
      1198,
      1231,
      1267,
      1351,
      1360,
      1556,
      1702,
      1726,
      1748,
      1768,
      1770,
      1826,
      1837,
      1872,
      1913,
      1940,
      1947,
      1975,
      1985,
      2016,
      2025,
      2049,
      2068,
      2072,
      2142,
      2189,
      2227,
      2256,
      2268,
      2333,
      2345,
      2514,
      2547,
      2579,
      2702,
      2781,
      2792,
      2834,
      2846,
      2864,
      2887,
      2893,
      2904,
      2910,
      2939,
      2999,
      3009,
      3054,
      3130,
      3164,
      3185,
      3205,
      3228,
      3242,
      3253,
      3406,
      3486,
      3560,
      3563,
      3578,
      3671,
      3679,
      3690,
      3698,
      3719,
      3727,
      3763,
      3779,
      3792,
      3918,
      3921,
      4039,
      4054,
      4063,
      4483,
      4506,
      4511,
      4515,
      4541,
      4606
    ],
    "6": [
      31,
      90,
      91,
      107,
      246,
      567,
      656,
      820,
      974,
      979,
      1105,
      1318,
      1340,
      1404,
      1497,
      1614,
      2065,
      2306,
      2606,
      2639,
      2909,
      2946,
      2953,
      3052,
      3158,
      3216,
      3270,
      3394,
      3479,
      3532,
      3671,
      3728,
      3820,
      3823,
      4130,
      4176,
      4216,
      4252,
      4344,
      4373,
      4393,
      4485,
      4569
    ],
    "7": [
      117,
      261,
      291,
      498,
      517,
      538,
      744,
      967,
      1098,
      1278,
      1525,
      1526,
      1569,
      1757,
      1815,
      1863,
      1905,
      1921,
      2058,
      2227,
      2427,
      2500,
      2731,
      2791,
      2917,
      2948,
      3117,
      3257,
      3258,
      3269,
      3439,
      3570,
      3645,
      3649,
      3657,
      4373,
      4400,
      4403,
      4570
    ],
    "0": [
      694,
      1026,
      2160,
      2205,
      2299,
      2968,
      2991,
      3057,
      4488
    ],
    "5": [
      443,
      1596,
      1644,
      2258,
      2704,
      3648,
      3788,
      3796,
      3845,
      4016,
      4066,
      4291,
      4302,
      4462
    ],
    "1": [
      2354
    ],
    "3": [
      3349
    ]
  }
}
