{
  "entry": "V5QPS4",
  "entry_name": "3098B_MYCTU",
  "type": "GLM_1",
  "prompt": "MTATIGFRPTEKDEQIINAAMRSGERKSDVIRRALQLLEREVWIKQARTDAERLRDEDVSTEPDAW[GLM]6-15-9",
  "k": 384,
  "original_sequence": "MTATIGFRPTEKDEQIINAAMRSGERKSDVIRRALQLLEREVWIKQARTDAERLRDEDVSTEPDAW",
  "original_ll": -3.110074996948242,
  "original_perplexity": 22.422725677490234,
  "progen3_sequence": "MTATIGNLSIVGAIVIINAAMRSGERKSDVIRRALQLLEREVWIKQARTDAERLRDEDVSTEPDAW",
  "progen3_ll": -2.63993239402771,
  "progen3_perplexity": 14.012256622314453,
  "max_sequence": "MTATIGLEQEDDSGIIINAAMRSGERKSDVIRRALQLLEREVWIKQARTDAERLRDEDVSTEPDAW",
  "max_ll": -3.0092015266418457,
  "max_perplexity": 20.271207809448242,
  "max_kl": 0.058562833815813065,
  "max_nmse": 0.04706767201423645,
  "base_sequence": "MTATIGMEMMLLMLPIINAAMRSGERKSDVIRRALQLLEREVWIKQARTDAERLRDEDVSTEPDAW",
  "base_ll": -3.207674741744995,
  "base_perplexity": 24.721534729003906,
  "base_kl": 0.1677372008562088,
  "base_nmse": 0.780764639377594,
  "recovered_sequence": "MTATIGLLIIVDAIEIINAAMRSGERKSDVIRRALQLLEREVWIKQARTDAERLRDEDVSTEPDAW",
  "recovered_ll": -2.983079195022583,
  "recovered_perplexity": 19.748533248901367,
  "recovered_kl": 0.08399610966444016,
  "recovered_nmse": 0.06912977993488312,
  "nodes": {
    "9": [
      12,
      162,
      407,
      538,
      545,
      715,
      727,
      734,
      746,
      760,
      770,
      956,
      957,
      967,
      991,
      1080,
      1131,
      1184,
      1251,
      1256,
      1302,
      1378,
      1491,
      1538,
      1579,
      1648,
      1828,
      1844,
      1851,
      1957,
      2005,
      2046,
      2105,
      2191,
      2236,
      2248,
      2256,
      2283,
      2360,
      2411,
      2510,
      2511,
      2520,
      2732,
      2787,
      2982,
      3050,
      3185,
      3199,
      3221,
      3289,
      3341,
      3372,
      3382,
      3465,
      3513,
      3526,
      3540,
      3624,
      3676,
      3709,
      3765,
      3779,
      3802,
      3821,
      3854,
      3952,
      3999,
      4062,
      4103,
      4275,
      4421,
      4452,
      4482,
      4544
    ],
    "0": [
      26,
      297,
      648,
      933,
      953,
      993,
      1146,
      1297,
      1413,
      1602,
      1646,
      1690,
      1740,
      1781,
      1857,
      1911,
      2116,
      2254,
      2692,
      2789,
      2937,
      2953,
      2984,
      2991,
      3143,
      3251,
      3274,
      3347,
      3401,
      3462,
      3573,
      3616,
      3653,
      3848,
      3963,
      4129,
      4169,
      4402,
      4426,
      4488,
      4596
    ],
    "7": [
      7,
      66,
      99,
      198,
      889,
      907,
      1128,
      1256,
      1262,
      1454,
      1625,
      1751,
      1824,
      1830,
      1880,
      1929,
      1935,
      1958,
      1969,
      2091,
      2464,
      2513,
      2747,
      2802,
      2816,
      2877,
      3135,
      3216,
      3251,
      3487,
      3690,
      3760,
      4055,
      4421
    ],
    "1": [
      40,
      102,
      165,
      234,
      490,
      491,
      604,
      631,
      651,
      700,
      772,
      779,
      797,
      960,
      974,
      1198,
      1287,
      1375,
      1457,
      1528,
      1627,
      1631,
      1746,
      1757,
      1873,
      1940,
      2271,
      2373,
      2568,
      2601,
      2641,
      2785,
      2789,
      2938,
      3112,
      3156,
      3303,
      3425,
      3597,
      3615,
      3621,
      3708,
      3910,
      3942,
      3948,
      4028,
      4129,
      4220,
      4292,
      4312,
      4423,
      4445,
      4576
    ],
    "8": [
      204,
      417,
      1004,
      1008,
      1136,
      1229,
      1444,
      1486,
      1494,
      1557,
      1664,
      1670,
      1744,
      1842,
      1954,
      1956,
      2106,
      2109,
      2112,
      2199,
      2201,
      2374,
      2479,
      2567,
      2596,
      2621,
      2710,
      2743,
      2779,
      2917,
      3195,
      3268,
      3396,
      3432,
      3485,
      3711,
      3735,
      3979,
      4310,
      4471,
      4559
    ],
    "2": [
      23,
      175,
      829,
      914,
      1009,
      1031,
      1062,
      1078,
      1175,
      1206,
      1422,
      1432,
      1519,
      1543,
      1667,
      1673,
      1869,
      1928,
      2020,
      2192,
      2278,
      2461,
      2538,
      2782,
      2892,
      2904,
      3030,
      3871,
      3985,
      4257,
      4318,
      4335,
      4419,
      4449,
      4535
    ],
    "5": [
      160,
      226,
      232,
      367,
      464,
      556,
      732,
      858,
      870,
      1165,
      1249,
      1259,
      1599,
      1670,
      1847,
      1974,
      2189,
      2278,
      2283,
      2287,
      2657,
      2675,
      2777,
      2816,
      2831,
      3045,
      3192,
      3319,
      3421,
      3453,
      3756,
      3791,
      3884,
      3935,
      4108,
      4516,
      4571
    ],
    "3": [
      208,
      408,
      545,
      789,
      845,
      1036,
      1254,
      1320,
      1603,
      1704,
      1884,
      2199,
      2211,
      2486,
      2588,
      2839,
      2927,
      3290,
      3349,
      3586,
      3595,
      3831,
      4069,
      4433
    ],
    "6": [
      559,
      762,
      847,
      954,
      1003,
      1212,
      1346,
      1627,
      1648,
      1708,
      1718,
      1933,
      1987,
      2271,
      2389,
      2656,
      2763,
      2978,
      3136,
      3509,
      3697,
      3701,
      3897,
      3948,
      4581,
      4600
    ],
    "4": [
      385,
      483,
      565,
      663,
      857,
      1186,
      1488,
      1530,
      1551,
      1725,
      2227,
      3030,
      3061,
      3175,
      3736,
      3811,
      4134,
      4599
    ]
  }
}
