{
    "method": "clt_sequential_freeze",
    "n_train": 128,
    "k": 64,
    "sequential": true,
    "freeze_attention": true,
    "nodes": {
        "9": [
            3624,
            3821,
            1957,
            3540,
            3199,
            957,
            162,
            1844,
            967,
            4544,
            1184,
            1302,
            407,
            2975,
            1491,
            3382,
            497,
            3802,
            3779,
            1851,
            3050,
            1579,
            2005,
            12,
            3999,
            545,
            1832,
            3723,
            2287,
            1320,
            2787,
            24,
            3513,
            2906,
            1426,
            745,
            2376,
            413
        ],
        "8": [
            372,
            4471,
            1136,
            2621,
            800,
            4594
        ],
        "7": [
            2261,
            3389,
            1454,
            1625,
            4055,
            66,
            1256,
            889,
            3227,
            3135,
            4045,
            1824,
            933,
            1830
        ],
        "0": [
            1297,
            4426,
            3853
        ],
        "4": [
            285
        ],
        "6": [
            947
        ],
        "3": [
            1213
        ]
    },
    "clean_spearman": 0.39574914047837645,
    "max_spearman": 0.35068519807235077,
    "no_latents_spearman": 0.08327553308548598,
    "recovered_spearman": 0.2290863968089896
}