{
    "method": "clt_sequential_freeze",
    "n_train": 128,
    "k": 32,
    "sequential": true,
    "freeze_attention": true,
    "nodes": {
        "9": [
            3624,
            3821,
            3199,
            1957,
            3540,
            957,
            3382,
            1844,
            3802,
            967,
            1184,
            4544,
            162,
            1491,
            3779,
            3050,
            407,
            1579,
            2005,
            1302,
            1832,
            2975,
            3513,
            1851,
            2287
        ],
        "8": [
            4471,
            1664,
            2621
        ],
        "7": [
            1454,
            1824,
            1625
        ],
        "0": [
            3963
        ]
    },
    "clean_spearman": 0.23558312771811543,
    "max_spearman": 0.3053502969997223,
    "no_latents_spearman": 0.19951465228844353,
    "recovered_spearman": 0.2710578630794184
}