{
  "entry": "A0A023PZI4",
  "entry_name": "YH069_YEAST",
  "type": "GLM_1",
  "prompt": "MDSCSSTPFVTGVLLPSAVFSFLFCTLVSSSFGLDEFNLTTCGIRGTLKMQFLKFLENTLIFLGSGNLTAHIGILVMKNDLSNSRIWRFTGGLYGNTPDILHELINLLNFWNTGSAIFMQ[GLM]70-89-19",
  "k": 224,
  "original_sequence": "MDSCSSTPFVTGVLLPSAVFSFLFCTLVSSSFGLDEFNLTTCGIRGTLKMQFLKFLENTLIFLGSGNLTAHIGILVMKNDLSNSRIWRFTGGLYGNTPDILHELINLLNFWNTGSAIFMQ",
  "original_ll": -2.963198184967041,
  "original_perplexity": 19.35978889465332,
  "progen3_sequence": "MDSCSSTPFVTGVLLPSAVFSFLFCTLVSSSFGLDEFNLTTCGIRGTLKMQFLKFLENTLIFLGSGNLTAGITKSPKLPNISSSTSRTETGGLYGNTPDILHELINLLNFWNTGSAIFMQ",
  "progen3_ll": -2.7332980632781982,
  "progen3_perplexity": 15.383539199829102,
  "max_sequence": "MDSCSSTPFVTGVLLPSAVFSFLFCTLVSSSFGLDEFNLTTCGIRGTLKMQFLKFLENTLIFLGSGNLTATLTNLAKSNSLKKPSSTYYTGGLYGNTPDILHELINLLNFWNTGSAIFMQ",
  "max_ll": -2.7790157794952393,
  "max_perplexity": 16.103164672851562,
  "max_kl": 0.09753523021936417,
  "max_nmse": 0.02201460301876068,
  "base_sequence": "MDSCSSTPFVTGVLLPSAVFSFLFCTLVSSSFGLDEFNLTTCGIRGTLKMQFLKFLENTLIFLGSGNLTAGLVQNQYSKYVNYKCSNNITGGLYGNTPDILHELINLLNFWNTGSAIFMQ",
  "base_ll": -2.9746487140655518,
  "base_perplexity": 19.582744598388672,
  "base_kl": 0.4697907567024231,
  "base_nmse": 1.6101771593093872,
  "recovered_sequence": "MDSCSSTPFVTGVLLPSAVFSFLFCTLVSSSFGLDEFNLTTCGIRGTLKMQFLKFLENTLIFLGSGNLTAGIVQVPEKPKISNITRRKITGGLYGNTPDILHELINLLNFWNTGSAIFMQ",
  "recovered_ll": -2.865577220916748,
  "recovered_perplexity": 17.559185028076172,
  "recovered_kl": 0.27621737122535706,
  "recovered_nmse": 0.11834735423326492,
  "nodes": {
    "9": [
      12,
      34,
      117,
      162,
      184,
      263,
      307,
      381,
      407,
      456,
      538,
      734,
      760,
      763,
      957,
      967,
      1042,
      1184,
      1196,
      1302,
      1491,
      1579,
      1665,
      1729,
      1735,
      1782,
      1828,
      1832,
      1844,
      1851,
      1885,
      1914,
      1942,
      1957,
      2005,
      2105,
      2108,
      2109,
      2117,
      2264,
      2273,
      2283,
      2287,
      2395,
      2450,
      2476,
      2531,
      2539,
      2604,
      2642,
      2715,
      2732,
      2787,
      2865,
      2969,
      2975,
      3006,
      3008,
      3050,
      3087,
      3105,
      3158,
      3162,
      3199,
      3232,
      3381,
      3382,
      3399,
      3426,
      3513,
      3540,
      3581,
      3624,
      3779,
      3802,
      3821,
      3832,
      3880,
      3999,
      4129,
      4244,
      4290,
      4380,
      4419,
      4544
    ],
    "8": [
      82,
      372,
      417,
      583,
      912,
      968,
      1004,
      1008,
      1136,
      1201,
      1309,
      1376,
      1444,
      1486,
      1535,
      1557,
      1664,
      1744,
      1954,
      2077,
      2106,
      2109,
      2112,
      2151,
      2201,
      2401,
      2479,
      2528,
      2564,
      2596,
      2605,
      2621,
      2743,
      2779,
      3396,
      3413,
      3432,
      3485,
      3645,
      3865,
      3874,
      3895,
      4167,
      4177,
      4310,
      4471,
      4534,
      4546
    ],
    "7": [
      66,
      222,
      362,
      631,
      872,
      889,
      1128,
      1151,
      1256,
      1520,
      1544,
      1625,
      1709,
      1751,
      1824,
      1929,
      1958,
      2053,
      2227,
      2261,
      2676,
      2747,
      2877,
      2922,
      3135,
      3389,
      3464,
      3521,
      3690,
      3760,
      3948,
      4045,
      4055,
      4421,
      4475,
      4564
    ],
    "6": [
      85,
      613,
      898,
      947,
      1920,
      1987,
      2161,
      2368,
      2389,
      2460,
      2588,
      3948,
      4512,
      4581
    ],
    "4": [
      562,
      1250,
      1649,
      1658,
      1861,
      2362,
      2543,
      2613,
      2799,
      2859,
      3811,
      4015,
      4218,
      4342,
      4584
    ],
    "5": [
      198,
      878,
      1031,
      1249,
      1397,
      1442,
      1936,
      2675,
      2777,
      3064,
      4200
    ],
    "0": [
      129,
      276,
      392,
      680,
      1370,
      1878,
      2281,
      2470,
      2511,
      2692,
      2968,
      3646,
      3794,
      4488
    ],
    "1": [
      3693
    ]
  }
}
