{
  "entry": "A0A0A0VBR5",
  "entry_name": "U31H_SCYTH",
  "type": "CLM",
  "prompt": "MSQNSITSYKMGFAKHFFLFAVLLCATAMYSVAEPAQERLIESIACMQKGLPCMEH",
  "k": 960,
  "original_sequence": "MSQNSITSYKMGFAKHFFLFAVLLCATAMYSVAEPAQERLIESIACMQKGLPCMEHVDCCHGVCDSLFCLY",
  "original_ll": -2.8737895488739014,
  "original_perplexity": 17.703981399536133,
  "progen3_sequence": "MSQNSITSYKMGFAKHFFLFAVLLCATAMYSVAEPAQERLIESIACMQKGLPCMEHQLKLRTKTEDTKAGD",
  "progen3_ll": -2.853231906890869,
  "progen3_perplexity": 17.343746185302734,
  "max_sequence": "MSQNSITSYKMGFAKHFFLFAVLLCATAMYSVAEPAQERLIESIACMQKGLPCMEHQAQRAENTNKLLASA",
  "max_ll": -2.776933193206787,
  "max_perplexity": 16.06966209411621,
  "max_kl": 0.0018814593786373734,
  "max_nmse": 0.001740303821861744,
  "base_sequence": "MSQNSITSYKMGFAKHFFLFAVLLCATAMYSVAEPAQERLIESIACMQKGLPCMEHNLDASEYNLSEALMI",
  "base_ll": -2.8818557262420654,
  "base_perplexity": 17.847362518310547,
  "base_kl": 0.054433420300483704,
  "base_nmse": 0.19270344078540802,
  "recovered_sequence": "MSQNSITSYKMGFAKHFFLFAVLLCATAMYSVAEPAQERLIESIACMQKGLPCMEHQLSLRTKTEDTDAGD",
  "recovered_ll": -2.877194881439209,
  "recovered_perplexity": 17.764371871948242,
  "recovered_kl": 0.0038198898546397686,
  "recovered_nmse": 0.0024612119887024164,
  "nodes": {
    "9": [
      12,
      162,
      407,
      425,
      447,
      466,
      491,
      497,
      506,
      538,
      545,
      622,
      654,
      734,
      758,
      760,
      905,
      957,
      967,
      1036,
      1143,
      1184,
      1233,
      1251,
      1302,
      1352,
      1374,
      1443,
      1466,
      1491,
      1577,
      1579,
      1584,
      1648,
      1672,
      1713,
      1778,
      1828,
      1832,
      1835,
      1844,
      1851,
      1942,
      1949,
      1957,
      2005,
      2046,
      2067,
      2086,
      2105,
      2108,
      2213,
      2264,
      2287,
      2360,
      2376,
      2423,
      2467,
      2510,
      2592,
      2642,
      2652,
      2732,
      2739,
      2787,
      2791,
      2809,
      2858,
      2865,
      2874,
      2936,
      2941,
      2975,
      2982,
      2983,
      3004,
      3008,
      3050,
      3105,
      3134,
      3162,
      3199,
      3245,
      3338,
      3367,
      3372,
      3382,
      3400,
      3414,
      3513,
      3526,
      3540,
      3579,
      3624,
      3637,
      3649,
      3676,
      3695,
      3723,
      3779,
      3802,
      3808,
      3821,
      3873,
      3952,
      3965,
      3999,
      4103,
      4106,
      4129,
      4250,
      4419,
      4421,
      4482,
      4514,
      4525,
      4526,
      4544,
      4603
    ],
    "7": [
      66,
      156,
      179,
      248,
      362,
      450,
      509,
      535,
      554,
      631,
      647,
      715,
      781,
      872,
      889,
      907,
      933,
      1010,
      1070,
      1151,
      1211,
      1256,
      1338,
      1368,
      1370,
      1419,
      1454,
      1502,
      1520,
      1544,
      1591,
      1625,
      1643,
      1674,
      1709,
      1751,
      1765,
      1824,
      1830,
      1856,
      1886,
      1929,
      1969,
      1976,
      1988,
      2147,
      2227,
      2230,
      2261,
      2279,
      2299,
      2401,
      2440,
      2488,
      2527,
      2595,
      2747,
      2877,
      2891,
      2922,
      3058,
      3135,
      3159,
      3227,
      3389,
      3464,
      3487,
      3541,
      3576,
      3588,
      3601,
      3622,
      3690,
      3760,
      3782,
      3942,
      3948,
      3970,
      4045,
      4055,
      4063,
      4076,
      4110,
      4159,
      4331,
      4421,
      4564
    ],
    "8": [
      6,
      25,
      49,
      50,
      94,
      137,
      141,
      154,
      194,
      221,
      229,
      240,
      274,
      301,
      311,
      319,
      372,
      434,
      528,
      543,
      583,
      584,
      611,
      628,
      638,
      649,
      651,
      703,
      721,
      726,
      757,
      798,
      800,
      811,
      813,
      879,
      893,
      912,
      938,
      972,
      1033,
      1051,
      1108,
      1136,
      1175,
      1200,
      1201,
      1258,
      1272,
      1286,
      1289,
      1356,
      1397,
      1513,
      1525,
      1535,
      1549,
      1557,
      1581,
      1623,
      1651,
      1664,
      1687,
      1730,
      1734,
      1744,
      1747,
      1757,
      1794,
      1842,
      1870,
      1918,
      1919,
      1954,
      1976,
      2021,
      2023,
      2054,
      2055,
      2078,
      2109,
      2112,
      2122,
      2140,
      2151,
      2199,
      2201,
      2219,
      2303,
      2401,
      2433,
      2483,
      2489,
      2516,
      2518,
      2564,
      2578,
      2596,
      2605,
      2621,
      2711,
      2753,
      2760,
      2779,
      2790,
      2829,
      2853,
      2931,
      2959,
      2986,
      3001,
      3024,
      3042,
      3098,
      3166,
      3259,
      3348,
      3360,
      3422,
      3500,
      3524,
      3803,
      3809,
      3846,
      3849,
      3865,
      3960,
      4058,
      4099,
      4115,
      4132,
      4152,
      4245,
      4276,
      4284,
      4294,
      4310,
      4338,
      4355,
      4364,
      4371,
      4403,
      4471,
      4526,
      4534,
      4546,
      4594,
      4595
    ],
    "5": [
      31,
      196,
      198,
      207,
      256,
      293,
      420,
      424,
      648,
      774,
      811,
      905,
      994,
      1010,
      1031,
      1042,
      1108,
      1125,
      1170,
      1182,
      1414,
      1581,
      1645,
      1715,
      1731,
      1858,
      1919,
      2020,
      2248,
      2273,
      2278,
      2329,
      2431,
      2432,
      2508,
      2566,
      2611,
      2777,
      2867,
      2932,
      2965,
      3038,
      3174,
      3223,
      3271,
      3343,
      3416,
      3452,
      3479,
      3557,
      3587,
      3588,
      3590,
      3626,
      3805,
      3877,
      3893,
      4000,
      4021,
      4039,
      4066,
      4077,
      4098,
      4181,
      4348,
      4516
    ],
    "2": [
      1,
      164,
      201,
      206,
      233,
      255,
      286,
      385,
      493,
      550,
      565,
      604,
      653,
      688,
      792,
      846,
      866,
      893,
      912,
      983,
      1001,
      1040,
      1068,
      1186,
      1209,
      1330,
      1462,
      1502,
      1550,
      1779,
      1806,
      2091,
      2253,
      2274,
      2445,
      2482,
      2668,
      2700,
      2730,
      2871,
      2900,
      2938,
      2941,
      2945,
      2946,
      3021,
      3098,
      3356,
      3441,
      3448,
      3455,
      3523,
      3533,
      3647,
      3723,
      3741,
      3854,
      3997,
      4002,
      4005,
      4115,
      4116,
      4129,
      4140,
      4157,
      4222,
      4232,
      4249,
      4306,
      4309,
      4462,
      4569
    ],