{
  "entry": "A0A1P8B1G7",
  "entry_name": "SOP21_ARATH",
  "type": "CLM",
  "prompt": "MLELHFEFIDLNQPKMYKFVVCLLTLSFLLLSGLSNTALARVHHESSNPKIGNRVWDQKIFNNV",
  "k": 352,
  "original_sequence": "MLELHFEFIDLNQPKMYKFVVCLLTLSFLLLSGLSNTALARVHHESSNPKIGNRVWDQKIFNNVKVRVLPSASRRGPGQTG",
  "original_ll": -2.826751708984375,
  "original_perplexity": 16.890506744384766,
  "progen3_sequence": "MLELHFEFIDLNQPKMYKFVVCLLTLSFLLLSGLSNTALARVHHESSNPKIGNRVWDQKIFNNVATGKAYGDYKGLIKLNN",
  "progen3_ll": -2.7194528579711914,
  "progen3_perplexity": 15.172019004821777,
  "max_sequence": "MLELHFEFIDLNQPKMYKFVVCLLTLSFLLLSGLSNTALARVHHESSNPKIGNRVWDQKIFNNVVDQNDLTNPASVPSVGQ",
  "max_ll": -2.822887659072876,
  "max_perplexity": 16.82536506652832,
  "max_kl": 0.0019476021407172084,
  "max_nmse": 0.0019940524362027645,
  "base_sequence": "MLELHFEFIDLNQPKMYKFVVCLLTLSFLLLSGLSNTALARVHHESSNPKIGNRVWDQKIFNNVYNNFYISLSIFLNVDKK",
  "base_ll": -2.8777124881744385,
  "base_perplexity": 17.773569107055664,
  "base_kl": 0.07988771051168442,
  "base_nmse": 0.3464900553226471,
  "recovered_sequence": "MLELHFEFIDLNQPKMYKFVVCLLTLSFLLLSGLSNTALARVHHESSNPKIGNRVWDQKIFNNVATGKGYGDYKGLIKLNN",
  "recovered_ll": -2.6896536350250244,
  "recovered_perplexity": 14.726574897766113,
  "recovered_kl": 0.002243945375084877,
  "recovered_nmse": 0.0035605558659881353,
  "nodes": {
    "9": [
      12,
      80,
      162,
      188,
      378,
      381,
      407,
      425,
      447,
      466,
      497,
      506,
      531,
      538,
      598,
      654,
      734,
      746,
      758,
      760,
      957,
      967,
      1021,
      1036,
      1073,
      1081,
      1176,
      1184,
      1251,
      1302,
      1306,
      1466,
      1491,
      1537,
      1560,
      1579,
      1584,
      1648,
      1713,
      1742,
      1783,
      1828,
      1832,
      1844,
      1851,
      1872,
      1888,
      1942,
      1957,
      2005,
      2094,
      2105,
      2287,
      2324,
      2349,
      2360,
      2383,
      2441,
      2510,
      2511,
      2514,
      2642,
      2664,
      2732,
      2763,
      2768,
      2787,
      2788,
      2791,
      2817,
      2829,
      2892,
      2941,
      2975,
      2982,
      2983,
      3028,
      3050,
      3079,
      3105,
      3162,
      3197,
      3198,
      3199,
      3338,
      3372,
      3381,
      3382,
      3407,
      3513,
      3526,
      3538,
      3540,
      3579,
      3581,
      3600,
      3624,
      3649,
      3676,
      3695,
      3715,
      3723,
      3779,
      3802,
      3821,
      3952,
      3965,
      3995,
      3999,
      4103,
      4106,
      4129,
      4168,
      4250,
      4388,
      4419,
      4428,
      4452,
      4468,
      4469,
      4482,
      4544,
      4603
    ],
    "8": [
      17,
      49,
      240,
      323,
      434,
      466,
      543,
      583,
      628,
      738,
      811,
      999,
      1005,
      1108,
      1136,
      1192,
      1258,
      1387,
      1428,
      1513,
      1535,
      1557,
      1609,
      1664,
      1687,
      1800,
      1839,
      1842,
      1954,
      2021,
      2054,
      2077,
      2109,
      2112,
      2201,
      2329,
      2596,
      2600,
      2605,
      2621,
      2661,
      2829,
      2891,
      2903,
      2917,
      2918,
      3001,
      3037,
      3323,
      3399,
      3422,
      3524,
      3653,
      3741,
      3846,
      3849,
      3865,
      3960,
      4121,
      4167,
      4216,
      4276,
      4294,
      4310,
      4449,
      4471
    ],
    "7": [
      66,
      362,
      543,
      872,
      889,
      907,
      912,
      1010,
      1151,
      1256,
      1338,
      1454,
      1510,
      1520,
      1544,
      1625,
      1709,
      1751,
      1762,
      1765,
      1816,
      1824,
      1830,
      1929,
      1969,
      2227,
      2261,
      2263,
      2401,
      2491,
      2513,
      2746,
      2747,
      2877,
      2998,
      3135,
      3227,
      3251,
      3389,
      3464,
      3487,
      3690,
      3760,
      3914,
      4024,
      4055,
      4063,
      4110,
      4317,
      4413,
      4421
    ],
    "3": [
      1065,
      1345,
      2098,
      2237,
      3799,
      3983,
      4221
    ],
    "6": [
      85,
      762,
      947,
      954,
      960,
      1154,
      1155,
      1212,
      1410,
      1467,
      1607,
      1627,
      1701,
      1708,
      1718,
      1954,
      1987,
      2097,
      2327,
      2389,
      2460,
      2664,
      2874,
      3020,
      3396,
      3509,
      3701,
      3833,
      3981,
      4332,
      4400,
      4441,
      4501,
      4529,
      4581
    ],
    "0": [
      460,
      639,
      753,
      1878,
      2031,
      2423,
      2502,
      2844,
      2984,
      3054,
      3182,
      3659,
      3853,
      3963,
      4229,
      4596
    ],
    "4": [
      156,
      700,
      1278,
      1365,
      1412,
      1749,
      1762,
      1807,
      2029,
      2055,
      2390,
      2573,
      3386,
      3732,
      3787,
      3981,
      4134,
      4198,
      4218,
      4358,
      4584
    ],
    "5": [
      608,
      1011,
      1670,
      1792,
      1810,
      1847,
      2186,
      2278,
      2520,
      2642,
      2777,
      2957,
      2983,
      3305,
      3477,
      4108,
      4285,
      4426,
      4516
    ],
    "2": [
      135,
      286,
      565,
      1462,
      1483,
      2091,
      2191,
      2482,
      2532,
      2889,
      4157
    ],
    "1": [
      808,
      2975,
      3693
    ]
  }
}
