{
  "entry": "A0A125S9D9",
  "entry_name": "CEM1_CONIM",
  "type": "GLM_1",
  "prompt": "MMMRVFIAMFFLLALVEAGWPRLYDKNCKKNILRTYCSNKICGEATKNTNGELQCTMYCRCANGCFRGQYIDWPNQQTNLLFC[GLM]3-38-35",
  "k": 864,
  "original_sequence": "MMMRVFIAMFFLLALVEAGWPRLYDKNCKKNILRTYCSNKICGEATKNTNGELQCTMYCRCANGCFRGQYIDWPNQQTNLLFC",
  "original_ll": -2.899350166320801,
  "original_perplexity": 18.162338256835938,
  "progen3_sequence": "MMMKQDENTTVTEKAQINMNSMINNTFNTSSIGDNISYNKICGEATKNTNGELQCTMYCRCANGCFRGQYIDWPNQQTNLLFC",
  "progen3_ll": -2.8555798530578613,
  "progen3_perplexity": 17.3845157623291,
  "max_sequence": "MMMIPDIMSQVMKVNIQITTNLLNNYLNQTNNNLNNDGNKICGEATKNTNGELQCTMYCRCANGCFRGQYIDWPNQQTNLLFC",
  "max_ll": -2.834108591079712,
  "max_perplexity": 17.015226364135742,
  "max_kl": 0.030726265162229538,
  "max_nmse": 0.012323257513344288,
  "base_sequence": "MMMMMMNIFNMVMNNIIMMMYMYNNNMNNMQMNQMMLMNKICGEATKNTNGELQCTMYCRCANGCFRGQYIDWPNQQTNLLFC",
  "base_ll": -2.4488399028778076,
  "base_perplexity": 11.574911117553711,
  "base_kl": 0.3220908045768738,
  "base_nmse": 0.9128274321556091,
  "recovered_sequence": "MMMKNMKNMQMIEKMQINMISDIFNYFFTSSIGNKISYNKICGEATKNTNGELQCTMYCRCANGCFRGQYIDWPNQQTNLLFC",
  "recovered_ll": -2.841789960861206,
  "recovered_perplexity": 17.14642906188965,
  "recovered_kl": 0.07395756989717484,
  "recovered_nmse": 0.019801340997219086,
  "nodes": {
    "9": [
      12,
      162,
      191,
      224,
      251,
      359,
      381,
      403,
      407,
      425,
      466,
      486,
      494,
      497,
      502,
      504,
      506,
      507,
      538,
      545,
      555,
      563,
      579,
      584,
      622,
      672,
      701,
      706,
      715,
      734,
      746,
      758,
      760,
      767,
      770,
      814,
      868,
      957,
      967,
      991,
      1038,
      1042,
      1048,
      1073,
      1079,
      1080,
      1081,
      1089,
      1092,
      1106,
      1131,
      1170,
      1184,
      1251,
      1256,
      1291,
      1302,
      1317,
      1336,
      1340,
      1374,
      1394,
      1438,
      1484,
      1491,
      1530,
      1537,
      1538,
      1554,
      1560,
      1568,
      1575,
      1579,
      1605,
      1648,
      1713,
      1725,
      1778,
      1828,
      1832,
      1835,
      1844,
      1851,
      1872,
      1910,
      1920,
      1942,
      1957,
      2005,
      2046,
      2105,
      2109,
      2115,
      2143,
      2154,
      2191,
      2194,
      2218,
      2254,
      2264,
      2283,
      2287,
      2317,
      2360,
      2376,
      2377,
      2405,
      2423,
      2428,
      2467,
      2469,
      2488,
      2510,
      2511,
      2520,
      2539,
      2559,
      2592,
      2633,
      2637,
      2722,
      2732,
      2787,
      2812,
      2829,
      2871,
      2890,
      2934,
      2941,
      2975,
      2982,
      3004,
      3050,
      3058,
      3071,
      3105,
      3112,
      3122,
      3123,
      3154,
      3162,
      3192,
      3198,
      3199,
      3212,
      3221,
      3245,
      3272,
      3338,
      3341,
      3354,
      3363,
      3372,
      3382,
      3408,
      3411,
      3457,
      3458,
      3465,
      3480,
      3513,
      3526,
      3540,
      3551,
      3581,
      3624,
      3648,
      3649,
      3685,
      3695,
      3709,
      3715,
      3723,
      3748,
      3765,
      3779,
      3802,
      3805,
      3808,
      3821,
      3836,
      3880,
      3925,
      3934,
      3952,
      3965,
      3972,
      3999,
      4069,
      4103,
      4106,
      4129,
      4142,
      4148,
      4250,
      4275,
      4279,
      4350,
      4428,
      4452,
      4482,
      4533,
      4544,
      4603
    ],
    "7": [
      66,
      98,
      99,
      450,
      501,
      553,
      589,
      631,
      652,
      725,
      822,
      872,
      889,
      907,
      973,
      1010,
      1128,
      1145,
      1224,
      1256,
      1382,
      1454,
      1520,
      1625,
      1664,
      1709,
      1751,
      1784,
      1824,
      1826,
      1830,
      1929,
      1937,
      1958,
      1969,
      2004,
      2013,
      2023,
      2091,
      2121,
      2248,
      2261,
      2371,
      2433,
      2462,
      2513,
      2656,
      2676,
      2747,
      2770,
      2801,
      2877,
      2932,
      2944,
      2998,
      3031,
      3037,
      3048,
      3057,
      3128,
      3135,
      3156,
      3167,
      3214,
      3384,
      3389,
      3457,
      3486,
      3487,
      3652,
      3690,
      3808,
      3958,
      3975,
      3997,
      4016,
      4055,
      4122,
      4166,
      4234,
      4444,
      4447,
      4578,
      4589
    ],
    "8": [
      82,
      301,
      417,
      583,
      876,
      907,
      1004,
      1008,
      1098,
      1136,
      1306,
      1444,
      1486,
      1535,
      1550,
      1557,
      1622,
      1664,
      1687,
      1710,
      1744,
      1757,
      1777,
      1956,
      2080,
      2106,
      2109,
      2112,
      2151,
      2199,
      2201,
      2262,
      2329,
      2348,
      2355,
      2388,
      2401,
      2479,
      2567,
      2596,
      2605,
      2621,
      2743,
      2972,
      3024,
      3103,
      3236,
      3258,
      3396,
      3432,
      3485,
      3645,
      3659,
      3711,
      3741,
      3865,
      3895,
      4085,
      4190,
      4292,
      4310,
      4524,
      4534,
      4546,
      4559,
      4565,
      4569,
      4570
    ],
    "5": [
      0,
      37,
      148,
      173,
      198,
      203,
      232,
      285,
      343,
      367,
      410,
      425,
      521,
      556,
      579,
      703,
      762,
      767,
      796,
      861,
      878,
      994,
      1004,
      1034,
      1066,
      1161,
      1167,
      1209,
      1244,
      1249,
      1273,
      1466,
      1496,
      1936,
      1968,
      1994,
      2102,
      2104,
      2250,
      2278,
      2286,
      2311,
      2321,
      2434,
      2514,
      2537,
      2573,
      2675,
      2680,
      2777,
      2816,
      3064,
      3139,
      3154,
      3266,
      3319,
      3375,
      3393,
      3421,
      3504,
      3521,
      3654,
      3745,
      3775,
      3777,
      3791,
      3884,
      3913,
      4072,
      4086,
      4122,
      4157,
      4200
    ],
    "3": [
      119,
      193,
      214,
      242,
      261,
      375,
      476,
      523,
      545,
      576,
      695,
      839,
      853,
      890,
      1011,
      1040,
      1264,
      1278,
      1294,
      1369,
      1373,
      1382,
      1421,
      1443,
      1524,
      1603,
      1612,
      1689,
      1834,
      1954,
      1971,
      2034,
      2262,
      2302,
      2376,
      2451,
      2502,
      2517,
      2559,
      2706,
      2778,
      2839,
      3031,
      3034,
      3091,
      3141,
      3206,
      3207,
      3243,
      3256,
      3261,
      3363,
      3412,
      3551,
      3593,
      3683,
      3736,
      3793,
      3912,
      3925,
      3965,
      3984,
      3995,
      4108,
      4143,
      4273,
      4282,
      4305,
      4407,
      4431,
      4478,
      4577,
      4606
    ],
    "6": [
      69,
      85,
      507,
      559,
      668,
      718,
      838,
      902,
      947,
      1096,
      1212,
      1455,
      1582,
      1606,
      1648,
      1704,
      1718,
      1735,
      1748,
      1766,
      1931,
      1938,
      1987,
      1999,
      2002,
      2094,
      2108,
      2168,
      2330,
      2389,
      2463,
      2588,
      2698,
      2725,
      2871,
      3032,
      3064,
      3131,
      3258,
      3366,
      3415,
      3435,
      3509,
      3701,
      3817,
      3925,
      3928,
      4000,
      4079,
      4280,
      4493,
      4600
    ],