{
  "entry": "A5FJP5",
  "entry_name": "RL21_FLAJ1",
  "type": "GLM_1",
  "prompt": "MYAIVEIAGQQFKVSKDLKVYVHRLANEEGSKVSFDKVLLLDDNGNVTLGAPAIEGASVEAKVLQHLKGDKVIVFKKKRRKGYKKRNGHRQYLTQIVIEGITAAGGTKKAAAKKAVVAEEAAATEEVEAAPKAKKAAPKAKKEATKE[GLM]62-78-16",
  "k": 864,
  "original_sequence": "MYAIVEIAGQQFKVSKDLKVYVHRLANEEGSKVSFDKVLLLDDNGNVTLGAPAIEGASVEAKVLQHLKGDKVIVFKKKRRKGYKKRNGHRQYLTQIVIEGITAAGGTKKAAAKKAVVAEEAAATEEVEAAPKAKKAAPKAKKEATKE",
  "original_ll": -0.4829166531562805,
  "original_perplexity": 1.6207947731018066,
  "progen3_sequence": "MYAIVEIAGQQFKVSKDLKVYVHRLANEEGSKVSFDKVLLLDDNGNVTLGAPAIEGASVEAKIIDVGTEGLEILDSVRRRKGYKKRNGHRQYLTQIVIEGITAAGGTKKAAAKKAVVAEEAAATEEVEAAPKAKKAAPKAKKEATKE",
  "progen3_ll": -3.4770448207855225,
  "progen3_perplexity": 32.36393737792969,
  "max_sequence": "MYAIVEIAGQQFKVSKDLKVYVHRLANEEGSKVSFDKVLLLDDNGNVTLGAPAIEGASVEAKMRDLSINRGILPVIDGRRKGYKKRNGHRQYLTQIVIEGITAAGGTKKAAAKKAVVAEEAAATEEVEAAPKAKKAAPKAKKEATKE",
  "max_ll": -4.249274253845215,
  "max_perplexity": 70.05455017089844,
  "max_kl": 0.04719198867678642,
  "max_nmse": 0.008561232127249241,
  "base_sequence": "MYAIVEIAGQQFKVSKDLKVYVHRLANEEGSKVSFDKVLLLDDNGNVTLGAPAIEGASVEAKMGDMSLMKSVVDEMDNRRKGYKKRNGHRQYLTQIVIEGITAAGGTKKAAAKKAVVAEEAAATEEVEAAPKAKKAAPKAKKEATKE",
  "base_ll": -5.07528829574585,
  "base_perplexity": 160.01832580566406,
  "base_kl": 0.21000447869300842,
  "base_nmse": 1.059109091758728,
  "recovered_sequence": "MYAIVEIAGQQFKVSKDLKVYVHRLANEEGSKVSFDKVLLLDDNGNVTLGAPAIEGASVEAKDDKVYMEGLEKRDNVYRRKGYKKRNGHRQYLTQIVIEGITAAGGTKKAAAKKAVVAEEAAATEEVEAAPKAKKAAPKAKKEATKE",
  "recovered_ll": -4.675872325897217,
  "recovered_perplexity": 107.32615661621094,
  "recovered_kl": 0.1904716193675995,
  "recovered_nmse": 0.3423260450363159,
  "nodes": {
    "9": [
      10,
      27,
      44,
      56,
      88,
      95,
      111,
      126,
      129,
      150,
      224,
      238,
      272,
      300,
      302,
      305,
      311,
      318,
      321,
      331,
      345,
      383,
      384,
      385,
      387,
      409,
      442,
      458,
      470,
      477,
      486,
      504,
      506,
      528,
      541,
      573,
      582,
      588,
      610,
      626,
      642,
      653,
      654,
      655,
      662,
      663,
      667,
      677,
      696,
      699,
      705,
      706,
      715,
      732,
      742,
      828,
      874,
      932,
      941,
      946,
      959,
      977,
      978,
      980,
      992,
      1000,
      1004,
      1016,
      1030,
      1051,
      1061,
      1062,
      1081,
      1088,
      1094,
      1103,
      1126,
      1141,
      1170,
      1176,
      1183,
      1230,
      1238,
      1250,
      1254,
      1256,
      1271,
      1293,
      1316,
      1329,
      1340,
      1341,
      1343,
      1346,
      1348,
      1352,
      1370,
      1377,
      1394,
      1396,
      1402,
      1405,
      1416,
      1449,
      1454,
      1470,
      1486,
      1488,
      1535,
      1537,
      1551,
      1566,
      1586,
      1594,
      1596,
      1629,
      1633,
      1651,
      1685,
      1732,
      1741,
      1751,
      1753,
      1774,
      1803,
      1820,
      1836,
      1865,
      1871,
      1882,
      1893,
      1903,
      1933,
      1934,
      1937,
      1957,
      1980,
      2009,
      2040,
      2050,
      2061,
      2066,
      2079,
      2094,
      2102,
      2133,
      2146,
      2160,
      2176,
      2194,
      2199,
      2204,
      2205,
      2218,
      2220,
      2223,
      2227,
      2231,
      2254,
      2274,
      2276,
      2313,
      2315,
      2319,
      2334,
      2379,
      2394,
      2413,
      2417,
      2418,
      2427,
      2428,
      2436,
      2438,
      2465,
      2466,
      2475,
      2511,
      2514,
      2525,
      2542,
      2545,
      2559,
      2567,
      2580,
      2592,
      2597,
      2599,
      2606,
      2609,
      2618,
      2620,
      2621,
      2640,
      2646,
      2670,
      2678,
      2684,
      2704,
      2726,
      2730,
      2738,
      2768,
      2771,
      2775,
      2777,
      2778,
      2788,
      2803,
      2817,
      2846,
      2881,
      2892,
      2911,
      2921,
      2941,
      2948,
      2955,
      2959,
      2968,
      2987,
      3011,
      3015,
      3021,
      3049,
      3073,
      3077,
      3118,
      3140,
      3147,
      3157,
      3186,
      3191,
      3192,
      3196,
      3204,
      3228,
      3233,
      3248,
      3260,
      3261,
      3284,
      3325,
      3338,
      3362,
      3363,
      3383,
      3392,
      3403,
      3444,
      3461,
      3491,
      3500,
      3528,
      3540,
      3549,
      3577,
      3578,
      3606,
      3624,
      3626,
      3630,
      3633,
      3636,
      3643,
      3661,
      3690,
      3696,
      3715,
      3747,
      3763,
      3772,
      3795,
      3797,
      3821,
      3827,
      3864,
      3877,
      3881,
      3905,
      3916,
      3920,
      3929,
      3937,
      3938,
      3962,
      3972,
      3995,
      4004,
      4011,
      4015,
      4028,
      4037,
      4049,
      4050,
      4069,
      4070,
      4091,
      4098,
      4107,
      4116,
      4134,
      4142,
      4157,
      4168,
      4192,
      4198,
      4237,
      4269,
      4304,
      4315,
      4325,
      4350,
      4377,
      4381,
      4393,
      4413,
      4424,
      4433,
      4442,
      4444,
      4462,
      4467,
      4481,
      4493,
      4495,
      4504,
      4520,
      4521,
      4547,
      4554,
      4579,
      4590,
      4594,
      4596
    ],
    "8": [
      4,
      128,
      149,
      339,
      405,
      410,
      450,
      463,
      510,
      560,
      564,
      591,
      835,
      841,
      845,
      851,
      900,
      959,
      1115,
      1140,
      1160,
      1269,
      1297,
      1367,
      1384,
      1398,
      1399,
      1422,
      1468,
      1495,
      1548,
      1579,
      1619,
      1632,
      1773,
      1804,
      1838,
      1842,
      1859,
      1957,
      1979,
      2009,
      2016,
      2040,
      2068,
      2085,
      2112,
      2134,
      2181,
      2206,
      2251,
      2268,
      2270,
      2297,
      2317,
      2382,
      2389,
      2394,
      2462,
      2481,
      2523,
      2536,
      2615,
      2634,
      2646,
      2695,
      2702,
      2843,
      2854,
      2868,
      2869,
      2970,
      3054,
      3102,
      3162,
      3188,
      3254,
      3266,
      3358,
      3370,
      3389,
      3406,
      3440,
      3486,
      3563,
      3581,
      3668,
      3686,
      3721,
      3746,
      3777,
      3825,
      3865,
      3933,
      3960,
      3962,
      3963,
      4041,
      4176,
      4333,
      4335,
      4369,
      4456,
      4497,
      4511,
      4515,
      4532
    ],
    "5": [
      75,
      117,
      196,
      212,
      293,
      308,
      340,
      387,
      434,
      443,
      618,
      695,
      722,
      758,
      769,
      774,
      776,
      865,
      979,
      1108,
      1299,
      1313,
      1329,
      1428,
      1504,
      1572,
      1596,
      1644,
      1669,
      1680,
      1885,
      1968,
      1981,
      2077,
      2078,
      2140,
      2217,
      2346,
      2382,
      2550,
      2617,
      2667,
      2679,
      2725,
      2797,
      2825,
      2869,
      2956,
      3027,
      3097,
      3155,
      3648,
      3659,
      3758,
      3796,
      3826,
      3932,
      3943,
      4049,
      4066,
      4206,
      4291,
      4461,
      4525,
      4597
    ],