{
  "entry": "A6X978",
  "entry_name": "YF12_SCHPO",
  "type": "CLM",
  "prompt": "MDVDFANAKHKLHCLLKKNFLLTIRFSSLVSIQYIPFSNRLYEIISIALNPCNFSKSLFWLRKKIKNSVLLKTSFDSN",
  "k": 1000,
  "original_sequence": "MDVDFANAKHKLHCLLKKNFLLTIRFSSLVSIQYIPFSNRLYEIISIALNPCNFSKSLFWLRKKIKNSVLLKTSFDSNETIFFLYSLHRCVYYLFIYL",
  "original_ll": -2.76426100730896,
  "original_perplexity": 15.8673095703125,
  "progen3_sequence": "MDVDFANAKHKLHCLLKKNFLLTIRFSSLVSIQYIPFSNRLYEIISIALNPCNFSKSLFWLRKKIKNSVLLKTSFDSNLIESFVILEKLELSKVINEL",
  "progen3_ll": -2.561906337738037,
  "progen3_perplexity": 12.960501670837402,
  "max_sequence": "MDVDFANAKHKLHCLLKKNFLLTIRFSSLVSIQYIPFSNRLYEIISIALNPCNFSKSLFWLRKKIKNSVLLKTSFDSNNSSLVKSVLKNFSLLITLKL",
  "max_ll": -2.452535629272461,
  "max_perplexity": 11.617767333984375,
  "max_kl": 0.0021185206715017557,
  "max_nmse": 0.0024459767155349255,
  "base_sequence": "MDVDFANAKHKLHCLLKKNFLLTIRFSSLVSIQYIPFSNRLYEIISIALNPCNFSKSLFWLRKKIKNSVLLKTSFDSNSKSKINNSKFKKKLFNNIKF",
  "base_ll": -2.318415403366089,
  "base_perplexity": 10.159563064575195,
  "base_kl": 0.13260793685913086,
  "base_nmse": 0.3108072280883789,
  "recovered_sequence": "MDVDFANAKHKLHCLLKKNFLLTIRFSSLVSIQYIPFSNRLYEIISIALNPCNFSKSLFWLRKKIKNSVLLKTSFDSNLIESFVILEKLELSKVIIEL",
  "recovered_ll": -2.5578503608703613,
  "recovered_perplexity": 12.908040046691895,
  "recovered_kl": 0.002623920561745763,
  "recovered_nmse": 0.0017106577288359404,
  "nodes": {
    "9": [
      12,
      34,
      162,
      184,
      263,
      307,
      381,
      407,
      416,
      433,
      450,
      478,
      734,
      760,
      763,
      777,
      836,
      957,
      967,
      1039,
      1042,
      1053,
      1166,
      1184,
      1196,
      1251,
      1298,
      1302,
      1491,
      1528,
      1579,
      1626,
      1665,
      1686,
      1724,
      1729,
      1735,
      1782,
      1832,
      1844,
      1851,
      1885,
      1914,
      1942,
      1957,
      2005,
      2064,
      2080,
      2105,
      2108,
      2109,
      2126,
      2264,
      2283,
      2287,
      2395,
      2531,
      2539,
      2604,
      2642,
      2658,
      2715,
      2732,
      2787,
      2924,
      2957,
      2969,
      2975,
      3006,
      3008,
      3050,
      3087,
      3105,
      3158,
      3199,
      3290,
      3381,
      3382,
      3399,
      3426,
      3513,
      3526,
      3540,
      3581,
      3603,
      3624,
      3676,
      3779,
      3802,
      3821,
      3856,
      3999,
      4129,
      4244,
      4437,
      4482,
      4544
    ],
    "8": [
      25,
      82,
      204,
      240,
      301,
      311,
      372,
      417,
      583,
      638,
      648,
      693,
      756,
      766,
      876,
      968,
      1004,
      1008,
      1098,
      1121,
      1136,
      1177,
      1201,
      1272,
      1301,
      1309,
      1376,
      1416,
      1436,
      1444,
      1479,
      1486,
      1494,
      1535,
      1557,
      1664,
      1744,
      1838,
      1869,
      1954,
      1956,
      2054,
      2077,
      2106,
      2109,
      2112,
      2151,
      2175,
      2185,
      2199,
      2201,
      2262,
      2334,
      2374,
      2401,
      2414,
      2479,
      2490,
      2528,
      2540,
      2564,
      2596,
      2605,
      2621,
      2710,
      2743,
      2779,
      2806,
      2828,
      2972,
      2980,
      3019,
      3042,
      3195,
      3200,
      3321,
      3348,
      3396,
      3413,
      3432,
      3449,
      3485,
      3490,
      3645,
      3659,
      3700,
      3735,
      3741,
      3865,
      3874,
      3880,
      3960,
      4167,
      4177,
      4294,
      4310,
      4334,
      4416,
      4471,
      4526,
      4530,
      4534,
      4546,
      4559,
      4578,
      4596
    ],
    "7": [
      7,
      66,
      78,
      222,
      230,
      248,
      283,
      330,
      362,
      398,
      482,
      509,
      631,
      642,
      770,
      801,
      819,
      872,
      889,
      907,
      933,
      956,
      1010,
      1067,
      1070,
      1128,
      1151,
      1203,
      1256,
      1306,
      1366,
      1416,
      1419,
      1454,
      1512,
      1520,
      1530,
      1544,
      1561,
      1625,
      1709,
      1716,
      1730,
      1751,
      1816,
      1824,
      1830,
      1929,
      1958,
      1969,
      1976,
      2053,
      2113,
      2227,
      2229,
      2248,
      2261,
      2263,
      2279,
      2299,
      2366,
      2428,
      2433,
      2476,
      2499,
      2513,
      2527,
      2622,
      2676,
      2747,
      2802,
      2877,
      2922,
      2977,
      2998,
      3135,
      3167,
      3284,
      3353,
      3381,
      3389,
      3428,
      3464,
      3473,
      3487,
      3510,
      3521,
      3576,
      3588,
      3598,
      3601,
      3619,
      3690,
      3755,
      3760,
      3793,
      3825,
      3942,
      3948,
      4005,
      4024,
      4055,
      4077,
      4130,
      4134,
      4149,
      4159,
      4195,
      4260,
      4299,
      4331,
      4367,
      4399,
      4421,
      4435,
      4475,
      4534,
      4564
    ],
    "0": [
      48,
      68,
      81,
      106,
      186,
      195,
      216,
      229,
      275,
      363,
      459,
      493,
      514,
      538,
      547,
      557,
      560,
      606,
      620,
      627,
      648,
      694,
      738,
      777,
      796,
      811,
      933,
      957,
      970,
      972,
      990,
      1017,
      1026,
      1069,
      1083,
      1135,
      1158,
      1166,
      1218,
      1238,
      1250,
      1252,
      1270,
      1297,
      1299,
      1354,
      1356,
      1359,
      1369,
      1370,
      1408,
      1412,
      1438,
      1492,
      1510,
      1574,
      1580,
      1583,
      1595,
      1608,
      1639,
      1649,
      1652,
      1660,
      1675,
      1735,
      1851,
      1873,
      1878,
      1904,
      1911,
      1983,
      2001,
      2017,
      2075,
      2117,
      2135,
      2139,
      2148,
      2205,
      2206,
      2234,
      2281,
      2299,
      2305,
      2310,
      2353,
      2356,
      2387,
      2409,
      2436,
      2442,
      2487,
      2502,
      2511,
      2512,
      2553,
      2561,
      2594,
      2597,
      2607,
      2722,
      2727,
      2730,
      2780,
      2788,
      2804,
      2844,
      2851,
      2857,
      2884,
      2888,
      2895,
      2907,
      2948,
      2968,
      2991,
      3026,
      3036,
      3050,
      3057,
      3062,
      3075,
      3101,
      3110,
      3182,
      3185,
      3194,
      3220,
      3278,
      3319,
      3363,
      3424,
      3453,
      3461,
      3510,
      3554,
      3555,
      3573,
      3574,
      3576,
      3599,
      3646,
      3655,
      3659,
      3698,
      3744,
      3751,
      3765,
      3787,
      3805,
      3904,
      3908,
      3922,
      3933,
      3939,
      3954,
      3982,
      3985,
      3990,
      4008,
      4033,
      4039,
      4052,
      4055,
      4059,
      4081,
      4111,
      4114,
      4194,
      4195,
      4208,
      4229,
      4279,
      4292,
      4305,
      4306,
      4354,
      4368,
      4370,
      4383,
      4397,
      4426,
      4429,
      4466,
      4507,
      4510,
      4519,
      4524,
      4538,
      4577,
      4593
    ],