{
  "entry": "A8MS78",
  "entry_name": "Y1583_ARATH",
  "type": "CLM",
  "prompt": "MSKPLKFLLWSSLALLLLQIGSGAICEGKSSEPAVRQTQVKWREGKKFRVEVMNKCPMCPIINLRLKCQGFPQSLVDPTFLRVLSSSAGNCVVNDGLPLSP",
  "k": 992,
  "original_sequence": "MSKPLKFLLWSSLALLLLQIGSGAICEGKSSEPAVRQTQVKWREGKKFRVEVMNKCPMCPIINLRLKCQGFPQSLVDPTFLRVLSSSAGNCVVNDGLPLSPMQTLSFNYSNTHQFALRPLSWSFQCE",
  "original_ll": -3.027283191680908,
  "original_perplexity": 20.64107894897461,
  "progen3_sequence": "MSKPLKFLLWSSLALLLLQIGSGAICEGKSSEPAVRQTQVKWREGKKFRVEVMNKCPMCPIINLRLKCQGFPQSLVDPTFLRVLSSSAGNCVVNDGLPLSPIPVPKSVIEQEIGNNSVNSKRIAPVV",
  "progen3_ll": -2.8506343364715576,
  "progen3_perplexity": 17.298751831054688,
  "max_sequence": "MSKPLKFLLWSSLALLLLQIGSGAICEGKSSEPAVRQTQVKWREGKKFRVEVMNKCPMCPIINLRLKCQGFPQSLVDPTFLRVLSSSAGNCVVNDGLPLSPFGLFAPASIELIELLSLDVVSIVLST",
  "max_ll": -2.750324010848999,
  "max_perplexity": 15.647701263427734,
  "max_kl": 0.002865449758246541,
  "max_nmse": 0.003204346401616931,
  "base_sequence": "MSKPLKFLLWSSLALLLLQIGSGAICEGKSSEPAVRQTQVKWREGKKFRVEVMNKCPMCPIINLRLKCQGFPQSLVDPTFLRVLSSSAGNCVVNDGLPLSPWPGISLEISWGFSFFLIWSVVLNYLT",
  "base_ll": -2.94423770904541,
  "base_perplexity": 18.99617576599121,
  "base_kl": 0.0704272910952568,
  "base_nmse": 0.29490724205970764,
  "recovered_sequence": "MSKPLKFLLWSSLALLLLQIGSGAICEGKSSEPAVRQTQVKWREGKKFRVEVMNKCPMCPIINLRLKCQGFPQSLVDPTFLRVLSSSAGNCVVNDGLPLSPIPVPRSPIEQESGNNSVNSKRIAPVV",
  "recovered_ll": -2.8317744731903076,
  "recovered_perplexity": 16.975557327270508,
  "recovered_kl": 0.005108409561216831,
  "recovered_nmse": 0.003991651814430952,
  "nodes": {
    "9": [
      12,
      34,
      52,
      117,
      162,
      263,
      381,
      407,
      413,
      416,
      425,
      447,
      473,
      497,
      538,
      545,
      603,
      734,
      746,
      760,
      763,
      957,
      967,
      994,
      1036,
      1042,
      1082,
      1166,
      1176,
      1184,
      1251,
      1302,
      1306,
      1307,
      1443,
      1491,
      1528,
      1560,
      1579,
      1584,
      1626,
      1648,
      1650,
      1665,
      1713,
      1782,
      1828,
      1832,
      1835,
      1844,
      1851,
      1859,
      1942,
      1957,
      2005,
      2105,
      2108,
      2109,
      2126,
      2153,
      2177,
      2234,
      2264,
      2273,
      2283,
      2287,
      2360,
      2510,
      2570,
      2642,
      2732,
      2763,
      2787,
      2809,
      2865,
      2874,
      2909,
      2941,
      2975,
      2983,
      3006,
      3008,
      3050,
      3079,
      3087,
      3101,
      3105,
      3162,
      3198,
      3199,
      3290,
      3310,
      3372,
      3381,
      3382,
      3399,
      3480,
      3513,
      3540,
      3579,
      3624,
      3637,
      3676,
      3695,
      3765,
      3779,
      3802,
      3821,
      3873,
      3965,
      3999,
      4103,
      4106,
      4129,
      4146,
      4190,
      4250,
      4290,
      4353,
      4419,
      4475,
      4482,
      4494,
      4526,
      4544,
      4603
    ],
    "8": [
      25,
      33,
      72,
      97,
      125,
      127,
      227,
      229,
      240,
      301,
      417,
      434,
      466,
      513,
      519,
      543,
      567,
      583,
      611,
      614,
      638,
      682,
      693,
      703,
      726,
      737,
      746,
      800,
      811,
      855,
      893,
      901,
      999,
      1083,
      1108,
      1132,
      1136,
      1177,
      1195,
      1201,
      1249,
      1258,
      1260,
      1272,
      1301,
      1321,
      1356,
      1376,
      1400,
      1428,
      1486,
      1535,
      1557,
      1623,
      1651,
      1664,
      1724,
      1730,
      1734,
      1757,
      1839,
      1842,
      1870,
      1920,
      1954,
      1986,
      1995,
      2021,
      2023,
      2054,
      2077,
      2109,
      2112,
      2122,
      2151,
      2201,
      2212,
      2271,
      2329,
      2392,
      2401,
      2433,
      2475,
      2479,
      2516,
      2518,
      2564,
      2567,
      2578,
      2596,
      2605,
      2621,
      2661,
      2689,
      2727,
      2753,
      2769,
      2779,
      2790,
      2793,
      2829,
      2853,
      2903,
      2931,
      2959,
      3001,
      3009,
      3024,
      3037,
      3042,
      3176,
      3259,
      3360,
      3365,
      3396,
      3415,
      3422,
      3449,
      3464,
      3493,
      3524,
      3600,
      3645,
      3653,
      3659,
      3803,
      3812,
      3846,
      3849,
      3865,
      3960,
      3998,
      4058,
      4105,
      4115,
      4121,
      4132,
      4167,
      4232,
      4247,
      4276,
      4284,
      4290,
      4294,
      4310,
      4340,
      4364,
      4371,
      4449,
      4471,
      4481,
      4487,
      4526,
      4530,
      4534,
      4546,
      4585,
      4594,
      4603
    ],
    "7": [
      66,
      72,
      78,
      324,
      362,
      379,
      491,
      509,
      535,
      715,
      872,
      889,
      907,
      912,
      999,
      1010,
      1070,
      1126,
      1151,
      1256,
      1338,
      1419,
      1454,
      1510,
      1520,
      1544,
      1625,
      1707,
      1709,
      1751,
      1760,
      1765,
      1816,
      1824,
      1830,
      1929,
      1969,
      2035,
      2113,
      2227,
      2230,
      2248,
      2261,
      2263,
      2279,
      2362,
      2401,
      2476,
      2491,
      2512,
      2513,
      2595,
      2641,
      2746,
      2747,
      2786,
      2802,
      2829,
      2842,
      2877,
      2891,
      2922,
      2998,
      3029,
      3135,
      3159,
      3227,
      3353,
      3389,
      3464,
      3487,
      3521,
      3541,
      3588,
      3601,
      3690,
      3760,
      3778,
      3825,
      3914,
      3942,
      3948,
      4000,
      4002,
      4024,
      4055,
      4063,
      4130,
      4159,
      4183,
      4413,
      4421,
      4475
    ],
    "6": [
      13,
      18,
      85,
      167,
      293,
      299,
      329,
      394,
      398,
      399,
      404,
      447,
      484,
      520,
      593,
      697,
      762,
      823,
      856,
      889,
      947,
      954,
      979,
      990,
      1050,
      1081,
      1137,
      1154,
      1212,
      1222,
      1225,
      1284,
      1346,
      1377,
      1410,
      1458,
      1504,
      1584,
      1607,
      1627,
      1657,
      1687,
      1699,
      1701,
      1785,
      1877,
      1954,
      1987,
      2039,
      2136,
      2179,
      2207,
      2221,
      2260,
      2269,
      2303,
      2389,
      2460,
      2495,
      2556,
      2614,
      2615,
      2664,
      2717,
      2740,
      2763,
      2790,
      2848,
      2874,
      2961,
      2989,
      3016,
      3020,
      3136,
      3170,
      3281,
      3395,
      3435,
      3459,
      3509,
      3531,
      3546,
      3613,
      3628,
      3679,
      3697,
      3701,
      3705,
      3716,
      3760,
      3764,
      3819,
      3833,
      3915,
      3937,
      3948,
      4028,
      4068,
      4069,
      4098,
      4117,
      4192,
      4235,
      4335,
      4400,
      4441,
      4512,
      4529,
      4534,
      4537,
      4581,
      4601
    ],