{
  "entry": "A8ZS81",
  "entry_name": "Y289_DESOH",
  "type": "CLM",
  "prompt": "MIPVKEHAHTLCFPLLVAPRSSKNMVVGAHDNALKIKITAPPVDGRANEMCVAFLSRLLGIPKTSITIAAGAASKRKEVCLA",
  "k": 608,
  "original_sequence": "MIPVKEHAHTLCFPLLVAPRSSKNMVVGAHDNALKIKITAPPVDGRANEMCVAFLSRLLGIPKTSITIAAGAASKRKEVCLALSPNAAGKQEAARIKALLAGY",
  "original_ll": -2.6852829456329346,
  "original_perplexity": 14.662349700927734,
  "progen3_sequence": "MIPVKEHAHTLCFPLLVAPRSSKNMVVGAHDNALKIKITAPPVDGRANEMCVAFLSRLLGIPKTSITIAAGAASKRKEVCLAGLPESEIRALLAAL",
  "progen3_ll": -1.664874792098999,
  "progen3_perplexity": 5.2850117683410645,
  "max_sequence": "MIPVKEHAHTLCFPLLVAPRSSKNMVVGAHDNALKIKITAPPVDGRANEMCVAFLSRLLGIPKTSITIAAGAASKRKEVCLAGVEEEELERLLQKR",
  "max_ll": -1.980898141860962,
  "max_perplexity": 7.249251365661621,
  "max_kl": 0.059459857642650604,
  "max_nmse": 0.006720847450196743,
  "base_sequence": "MIPVKEHAHTLCFPLLVAPRSSKNMVVGAHDNALKIKITAPPVDGRANEMCVAFLSRLLGIPKTSITIAAGAASKRKEVCLATEDEEELELEEA",
  "base_ll": -2.829991579055786,
  "base_perplexity": 16.9453182220459,
  "base_kl": 0.3112739324569702,
  "base_nmse": 0.34907063841819763,
  "recovered_sequence": "MIPVKEHAHTLCFPLLVAPRSSKNMVVGAHDNALKIKITAPPVDGRANEMCVAFLSRLLGIPKTSITIAAGAASKRKEVCLAELPESELEELLAAA",
  "recovered_ll": -2.045468330383301,
  "recovered_perplexity": 7.732779026031494,
  "recovered_kl": 0.07108345627784729,
  "recovered_nmse": 0.01692507043480873,
  "nodes": {
    "9": [
      10,
      37,
      40,
      55,
      56,
      57,
      59,
      64,
      95,
      113,
      126,
      130,
      159,
      162,
      216,
      239,
      325,
      371,
      380,
      384,
      387,
      407,
      414,
      429,
      452,
      454,
      464,
      466,
      506,
      528,
      532,
      545,
      555,
      561,
      588,
      598,
      600,
      631,
      654,
      667,
      689,
      690,
      727,
      745,
      760,
      774,
      804,
      828,
      842,
      931,
      932,
      957,
      967,
      984,
      1062,
      1103,
      1194,
      1219,
      1256,
      1271,
      1285,
      1288,
      1296,
      1335,
      1352,
      1375,
      1401,
      1402,
      1405,
      1410,
      1463,
      1519,
      1528,
      1569,
      1579,
      1582,
      1710,
      1740,
      1808,
      1827,
      1835,
      1840,
      1844,
      1858,
      1862,
      1886,
      1894,
      1931,
      1941,
      1957,
      1968,
      1986,
      2046,
      2079,
      2123,
      2146,
      2164,
      2182,
      2264,
      2275,
      2287,
      2311,
      2325,
      2340,
      2347,
      2376,
      2413,
      2417,
      2427,
      2430,
      2431,
      2438,
      2463,
      2510,
      2511,
      2537,
      2542,
      2546,
      2570,
      2592,
      2609,
      2667,
      2704,
      2708,
      2721,
      2724,
      2732,
      2739,
      2785,
      2831,
      2858,
      2875,
      2876,
      2924,
      2941,
      2945,
      2946,
      2955,
      2975,
      2983,
      2997,
      3038,
      3058,
      3140,
      3146,
      3147,
      3170,
      3183,
      3202,
      3228,
      3276,
      3310,
      3355,
      3372,
      3417,
      3474,
      3516,
      3540,
      3602,
      3603,
      3624,
      3649,
      3689,
      3690,
      3695,
      3760,
      3788,
      3802,
      3808,
      3821,
      3841,
      3942,
      3965,
      3999,
      4079,
      4202,
      4206,
      4231,
      4264,
      4279,
      4310,
      4312,
      4370,
      4426,
      4441,
      4482,
      4495,
      4508,
      4519,
      4521,
      4524,
      4537
    ],
    "0": [
      17,
      164,
      248,
      253,
      276,
      281,
      286,
      402,
      554,
      611,
      648,
      694,
      753,
      778,
      785,
      861,
      982,
      986,
      987,
      1093,
      1106,
      1183,
      1270,
      1297,
      1341,
      1442,
      1697,
      1751,
      1777,
      1800,
      1824,
      1873,
      1883,
      1942,
      2031,
      2127,
      2212,
      2299,
      2401,
      2473,
      2480,
      2722,
      2747,
      2851,
      2962,
      2968,
      2984,
      3056,
      3082,
      3144,
      3146,
      3182,
      3205,
      3323,
      3345,
      3414,
      3420,
      3424,
      3453,
      3461,
      3492,
      3676,
      3698,
      3827,
      3844,
      3853,
      3887,
      3911,
      3934,
      3937,
      4056,
      4081,
      4156,
      4195,
      4275,
      4279,
      4360,
      4426,
      4466,
      4488,
      4594
    ],
    "7": [
      24,
      40,
      47,
      72,
      149,
      159,
      198,
      291,
      392,
      411,
      419,
      455,
      457,
      517,
      535,
      588,
      590,
      602,
      696,
      829,
      1286,
      1419,
      1488,
      1519,
      1627,
      1824,
      1880,
      1905,
      1969,
      2088,
      2227,
      2299,
      2427,
      2500,
      2517,
      2532,
      2539,
      2552,
      2558,
      2645,
      2802,
      3001,
      3111,
      3150,
      3154,
      3251,
      3295,
      3381,
      3419,
      3596,
      3607,
      3632,
      3649,
      3694,
      3711,
      4010,
      4064,
      4480,
      4544
    ],
    "8": [
      146,
      201,
      226,
      240,
      263,
      300,
      368,
      463,
      487,
      492,
      605,
      643,
      656,
      657,
      731,
      863,
      959,
      1030,
      1120,
      1163,
      1318,
      1371,
      1422,
      1524,
      1676,
      1701,
      1770,
      1979,
      2069,
      2224,
      2305,
      2314,
      2323,
      2401,
      2473,
      2599,
      2600,
      2612,
      2619,
      2621,
      2635,
      2687,
      2785,
      2836,
      2858,
      2864,
      2888,
      2910,
      2917,
      2920,
      2926,
      2935,
      2939,
      2996,
      3041,
      3044,
      3180,
      3185,
      3235,
      3242,
      3249,
      3254,
      3266,
      3274,
      3305,
      3414,
      3435,
      3441,
      3480,
      3543,
      3563,
      3648,
      3669,
      3707,
      3709,
      3935,
      3972,
      4039,
      4069,
      4121,
      4145,
      4277,
      4326,
      4337,
      4361,
      4419,
      4432,
      4449,
      4515,
      4550
    ],
    "6": [
      191,
      195,
      204,
      427,
      452,
      494,
      656,
      745,
      944,
      947,
      954,
      974,
      996,
      1063,
      1225,
      1289,
      1420,
      1482,
      1627,
      1664,
      1701,
      1726,
      1978,
      1987,
      2034,
      2085,
      2172,
      2203,
      2262,
      2348,
      2379,
      2389,
      2495,
      2874,
      2946,
      3229,
      3258,
      3298,
      3310,
      3396,
      3461,
      3509,
      3672,
      3697,
      3728,
      3766,
      3797,
      3800,
      3820,
      3872,
      3921,
      3963,
      4186,
      4216,
      4255,
      4301,
      4434,
      4529,
      4569,
      4589
    ],
    "2": [
      284,
      741,
      788,
      1120,
      1224,
      1301,
      1667,
      2149,
      2150,
      2748,
      2937,
      3479,
      3574,
      3698,
      3886,
      4277,
      4473
    ],
    "4": [
      93,
      103,
      232,
      664,
      692,
      795,
      1022,
      1080,
      1201,
      1238,
      1239,
      1296,
      1378,
      1591,
      1835,
      1849,
      1879,
      1967,
      1974,
      2015,
      2744,
      2862,
      3482,
      3780,
      4029,
      4497,
      4583
    ],