{
  "entry": "A9WK61",
  "entry_name": "TATA_CHLAA",
  "type": "CLM",
  "prompt": "MIGGLGWGELLIILIIVIAIFGAGKLAGLGGALGSSIREFRKAVKGDDE",
  "k": 320,
  "original_sequence": "MIGGLGWGELLIILIIVIAIFGAGKLAGLGGALGSSIREFRKAVKGDDEPRSDAKTEGETKV",
  "original_ll": -2.559863567352295,
  "original_perplexity": 12.934053421020508,
  "progen3_sequence": "MIGGLGWGELLIILIIVIAIFGAGKLAGLGGALGSSIREFRKAVKGDDEKTPAAPAPAAAPA",
  "progen3_ll": -1.5146490335464478,
  "progen3_perplexity": 4.547824859619141,
  "max_sequence": "MIGGLGWGELLIILIIVIAIFGAGKLAGLGGALGSSIREFRKAVKGDDEKDEEEAAAAAAEA",
  "max_ll": -1.9939581155776978,
  "max_perplexity": 7.344546794891357,
  "max_kl": 0.06422320008277893,
  "max_nmse": 0.007262221071869135,
  "base_sequence": "MIGGLGWGELLIILIIVIAIFGAGKLAGLGGALGSSIREFRKAVKGDDEEDEEELAAAPPPA",
  "base_ll": -2.0431113243103027,
  "base_perplexity": 7.714574813842773,
  "base_kl": 0.20351268351078033,
  "base_nmse": 0.02592397853732109,
  "recovered_sequence": "MIGGLGWGELLIILIIVIAIFGAGKLAGLGGALGSSIREFRKAVKGDDEKTPEEAEAAAAPA",
  "recovered_ll": -1.9512537717819214,
  "recovered_perplexity": 7.037506103515625,
  "recovered_kl": 0.07424864917993546,
  "recovered_nmse": 0.012518240138888359,
  "nodes": {
    "9": [
      12,
      127,
      128,
      162,
      239,
      247,
      259,
      306,
      348,
      387,
      407,
      429,
      464,
      524,
      545,
      609,
      622,
      690,
      708,
      717,
      760,
      770,
      793,
      905,
      909,
      932,
      967,
      1171,
      1184,
      1238,
      1251,
      1256,
      1267,
      1426,
      1432,
      1491,
      1495,
      1598,
      1662,
      1714,
      1844,
      1847,
      1851,
      1858,
      1957,
      2046,
      2061,
      2227,
      2243,
      2287,
      2294,
      2367,
      2376,
      2394,
      2417,
      2443,
      2455,
      2510,
      2511,
      2542,
      2543,
      2732,
      2772,
      2787,
      2820,
      2858,
      2941,
      2975,
      3117,
      3147,
      3160,
      3199,
      3219,
      3245,
      3325,
      3355,
      3368,
      3540,
      3583,
      3602,
      3624,
      3685,
      3713,
      3740,
      3760,
      3821,
      3835,
      4010,
      4074,
      4079,
      4120,
      4135,
      4189,
      4232,
      4312,
      4415,
      4461,
      4482,
      4495,
      4509,
      4544,
      4564,
      4575
    ],
    "8": [
      17,
      263,
      272,
      372,
      405,
      605,
      862,
      1676,
      1917,
      2203,
      2329,
      2473,
      2567,
      2587,
      2596,
      2621,
      2701,
      2781,
      3009,
      3102,
      3135,
      3451,
      3486,
      3648,
      3995,
      4121,
      4245,
      4391,
      4550
    ],
    "7": [
      79,
      330,
      371,
      550,
      633,
      701,
      725,
      774,
      839,
      889,
      907,
      987,
      1088,
      1101,
      1135,
      1166,
      1262,
      1361,
      1424,
      1483,
      1519,
      1563,
      1654,
      1663,
      1670,
      1689,
      1717,
      1824,
      1951,
      2060,
      2070,
      2328,
      2333,
      2489,
      2816,
      3013,
      3025,
      3033,
      3156,
      3216,
      3225,
      3316,
      3434,
      3486,
      3733,
      3755,
      3784,
      3860,
      3865,
      3958,
      4176,
      4457,
      4466
    ],
    "4": [
      285,
      336,
      464,
      588,
      825,
      847,
      1045,
      1061,
      1163,
      1180,
      1204,
      1270,
      1384,
      1456,
      1552,
      1566,
      1666,
      1713,
      1719,
      1794,
      1843,
      1982,
      2055,
      2066,
      2181,
      2309,
      2380,
      2554,
      2610,
      2637,
      2657,
      2805,
      2878,
      2879,
      3175,
      3508,
      3560,
      3707,
      3910,
      3917,
      3931,
      4061,
      4080,
      4176,
      4222,
      4245,
      4340,
      4586
    ],
    "3": [
      556,
      568,
      582,
      1542,
      1680,
      1710,
      1955,
      2300,
      2417,
      2639,
      4068,
      4132,
      4459
    ],
    "0": [
      27,
      68,
      648,
      917,
      919,
      1297,
      2722,
      2755,
      2968,
      2991,
      3293,
      3430,
      3853,
      3868,
      3963,
      4156,
      4195,
      4426,
      4488
    ],
    "5": [
      198,
      330,
      616,
      648,
      1207,
      1244,
      1273,
      1365,
      1733,
      1892,
      1923,
      2243,
      2324,
      2777,
      3185,
      3244,
      3383,
      3791,
      3907,
      4011,
      4262,
      4441
    ],
    "2": [
      128,
      255,
      546,
      845,
      885,
      950,
      1533,
      2360,
      2688,
      3070,
      3605,
      4465
    ],
    "1": [
      466,
      704,
      757,
      808,
      1538,
      2121,
      2304,
      3353,
      3371
    ],
    "6": [
      1565,
      1584,
      1690,
      2389,
      2405,
      2908,
      2970,
      3027,
      3419,
      3952,
      4250,
      4512
    ]
  }
}
