{
  "entry": "C0HKT1",
  "entry_name": "CCHA2_AGRIP",
  "type": "CLM",
  "prompt": "MAQMYLAVTIIALLAISHGVSAKRGCSAFGHSCFGGHGKRSGDTSAMDQLSNQDGVLMARHQLGQEETPPHPVYPHSGYNVLASGDDIIPIRDGGVYDREDGGAAREVMKMK",
  "k": 896,
  "original_sequence": "MAQMYLAVTIIALLAISHGVSAKRGCSAFGHSCFGGHGKRSGDTSAMDQLSNQDGVLMARHQLGQEETPPHPVYPHSGYNVLASGDDIIPIRDGGVYDREDGGAAREVMKMKLRNIFKHWMDNYRRSQQNPDDGYYIESL",
  "original_ll": -3.061575174331665,
  "original_perplexity": 21.361177444458008,
  "progen3_sequence": "MAQMYLAVTIIALLAISHGVSAKRGCSAFGHSCFGGHGKRSGDTSAMDQLSNQDGVLMARHQLGQEETPPHPVYPHSGYNVLASGDDIIPIRDGGVYDREDGGAAREVMKMKERLRDDPAAEKLSRELAERFARDPSAAD",
  "progen3_ll": -2.4457695484161377,
  "progen3_perplexity": 11.539426803588867,
  "max_sequence": "MAQMYLAVTIIALLAISHGVSAKRGCSAFGHSCFGGHGKRSGDTSAMDQLSNQDGVLMARHQLGQEETPPHPVYPHSGYNVLASGDDIIPIRDGGVYDREDGGAAREVMKMKLEARQLENSRVALSELLALLRADFLKLP",
  "max_ll": -2.683929681777954,
  "max_perplexity": 14.642520904541016,
  "max_kl": 0.004335667006671429,
  "max_nmse": 0.0011975712841376662,
  "base_sequence": "MAQMYLAVTIIALLAISHGVSAKRGCSAFGHSCFGGHGKRSGDTSAMDQLSNQDGVLMARHQLGQEETPPHPVYPHSGYNVLASGDDIIPIRDGGVYDREDGGAAREVMKMKPVLQLRGQGVGYALLRMEGVRGRKAVAA",
  "base_ll": -2.747729778289795,
  "base_perplexity": 15.607160568237305,
  "base_kl": 0.060097597539424896,
  "base_nmse": 0.2265343964099884,
  "recovered_sequence": "MAQMYLAVTIIALLAISHGVSAKRGCSAFGHSCFGGHGKRSGDTSAMDQLSNQDGVLMARHQLGQEETPPHPVYPHSGYNVLASGDDIIPIRDGGVYDREDGGAAREVMKMKERPRDDNAAPKLSRELGERFPRGPAPDD",
  "recovered_ll": -2.76550030708313,
  "recovered_perplexity": 15.886985778808594,
  "recovered_kl": 0.011614940129220486,
  "recovered_nmse": 0.0020065498538315296,
  "nodes": {
    "9": [
      12,
      34,
      52,
      117,
      127,
      162,
      196,
      257,
      269,
      381,
      407,
      413,
      429,
      447,
      473,
      538,
      545,
      639,
      706,
      734,
      746,
      760,
      763,
      905,
      957,
      967,
      994,
      1036,
      1042,
      1073,
      1166,
      1184,
      1190,
      1196,
      1251,
      1302,
      1306,
      1307,
      1320,
      1491,
      1495,
      1530,
      1579,
      1584,
      1648,
      1713,
      1725,
      1828,
      1832,
      1835,
      1844,
      1851,
      1888,
      1942,
      1957,
      2001,
      2005,
      2046,
      2097,
      2105,
      2108,
      2143,
      2153,
      2213,
      2264,
      2283,
      2287,
      2317,
      2360,
      2395,
      2423,
      2455,
      2488,
      2510,
      2539,
      2637,
      2642,
      2652,
      2715,
      2732,
      2763,
      2768,
      2787,
      2791,
      2809,
      2865,
      2941,
      2975,
      2983,
      3006,
      3008,
      3050,
      3087,
      3101,
      3105,
      3146,
      3162,
      3199,
      3232,
      3234,
      3245,
      3272,
      3310,
      3346,
      3372,
      3381,
      3382,
      3407,
      3513,
      3538,
      3540,
      3579,
      3581,
      3624,
      3676,
      3695,
      3713,
      3723,
      3740,
      3779,
      3802,
      3821,
      3856,
      3873,
      3880,
      3952,
      3965,
      3999,
      4010,
      4038,
      4103,
      4106,
      4129,
      4190,
      4250,
      4256,
      4263,
      4290,
      4419,
      4444,
      4452,
      4478,
      4482,
      4488,
      4494,
      4526,
      4533,
      4544,
      4603
    ],
    "8": [
      137,
      158,
      240,
      301,
      372,
      417,
      466,
      583,
      628,
      693,
      747,
      756,
      811,
      949,
      1004,
      1008,
      1033,
      1136,
      1200,
      1201,
      1258,
      1306,
      1390,
      1400,
      1444,
      1486,
      1503,
      1513,
      1535,
      1548,
      1557,
      1581,
      1651,
      1664,
      1687,
      1744,
      1757,
      1838,
      1842,
      1870,
      1920,
      1954,
      2023,
      2054,
      2077,
      2109,
      2112,
      2122,
      2129,
      2140,
      2151,
      2199,
      2201,
      2374,
      2401,
      2479,
      2516,
      2518,
      2564,
      2567,
      2596,
      2605,
      2621,
      2727,
      2729,
      2779,
      2829,
      2918,
      2931,
      2959,
      3024,
      3042,
      3195,
      3259,
      3284,
      3396,
      3399,
      3422,
      3464,
      3485,
      3507,
      3600,
      3659,
      3741,
      3846,
      3849,
      3865,
      3960,
      4115,
      4121,
      4167,
      4276,
      4292,
      4294,
      4310,
      4364,
      4391,
      4471,
      4487,
      4526,
      4534,
      4546,
      4569,
      4585
    ],
    "6": [
      4,
      13,
      18,
      36,
      85,
      113,
      139,
      167,
      198,
      204,
      308,
      329,
      452,
      484,
      491,
      510,
      520,
      600,
      697,
      762,
      768,
      856,
      889,
      898,
      912,
      936,
      947,
      954,
      960,
      1137,
      1154,
      1189,
      1225,
      1247,
      1283,
      1284,
      1410,
      1504,
      1584,
      1627,
      1692,
      1701,
      1710,
      1718,
      1742,
      1786,
      1792,
      1820,
      1954,
      1978,
      1987,
      1990,
      2010,
      2034,
      2039,
      2157,
      2277,
      2297,
      2389,
      2426,
      2460,
      2495,
      2496,
      2588,
      2592,
      2596,
      2874,
      2989,
      3016,
      3020,
      3231,
      3312,
      3375,
      3396,
      3440,
      3459,
      3509,
      3671,
      3679,
      3697,
      3701,
      3760,
      3761,
      3764,
      3897,
      3915,
      3921,
      3948,
      3952,
      4028,
      4061,
      4068,
      4158,
      4162,
      4235,
      4240,
      4250,
      4335,
      4342,
      4392,
      4410,
      4425,
      4441,
      4458,
      4494,
      4512,
      4529,
      4537,
      4581,
      4599
    ],
    "7": [
      66,
      93,
      164,
      230,
      232,
      243,
      283,
      330,
      362,
      372,
      450,
      491,
      535,
      592,
      631,
      642,
      715,
      740,
      766,
      872,
      889,
      907,
      1010,
      1126,
      1151,
      1256,
      1262,
      1306,
      1338,
      1347,
      1370,
      1419,
      1452,
      1454,
      1461,
      1483,
      1510,
      1520,
      1544,
      1625,
      1707,
      1709,
      1716,
      1751,
      1758,
      1765,
      1816,
      1824,
      1826,
      1830,
      1856,
      1929,
      1969,
      2021,
      2113,
      2227,
      2254,
      2261,
      2263,
      2279,
      2410,
      2476,
      2488,
      2595,
      2666,
      2747,
      2802,
      2877,
      2891,
      2998,
      3135,
      3216,
      3227,
      3251,
      3353,
      3367,
      3381,
      3389,
      3487,
      3521,
      3588,
      3601,
      3690,
      3727,
      3760,
      3942,
      3948,
      4024,
      4045,
      4055,
      4063,
      4110,
      4130,
      4141,
      4149,
      4159,
      4183,
      4260,
      4299,
      4331,
      4413,
      4421,
      4475
    ],