{
  "entry": "C0R3Z7",
  "entry_name": "CCME_WOLWR",
  "type": "CLM",
  "prompt": "MKKKHKRLLITSGIFCFLSCIVFFILTTLKENISFFYTVSEAIVLQNSQKLIRVGGMVVENSVIRSESEVIFQMTDFNKSVVVKYQGILPPMFSEKSGVVVQGKMF",
  "k": 992,
  "original_sequence": "MKKKHKRLLITSGIFCFLSCIVFFILTTLKENISFFYTVSEAIVLQNSQKLIRVGGMVVENSVIRSESEVIFQMTDFNKSVVVKYQGILPPMFSEKSGVVVQGKMFDNSTFLADTVFAKHDENYMPKVLKQIP",
  "original_ll": -1.772700309753418,
  "original_perplexity": 5.886728286743164,
  "progen3_sequence": "MKKKHKRLLITSGIFCFLSCIVFFILTTLKENISFFYTVSEAIVLQNSQKLIRVGGMVVENSVIRSESEVIFQMTDFNKSVVVKYQGILPPMFSEKSGVVVQGKMFEDGTFFADEVLAKHDENYMPKEVVEAL",
  "progen3_ll": -0.6434582471847534,
  "progen3_perplexity": 1.9030506610870361,
  "max_sequence": "MKKKHKRLLITSGIFCFLSCIVFFILTTLKENISFFYTVSEAIVLQNSQKLIRVGGMVVENSVIRSESEVIFQMTDFNKSVVVKYQGILPPMFSEKSGVVVQGKMFKNNKFFAEEILAKHDENYMPKEIEEKL",
  "max_ll": -0.9086375832557678,
  "max_perplexity": 2.480940103530884,
  "max_kl": 0.10468338429927826,
  "max_nmse": 0.03493386134505272,
  "base_sequence": "MKKKHKRLLITSGIFCFLSCIVFFILTTLKENISFFYTVSEAIVLQNSQKLIRVGGMVVENSVIRSESEVIFQMTDFNKSVVVKYQGILPPMFSEKSGVVVQGKMFEDGKQFNEEIVSKNENYFYFFIFEKM",
  "base_ll": -3.2032525539398193,
  "base_perplexity": 24.61245346069336,
  "base_kl": 1.1446701288223267,
  "base_nmse": 1.165186882019043,
  "recovered_sequence": "MKKKHKRLLITSGIFCFLSCIVFFILTTLKENISFFYTVSEAIVLQNSQKLIRVGGMVVENSVIRSESEVIFQMTDFNKSVVVKYQGILPPMFSEKSGVVVQGKMFESGEFIADEIVAKHDEEYMPKEVVESL",
  "recovered_ll": -1.1736745834350586,
  "recovered_perplexity": 3.233854055404663,
  "recovered_kl": 0.1361580193042755,
  "recovered_nmse": 0.1504155844449997,
  "nodes": {
    "9": [
      10,
      12,
      15,
      21,
      27,
      33,
      41,
      43,
      44,
      56,
      57,
      59,
      68,
      75,
      76,
      88,
      95,
      111,
      144,
      162,
      195,
      196,
      234,
      272,
      311,
      318,
      331,
      378,
      384,
      407,
      428,
      429,
      442,
      458,
      466,
      486,
      500,
      506,
      528,
      550,
      570,
      573,
      582,
      588,
      598,
      629,
      654,
      667,
      677,
      696,
      706,
      715,
      742,
      760,
      788,
      807,
      826,
      828,
      859,
      878,
      886,
      896,
      932,
      933,
      938,
      941,
      959,
      978,
      981,
      1000,
      1005,
      1012,
      1016,
      1023,
      1048,
      1061,
      1068,
      1073,
      1078,
      1081,
      1094,
      1104,
      1112,
      1120,
      1126,
      1176,
      1184,
      1193,
      1230,
      1245,
      1250,
      1251,
      1256,
      1285,
      1340,
      1343,
      1346,
      1352,
      1355,
      1374,
      1393,
      1394,
      1396,
      1402,
      1405,
      1406,
      1454,
      1484,
      1501,
      1537,
      1551,
      1554,
      1566,
      1574,
      1582,
      1586,
      1637,
      1648,
      1651,
      1732,
      1739,
      1753,
      1774,
      1778,
      1783,
      1802,
      1805,
      1808,
      1825,
      1844,
      1858,
      1893,
      1934,
      1942,
      1957,
      1968,
      1980,
      2010,
      2017,
      2061,
      2066,
      2067,
      2079,
      2094,
      2097,
      2102,
      2135,
      2143,
      2161,
      2194,
      2218,
      2223,
      2227,
      2231,
      2254,
      2266,
      2278,
      2280,
      2284,
      2313,
      2315,
      2376,
      2379,
      2394,
      2399,
      2416,
      2417,
      2423,
      2427,
      2431,
      2436,
      2438,
      2443,
      2499,
      2510,
      2511,
      2514,
      2542,
      2551,
      2559,
      2577,
      2597,
      2599,
      2609,
      2617,
      2618,
      2640,
      2646,
      2663,
      2665,
      2676,
      2704,
      2706,
      2716,
      2730,
      2732,
      2740,
      2741,
      2761,
      2768,
      2771,
      2775,
      2787,
      2788,
      2806,
      2817,
      2829,
      2842,
      2847,
      2881,
      2892,
      2894,
      2921,
      2928,
      2935,
      2941,
      2951,
      2955,
      3021,
      3023,
      3028,
      3048,
      3050,
      3054,
      3071,
      3073,
      3095,
      3118,
      3122,
      3133,
      3142,
      3157,
      3192,
      3196,
      3199,
      3204,
      3225,
      3228,
      3248,
      3255,
      3260,
      3262,
      3271,
      3284,
      3296,
      3346,
      3355,
      3362,
      3365,
      3372,
      3373,
      3392,
      3397,
      3420,
      3432,
      3461,
      3474,
      3478,
      3487,
      3494,
      3500,
      3540,
      3561,
      3577,
      3595,
      3624,
      3630,
      3636,
      3649,
      3653,
      3665,
      3685,
      3695,
      3698,
      3715,
      3719,
      3747,
      3763,
      3791,
      3797,
      3821,
      3827,
      3872,
      3908,
      3912,
      3920,
      3925,
      3934,
      3938,
      3980,
      3995,
      3999,
      4004,
      4049,
      4067,
      4069,
      4098,
      4107,
      4108,
      4129,
      4142,
      4165,
      4168,
      4169,
      4172,
      4182,
      4202,
      4220,
      4231,
      4304,
      4313,
      4320,
      4386,
      4393,
      4426,
      4433,
      4437,
      4444,
      4450,
      4452,
      4462,
      4467,
      4482,
      4493,
      4504,
      4520,
      4521,
      4544,
      4570,
      4582,
      4590,
      4594,
      4599
    ],
    "4": [
      180,
      227,
      232,
      295,
      408,
      516,
      530,
      561,
      564,
      589,
      640,
      873,
      904,
      905,
      971,
      1015,
      1020,
      1039,
      1365,
      1378,
      1385,
      1448,
      1591,
      1629,
      1655,
      1667,
      1875,
      1894,
      1950,
      1960,
      1967,
      2015,
      2029,
      2047,
      2101,
      2112,
      2139,
      2215,
      2242,
      2258,
      2431,
      2447,
      2513,
      2564,
      2617,
      2635,
      2745,
      2754,
      2808,
      2836,
      2968,
      3030,
      3105,
      3268,
      3282,
      3286,
      3380,
      3386,
      3433,
      3440,
      3441,
      3604,
      3691,
      3709,
      3734,
      3787,
      3820,
      3875,
      3880,
      3914,
      3916,
      3945,
      3968,
      3980,
      4017,
      4029,
      4112,
      4218,
      4323,
      4391,
      4411,
      4537,
      4549,
      4606
    ],