{
  "entry": "C3LRY8",
  "entry_name": "SPRT_VIBCM",
  "type": "CLM",
  "prompt": "MVRFDLHCQAEQKIKQCIATASEALQRPFKLPKLNYRLRGRAAGKAYLQLGEIRLNPVLFAENVDDFLQQVIPHEIAHLITYQLYGRVRPHGVEWQQVMSQVFKLEPKTTHTFSVTSVQGKTFHYRCAC",
  "k": 160,
  "original_sequence": "MVRFDLHCQAEQKIKQCIATASEALQRPFKLPKLNYRLRGRAAGKAYLQLGEIRLNPVLFAENVDDFLQQVIPHEIAHLITYQLYGRVRPHGVEWQQVMSQVFKLEPKTTHTFSVTSVQGKTFHYRCACREYPLTIRRHNKVLRGEATYRCQSCQQNLIYQA",
  "original_ll": -2.261188268661499,
  "original_perplexity": 9.594482421875,
  "progen3_sequence": "MVRFDLHCQAEQKIKQCIATASEALQRPFKLPKLNYRLRGRAAGKAYLQLGEIRLNPVLFAENVDDFLQQVIPHEIAHLITYQLYGRVRPHGVEWQQVMSQVFKLEPKTTHTFSVTSVQGKTFHYRCACQKGLILRVVRDNKILVRRNGRKYLCKNCKTLLK",
  "progen3_ll": -1.8112975358963013,
  "progen3_perplexity": 6.118381500244141,
  "max_sequence": "MVRFDLHCQAEQKIKQCIATASEALQRPFKLPKLNYRLRGRAAGKAYLQLGEIRLNPVLFAENVDDFLQQVIPHEIAHLITYQLYGRVRPHGVEWQQVMSQVFKLEPKTTHTFSVTSVQGKTFHYRCACGNCKITLLIQQGARLENRDGRPQVRPRCRRKLA",
  "max_ll": -2.9189679622650146,
  "max_perplexity": 18.52216339111328,
  "max_kl": 0.24294181168079376,
  "max_nmse": 0.05259641632437706,
  "base_sequence": "MVRFDLHCQAEQKIKQCIATASEALQRPFKLPKLNYRLRGRAAGKAYLQLGEIRLNPVLFAENVDDFLQQVIPHEIAHLITYQLYGRVRPHGVEWQQVMSQVFKLEPKTTHTFSVTSVQGKTFHYRCACRTARICRNPQHDYYIPDTCGYAYRPRACGGRLQ",
  "base_ll": -2.916584014892578,
  "base_perplexity": 18.478059768676758,
  "base_kl": 0.4598403573036194,
  "base_nmse": 0.14629340171813965,
  "recovered_sequence": "MVRFDLHCQAEQKIKQCIATASEALQRPFKLPKLNYRLRGRAAGKAYLQLGEIRLNPVLFAENVDDFLQQVIPHEIAHLITYQLYGRVRPHGVEWQQVMSQVFKLEPKTTHTFSVTSVQGKTFHYRCACQKCEILLRVRLGEGKGPTNDSKPRRENCKKLLR",
  "recovered_ll": -2.9956724643707275,
  "recovered_perplexity": 19.998804092407227,
  "recovered_kl": 0.2879592180252075,
  "recovered_nmse": 0.07207825034856796,
  "nodes": {
    "9": [
      12,
      21,
      50,
      59,
      126,
      162,
      267,
      407,
      466,
      497,
      529,
      598,
      622,
      636,
      746,
      760,
      790,
      830,
      967,
      980,
      1073,
      1101,
      1120,
      1184,
      1200,
      1233,
      1251,
      1256,
      1296,
      1304,
      1340,
      1429,
      1477,
      1491,
      1574,
      1586,
      1605,
      1622,
      1651,
      1709,
      1844,
      1851,
      1858,
      1950,
      1957,
      1961,
      2005,
      2008,
      2020,
      2047,
      2122,
      2123,
      2349,
      2376,
      2427,
      2467,
      2510,
      2511,
      2542,
      2551,
      2553,
      2592,
      2597,
      2719,
      2732,
      2745,
      2785,
      2787,
      2795,
      2832,
      2938,
      2955,
      3004,
      3050,
      3075,
      3134,
      3151,
      3198,
      3199,
      3259,
      3266,
      3325,
      3340,
      3372,
      3385,
      3461,
      3474,
      3480,
      3540,
      3624,
      3649,
      3672,
      3685,
      3723,
      3734,
      3802,
      3821,
      3938,
      3999,
      4048,
      4076,
      4250,
      4398,
      4422,
      4450,
      4482,
      4521,
      4544,
      4546,
      4573,
      4581
    ],
    "8": [
      52,
      835,
      1166,
      1379,
      1664,
      2201,
      2252,
      2318,
      2567,
      2790,
      3009,
      3192,
      3635,
      3972,
      4134,
      4208
    ],
    "4": [
      2298,
      2508,
      2877,
      2905,
      3064,
      3513
    ],
    "6": [
      947,
      1542,
      1627,
      2343,
      2566,
      2588,
      2933,
      4335
    ],
    "7": [
      715,
      926,
      1816,
      1880,
      2828,
      2891,
      3251,
      4421
    ],
    "5": [
      216,
      694,
      828,
      1365,
      2376,
      2659,
      2964,
      3891,
      4348
    ],
    "0": [
      2728,
      3182
    ]
  }
}
