{
  "entry": "C8V4J7",
  "entry_name": "DBAC_EMENI",
  "type": "GLM_2",
  "prompt": "MAQLYDWLVETPANAEDLESRINTRPAHLEHNKPLIEAGTLVWGGPSLAAHPKAAGEDLAIVGSVMCIRAGSEEEVREMIRNDPYAKLGQVSIRMSVK[GLM]55-66-11",
  "k": 992,
  "original_sequence": "MAQLYDWLVETPANAEDLESRINTRPAHLEHNKPLIEAGTLVWGGPSLAAHPKAAGEDLAIVGSVMCIRAGSEEEVREMIRNDPYAKLGQVSIRMSVK",
  "original_ll": -2.7252790927886963,
  "original_perplexity": 15.260672569274902,
  "progen3_sequence": "MAQLYDWLVETPANAEDLESRINTRPAHLEHNKPLIEAGTLVWGGPSLAAHPKAANELAPYAALRTCIRAGSEEEVREMIRNDPYAKLGQVSIRMSVK",
  "progen3_ll": -2.7531535625457764,
  "progen3_perplexity": 15.69204044342041,
  "max_sequence": "MAQLYDWLVETPANAEDLESRINTRPAHLEHNKPLIEAGTLVWGGPSLAAHPKAAIAASGTPLRGKCIRAGSEEEVREMIRNDPYAKLGQVSIRMSVK",
  "max_ll": -2.6703672409057617,
  "max_perplexity": 14.445273399353027,
  "max_kl": 0.022007308900356293,
  "max_nmse": 0.00814105849713087,
  "base_sequence": "MAQLYDWLVETPANAEDLESRINTRPAHLEHNKPLIEAGTLVWGGPSLAAHPKAAANLLDMMNMVMCIRAGSEEEVREMIRNDPYAKLGQVSIRMSVK",
  "base_ll": -3.2201807498931885,
  "base_perplexity": 25.032642364501953,
  "base_kl": 0.2400178611278534,
  "base_nmse": 2.809746503829956,
  "recovered_sequence": "MAQLYDWLVETPANAEDLESRINTRPAHLEHNKPLIEAGTLVWGGPSLAAHPKAAPEVEPYAALRTCIRAGSEEEVREMIRNDPYAKLGQVSIRMSVK",
  "recovered_ll": -2.729085683822632,
  "recovered_perplexity": 15.31887435913086,
  "recovered_kl": 0.044032514095306396,
  "recovered_nmse": 0.2557012736797333,
  "nodes": {
    "9": [
      12,
      88,
      162,
      178,
      224,
      284,
      321,
      407,
      425,
      466,
      486,
      506,
      538,
      545,
      555,
      619,
      639,
      654,
      676,
      690,
      696,
      706,
      715,
      734,
      746,
      758,
      760,
      828,
      957,
      967,
      992,
      1004,
      1021,
      1073,
      1086,
      1176,
      1184,
      1190,
      1217,
      1251,
      1256,
      1286,
      1302,
      1307,
      1352,
      1394,
      1470,
      1483,
      1484,
      1491,
      1535,
      1537,
      1560,
      1566,
      1579,
      1648,
      1828,
      1835,
      1844,
      1851,
      1942,
      1946,
      1957,
      2005,
      2015,
      2020,
      2067,
      2094,
      2134,
      2161,
      2191,
      2248,
      2254,
      2287,
      2389,
      2417,
      2427,
      2438,
      2467,
      2488,
      2510,
      2511,
      2514,
      2524,
      2592,
      2637,
      2664,
      2732,
      2736,
      2755,
      2771,
      2785,
      2787,
      2791,
      2803,
      2858,
      2892,
      2909,
      2941,
      3028,
      3050,
      3058,
      3156,
      3162,
      3176,
      3198,
      3199,
      3284,
      3292,
      3314,
      3325,
      3341,
      3372,
      3382,
      3420,
      3474,
      3480,
      3491,
      3500,
      3513,
      3540,
      3600,
      3624,
      3648,
      3649,
      3695,
      3723,
      3779,
      3802,
      3821,
      3851,
      3881,
      3925,
      3938,
      3952,
      3962,
      3965,
      3999,
      4062,
      4070,
      4106,
      4117,
      4129,
      4190,
      4250,
      4263,
      4279,
      4350,
      4370,
      4406,
      4421,
      4452,
      4482,
      4544,
      4596,
      4603
    ],
    "8": [
      94,
      147,
      188,
      240,
      311,
      392,
      487,
      540,
      582,
      583,
      585,
      817,
      835,
      841,
      847,
      859,
      873,
      900,
      907,
      949,
      1030,
      1136,
      1230,
      1258,
      1269,
      1306,
      1311,
      1390,
      1404,
      1408,
      1468,
      1495,
      1557,
      1560,
      1632,
      1651,
      1664,
      1678,
      1687,
      1693,
      1706,
      1711,
      1777,
      1804,
      1838,
      1870,
      1914,
      1915,
      1948,
      1954,
      1955,
      1977,
      2030,
      2109,
      2112,
      2140,
      2151,
      2183,
      2199,
      2201,
      2215,
      2300,
      2329,
      2361,
      2479,
      2567,
      2583,
      2590,
      2596,
      2605,
      2621,
      2665,
      2917,
      2935,
      3007,
      3009,
      3033,
      3042,
      3142,
      3159,
      3162,
      3170,
      3236,
      3248,
      3254,
      3263,
      3308,
      3358,
      3392,
      3440,
      3490,
      3567,
      3600,
      3631,
      3660,
      3686,
      3698,
      3711,
      3812,
      3849,
      3865,
      3895,
      3906,
      3967,
      4009,
      4030,
      4094,
      4095,
      4118,
      4211,
      4248,
      4275,
      4294,
      4310,
      4391,
      4409,
      4550,
      4569
    ],
    "7": [
      7,
      66,
      78,
      83,
      116,
      153,
      230,
      232,
      283,
      310,
      332,
      345,
      491,
      536,
      589,
      735,
      814,
      872,
      889,
      907,
      1010,
      1011,
      1140,
      1151,
      1222,
      1244,
      1256,
      1383,
      1454,
      1489,
      1510,
      1520,
      1544,
      1625,
      1634,
      1649,
      1675,
      1709,
      1736,
      1751,
      1764,
      1789,
      1797,
      1816,
      1824,
      1826,
      1827,
      1830,
      1846,
      1894,
      1929,
      1969,
      1988,
      2002,
      2059,
      2227,
      2263,
      2352,
      2362,
      2433,
      2476,
      2513,
      2517,
      2747,
      2877,
      2891,
      2987,
      2998,
      3117,
      3135,
      3149,
      3183,
      3251,
      3262,
      3381,
      3389,
      3457,
      3487,
      3599,
      3601,
      3676,
      3690,
      3711,
      3760,
      3810,
      3825,
      3914,
      3948,
      4016,
      4024,
      4055,
      4130,
      4141,
      4159,
      4250,
      4254,
      4287,
      4317,
      4322,
      4372,
      4381,
      4578
    ],
    "6": [
      72,
      85,
      96,
      167,
      187,
      244,
      329,
      365,
      385,
      391,
      394,
      504,
      519,
      520,
      524,
      536,
      565,
      599,
      609,
      634,
      745,
      748,
      842,
      847,
      849,
      860,
      947,
      954,
      960,
      996,
      1063,
      1070,
      1115,
      1137,
      1161,
      1247,
      1284,
      1346,
      1458,
      1467,
      1482,
      1627,
      1681,
      1687,
      1696,
      1699,
      1708,
      1775,
      1837,
      1954,
      1987,
      1990,
      2039,
      2136,
      2271,
      2317,
      2322,
      2327,
      2389,
      2460,
      2495,
      2512,
      2519,
      2541,
      2549,
      2596,
      2621,
      2656,
      2689,
      2726,
      2727,
      2763,
      2790,
      2848,
      2856,
      2874,
      2912,
      2989,
      3107,
      3141,
      3201,
      3229,
      3257,
      3258,
      3263,
      3298,
      3317,
      3396,
      3459,
      3464,
      3473,
      3509,
      3547,
      3553,
      3572,
      3574,
      3695,
      3697,
      3705,
      3820,
      3869,
      3935,
      3957,
      4053,
      4068,
      4138,
      4158,
      4216,
      4235,
      4266,
      4279,
      4290,
      4302,
      4340,
      4413,
      4501,
      4529,
      4543,
      4569,
      4572,
      4581
    ],