{
  "entry": "D6GRK6",
  "entry_name": "CAS2_FILAD",
  "type": "GLM_2",
  "prompt": "MRIIVFFDLPTITLEDKRDYRDFRKFLIKKGFLMMQESVYCKLVLNQTVASSVLSSIRKHKPKSGLVQMIMVTEKQFAKMEYLCGEKRSNVVDSDDRLVIL[GLM]53-67-14",
  "k": 640,
  "original_sequence": "MRIIVFFDLPTITLEDKRDYRDFRKFLIKKGFLMMQESVYCKLVLNQTVASSVLSSIRKHKPKSGLVQMIMVTEKQFAKMEYLCGEKRSNVVDSDDRLVIL",
  "original_ll": -2.731691598892212,
  "original_perplexity": 15.358846664428711,
  "progen3_sequence": "MRIIVFFDLPTITLEDKRDYRDFRKFLIKKGFLMMQESVYCKLVLNQTVASSVYMIDRETAQYLPKNQMIMVTEKQFAKMEYLCGEKRSNVVDSDDRLVIL",
  "progen3_ll": -2.9245612621307373,
  "progen3_perplexity": 18.626052856445312,
  "max_sequence": "MRIIVFFDLPTITLEDKRDYRDFRKFLIKKGFLMMQESVYCKLVLNQTVASSVYMRLLLIRELRKKNQMIMVTEKQFAKMEYLCGEKRSNVVDSDDRLVIL",
  "max_ll": -2.7638003826141357,
  "max_perplexity": 15.860003471374512,
  "max_kl": 0.03682488203048706,
  "max_nmse": 0.0108495419844985,
  "base_sequence": "MRIIVFFDLPTITLEDKRDYRDFRKFLIKKGFLMMQESVYCKLVLNQTVASSVNKMMKMKKKYKYNNQMIMVTEKQFAKMEYLCGEKRSNVVDSDDRLVIL",
  "base_ll": -2.885896921157837,
  "base_perplexity": 17.919631958007812,
  "base_kl": 0.35257381200790405,
  "base_nmse": 1.51006019115448,
  "recovered_sequence": "MRIIVFFDLPTITLEDKRDYRDFRKFLIKKGFLMMQESVYCKLVLNQTVASSVEKIFRIMYQYLKKNQMIMVTEKQFAKMEYLCGEKRSNVVDSDDRLVIL",
  "recovered_ll": -2.767503261566162,
  "recovered_perplexity": 15.918839454650879,
  "recovered_kl": 0.1091231107711792,
  "recovered_nmse": 0.09368156641721725,
  "nodes": {
    "9": [
      12,
      50,
      162,
      224,
      321,
      384,
      407,
      414,
      447,
      448,
      466,
      506,
      538,
      543,
      555,
      598,
      654,
      706,
      715,
      746,
      758,
      760,
      957,
      967,
      981,
      992,
      1025,
      1073,
      1081,
      1086,
      1176,
      1184,
      1251,
      1256,
      1271,
      1312,
      1352,
      1374,
      1394,
      1429,
      1491,
      1528,
      1537,
      1579,
      1648,
      1679,
      1725,
      1828,
      1835,
      1844,
      1851,
      1858,
      1942,
      1957,
      2005,
      2020,
      2111,
      2169,
      2194,
      2218,
      2254,
      2264,
      2287,
      2344,
      2349,
      2376,
      2417,
      2423,
      2438,
      2510,
      2511,
      2546,
      2569,
      2572,
      2592,
      2642,
      2732,
      2739,
      2771,
      2787,
      2788,
      2791,
      2858,
      2924,
      2941,
      2946,
      3004,
      3008,
      3021,
      3028,
      3031,
      3038,
      3050,
      3176,
      3192,
      3198,
      3199,
      3242,
      3266,
      3284,
      3310,
      3325,
      3340,
      3350,
      3372,
      3382,
      3500,
      3513,
      3532,
      3540,
      3603,
      3611,
      3624,
      3648,
      3649,
      3676,
      3695,
      3747,
      3760,
      3779,
      3795,
      3802,
      3821,
      3925,
      3962,
      3965,
      3995,
      3999,
      4038,
      4062,
      4106,
      4129,
      4131,
      4231,
      4248,
      4288,
      4350,
      4370,
      4417,
      4437,
      4444,
      4452,
      4482,
      4533,
      4536,
      4544,
      4603
    ],
    "8": [
      240,
      242,
      283,
      300,
      336,
      367,
      394,
      462,
      487,
      523,
      583,
      624,
      664,
      693,
      737,
      754,
      817,
      835,
      841,
      900,
      1200,
      1201,
      1266,
      1335,
      1356,
      1400,
      1408,
      1424,
      1458,
      1535,
      1548,
      1557,
      1632,
      1664,
      1676,
      1678,
      1687,
      1700,
      1715,
      1789,
      1805,
      1810,
      1838,
      1842,
      1866,
      1867,
      1930,
      2077,
      2109,
      2112,
      2201,
      2203,
      2256,
      2329,
      2400,
      2401,
      2479,
      2516,
      2518,
      2545,
      2567,
      2590,
      2596,
      2600,
      2605,
      2621,
      2711,
      2729,
      2778,
      2898,
      2945,
      2949,
      3009,
      3037,
      3102,
      3107,
      3134,
      3248,
      3267,
      3358,
      3399,
      3440,
      3551,
      3653,
      3849,
      3865,
      3888,
      3902,
      3955,
      3956,
      3960,
      4010,
      4100,
      4121,
      4167,
      4232,
      4281,
      4290,
      4294,
      4310,
      4366,
      4371,
      4390
    ],
    "7": [
      7,
      11,
      72,
      78,
      230,
      305,
      428,
      491,
      517,
      560,
      589,
      647,
      689,
      872,
      889,
      907,
      1207,
      1244,
      1256,
      1374,
      1454,
      1510,
      1625,
      1751,
      1816,
      1824,
      1826,
      1969,
      2299,
      2517,
      2640,
      2802,
      2877,
      2891,
      3135,
      3149,
      3183,
      3251,
      3398,
      3487,
      3534,
      3570,
      3690,
      3711,
      3825,
      3987,
      4104,
      4189,
      4254,
      4421,
      4578
    ],
    "6": [
      13,
      85,
      204,
      299,
      394,
      510,
      613,
      835,
      898,
      912,
      947,
      1025,
      1137,
      1155,
      1222,
      1377,
      1388,
      1584,
      1627,
      1692,
      1710,
      1718,
      1743,
      1786,
      1963,
      1978,
      1987,
      1990,
      2010,
      2060,
      2123,
      2194,
      2207,
      2213,
      2277,
      2389,
      2426,
      2495,
      2588,
      2596,
      2664,
      2717,
      2740,
      2848,
      3046,
      3136,
      3229,
      3292,
      3396,
      3581,
      3653,
      3697,
      3705,
      3727,
      3764,
      3786,
      3797,
      3836,
      3921,
      4026,
      4195,
      4226,
      4335,
      4389,
      4400,
      4413,
      4504,
      4512,
      4529,
      4537
    ],
    "3": [
      122,
      204,
      326,
      443,
      545,
      676,
      877,
      893,
      978,
      1037,
      1074,
      1127,
      1156,
      1243,
      1291,
      1704,
      1745,
      1772,
      2064,
      2181,
      2463,
      2520,
      2842,
      2855,
      2930,
      2945,
      3244,
      3358,
      3395,
      3483,
      3503,
      3508,
      3638,
      3939,
      3943,
      4014,
      4050,
      4152,
      4160,
      4277,
      4304,
      4413,
      4421
    ],
    "0": [
      14,
      75,
      277,
      429,
      514,
      611,
      634,
      694,
      703,
      706,
      875,
      1093,
      1209,
      1265,
      1333,
      1617,
      1653,
      1824,
      1849,
      1878,
      1883,
      2007,
      2022,
      2075,
      2148,
      2160,
      2170,
      2172,
      2196,
      2216,
      2470,
      2498,
      2511,
      2571,
      2722,
      2835,
      2837,
      2888,
      2972,
      3050,
      3157,
      3324,
      3484,
      3505,
      3523,
      3551,
      3600,
      3618,
      3667,
      3730,
      3963,
      3985,
      4066,
      4081,
      4117,
      4118,
      4145,
      4194,
      4218,
      4259,
      4382,
      4388,
      4488,
      4596
    ],
    "5": [
      39,
      84,
      226,
      231,
      288,
      330,
      339,
      398,
      414,
      434,
      574,
      679,
      705,
      725,
      737,
      761,
      785,
      858,
      870,
      903,
      1031,
      1127,
      1152,
      1219,
      1278,
      1377,
      1434,
      1461,
      1678,
      1733,
      1870,
      2189,
      2381,
      2545,
      2643,
      2652,
      2717,
      2777,
      3092,
      3124,
      3168,
      3199,
      3414,
      3757,
      3766,
      3950,
      3977,
      3983,
      4049,
      4066,
      4281,
      4337,
      4388,
      4420,
      4434,
      4555,
      4589
    ],