{
  "entry": "O01369",
  "entry_name": "QCR7_FASHE",
  "type": "CLM",
  "prompt": "MATLRASVERVASAYRMRLKQMTDLQQKVKAFQFSNSYYNQLGLLYHDVIPHSPLIAEAVRRLPREETEARDFRIARAFQLSASKTVLPKEQWTAIEDDIPYLD",
  "k": 992,
  "original_sequence": "MATLRASVERVASAYRMRLKQMTDLQQKVKAFQFSNSYYNQLGLLYHDVIPHSPLIAEAVRRLPREETEARDFRIARAFQLSASKTVLPKEQWTAIEDDIPYLDPYIEVAKKEWKEKAEWDHFVNPETYP",
  "original_ll": -2.951565980911255,
  "original_perplexity": 19.135896682739258,
  "progen3_sequence": "MATLRASVERVASAYRMRLKQMTDLQQKVKAFQFSNSYYNQLGLLYHDVIPHSPLIAEAVRRLPREETEARDFRIARAFQLSASKTVLPKEQWTAIEDDIPYLDRRVSAALKRLGEGLPEDIERLREEIL",
  "progen3_ll": -2.3218302726745605,
  "progen3_perplexity": 10.194314956665039,
  "max_sequence": "MATLRASVERVASAYRMRLKQMTDLQQKVKAFQFSNSYYNQLGLLYHDVIPHSPLIAEAVRRLPREETEARDFRIARAFQLSASKTVLPKEQWTAIEDDIPYLDKLRQLFLKLLALEEERLEISLRGLLS",
  "max_ll": -2.4874939918518066,
  "max_perplexity": 12.031088829040527,
  "max_kl": 0.005563427694141865,
  "max_nmse": 0.0018970026867464185,
  "base_sequence": "MATLRASVERVASAYRMRLKQMTDLQQKVKAFQFSNSYYNQLGLLYHDVIPHSPLIAEAVRRLPREETEARDFRIARAFQLSASKTVLPKEQWTAIEDDIPYLDRDLYLMIAYFPYGGTLFARLAILAEL",
  "base_ll": -2.785167694091797,
  "base_perplexity": 16.202533721923828,
  "base_kl": 0.05080990493297577,
  "base_nmse": 0.20615026354789734,
  "recovered_sequence": "MATLRASVERVASAYRMRLKQMTDLQQKVKAFQFSNSYYNQLGLLYHDVIPHSPLIAEAVRRLPREETEARDFRIARAFQLSASKTVLPKEQWTAIEDDIPYLDRRVSAALARLGEGLIEDIERLREEIL",
  "recovered_ll": -2.3972816467285156,
  "recovered_perplexity": 10.99325180053711,
  "recovered_kl": 0.009832698851823807,
  "recovered_nmse": 0.00292214541696012,
  "nodes": {
    "9": [
      12,
      57,
      162,
      284,
      353,
      407,
      414,
      429,
      452,
      466,
      506,
      538,
      545,
      555,
      598,
      629,
      631,
      639,
      654,
      734,
      745,
      746,
      758,
      760,
      810,
      957,
      964,
      967,
      1043,
      1086,
      1162,
      1184,
      1190,
      1251,
      1256,
      1286,
      1307,
      1320,
      1337,
      1352,
      1374,
      1379,
      1442,
      1491,
      1560,
      1567,
      1579,
      1648,
      1663,
      1713,
      1725,
      1750,
      1752,
      1778,
      1828,
      1835,
      1844,
      1851,
      1872,
      1906,
      1941,
      1942,
      1946,
      1951,
      1957,
      2005,
      2020,
      2046,
      2076,
      2105,
      2191,
      2221,
      2224,
      2248,
      2264,
      2287,
      2376,
      2423,
      2488,
      2510,
      2511,
      2545,
      2572,
      2592,
      2609,
      2642,
      2732,
      2739,
      2785,
      2787,
      2791,
      2809,
      2819,
      2858,
      2865,
      2941,
      2946,
      2982,
      3004,
      3008,
      3048,
      3050,
      3058,
      3105,
      3140,
      3162,
      3198,
      3199,
      3266,
      3272,
      3314,
      3325,
      3341,
      3346,
      3372,
      3382,
      3401,
      3408,
      3510,
      3513,
      3540,
      3600,
      3624,
      3649,
      3676,
      3765,
      3779,
      3802,
      3821,
      3836,
      3861,
      3872,
      3952,
      3999,
      4079,
      4106,
      4122,
      4129,
      4190,
      4279,
      4288,
      4314,
      4417,
      4419,
      4478,
      4482,
      4526,
      4533,
      4544,
      4603
    ],
    "8": [
      188,
      240,
      301,
      308,
      372,
      394,
      630,
      817,
      835,
      999,
      1064,
      1069,
      1136,
      1258,
      1301,
      1306,
      1395,
      1400,
      1416,
      1444,
      1482,
      1486,
      1548,
      1557,
      1664,
      1676,
      1678,
      1687,
      1777,
      1828,
      1838,
      1842,
      1848,
      1870,
      1890,
      2069,
      2077,
      2109,
      2112,
      2199,
      2201,
      2203,
      2256,
      2374,
      2400,
      2401,
      2479,
      2499,
      2518,
      2567,
      2596,
      2605,
      2608,
      2619,
      2621,
      2729,
      2779,
      2828,
      2829,
      2849,
      2890,
      2898,
      3040,
      3102,
      3236,
      3248,
      3263,
      3648,
      3653,
      3659,
      3695,
      3701,
      3849,
      3865,
      3914,
      3956,
      4010,
      4121,
      4215,
      4294,
      4310,
      4403,
      4456,
      4471,
      4534,
      4546
    ],
    "6": [
      13,
      18,
      85,
      109,
      133,
      139,
      167,
      204,
      226,
      265,
      329,
      394,
      399,
      404,
      409,
      427,
      447,
      479,
      593,
      594,
      600,
      634,
      664,
      697,
      742,
      762,
      803,
      856,
      883,
      898,
      942,
      947,
      954,
      990,
      1154,
      1178,
      1222,
      1225,
      1278,
      1283,
      1348,
      1356,
      1361,
      1428,
      1500,
      1549,
      1579,
      1584,
      1627,
      1701,
      1710,
      1743,
      1756,
      1786,
      1805,
      1876,
      1880,
      1978,
      1987,
      1990,
      2010,
      2034,
      2041,
      2045,
      2089,
      2110,
      2194,
      2207,
      2221,
      2276,
      2277,
      2389,
      2460,
      2495,
      2588,
      2608,
      2609,
      2661,
      2664,
      2717,
      2740,
      2869,
      2959,
      2970,
      3016,
      3020,
      3024,
      3091,
      3136,
      3170,
      3205,
      3292,
      3308,
      3375,
      3416,
      3419,
      3435,
      3453,
      3459,
      3509,
      3546,
      3563,
      3697,
      3701,
      3736,
      3894,
      3897,
      3908,
      3921,
      3937,
      3948,
      3952,
      4026,
      4061,
      4068,
      4095,
      4195,
      4250,
      4335,
      4400,
      4416,
      4425,
      4458,
      4466,
      4494,
      4512,
      4517,
      4537,
      4544,
      4591
    ],
    "7": [
      7,
      11,
      66,
      72,
      149,
      205,
      230,
      283,
      353,
      372,
      482,
      491,
      592,
      647,
      696,
      715,
      740,
      766,
      772,
      781,
      889,
      893,
      907,
      968,
      1010,
      1059,
      1126,
      1135,
      1188,
      1252,
      1256,
      1262,
      1314,
      1347,
      1370,
      1419,
      1454,
      1484,
      1502,
      1520,
      1523,
      1625,
      1674,
      1676,
      1704,
      1707,
      1709,
      1716,
      1751,
      1758,
      1816,
      1824,
      1830,
      1856,
      1874,
      1880,
      1929,
      1930,
      1969,
      2021,
      2060,
      2113,
      2196,
      2254,
      2291,
      2299,
      2377,
      2464,
      2477,
      2488,
      2675,
      2685,
      2725,
      2747,
      2802,
      2812,
      2827,
      2829,
      2891,
      2945,
      2998,
      3103,
      3116,
      3135,
      3216,
      3251,
      3253,
      3322,
      3364,
      3381,
      3389,
      3403,
      3487,
      3588,
      3690,
      3760,
      3782,
      3815,
      3942,
      3948,
      4000,
      4014,
      4045,
      4055,
      4087,
      4104,
      4143,
      4171,
      4183,
      4299,
      4421,
      4598
    ],