{
  "entry": "O14330",
  "entry_name": "YB7F_SCHPO",
  "type": "GLM_1",
  "prompt": "MSASVRGNSKNPQSTSAITTLTDKLLEDISGDFETLQKQFSEKLETMSTRLDQLEESMREAMNKKSSVSPVTSTE[GLM]19-30-11",
  "k": 512,
  "original_sequence": "MSASVRGNSKNPQSTSAITTLTDKLLEDISGDFETLQKQFSEKLETMSTRLDQLEESMREAMNKKSSVSPVTSTE",
  "original_ll": -2.684187412261963,
  "original_perplexity": 14.646294593811035,
  "progen3_sequence": "MSASVRGNSKNPQSTSAITPKNLTAKVENSGDFETLQKQFSEKLETMSTRLDQLEESMREAMNKKSSVSPVTSTE",
  "progen3_ll": -2.787290573120117,
  "progen3_perplexity": 16.236967086791992,
  "max_sequence": "MSASVRGNSKNPQSTSAITSSNIEERQNELGDFETLQKQFSEKLETMSTRLDQLEESMREAMNKKSSVSPVTSTE",
  "max_ll": -2.767157793045044,
  "max_perplexity": 15.913341522216797,
  "max_kl": 0.03759295120835304,
  "max_nmse": 0.07469356805086136,
  "base_sequence": "MSASVRGNSKNPQSTSAITTMNMQNNMNQIGDFETLQKQFSEKLETMSTRLDQLEESMREAMNKKSSVSPVTSTE",
  "base_ll": -3.139885902404785,
  "base_perplexity": 23.10123062133789,
  "base_kl": 0.2033349722623825,
  "base_nmse": 1.252705693244934,
  "recovered_sequence": "MSASVRGNSKNPQSTSAITNKIGNMKVENLGDFETLQKQFSEKLETMSTRLDQLEESMREAMNKKSSVSPVTSTE",
  "recovered_ll": -2.9795751571655273,
  "recovered_perplexity": 19.679454803466797,
  "recovered_kl": 0.1073032096028328,
  "recovered_nmse": 0.24619969725608826,
  "nodes": {
    "9": [
      12,
      44,
      58,
      162,
      332,
      352,
      407,
      466,
      538,
      545,
      555,
      598,
      641,
      727,
      734,
      745,
      746,
      760,
      763,
      957,
      967,
      1043,
      1166,
      1184,
      1190,
      1251,
      1256,
      1302,
      1306,
      1307,
      1320,
      1366,
      1378,
      1483,
      1491,
      1530,
      1549,
      1560,
      1564,
      1579,
      1648,
      1713,
      1725,
      1732,
      1798,
      1823,
      1828,
      1844,
      1851,
      1931,
      1941,
      1942,
      1957,
      2005,
      2029,
      2046,
      2076,
      2191,
      2221,
      2264,
      2283,
      2287,
      2376,
      2423,
      2510,
      2511,
      2642,
      2697,
      2732,
      2739,
      2787,
      2791,
      2858,
      2865,
      2941,
      2957,
      2975,
      2982,
      3050,
      3162,
      3199,
      3221,
      3234,
      3310,
      3325,
      3338,
      3341,
      3372,
      3382,
      3414,
      3422,
      3510,
      3513,
      3526,
      3540,
      3581,
      3624,
      3649,
      3676,
      3709,
      3765,
      3779,
      3802,
      3821,
      3854,
      3880,
      3925,
      3949,
      3952,
      3999,
      4038,
      4103,
      4106,
      4129,
      4275,
      4279,
      4288,
      4419,
      4452,
      4482,
      4533,
      4544,
      4603
    ],
    "8": [
      18,
      82,
      300,
      311,
      417,
      583,
      723,
      817,
      900,
      1004,
      1008,
      1136,
      1398,
      1408,
      1444,
      1486,
      1494,
      1557,
      1560,
      1664,
      1743,
      1744,
      1777,
      1778,
      1842,
      1870,
      1954,
      1956,
      2106,
      2109,
      2112,
      2127,
      2140,
      2151,
      2183,
      2199,
      2201,
      2401,
      2479,
      2528,
      2567,
      2596,
      2605,
      2619,
      2621,
      2710,
      2743,
      2779,
      2872,
      3193,
      3195,
      3396,
      3432,
      3483,
      3485,
      3490,
      3507,
      3600,
      3668,
      3711,
      3735,
      3865,
      3989,
      4177,
      4292,
      4294,
      4310,
      4334,
      4471,
      4534,
      4546,
      4555,
      4559,
      4596
    ],
    "7": [
      7,
      66,
      99,
      248,
      740,
      872,
      889,
      907,
      1010,
      1070,
      1256,
      1306,
      1382,
      1393,
      1419,
      1424,
      1454,
      1520,
      1625,
      1709,
      1716,
      1751,
      1824,
      1830,
      1929,
      1935,
      1958,
      1969,
      2091,
      2113,
      2213,
      2263,
      2347,
      2428,
      2433,
      2476,
      2513,
      2595,
      2676,
      2747,
      2802,
      2977,
      2998,
      3100,
      3128,
      3135,
      3284,
      3389,
      3487,
      3690,
      3760,
      3942,
      3948,
      4045,
      4055,
      4104,
      4130,
      4159,
      4421,
      4475,
      4598
    ],
    "0": [
      88,
      241,
      280,
      595,
      621,
      648,
      672,
      694,
      910,
      957,
      982,
      1072,
      1207,
      1297,
      1335,
      1353,
      1479,
      1496,
      1554,
      1692,
      1711,
      1781,
      1805,
      1910,
      1924,
      1974,
      2052,
      2102,
      2186,
      2211,
      2229,
      2254,
      2265,
      2269,
      2299,
      2304,
      2313,
      2511,
      2594,
      2692,
      2694,
      2819,
      2947,
      2991,
      3012,
      3050,
      3054,
      3252,
      3277,
      3379,
      3395,
      3484,
      3603,
      3698,
      3871,
      3995,
      4015,
      4058,
      4064,
      4170,
      4413,
      4426,
      4458,
      4503,
      4533,
      4566
    ],
    "5": [
      3,
      18,
      70,
      116,
      142,
      160,
      198,
      421,
      470,
      552,
      616,
      672,
      762,
      1070,
      1237,
      1249,
      1670,
      1708,
      1751,
      1847,
      1969,
      2016,
      2020,
      2278,
      2286,
      2777,
      2781,
      2848,
      2860,
      3178,
      3244,
      3263,
      3319,
      3381,
      3526,
      3678,
      3836,
      3888,
      3961,
      3973,
      3979,
      4107,
      4223,
      4288,
      4340,
      4602
    ],
    "6": [
      36,
      85,
      139,
      285,
      321,
      510,
      600,
      898,
      947,
      990,
      1050,
      1154,
      1212,
      1627,
      1766,
      1987,
      2260,
      2389,
      2460,
      2496,
      2588,
      2646,
      2970,
      3007,
      3287,
      3301,
      3509,
      3701,
      3760,
      3948,
      3952,
      4098,
      4235,
      4250,
      4342,
      4371,
      4462,
      4512,
      4581,
      4600
    ],
    "4": [
      132,
      385,
      387,
      483,
      562,
      565,
      759,
      845,
      927,
      980,
      1259,
      1507,
      1551,
      1570,
      1858,
      2015,
      2103,
      2227,
      2376,
      2416,
      2441,
      2643,
      2669,
      2854,
      2904,
      2950,
      3097,
      3175,
      3293,
      3331,
      3349,
      3373,
      3512,
      3594,
      3811,
      3829,
      4029,
      4148,
      4253,
      4579,
      4599
    ],
    "2": [
      2,
      693,
      1031,
      2199,
      2477,
      2613,
      2683,
      2930,
      3105,
      3292,
      3542,
      4073
    ],
    "3": [
      454,
      545,
      844,
      1311,
      1867,
      1902,
      2003,
      2047,
      2236,
      2440,
      2486,
      3116,
      3157,
      3195,
      3222,
      3570,
      3752,
      3797,
      3831,
      4181,
      4473
    ],
    "1": [
      42,
      171,
      269,
      608,
      678,
      728,
      902,
      937,
      1179,
      1265,
      1566,
      1678,
      2016,
      2302,
      2611,
      2707,
      2785,
      3034,
      3627,
      3892,
      3938,
      4100,
      4161,
      4330,
      4416,
      4479,
      4519,
      4590
    ]
  }
}
