{
  "entry": "O31451",
  "entry_name": "YBFJ_BACSU",
  "type": "CLM",
  "prompt": "MYSTIFNIGQINKYSKLAIFMSILFLCGCSSQTHSSQKETTIPVTLHVEDAKGLPVEGVQVTIVKAPSSDEEPSTEIGEILGKTDKNGDIKWDTGRKGDYSVALT",
  "k": 544,
  "original_sequence": "MYSTIFNIGQINKYSKLAIFMSILFLCGCSSQTHSSQKETTIPVTLHVEDAKGLPVEGVQVTIVKAPSSDEEPSTEIGEILGKTDKNGDIKWDTGRKGDYSVALTKGETSVTHHISLTEDKKDHAIPLVFKE",
  "original_ll": -2.678396463394165,
  "original_perplexity": 14.561724662780762,
  "progen3_sequence": "MYSTIFNIGQINKYSKLAIFMSILFLCGCSSQTHSSQKETTIPVTLHVEDAKGLPVEGVQVTIVKAPSSDEEPSTEIGEILGKTDKNGDIKWDTGRKGDYSVALTANGYKTSTDVEVTVDKSGKVKKTELVL",
  "progen3_ll": -2.0383052825927734,
  "progen3_perplexity": 7.677587509155273,
  "max_sequence": "MYSTIFNIGQINKYSKLAIFMSILFLCGCSSQTHSSQKETTIPVTLHVEDAKGLPVEGVQVTIVKAPSSDEEPSTEIGEILGKTDKNGDIKWDTGRKGDYSVALTPSGYTDYKKKVVIVKASGKVIIVKILL",
  "max_ll": -2.5006349086761475,
  "max_perplexity": 12.190232276916504,
  "max_kl": 0.03251669928431511,
  "max_nmse": 0.004774086177349091,
  "base_sequence": "MYSTIFNIGQINKYSKLAIFMSILFLCGCSSQTHSSQKETTIPVTLHVEDAKGLPVEGVQVTIVKAPSSDEEPSTEIGEILGKTDKNGDIKWDTGRKGDYSVALTVKGYASFSSKLIIPNEGIIKNKTSFTK",
  "base_ll": -2.4170072078704834,
  "base_perplexity": 11.21225357055664,
  "base_kl": 0.11416233330965042,
  "base_nmse": 0.13133615255355835,
  "recovered_sequence": "MYSTIFNIGQINKYSKLAIFMSILFLCGCSSQTHSSQKETTIPVTLHVEDAKGLPVEGVQVTIVKAPSSDEEPSTEIGEILGKTDKNGDIKWDTGRKGDYSVALTANGYKTSIPVEVTVDKSGKVKKTETVL",
  "recovered_ll": -2.15502667427063,
  "recovered_perplexity": 8.628120422363281,
  "recovered_kl": 0.05048792436718941,
  "recovered_nmse": 0.009211109951138496,
  "nodes": {
    "9": [
      12,
      44,
      52,
      88,
      95,
      126,
      134,
      162,
      168,
      169,
      185,
      271,
      358,
      367,
      407,
      425,
      429,
      447,
      448,
      466,
      486,
      506,
      538,
      545,
      549,
      559,
      582,
      598,
      610,
      639,
      654,
      676,
      708,
      734,
      749,
      758,
      760,
      828,
      922,
      952,
      957,
      967,
      989,
      1004,
      1007,
      1016,
      1025,
      1081,
      1143,
      1176,
      1184,
      1233,
      1251,
      1256,
      1260,
      1271,
      1283,
      1375,
      1394,
      1435,
      1457,
      1466,
      1491,
      1579,
      1648,
      1713,
      1718,
      1732,
      1762,
      1807,
      1808,
      1828,
      1835,
      1836,
      1838,
      1844,
      1851,
      1859,
      1872,
      1904,
      1933,
      1942,
      1946,
      1957,
      1961,
      2005,
      2056,
      2105,
      2130,
      2143,
      2161,
      2191,
      2231,
      2264,
      2287,
      2314,
      2331,
      2338,
      2376,
      2389,
      2423,
      2510,
      2511,
      2516,
      2524,
      2533,
      2548,
      2592,
      2597,
      2609,
      2626,
      2678,
      2704,
      2732,
      2763,
      2778,
      2787,
      2809,
      2842,
      2881,
      2892,
      2923,
      2941,
      2982,
      3004,
      3050,
      3056,
      3058,
      3107,
      3122,
      3171,
      3176,
      3199,
      3214,
      3228,
      3243,
      3253,
      3259,
      3284,
      3294,
      3314,
      3340,
      3382,
      3408,
      3414,
      3454,
      3474,
      3513,
      3526,
      3540,
      3579,
      3624,
      3649,
      3679,
      3685,
      3695,
      3713,
      3765,
      3779,
      3802,
      3821,
      3873,
      3952,
      3990,
      3993,
      3999,
      4106,
      4120,
      4129,
      4172,
      4232,
      4444,
      4482,
      4495,
      4525,
      4526,
      4536,
      4544,
      4575,
      4592,
      4603
    ],
    "6": [
      7,
      33,
      84,
      88,
      293,
      474,
      626,
      869,
      889,
      947,
      979,
      1137,
      1394,
      1458,
      1528,
      1574,
      1609,
      1657,
      1701,
      1718,
      1868,
      1954,
      1981,
      2028,
      2046,
      2355,
      2460,
      2488,
      2495,
      2514,
      2556,
      2592,
      2614,
      2634,
      2717,
      2801,
      2885,
      2918,
      2980,
      2989,
      3032,
      3067,
      3250,
      3279,
      3412,
      3442,
      3498,
      3509,
      3533,
      3581,
      3705,
      3765,
      4055,
      4069,
      4301,
      4370,
      4581,
      4601
    ],
    "8": [
      9,
      228,
      233,
      240,
      338,
      434,
      678,
      696,
      746,
      1032,
      1044,
      1060,
      1141,
      1159,
      1181,
      1258,
      1324,
      1336,
      1368,
      1399,
      1405,
      1843,
      1920,
      2045,
      2054,
      2101,
      2152,
      2199,
      2272,
      2317,
      2328,
      2427,
      2475,
      2597,
      2600,
      2621,
      2689,
      2727,
      2829,
      2853,
      2900,
      2934,
      2992,
      3168,
      3319,
      3415,
      3426,
      3464,
      3524,
      3601,
      3653,
      3823,
      4013,
      4064,
      4113,
      4115,
      4163,
      4226,
      4274,
      4290,
      4481,
      4525,
      4544
    ],
    "4": [
      80,
      213,
      232,
      402,
      408,
      466,
      530,
      564,
      971,
      1020,
      1071,
      1448,
      1588,
      1655,
      2029,
      2055,
      2112,
      2242,
      2247,
      2431,
      2447,
      2513,
      2754,
      2786,
      2884,
      3105,
      3282,
      3386,
      3440,
      3604,
      3787,
      3820,
      3875,
      3914,
      3916,
      3959,
      3968,
      4017,
      4077,
      4112,
      4218,
      4292,
      4325,
      4537
    ],
    "7": [
      59,
      139,
      140,
      158,
      166,
      290,
      309,
      318,
      325,
      338,
      343,
      393,
      472,
      509,
      625,
      633,
      701,
      773,
      787,
      946,
      995,
      1015,
      1040,
      1074,
      1088,
      1098,
      1107,
      1120,
      1166,
      1338,
      1361,
      1424,
      1572,
      1629,
      1640,
      1663,
      1690,
      1711,
      1824,
      1848,
      1979,
      2038,
      2073,
      2103,
      2125,
      2224,
      2227,
      2245,
      2279,
      2491,
      2500,
      2569,
      2659,
      2704,
      2747,
      2859,
      2969,
      3014,
      3093,
      3096,
      3225,
      3227,
      3330,
      3357,
      3379,
      3382,
      3392,
      3418,
      3424,
      3464,
      3541,
      3639,
      3706,
      3765,
      3778,
      3790,
      3914,
      3962,
      3967,
      3970,
      3984,
      4010,
      4013,
      4024,
      4063,
      4064,
      4110,
      4252,
      4317,
      4322,
      4430,
      4558
    ],
    "5": [
      33,
      48,
      75,
      92,
      183,
      231,
      317,
      352,
      363,
      380,
      443,
      587,
      858,
      979,
      1043,
      1048,
      1107,
      1290,
      1414,
      1681,
      1709,
      1968,
      2036,
      2094,
      2257,
      2273,
      2312,
      2451,
      2506,
      2679,
      2713,
      2876,
      2894,
      3111,
      3217,
      3247,
      3305,
      3341,
      3456,
      3616,
      3626,
      3805,
      3929,
      3997,
      4063,
      4066,
      4208,
      4281,
      4363,
      4450,
      4555,
      4563
    ],
    "3": [
      660,
      1065,
      1838,
      1968,
      2606,
      2740,
      3118,
      3425,
      3687,
      3694,
      3775,
      4277,
      4460
    ],
    "2": [
      196,
      385,
      593,
      1054,
      1483,
      1685,
      2130,
      3441,
      4249,
      4277,
      4385
    ],