{
  "entry": "O31873",
  "entry_name": "YOSU_BACSU",
  "type": "GLM_2",
  "prompt": "MRKILKIVSLLILLLLLVYSFFSPNSQLFVFVQLIIIAFLIGFGINCFVKKERYQGTLYFVIAICNITINLDKINELIQSI[GLM]41-43-2",
  "k": 224,
  "original_sequence": "MRKILKIVSLLILLLLLVYSFFSPNSQLFVFVQLIIIAFLIGFGINCFVKKERYQGTLYFVIAICNITINLDKINELIQSI",
  "original_ll": -2.235682487487793,
  "original_perplexity": 9.352862358093262,
  "progen3_sequence": "MRKILKIVSLLILLLLLVYSFFSPNSQLFVFVQLIIIAFLIYPGINCFVKKERYQGTLYFVIAICNITINLDKINELIQSI",
  "progen3_ll": -3.2923710346221924,
  "progen3_perplexity": 26.906583786010742,
  "max_sequence": "MRKILKIVSLLILLLLLVYSFFSPNSQLFVFVQLIIIAFLIVPGINCFVKKERYQGTLYFVIAICNITINLDKINELIQSI",
  "max_ll": -3.1271822452545166,
  "max_perplexity": 22.80961799621582,
  "max_kl": 0.03303205966949463,
  "max_nmse": 0.051242709159851074,
  "base_sequence": "MRKILKIVSLLILLLLLVYSFFSPNSQLFVFVQLIIIAFLIYMGINCFVKKERYQGTLYFVIAICNITINLDKINELIQSI",
  "base_ll": -3.2806522846221924,
  "base_perplexity": 26.59311294555664,
  "base_kl": 0.22440116107463837,
  "base_nmse": 1.919877529144287,
  "recovered_sequence": "MRKILKIVSLLILLLLLVYSFFSPNSQLFVFVQLIIIAFLIVPGINCFVKKERYQGTLYFVIAICNITINLDKINELIQSI",
  "recovered_ll": -3.1271822452545166,
  "recovered_perplexity": 22.80961799621582,
  "recovered_kl": 0.19600464403629303,
  "recovered_nmse": 0.4590108096599579,
  "nodes": {
    "9": [
      12,
      199,
      250,
      280,
      359,
      407,
      448,
      466,
      493,
      538,
      548,
      672,
      704,
      734,
      746,
      755,
      767,
      818,
      868,
      957,
      967,
      1080,
      1081,
      1092,
      1106,
      1184,
      1214,
      1352,
      1438,
      1537,
      1560,
      1579,
      1725,
      1789,
      1828,
      1844,
      1865,
      1882,
      1913,
      1942,
      1957,
      2005,
      2083,
      2349,
      2388,
      2405,
      2423,
      2776,
      3008,
      3050,
      3156,
      3162,
      3198,
      3199,
      3210,
      3338,
      3382,
      3624,
      3779,
      3821,
      3836,
      3932,
      3941,
      3972,
      4106,
      4148,
      4318,
      4350,
      4358,
      4421,
      4444,
      4484,
      4533,
      4544
    ],
    "8": [
      94,
      923,
      1639,
      2112,
      2201,
      2262,
      2388,
      2479,
      2596,
      2828,
      3055,
      3170,
      3785,
      3895,
      4040,
      4294,
      4310,
      4530,
      4570
    ],
    "4": [
      256,
      451,
      919,
      1194,
      1310,
      1376,
      1445,
      1740,
      1907,
      2231,
      2303,
      2436,
      2799,
      2822,
      2970,
      3271,
      4250,
      4342
    ],
    "5": [
      0,
      34,
      37,
      312,
      338,
      400,
      692,
      1228,
      1244,
      1570,
      1618,
      1790,
      1994,
      2127,
      2250,
      2817,
      3035,
      3064,
      3139,
      3194,
      3654,
      3884,
      3913
    ],
    "7": [
      553,
      631,
      652,
      973,
      1520,
      1824,
      1937,
      2004,
      2142,
      2258,
      2371,
      2462,
      2747,
      2832,
      3057,
      3167,
      3457,
      4166
    ],
    "6": [
      522,
      902,
      1487,
      1829,
      1931,
      2155,
      2368,
      2816,
      2842,
      3390,
      3883,
      4298,
      4477,
      4493,
      4494,
      4591
    ],
    "3": [
      9,
      869,
      1334,
      1405,
      1563,
      1652,
      1985,
      2050,
      2158,
      2200,
      2210,
      2521,
      2537,
      2566,
      2688,
      3186,
      3644,
      3790,
      3814,
      4281
    ],
    "0": [
      136,
      482,
      890,
      1134,
      1173,
      1610,
      2231,
      2397,
      2511,
      2594,
      2857,
      2984,
      3072,
      3075,
      3493,
      3576,
      3908,
      4424
    ],
    "2": [
      245,
      326,
      451,
      896,
      2453,
      2868,
      3082
    ],
    "1": [
      126,
      673,
      847,
      1663,
      1939,
      2927,
      2953,
      3680,
      3693,
      3799,
      3803
    ]
  }
}
