{
  "entry": "O31993",
  "entry_name": "YOLB_BACSU",
  "type": "CLM",
  "prompt": "MISTSNYDVTKDPKFLAFCSLATEGYGQNNTQQSSIGFNEFCEKLEKNAIVKPENKKSTLDLNKSLEDWKLRFTAGGNLSTMDSQVLDVIKKAY",
  "k": 512,
  "original_sequence": "MISTSNYDVTKDPKFLAFCSLATEGYGQNNTQQSSIGFNEFCEKLEKNAIVKPENKKSTLDLNKSLEDWKLRFTAGGNLSTMDSQVLDVIKKAYNLGMVNKDNMLLRNEAINAYRNSI",
  "original_ll": -2.781336545944214,
  "original_perplexity": 16.140579223632812,
  "progen3_sequence": "MISTSNYDVTKDPKFLAFCSLATEGYGQNNTQQSSIGFNEFCEKLEKNAIVKPENKKSTLDLNKSLEDWKLRFTAGGNLSTMDSQVLDVIKKAYDDSIDLLSDLANNFQDNINKENID",
  "progen3_ll": -2.5465080738067627,
  "progen3_perplexity": 12.762460708618164,
  "max_sequence": "MISTSNYDVTKDPKFLAFCSLATEGYGQNNTQQSSIGFNEFCEKLEKNAIVKPENKKSTLDLNKSLEDWKLRFTAGGNLSTMDSQVLDVIKKAYEEKIAIINKYKQVESSIITSIINN",
  "max_ll": -2.5741825103759766,
  "max_perplexity": 13.120587348937988,
  "max_kl": 0.003769639879465103,
  "max_nmse": 0.0013879373436793685,
  "base_sequence": "MISTSNYDVTKDPKFLAFCSLATEGYGQNNTQQSSIGFNEFCEKLEKNAIVKPENKKSTLDLNKSLEDWKLRFTAGGNLSTMDSQVLDVIKKAYIDIYKYNNFKIDKKFTTKYKIYIN",
  "base_ll": -2.6648309230804443,
  "base_perplexity": 14.365520477294922,
  "base_kl": 0.159243643283844,
  "base_nmse": 0.2937301993370056,
  "recovered_sequence": "MISTSNYDVTKDPKFLAFCSLATEGYGQNNTQQSSIGFNEFCEKLEKNAIVKPENKKSTLDLNKSLEDWKLRFTAGGNLSTMDSQVLDVIKKAYDDSIDLLKALANNFQDNINKENID",
  "recovered_ll": -2.578869581222534,
  "recovered_perplexity": 13.182228088378906,
  "recovered_kl": 0.004509695805609226,
  "recovered_nmse": 0.002853977959603071,
  "nodes": {
    "9": [
      12,
      57,
      59,
      162,
      196,
      407,
      414,
      429,
      447,
      466,
      538,
      545,
      555,
      598,
      639,
      654,
      727,
      734,
      745,
      746,
      758,
      760,
      875,
      957,
      967,
      1025,
      1043,
      1081,
      1124,
      1184,
      1190,
      1251,
      1256,
      1271,
      1320,
      1337,
      1374,
      1401,
      1402,
      1476,
      1483,
      1491,
      1560,
      1579,
      1648,
      1713,
      1725,
      1750,
      1828,
      1832,
      1844,
      1851,
      1906,
      1942,
      1951,
      1957,
      2005,
      2020,
      2046,
      2076,
      2097,
      2105,
      2169,
      2191,
      2248,
      2264,
      2287,
      2348,
      2376,
      2423,
      2510,
      2511,
      2545,
      2592,
      2626,
      2642,
      2732,
      2739,
      2763,
      2785,
      2787,
      2791,
      2858,
      2865,
      2916,
      2941,
      2946,
      3008,
      3021,
      3050,
      3140,
      3146,
      3193,
      3198,
      3199,
      3266,
      3346,
      3372,
      3382,
      3474,
      3510,
      3513,
      3516,
      3540,
      3624,
      3649,
      3676,
      3695,
      3779,
      3802,
      3821,
      3965,
      3999,
      4031,
      4079,
      4106,
      4129,
      4168,
      4190,
      4279,
      4288,
      4370,
      4419,
      4452,
      4469,
      4478,
      4482,
      4533,
      4544,
      4603
    ],
    "8": [
      188,
      240,
      263,
      301,
      394,
      583,
      817,
      835,
      900,
      1064,
      1136,
      1301,
      1306,
      1408,
      1557,
      1664,
      1676,
      1678,
      1687,
      1777,
      1870,
      2077,
      2109,
      2112,
      2151,
      2199,
      2201,
      2203,
      2256,
      2361,
      2400,
      2401,
      2479,
      2567,
      2596,
      2605,
      2621,
      2729,
      2891,
      2949,
      3042,
      3236,
      3248,
      3284,
      3711,
      3741,
      3849,
      3865,
      3960,
      3972,
      4290,
      4294,
      4310,
      4471,
      4534
    ],
    "7": [
      7,
      11,
      66,
      180,
      230,
      283,
      330,
      372,
      396,
      491,
      517,
      592,
      715,
      735,
      740,
      872,
      889,
      907,
      968,
      1010,
      1011,
      1059,
      1070,
      1100,
      1126,
      1188,
      1256,
      1262,
      1370,
      1419,
      1454,
      1625,
      1674,
      1716,
      1751,
      1758,
      1816,
      1824,
      1826,
      1929,
      1969,
      2113,
      2263,
      2291,
      2299,
      2410,
      2428,
      2464,
      2476,
      2747,
      2802,
      2812,
      2877,
      2998,
      3135,
      3251,
      3353,
      3367,
      3487,
      3578,
      3588,
      3782,
      3898,
      3921,
      3942,
      3948,
      4045,
      4055,
      4299,
      4421
    ],
    "6": [
      85,
      139,
      204,
      329,
      451,
      491,
      898,
      929,
      947,
      990,
      1154,
      1225,
      1346,
      1348,
      1428,
      1500,
      1584,
      1627,
      1710,
      1743,
      1820,
      1987,
      1990,
      2010,
      2034,
      2187,
      2277,
      2389,
      2460,
      2495,
      2496,
      2588,
      2903,
      3046,
      3136,
      3205,
      3301,
      3312,
      3459,
      3697,
      3764,
      3786,
      3948,
      3952,
      4068,
      4195,
      4235,
      4250,
      4335,
      4371,
      4494,
      4512,
      4544
    ],
    "5": [
      17,
      145,
      288,
      330,
      343,
      464,
      616,
      623,
      702,
      706,
      766,
      1078,
      1099,
      1226,
      1405,
      1532,
      1692,
      1701,
      1733,
      1834,
      1847,
      1870,
      2020,
      2188,
      2326,
      2392,
      2499,
      2500,
      2575,
      2657,
      2781,
      2831,
      3036,
      3155,
      3263,
      3398,
      3557,
      3692,
      3710,
      3759,
      3766,
      3961,
      4394,
      4420,
      4434,
      4571
    ],
    "0": [
      276,
      294,
      362,
      447,
      538,
      631,
      648,
      680,
      694,
      784,
      796,
      885,
      972,
      979,
      1080,
      1166,
      1169,
      1178,
      1186,
      1218,
      1238,
      1250,
      1281,
      1356,
      1416,
      1469,
      1580,
      1583,
      1595,
      1610,
      1751,
      1835,
      1841,
      1851,
      1942,
      2139,
      2148,
      2160,
      2177,
      2205,
      2265,
      2299,
      2448,
      2502,
      2594,
      2607,
      2659,
      2692,
      2722,
      2727,
      2851,
      2864,
      2892,
      2895,
      2943,
      2968,
      3050,
      3149,
      3182,
      3297,
      3424,
      3555,
      3598,
      3616,
      3659,
      3698,
      3761,
      3781,
      3842,
      3853,
      3879,
      3911,
      3922,
      3928,
      4081,
      4114,
      4426,
      4439,
      4487,
      4488,
      4500
    ],
    "2": [
      68,
      1187,
      1516,
      1940,
      3054,
      3856
    ],
    "4": [
      301,
      572,
      1041,
      1069,
      1159,
      1223,
      1321,
      1507,
      1570,
      2230,
      2481,
      2490,
      2513,
      2605,
      2871,
      3030,
      3821,
      3829,
      3955,
      4158,
      4253,
      4399
    ],
    "3": [
      339,
      545,
      754,
      811,
      1192,
      1535,
      1537,
      1541,
      1641,
      1651,
      1732,
      1859,
      1928,
      1983,
      2325,
      2343,
      2404,
      2464,
      2945,
      3297,
      3818,
      3847,
      3939,
      4368,
      4400,
      4432
    ],
    "1": [
      113,
      156,
      1263,
      1271,
      1661,
      1780,
      1886,
      2089,
      2151,
      2294,
      2436,
      2443,
      2563,
      2794,
      2968,
      3067,
      3380,
      3739,
      3827,
      4214,
      4430,
      4548,
      4556
    ]
  }
}
