{
  "entry": "O46200",
  "entry_name": "A63F_DROME",
  "type": "GLM_1",
  "prompt": "MKAIIVFILFISSVHAMSKCNQAIYLNLDPHCGILPDCNLDGPNPSYLKRVSCERKENGKPGFIELIPGKCLHGKPRCSLK[GLM]26-55-29",
  "k": 896,
  "original_sequence": "MKAIIVFILFISSVHAMSKCNQAIYLNLDPHCGILPDCNLDGPNPSYLKRVSCERKENGKPGFIELIPGKCLHGKPRCSLK",
  "original_ll": -2.98175048828125,
  "original_perplexity": 19.72231101989746,
  "progen3_sequence": "MKAIIVFILFISSVHAMSKCNQAIYLMDIKKVVEKVKIIPERTPRLPGGNGLENNKENGKPGFIELIPGKCLHGKPRCSLK",
  "progen3_ll": -2.885406017303467,
  "progen3_perplexity": 17.910837173461914,
  "max_sequence": "MKAIIVFILFISSVHAMSKCNQAIYLLDLNGKVKTTFSETPFYSSFFGRKGNLPSKENGKPGFIELIPGKCLHGKPRCSLK",
  "max_ll": -2.7369401454925537,
  "max_perplexity": 15.439669609069824,
  "max_kl": 0.013283913023769855,
  "max_nmse": 0.012303528375923634,
  "base_sequence": "MKAIIVFILFISSVHAMSKCNQAIYLNKNNNMKYMKNNNPMYNYCEYYYILFNCEKENGKPGFIELIPGKCLHGKPRCSLK",
  "base_ll": -2.945467233657837,
  "base_perplexity": 19.019546508789062,
  "base_kl": 0.37701112031936646,
  "base_nmse": 3.6628637313842773,
  "recovered_sequence": "MKAIIVFILFISSVHAMSKCNQAIYLFDIKKKEEKVVIIPINEPKLPGGLGLEMNKENGKPGFIELIPGKCLHGKPRCSLK",
  "recovered_ll": -2.8020572662353516,
  "recovered_perplexity": 16.478513717651367,
  "recovered_kl": 0.041908107697963715,
  "recovered_nmse": 0.24034938216209412,
  "nodes": {
    "9": [
      12,
      34,
      52,
      80,
      139,
      162,
      271,
      350,
      407,
      408,
      413,
      425,
      447,
      452,
      466,
      473,
      497,
      506,
      538,
      545,
      598,
      639,
      715,
      734,
      746,
      749,
      755,
      760,
      957,
      967,
      994,
      1021,
      1036,
      1073,
      1081,
      1143,
      1176,
      1184,
      1233,
      1251,
      1271,
      1286,
      1302,
      1352,
      1374,
      1394,
      1466,
      1483,
      1491,
      1537,
      1579,
      1584,
      1648,
      1672,
      1762,
      1783,
      1828,
      1832,
      1835,
      1844,
      1851,
      1859,
      1875,
      1888,
      1931,
      1957,
      2005,
      2067,
      2086,
      2094,
      2105,
      2109,
      2153,
      2177,
      2191,
      2196,
      2213,
      2264,
      2287,
      2349,
      2360,
      2376,
      2423,
      2510,
      2524,
      2548,
      2570,
      2592,
      2637,
      2642,
      2664,
      2732,
      2763,
      2768,
      2787,
      2791,
      2865,
      2874,
      2892,
      2941,
      2975,
      2982,
      2983,
      3050,
      3079,
      3087,
      3101,
      3105,
      3134,
      3176,
      3198,
      3199,
      3228,
      3284,
      3338,
      3367,
      3372,
      3381,
      3382,
      3500,
      3505,
      3513,
      3526,
      3540,
      3579,
      3624,
      3649,
      3676,
      3695,
      3709,
      3715,
      3723,
      3779,
      3802,
      3805,
      3808,
      3821,
      3873,
      3952,
      3965,
      3990,
      3999,
      4103,
      4106,
      4129,
      4250,
      4353,
      4370,
      4419,
      4421,
      4452,
      4468,
      4469,
      4482,
      4490,
      4494,
      4525,
      4526,
      4536,
      4544,
      4603
    ],
    "7": [
      66,
      166,
      361,
      362,
      509,
      535,
      631,
      715,
      718,
      867,
      872,
      889,
      893,
      907,
      912,
      933,
      1010,
      1097,
      1151,
      1211,
      1233,
      1256,
      1338,
      1419,
      1454,
      1510,
      1520,
      1544,
      1625,
      1643,
      1674,
      1707,
      1709,
      1751,
      1762,
      1765,
      1824,
      1830,
      1880,
      1886,
      1929,
      1931,
      1966,
      1969,
      1979,
      2137,
      2180,
      2227,
      2230,
      2261,
      2279,
      2299,
      2362,
      2401,
      2488,
      2512,
      2595,
      2611,
      2650,
      2746,
      2747,
      2786,
      2802,
      2877,
      2891,
      2922,
      2965,
      2998,
      3029,
      3110,
      3135,
      3159,
      3227,
      3389,
      3487,
      3541,
      3601,
      3690,
      3736,
      3760,
      3813,
      3942,
      3948,
      3966,
      3970,
      4055,
      4063,
      4110,
      4130,
      4183,
      4317,
      4331,
      4413,
      4421,
      4438,
      4598
    ],
    "8": [
      2,
      47,
      127,
      137,
      141,
      194,
      221,
      234,
      240,
      274,
      319,
      323,
      391,
      466,
      528,
      543,
      583,
      611,
      638,
      649,
      682,
      721,
      726,
      738,
      800,
      811,
      879,
      972,
      999,
      1013,
      1033,
      1051,
      1095,
      1108,
      1136,
      1175,
      1183,
      1187,
      1200,
      1258,
      1272,
      1338,
      1511,
      1518,
      1525,
      1535,
      1557,
      1564,
      1581,
      1664,
      1687,
      1730,
      1734,
      1747,
      1757,
      1781,
      1794,
      1842,
      1870,
      1918,
      1946,
      1954,
      1987,
      2021,
      2023,
      2054,
      2078,
      2103,
      2109,
      2112,
      2122,
      2151,
      2199,
      2201,
      2230,
      2271,
      2302,
      2317,
      2401,
      2475,
      2560,
      2578,
      2596,
      2605,
      2753,
      2764,
      2790,
      2829,
      2840,
      2850,
      2891,
      2903,
      2931,
      3001,
      3024,
      3066,
      3098,
      3109,
      3259,
      3267,
      3360,
      3365,
      3422,
      3426,
      3537,
      3652,
      3653,
      3809,
      3846,
      3849,
      3865,
      3893,
      3943,
      3960,
      3968,
      4102,
      4115,
      4152,
      4216,
      4230,
      4276,
      4284,
      4294,
      4310,
      4355,
      4364,
      4371,
      4471,
      4489,
      4534,
      4546,
      4585,
      4594,
      4595
    ],
    "6": [
      18,
      59,
      85,
      162,
      177,
      299,
      329,
      404,
      447,
      484,
      507,
      520,
      762,
      889,
      947,
      954,
      1029,
      1050,
      1137,
      1154,
      1212,
      1225,
      1292,
      1410,
      1465,
      1467,
      1584,
      1627,
      1657,
      1687,
      1701,
      1718,
      1766,
      1785,
      1954,
      1969,
      1987,
      2207,
      2260,
      2317,
      2389,
      2426,
      2460,
      2495,
      2556,
      2592,
      2625,
      2664,
      2717,
      2723,
      2794,
      2848,
      2874,
      2961,
      2975,
      2989,
      3016,
      3020,
      3091,
      3136,
      3154,
      3170,
      3258,
      3395,
      3396,
      3459,
      3509,
      3531,
      3586,
      3628,
      3701,
      3705,
      3759,
      3833,
      3915,
      3937,
      3981,
      4028,
      4098,
      4192,
      4213,
      4332,
      4335,
      4400,
      4501,
      4536,
      4537,
      4581,
      4587,
      4601
    ],