{
  "entry": "O83056",
  "entry_name": "Y012_TREPA",
  "type": "CLM",
  "prompt": "MVREPSIRGREGIPFWFAHDDFLMLYHKYTIDFPVGGGWTIRLSVL",
  "k": 960,
  "original_sequence": "MVREPSIRGREGIPFWFAHDDFLMLYHKYTIDFPVGGGWTIRLSVLERWCVQIVKGRL",
  "original_ll": -3.088442802429199,
  "original_perplexity": 21.942882537841797,
  "progen3_sequence": "MVREPSIRGREGIPFWFAHDDFLMLYHKYTIDFPVGGGWTIRLSVLGSDGRDERVVPD",
  "progen3_ll": -2.4933905601501465,
  "progen3_perplexity": 12.102239608764648,
  "max_sequence": "MVREPSIRGREGIPFWFAHDDFLMLYHKYTIDFPVGGGWTIRLSVLNGNGKVVVLVVL",
  "max_ll": -2.920393228530884,
  "max_perplexity": 18.548580169677734,
  "max_kl": 0.0042934902012348175,
  "max_nmse": 0.00329369748942554,
  "base_sequence": "MVREPSIRGREGIPFWFAHDDFLMLYHKYTIDFPVGGGWTIRLSVLPAVLHTEARSDG",
  "base_ll": -2.8515207767486572,
  "base_perplexity": 17.3140926361084,
  "base_kl": 0.050518400967121124,
  "base_nmse": 0.06102010980248451,
  "recovered_sequence": "MVREPSIRGREGIPFWFAHDDFLMLYHKYTIDFPVGGGWTIRLSVLGSDVRDPRVVPD",
  "recovered_ll": -2.729463815689087,
  "recovered_perplexity": 15.324667930603027,
  "recovered_kl": 0.01278056763112545,
  "recovered_nmse": 0.0021196906454861164,
  "nodes": {
    "9": [
      12,
      80,
      162,
      184,
      267,
      375,
      381,
      407,
      425,
      466,
      497,
      538,
      545,
      572,
      734,
      746,
      758,
      760,
      763,
      957,
      967,
      1036,
      1042,
      1049,
      1073,
      1080,
      1092,
      1176,
      1184,
      1196,
      1251,
      1302,
      1306,
      1491,
      1528,
      1577,
      1579,
      1584,
      1648,
      1672,
      1713,
      1725,
      1828,
      1832,
      1835,
      1844,
      1851,
      1942,
      1957,
      2005,
      2056,
      2105,
      2143,
      2177,
      2178,
      2264,
      2283,
      2287,
      2360,
      2383,
      2395,
      2420,
      2423,
      2467,
      2510,
      2511,
      2570,
      2579,
      2592,
      2642,
      2732,
      2763,
      2787,
      2791,
      2858,
      3004,
      3008,
      3050,
      3087,
      3105,
      3146,
      3162,
      3198,
      3199,
      3310,
      3372,
      3382,
      3407,
      3414,
      3513,
      3540,
      3581,
      3624,
      3649,
      3676,
      3679,
      3695,
      3713,
      3723,
      3765,
      3779,
      3802,
      3821,
      3832,
      3873,
      3880,
      3952,
      3965,
      3999,
      4038,
      4103,
      4129,
      4190,
      4250,
      4275,
      4290,
      4314,
      4370,
      4419,
      4421,
      4452,
      4468,
      4482,
      4526,
      4533,
      4544,
      4603
    ],
    "8": [
      49,
      94,
      147,
      240,
      301,
      329,
      392,
      434,
      583,
      630,
      682,
      693,
      723,
      817,
      859,
      872,
      900,
      949,
      1136,
      1187,
      1201,
      1272,
      1306,
      1404,
      1408,
      1535,
      1548,
      1549,
      1557,
      1664,
      1687,
      1757,
      1777,
      1804,
      1838,
      1870,
      1954,
      2023,
      2054,
      2069,
      2077,
      2109,
      2112,
      2151,
      2199,
      2201,
      2401,
      2479,
      2516,
      2527,
      2557,
      2567,
      2596,
      2605,
      2667,
      2689,
      2695,
      2711,
      2924,
      2934,
      3007,
      3042,
      3091,
      3107,
      3130,
      3236,
      3246,
      3440,
      3490,
      3659,
      3704,
      3705,
      3711,
      3741,
      3798,
      3843,
      3846,
      3849,
      3865,
      3895,
      3960,
      4118,
      4167,
      4250,
      4275,
      4290,
      4294,
      4310,
      4471,
      4534,
      4546
    ],
    "7": [
      7,
      9,
      34,
      66,
      78,
      135,
      180,
      243,
      283,
      310,
      313,
      362,
      369,
      482,
      491,
      509,
      535,
      631,
      669,
      682,
      699,
      772,
      819,
      872,
      907,
      932,
      1010,
      1011,
      1126,
      1151,
      1163,
      1203,
      1244,
      1256,
      1419,
      1502,
      1520,
      1523,
      1625,
      1640,
      1707,
      1709,
      1751,
      1753,
      1765,
      1816,
      1824,
      1830,
      1929,
      1952,
      1967,
      1969,
      1973,
      1988,
      2063,
      2113,
      2147,
      2213,
      2263,
      2279,
      2299,
      2326,
      2351,
      2366,
      2450,
      2476,
      2477,
      2488,
      2498,
      2517,
      2595,
      2634,
      2747,
      2802,
      2827,
      2877,
      2922,
      2998,
      3135,
      3251,
      3275,
      3349,
      3389,
      3437,
      3487,
      3488,
      3510,
      3576,
      3588,
      3601,
      3642,
      3662,
      3682,
      3690,
      3793,
      3866,
      3898,
      3948,
      3998,
      4024,
      4043,
      4063,
      4130,
      4134,
      4159,
      4183,
      4421,
      4563,
      4564
    ],
    "5": [
      17,
      32,
      38,
      69,
      160,
      183,
      198,
      231,
      260,
      342,
      343,
      386,
      391,
      440,
      443,
      556,
      616,
      622,
      676,
      679,
      849,
      857,
      870,
      893,
      969,
      975,
      985,
      999,
      1031,
      1080,
      1108,
      1249,
      1451,
      1508,
      1524,
      1550,
      1650,
      1669,
      1678,
      1709,
      1751,
      1766,
      1870,
      1902,
      1905,
      1928,
      2018,
      2024,
      2183,
      2188,
      2295,
      2358,
      2415,
      2434,
      2478,
      2545,
      2552,
      2576,
      2702,
      2744,
      2777,
      2816,
      2957,
      2974,
      2990,
      3064,
      3097,
      3101,
      3178,
      3305,
      3327,
      3429,
      3452,
      3582,
      3624,
      3632,
      3732,
      3766,
      3775,
      3943,
      3979,
      3983,
      4013,
      4074,
      4076,
      4108,
      4122,
      4161,
      4215,
      4223,
      4348,
      4378,
      4380,
      4461,
      4462,
      4516,
      4532,
      4555
    ],
    "6": [
      59,
      85,
      167,
      204,
      308,
      335,
      447,
      504,
      520,
      609,
      687,
      697,
      731,
      842,
      845,
      869,
      891,
      898,
      924,
      947,
      954,
      960,
      1050,
      1063,
      1070,
      1080,
      1081,
      1137,
      1154,
      1225,
      1284,
      1346,
      1361,
      1534,
      1584,
      1627,
      1699,
      1705,
      1718,
      1766,
      1858,
      1933,
      1954,
      1981,
      1987,
      2024,
      2044,
      2236,
      2255,
      2271,
      2389,
      2391,
      2460,
      2495,
      2496,
      2556,
      2621,
      2654,
      2726,
      2805,
      2897,
      2989,
      3036,
      3107,
      3136,
      3154,
      3160,
      3167,
      3190,
      3301,
      3312,
      3349,
      3396,
      3445,
      3459,
      3464,
      3473,
      3499,
      3509,
      3513,
      3533,
      3562,
      3644,
      3648,
      3679,
      3697,
      3705,
      3809,
      3907,
      3948,
      3952,
      4053,
      4058,
      4068,
      4154,
      4235,
      4290,
      4335,
      4354,
      4400,
      4413,
      4416,
      4512,
      4529,
      4581,
      4600
    ],