{
  "entry": "P08372",
  "entry_name": "PPDC_ECOLI",
  "type": "CLM",
  "prompt": "MSASLKNQQGFSLPEVMLAMVLMVMIVTALSGFQRTLMNSLASRNQYQQLWRHGWQQTQLRAISPPANWQVNRMQTSQAGCVSIS",
  "k": 320,
  "original_sequence": "MSASLKNQQGFSLPEVMLAMVLMVMIVTALSGFQRTLMNSLASRNQYQQLWRHGWQQTQLRAISPPANWQVNRMQTSQAGCVSISVTLVSPGGREGEMTRLHCPNRQ",
  "original_ll": -2.8926374912261963,
  "original_perplexity": 18.040828704833984,
  "progen3_sequence": "MSASLKNQQGFSLPEVMLAMVLMVMIVTALSGFQRTLMNSLASRNQYQQLWRHGWQQTQLRAISPPANWQVNRMQTSQAGCVSISGGGGTLTFAGTGLSIGPGALAN",
  "progen3_ll": -2.350656032562256,
  "progen3_perplexity": 10.492450714111328,
  "max_sequence": "MSASLKNQQGFSLPEVMLAMVLMVMIVTALSGFQRTLMNSLASRNQYQQLWRHGWQQTQLRAISPPANWQVNRMQTSQAGCVSISSSTGGSTSSNGTVNLSTDGNPV",
  "max_ll": -2.4212183952331543,
  "max_perplexity": 11.259570121765137,
  "max_kl": 0.01167015079408884,
  "max_nmse": 0.0083632692694664,
  "base_sequence": "MSASLKNQQGFSLPEVMLAMVLMVMIVTALSGFQRTLMNSLASRNQYQQLWRHGWQQTQLRAISPPANWQVNRMQTSQAGCVSISVTFASVQGSLLGQLPTQALLPP",
  "base_ll": -2.6078145503997803,
  "base_perplexity": 13.569363594055176,
  "base_kl": 0.0901818498969078,
  "base_nmse": 0.07640440762042999,
  "recovered_sequence": "MSASLKNQQGFSLPEVMLAMVLMVMIVTALSGFQRTLMNSLASRNQYQQLWRHGWQQTQLRAISPPANWQVNRMQTSQAGCVSISGIGGTLTVTGTGLSIGPGGLAN",
  "recovered_ll": -2.410839796066284,
  "recovered_perplexity": 11.143315315246582,
  "recovered_kl": 0.013877294957637787,
  "recovered_nmse": 0.006986886728554964,
  "nodes": {
    "9": [
      12,
      21,
      24,
      52,
      141,
      162,
      267,
      284,
      383,
      407,
      408,
      425,
      447,
      448,
      452,
      466,
      486,
      598,
      716,
      734,
      746,
      749,
      840,
      957,
      967,
      971,
      994,
      1036,
      1050,
      1055,
      1073,
      1143,
      1169,
      1184,
      1233,
      1251,
      1438,
      1466,
      1487,
      1491,
      1528,
      1579,
      1584,
      1586,
      1704,
      1725,
      1762,
      1772,
      1828,
      1832,
      1835,
      1844,
      1851,
      1872,
      1946,
      1957,
      2005,
      2105,
      2110,
      2134,
      2153,
      2177,
      2206,
      2234,
      2264,
      2376,
      2427,
      2467,
      2511,
      2524,
      2548,
      2570,
      2573,
      2732,
      2745,
      2756,
      2763,
      2787,
      2790,
      2892,
      2975,
      2983,
      2991,
      3004,
      3050,
      3058,
      3079,
      3101,
      3105,
      3107,
      3162,
      3198,
      3199,
      3224,
      3259,
      3340,
      3364,
      3382,
      3408,
      3474,
      3513,
      3526,
      3540,
      3618,
      3624,
      3649,
      3685,
      3695,
      3734,
      3735,
      3765,
      3773,
      3779,
      3802,
      3808,
      3821,
      3952,
      3990,
      3999,
      4079,
      4103,
      4111,
      4138,
      4173,
      4209,
      4238,
      4250,
      4394,
      4419,
      4421,
      4468,
      4494,
      4525,
      4526,
      4544,
      4546,
      4592,
      4603
    ],
    "6": [
      66,
      293,
      447,
      713,
      767,
      781,
      841,
      947,
      1004,
      1545,
      1601,
      2389,
      2484,
      2495,
      2621,
      2631,
      2921,
      2989,
      3167,
      3509,
      3705,
      3808,
      3833,
      3918
    ],
    "8": [
      52,
      87,
      88,
      129,
      155,
      228,
      233,
      240,
      270,
      407,
      421,
      431,
      434,
      614,
      721,
      800,
      827,
      846,
      855,
      1135,
      1136,
      1244,
      1291,
      1340,
      1388,
      1512,
      1549,
      1559,
      1651,
      1689,
      1737,
      1757,
      1843,
      1969,
      2201,
      2253,
      2276,
      2336,
      2661,
      2689,
      2790,
      2829,
      2841,
      2853,
      2926,
      2934,
      3001,
      3009,
      3024,
      3259,
      3426,
      3463,
      3495,
      3524,
      3601,
      3638,
      3722,
      3734,
      4132,
      4162,
      4216,
      4250,
      4311,
      4361,
      4410,
      4449,
      4481,
      4572
    ],
    "4": [
      133,
      167,
      847,
      971,
      998,
      1095,
      1853,
      1913,
      2063,
      2139,
      2141,
      2182,
      2242,
      2301,
      2544,
      2836,
      3267,
      3441,
      3787,
      3875,
      4005,
      4042,
      4112,
      4218,
      4327,
      4456,
      4584
    ],
    "7": [
      277,
      362,
      441,
      524,
      535,
      912,
      1151,
      1338,
      1434,
      1444,
      1882,
      1952,
      2143,
      2227,
      2319,
      2401,
      2491,
      3227,
      3455,
      3473,
      3778,
      3970,
      4055,
      4063,
      4064,
      4110,
      4131,
      4413,
      4421
    ],
    "5": [
      231,
      380,
      440,
      1137,
      1162,
      1194,
      1331,
      1691,
      1709,
      2287,
      3416,
      3593,
      3618,
      3934,
      4016,
      4086,
      4426
    ],
    "3": [
      3492,
      3749,
      4172
    ],
    "0": [
      460,
      600,
      648,
      1297,
      2172,
      2722,
      2807,
      2968,
      2991,
      3182,
      3963
    ],
    "1": [
      1255,
      3693
    ],
    "2": [
      3578
    ]
  }
}
