{
  "entry": "P0A3T6",
  "entry_name": "GERPB_BACCR",
  "type": "CLM",
  "prompt": "MNFYVNQSIIINSIKIDSITTSSVFQIGTAGSIKALSKFSNTGGFTEPLRPLQA",
  "k": 928,
  "original_sequence": "MNFYVNQSIIINSIKIDSITTSSVFQIGTAGSIKALSKFSNTGGFTEPLRPLQAKGQIISIKPSTSSS",
  "original_ll": -2.5838160514831543,
  "original_perplexity": 13.24759578704834,
  "progen3_sequence": "MNFYVNQSIIINSIKIDSITTSSVFQIGTAGSIKALSKFSNTGGFTEPLRPLQAVRNIISGDLAISST",
  "progen3_ll": -2.6343982219696045,
  "progen3_perplexity": 13.934924125671387,
  "max_sequence": "MNFYVNQSIIINSIKIDSITTSSVFQIGTAGSIKALSKFSNTGGFTEPLRPLQAEASTKAVISTSFFS",
  "max_ll": -2.69874906539917,
  "max_perplexity": 14.861129760742188,
  "max_kl": 0.00222432310692966,
  "max_nmse": 0.001439048326574266,
  "base_sequence": "MNFYVNQSIIINSIKIDSITTSSVFQIGTAGSIKALSKFSNTGGFTEPLRPLQATSSSSNNSISSFSI",
  "base_ll": -2.329160690307617,
  "base_perplexity": 10.269319534301758,
  "base_kl": 0.08653581887483597,
  "base_nmse": 0.29447078704833984,
  "recovered_sequence": "MNFYVNQSIIINSIKIDSITTSSVFQIGTAGSIKALSKFSNTGGFTEPLRPLQAVRNIISGDLAISSI",
  "recovered_ll": -2.618912935256958,
  "recovered_perplexity": 13.720800399780273,
  "recovered_kl": 0.0028495187871158123,
  "recovered_nmse": 0.0016559013165533543,
  "nodes": {
    "9": [
      12,
      139,
      162,
      307,
      352,
      381,
      407,
      416,
      425,
      447,
      538,
      545,
      598,
      734,
      746,
      755,
      760,
      763,
      957,
      967,
      991,
      1025,
      1036,
      1042,
      1080,
      1166,
      1176,
      1184,
      1196,
      1251,
      1302,
      1374,
      1483,
      1491,
      1528,
      1560,
      1579,
      1584,
      1713,
      1782,
      1828,
      1832,
      1844,
      1851,
      1859,
      1888,
      1914,
      1942,
      1957,
      2005,
      2105,
      2108,
      2109,
      2264,
      2273,
      2287,
      2360,
      2510,
      2511,
      2524,
      2548,
      2570,
      2573,
      2732,
      2763,
      2787,
      2975,
      2983,
      2991,
      3006,
      3008,
      3050,
      3079,
      3087,
      3101,
      3105,
      3146,
      3162,
      3198,
      3199,
      3290,
      3372,
      3381,
      3382,
      3513,
      3526,
      3540,
      3579,
      3581,
      3624,
      3649,
      3676,
      3695,
      3779,
      3802,
      3821,
      3832,
      3952,
      3965,
      3999,
      4106,
      4129,
      4353,
      4419,
      4468,
      4469,
      4478,
      4482,
      4526,
      4544
    ],
    "8": [
      18,
      49,
      94,
      204,
      220,
      240,
      323,
      373,
      417,
      434,
      466,
      583,
      737,
      949,
      999,
      1008,
      1136,
      1192,
      1201,
      1258,
      1272,
      1291,
      1325,
      1400,
      1444,
      1486,
      1535,
      1557,
      1651,
      1664,
      1678,
      1687,
      1744,
      1781,
      1842,
      1918,
      1954,
      1967,
      1976,
      2021,
      2033,
      2054,
      2077,
      2106,
      2109,
      2112,
      2151,
      2201,
      2215,
      2361,
      2401,
      2431,
      2433,
      2475,
      2479,
      2516,
      2540,
      2564,
      2567,
      2596,
      2605,
      2621,
      2743,
      2760,
      2779,
      2917,
      2934,
      3042,
      3175,
      3195,
      3259,
      3262,
      3267,
      3268,
      3396,
      3426,
      3432,
      3485,
      3500,
      3567,
      3600,
      3653,
      3735,
      3846,
      3849,
      3865,
      3960,
      4094,
      4121,
      4167,
      4177,
      4276,
      4294,
      4310,
      4361,
      4364,
      4409,
      4471,
      4534,
      4546,
      4585
    ],
    "7": [
      7,
      11,
      66,
      78,
      230,
      242,
      330,
      362,
      372,
      491,
      509,
      543,
      589,
      592,
      631,
      642,
      872,
      889,
      907,
      1010,
      1069,
      1149,
      1151,
      1224,
      1244,
      1256,
      1262,
      1366,
      1454,
      1520,
      1625,
      1634,
      1675,
      1709,
      1751,
      1758,
      1816,
      1824,
      1826,
      1830,
      1889,
      1898,
      1929,
      1931,
      1958,
      1969,
      2035,
      2089,
      2227,
      2248,
      2261,
      2263,
      2279,
      2288,
      2362,
      2433,
      2469,
      2476,
      2491,
      2513,
      2517,
      2746,
      2747,
      2786,
      2802,
      2842,
      2877,
      2922,
      2998,
      3022,
      3075,
      3128,
      3135,
      3138,
      3149,
      3227,
      3251,
      3284,
      3381,
      3389,
      3457,
      3464,
      3473,
      3487,
      3690,
      3711,
      3755,
      3760,
      3825,
      3914,
      3948,
      4055,
      4063,
      4141,
      4254,
      4287,
      4317,
      4322,
      4563,
      4578
    ],
    "6": [
      18,
      85,
      167,
      206,
      293,
      308,
      329,
      335,
      391,
      394,
      398,
      413,
      507,
      519,
      520,
      524,
      609,
      617,
      634,
      748,
      762,
      763,
      847,
      869,
      947,
      954,
      960,
      1050,
      1063,
      1068,
      1070,
      1081,
      1115,
      1137,
      1154,
      1161,
      1247,
      1284,
      1346,
      1377,
      1467,
      1478,
      1504,
      1607,
      1609,
      1627,
      1657,
      1687,
      1699,
      1701,
      1708,
      1718,
      1788,
      1804,
      1932,
      1954,
      1987,
      2089,
      2092,
      2260,
      2271,
      2345,
      2389,
      2426,
      2460,
      2495,
      2516,
      2556,
      2592,
      2614,
      2625,
      2664,
      2705,
      2717,
      2723,
      2726,
      2727,
      2763,
      2794,
      2848,
      2874,
      2886,
      2978,
      2989,
      3032,
      3136,
      3170,
      3221,
      3312,
      3396,
      3419,
      3459,
      3473,
      3509,
      3547,
      3581,
      3586,
      3628,
      3679,
      3697,
      3701,
      3705,
      3760,
      3764,
      3785,
      3821,
      3887,
      3948,
      4028,
      4068,
      4098,
      4138,
      4216,
      4235,
      4335,
      4400,
      4441,
      4501,
      4512,
      4513,
      4529,
      4581,
      4587,
      4601
    ],
    "5": [
      32,
      69,
      92,
      143,
      196,
      198,
      226,
      231,
      288,
      290,
      308,
      330,
      340,
      362,
      363,
      386,
      391,
      405,
      443,
      616,
      632,
      679,
      725,
      737,
      847,
      858,
      969,
      979,
      1000,
      1031,
      1053,
      1108,
      1249,
      1313,
      1397,
      1450,
      1550,
      1569,
      1678,
      1684,
      1704,
      1799,
      1810,
      1847,
      1870,
      1928,
      2018,
      2036,
      2078,
      2110,
      2183,
      2189,
      2278,
      2312,
      2358,
      2545,
      2643,
      2675,
      2713,
      2762,
      2777,
      2800,
      2938,
      2995,
      3014,
      3117,
      3192,
      3244,
      3302,
      3477,
      3538,
      3561,
      3616,
      3708,
      3710,
      3748,
      3835,
      3870,
      3943,
      4066,
      4074,
      4104,
      4108,
      4193,
      4197,
      4275,
      4337,
      4363,
      4391,
      4461,
      4497,
      4516,
      4563
    ],