{
  "entry": "P0C011",
  "entry_name": "KAS2_KASSE",
  "type": "CLM",
  "prompt": "FIQYLAPLIPHAVKAI",
  "k": 800,
  "original_sequence": "FIQYLAPLIPHAVKAISDLI",
  "original_ll": -2.684530019760132,
  "original_perplexity": 14.651314735412598,
  "progen3_sequence": "FIQYLAPLIPHAVKAIRRVS",
  "progen3_ll": -2.7988908290863037,
  "progen3_perplexity": 16.426416397094727,
  "max_sequence": "FIQYLAPLIPHAVKAIGGSL",
  "max_ll": -2.4090867042541504,
  "max_perplexity": 11.123796463012695,
  "max_kl": 0.0036367541179060936,
  "max_nmse": 0.00026944521232508123,
  "base_sequence": "FIQYLAPLIPHAVKAIGLST",
  "base_ll": -2.558344841003418,
  "base_perplexity": 12.914424896240234,
  "base_kl": 0.03673666715621948,
  "base_nmse": 0.019028205424547195,
  "recovered_sequence": "FIQYLAPLIPHAVKAIRRVS",
  "recovered_ll": -2.7988908290863037,
  "recovered_perplexity": 16.426416397094727,
  "recovered_kl": 0.005342819262295961,
  "recovered_nmse": 0.0010419642785564065,
  "nodes": {
    "9": [
      12,
      112,
      184,
      381,
      407,
      466,
      706,
      734,
      746,
      758,
      760,
      767,
      957,
      967,
      991,
      1073,
      1080,
      1086,
      1184,
      1251,
      1302,
      1307,
      1444,
      1528,
      1530,
      1560,
      1579,
      1648,
      1713,
      1725,
      1742,
      1828,
      1844,
      1851,
      1909,
      1942,
      1957,
      2005,
      2046,
      2105,
      2143,
      2191,
      2283,
      2317,
      2360,
      2395,
      2423,
      2510,
      2539,
      2632,
      2642,
      2697,
      2732,
      2787,
      2791,
      2812,
      2941,
      3050,
      3087,
      3162,
      3198,
      3199,
      3221,
      3341,
      3372,
      3382,
      3422,
      3465,
      3513,
      3526,
      3540,
      3581,
      3624,
      3634,
      3709,
      3779,
      3802,
      3821,
      3952,
      3999,
      4103,
      4106,
      4129,
      4232,
      4250,
      4419,
      4421,
      4452,
      4482,
      4533,
      4544,
      4603
    ],
    "8": [
      311,
      392,
      399,
      457,
      583,
      585,
      629,
      723,
      817,
      841,
      854,
      859,
      876,
      900,
      1306,
      1408,
      1535,
      1548,
      1557,
      1560,
      1632,
      1664,
      1728,
      1744,
      1777,
      1778,
      1838,
      1870,
      1914,
      1954,
      1955,
      1979,
      2080,
      2109,
      2112,
      2140,
      2151,
      2163,
      2183,
      2199,
      2201,
      2290,
      2300,
      2344,
      2401,
      2468,
      2479,
      2536,
      2596,
      2605,
      2650,
      2667,
      2828,
      2972,
      3042,
      3142,
      3170,
      3200,
      3236,
      3358,
      3440,
      3450,
      3645,
      3668,
      3711,
      3846,
      3865,
      3880,
      3895,
      3915,
      3953,
      3987,
      4167,
      4177,
      4184,
      4190,
      4292,
      4294,
      4310,
      4391,
      4524,
      4530,
      4534,
      4546,
      4603,
      4605
    ],
    "3": [
      17,
      81,
      137,
      163,
      176,
      192,
      337,
      545,
      546,
      616,
      673,
      689,
      697,
      710,
      723,
      819,
      844,
      847,
      907,
      935,
      971,
      1036,
      1088,
      1160,
      1184,
      1300,
      1485,
      1636,
      1707,
      1767,
      1776,
      1788,
      1802,
      1840,
      2061,
      2067,
      2390,
      2577,
      2607,
      2612,
      2619,
      2623,
      2625,
      2646,
      2801,
      2827,
      2899,
      2930,
      3116,
      3257,
      3275,
      3329,
      3567,
      3570,
      3638,
      3810,
      3818,
      3934,
      4031,
      4176,
      4227,
      4230,
      4326,
      4339,
      4350,
      4468,
      4495,
      4586
    ],
    "7": [
      7,
      66,
      230,
      450,
      553,
      631,
      872,
      889,
      907,
      1010,
      1067,
      1135,
      1188,
      1231,
      1256,
      1520,
      1523,
      1544,
      1625,
      1709,
      1751,
      1816,
      1824,
      1830,
      1929,
      2063,
      2113,
      2254,
      2299,
      2476,
      2513,
      2528,
      2747,
      2877,
      2998,
      3135,
      3578,
      3690,
      3760,
      3950,
      3998,
      4055,
      4130,
      4457
    ],
    "5": [
      70,
      107,
      198,
      203,
      229,
      285,
      470,
      473,
      504,
      556,
      616,
      672,
      692,
      700,
      766,
      845,
      871,
      875,
      1031,
      1065,
      1078,
      1082,
      1116,
      1244,
      1249,
      1266,
      1328,
      1351,
      1390,
      1442,
      1457,
      1463,
      1500,
      1508,
      1567,
      1575,
      1796,
      1798,
      1832,
      1835,
      1878,
      1936,
      2009,
      2020,
      2026,
      2118,
      2220,
      2286,
      2392,
      2418,
      2434,
      2509,
      2514,
      2540,
      2541,
      2575,
      2580,
      2674,
      2680,
      2777,
      2902,
      2965,
      3068,
      3126,
      3193,
      3235,
      3238,
      3239,
      3254,
      3263,
      3349,
      3381,
      3392,
      3446,
      3520,
      3654,
      3749,
      3759,
      3766,
      3775,
      3825,
      3835,
      3841,
      3884,
      3898,
      3930,
      4124,
      4127,
      4200,
      4208,
      4381,
      4434,
      4502,
      4540
    ],
    "6": [
      69,
      85,
      204,
      296,
      335,
      427,
      452,
      510,
      520,
      613,
      742,
      883,
      891,
      902,
      929,
      947,
      990,
      1025,
      1154,
      1189,
      1415,
      1487,
      1606,
      1607,
      1627,
      1673,
      1750,
      1820,
      1876,
      1920,
      1931,
      1987,
      1990,
      2010,
      2213,
      2389,
      2460,
      2496,
      2588,
      2615,
      2700,
      2740,
      2874,
      2989,
      3006,
      3083,
      3190,
      3301,
      3308,
      3396,
      3439,
      3546,
      3686,
      3694,
      3697,
      3761,
      3821,
      3915,
      3922,
      3986,
      4018,
      4033,
      4157,
      4174,
      4185,
      4256,
      4360,
      4466,
      4473,
      4512,
      4569,
      4591,
      4599
    ],
    "0": [
      51,
      65,
      116,
      137,
      154,
      185,
      241,
      280,
      336,
      476,
      595,
      686,
      694,
      718,
      811,
      825,
      866,
      968,
      1018,
      1026,
      1137,
      1167,
      1252,
      1354,
      1412,
      1550,
      1580,
      1588,
      1735,
      1765,
      1769,
      1781,
      1848,
      1880,
      2000,
      2001,
      2007,
      2018,
      2052,
      2076,
      2102,
      2186,
      2211,
      2254,
      2265,
      2269,
      2295,
      2299,
      2371,
      2397,
      2480,
      2511,
      2579,
      2594,
      2692,
      2722,
      2849,
      2862,
      2889,
      2924,
      2937,
      2947,
      3095,
      3129,
      3141,
      3234,
      3252,
      3256,
      3307,
      3375,
      3393,
      3395,
      3462,
      3552,
      3576,
      3581,
      3672,
      3698,
      3720,
      3730,
      3819,
      3837,
      3918,
      4015,
      4037,
      4041,
      4049,
      4105,
      4111,
      4170,
      4256,
      4268,
      4272,
      4289,
      4354,
      4372,
      4376,
      4406,
      4426
    ],