{
  "entry": "P0C1Z1",
  "entry_name": "YD24C_YEAST",
  "type": "CLM",
  "prompt": "MKRSYKTLPTYFFSFFGPFKERA",
  "k": 960,
  "original_sequence": "MKRSYKTLPTYFFSFFGPFKERAVFLLVL",
  "original_ll": -2.251246213912964,
  "original_perplexity": 9.499567031860352,
  "progen3_sequence": "MKRSYKTLPTYFFSFFGPFKERARASIEA",
  "progen3_ll": -2.7427008152008057,
  "progen3_perplexity": 15.528868675231934,
  "max_sequence": "MKRSYKTLPTYFFSFFGPFKERARRYQAR",
  "max_ll": -2.8916358947753906,
  "max_perplexity": 18.022769927978516,
  "max_kl": 0.0028126402758061886,
  "max_nmse": 0.003590676002204418,
  "base_sequence": "MKRSYKTLPTYFFSFFGPFKERAFNLNLA",
  "base_ll": -2.788315534591675,
  "base_perplexity": 16.253618240356445,
  "base_kl": 0.041629865765571594,
  "base_nmse": 0.09328345209360123,
  "recovered_sequence": "MKRSYKTLPTYFFSFFGPFKERARASEEA",
  "recovered_ll": -2.7401797771453857,
  "recovered_perplexity": 15.48976993560791,
  "recovered_kl": 0.005869410000741482,
  "recovered_nmse": 0.004965183325111866,
  "nodes": {
    "9": [
      12,
      162,
      184,
      263,
      359,
      381,
      407,
      538,
      734,
      746,
      758,
      760,
      763,
      767,
      868,
      957,
      967,
      991,
      1042,
      1080,
      1081,
      1092,
      1184,
      1251,
      1302,
      1306,
      1317,
      1438,
      1444,
      1491,
      1528,
      1530,
      1538,
      1560,
      1579,
      1713,
      1725,
      1735,
      1828,
      1844,
      1851,
      1942,
      1957,
      2001,
      2005,
      2105,
      2108,
      2143,
      2264,
      2283,
      2287,
      2360,
      2395,
      2423,
      2450,
      2510,
      2539,
      2642,
      2732,
      2787,
      2791,
      2812,
      2888,
      2941,
      3008,
      3050,
      3087,
      3162,
      3198,
      3199,
      3221,
      3372,
      3382,
      3465,
      3513,
      3526,
      3540,
      3551,
      3581,
      3624,
      3676,
      3695,
      3709,
      3765,
      3779,
      3802,
      3821,
      3836,
      3880,
      3932,
      3952,
      3965,
      3999,
      4103,
      4106,
      4129,
      4275,
      4350,
      4421,
      4482,
      4533,
      4544
    ],
    "8": [
      18,
      45,
      97,
      147,
      207,
      299,
      311,
      392,
      399,
      457,
      583,
      585,
      648,
      682,
      693,
      766,
      817,
      845,
      854,
      859,
      876,
      900,
      1004,
      1008,
      1136,
      1301,
      1306,
      1404,
      1408,
      1436,
      1444,
      1468,
      1482,
      1486,
      1535,
      1543,
      1548,
      1557,
      1560,
      1579,
      1632,
      1639,
      1664,
      1678,
      1687,
      1728,
      1744,
      1777,
      1838,
      1948,
      1954,
      1956,
      2106,
      2109,
      2112,
      2151,
      2185,
      2201,
      2262,
      2300,
      2344,
      2361,
      2388,
      2401,
      2468,
      2479,
      2536,
      2540,
      2567,
      2583,
      2596,
      2605,
      2619,
      2621,
      2743,
      2828,
      2928,
      2972,
      3005,
      3007,
      3042,
      3103,
      3200,
      3234,
      3236,
      3263,
      3268,
      3358,
      3396,
      3485,
      3567,
      3631,
      3645,
      3711,
      3849,
      3865,
      3880,
      3895,
      3989,
      4011,
      4041,
      4095,
      4118,
      4177,
      4184,
      4190,
      4294,
      4310,
      4391
    ],
    "7": [
      7,
      66,
      78,
      99,
      283,
      362,
      491,
      546,
      614,
      631,
      872,
      907,
      1010,
      1070,
      1256,
      1306,
      1382,
      1419,
      1454,
      1476,
      1520,
      1530,
      1544,
      1625,
      1709,
      1751,
      1784,
      1816,
      1824,
      1830,
      1906,
      1929,
      1958,
      1969,
      1976,
      2023,
      2089,
      2113,
      2227,
      2248,
      2263,
      2279,
      2288,
      2366,
      2433,
      2462,
      2476,
      2513,
      2517,
      2657,
      2733,
      2747,
      2770,
      2802,
      2832,
      2877,
      2998,
      3031,
      3057,
      3128,
      3135,
      3167,
      3251,
      3381,
      3389,
      3457,
      3487,
      3521,
      3576,
      3690,
      3760,
      3948,
      3950,
      4024,
      4055,
      4122,
      4130,
      4134,
      4166,
      4299,
      4589
    ],
    "5": [
      37,
      39,
      69,
      148,
      152,
      186,
      249,
      285,
      290,
      330,
      367,
      398,
      421,
      425,
      556,
      601,
      719,
      758,
      762,
      769,
      796,
      878,
      1031,
      1064,
      1066,
      1080,
      1119,
      1121,
      1161,
      1167,
      1239,
      1244,
      1249,
      1397,
      1463,
      1466,
      1484,
      1508,
      1524,
      1618,
      1680,
      1870,
      1936,
      1994,
      2023,
      2057,
      2102,
      2114,
      2213,
      2250,
      2278,
      2286,
      2321,
      2336,
      2415,
      2434,
      2540,
      2606,
      2675,
      2680,
      2747,
      2756,
      2777,
      2816,
      2831,
      3064,
      3139,
      3194,
      3228,
      3319,
      3521,
      3576,
      3654,
      3692,
      3710,
      3732,
      3745,
      3775,
      3791,
      3794,
      3810,
      3884,
      3943,
      3979,
      4066,
      4122,
      4150,
      4157,
      4159,
      4160,
      4166,
      4200,
      4208,
      4278,
      4280,
      4290,
      4354,
      4473
    ],
    "6": [
      85,
      167,
      187,
      209,
      329,
      398,
      504,
      520,
      527,
      763,
      847,
      889,
      947,
      954,
      960,
      981,
      1115,
      1154,
      1212,
      1225,
      1284,
      1346,
      1421,
      1482,
      1508,
      1607,
      1627,
      1648,
      1696,
      1699,
      1701,
      1704,
      1708,
      1718,
      1766,
      1954,
      1969,
      1987,
      2034,
      2039,
      2094,
      2221,
      2236,
      2350,
      2389,
      2436,
      2460,
      2495,
      2496,
      2721,
      2740,
      2763,
      2790,
      2826,
      2874,
      2989,
      3136,
      3190,
      3201,
      3258,
      3340,
      3396,
      3459,
      3509,
      3546,
      3593,
      3669,
      3697,
      3760,
      3819,
      3834,
      3869,
      3872,
      3948,
      4028,
      4235,
      4334,
      4354,
      4441,
      4512,
      4529,
      4569,
      4581,
      4598
    ],
    "4": [
      49,
      82,
      115,
      232,
      332,
      404,
      430,
      472,
      474,
      522,
      544,
      654,
      674,
      680,
      751,
      803,
      819,
      897,
      908,
      984,
      1102,
      1126,
      1235,
      1295,
      1350,
      1379,
      1395,
      1448,
      1466,
      1513,
      1574,
      1658,
      1804,
      1805,
      1923,
      2005,
      2193,
      2224,
      2247,
      2490,
      2543,
      2567,
      2629,
      2652,
      2726,
      2799,
      2822,
      2870,
      2910,
      3061,
      3068,
      3112,
      3165,
      3214,
      3221,
      3232,
      3244,
      3369,
      3387,
      3438,
      3440,
      3443,
      3464,
      3512,
      3519,
      3594,
      3597,
      3677,
      3714,
      3811,
      3940,
      3952,
      3969,
      4015,
      4021,
      4134,
      4173,
      4221,
      4263,
      4309,
      4342,
      4359,
      4382,
      4440,
      4449,
      4490,
      4502,
      4515,
      4584
    ],