{
  "entry": "P0CH89",
  "entry_name": "HUGA_VESMC",
  "type": "CLM",
  "prompt": "DRCIWPKEGFSIYWNIPTHFCHNF",
  "k": 960,
  "original_sequence": "DRCIWPKEGFSIYWNIPTHFCHNFGVYFKEL",
  "original_ll": -2.8630921840667725,
  "original_perplexity": 17.51560401916504,
  "progen3_sequence": "DRCIWPKEGFSIYWNIPTHFCHNFHPGELAV",
  "progen3_ll": -2.7993152141571045,
  "progen3_perplexity": 16.43338966369629,
  "max_sequence": "DRCIWPKEGFSIYWNIPTHFCHNFIALTLDR",
  "max_ll": -2.7722184658050537,
  "max_perplexity": 15.994077682495117,
  "max_kl": 0.0017792462604120374,
  "max_nmse": 0.004664345178753138,
  "base_sequence": "DRCIWPKEGFSIYWNIPTHFCHNFFTLVTVI",
  "base_ll": -2.8944239616394043,
  "base_perplexity": 18.07308578491211,
  "base_kl": 0.05775366351008415,
  "base_nmse": 0.09562145173549652,
  "recovered_sequence": "DRCIWPKEGFSIYWNIPTHFCHNFVPGELAV",
  "recovered_ll": -2.7569854259490967,
  "recovered_perplexity": 15.75228500366211,
  "recovered_kl": 0.0024195658043026924,
  "recovered_nmse": 0.002749157603830099,
  "nodes": {
    "9": [
      12,
      34,
      80,
      184,
      350,
      381,
      407,
      466,
      473,
      497,
      734,
      746,
      760,
      763,
      870,
      957,
      967,
      1036,
      1042,
      1073,
      1080,
      1093,
      1176,
      1184,
      1196,
      1251,
      1302,
      1306,
      1307,
      1491,
      1569,
      1579,
      1584,
      1725,
      1735,
      1828,
      1832,
      1844,
      1851,
      1888,
      1957,
      2005,
      2094,
      2105,
      2177,
      2264,
      2275,
      2283,
      2360,
      2395,
      2450,
      2642,
      2732,
      2763,
      2765,
      2787,
      2791,
      2804,
      3040,
      3050,
      3069,
      3087,
      3101,
      3198,
      3199,
      3221,
      3310,
      3372,
      3381,
      3382,
      3407,
      3513,
      3526,
      3538,
      3540,
      3624,
      3676,
      3695,
      3709,
      3765,
      3779,
      3802,
      3808,
      3821,
      3832,
      3952,
      3965,
      3999,
      4038,
      4103,
      4129,
      4250,
      4419,
      4482,
      4514,
      4544,
      4603
    ],
    "8": [
      94,
      137,
      240,
      301,
      392,
      457,
      583,
      737,
      817,
      835,
      900,
      949,
      1013,
      1136,
      1152,
      1197,
      1201,
      1272,
      1301,
      1306,
      1408,
      1468,
      1486,
      1535,
      1557,
      1664,
      1678,
      1730,
      1757,
      1777,
      1778,
      1804,
      1838,
      1848,
      1862,
      1867,
      1870,
      1954,
      2054,
      2069,
      2077,
      2109,
      2112,
      2122,
      2140,
      2151,
      2201,
      2215,
      2271,
      2401,
      2479,
      2527,
      2564,
      2567,
      2596,
      2605,
      2619,
      2621,
      2695,
      2727,
      2898,
      2903,
      2917,
      3007,
      3042,
      3106,
      3107,
      3145,
      3248,
      3257,
      3358,
      3449,
      3490,
      3551,
      3567,
      3631,
      3659,
      3711,
      3865,
      3880,
      3906,
      3960,
      3979,
      4011,
      4167,
      4184,
      4275,
      4294,
      4310,
      4364,
      4391,
      4534,
      4546
    ],
    "0": [
      2,
      15,
      27,
      73,
      85,
      116,
      133,
      154,
      185,
      195,
      204,
      211,
      229,
      275,
      405,
      456,
      465,
      510,
      519,
      538,
      566,
      568,
      596,
      597,
      612,
      620,
      648,
      656,
      710,
      733,
      771,
      796,
      811,
      815,
      831,
      845,
      875,
      892,
      933,
      957,
      972,
      973,
      990,
      994,
      1008,
      1017,
      1026,
      1071,
      1141,
      1144,
      1174,
      1198,
      1207,
      1239,
      1253,
      1265,
      1286,
      1297,
      1394,
      1408,
      1410,
      1412,
      1455,
      1486,
      1544,
      1624,
      1638,
      1639,
      1649,
      1652,
      1683,
      1702,
      1735,
      1759,
      1760,
      1770,
      1875,
      1883,
      1911,
      1934,
      1987,
      2064,
      2089,
      2155,
      2172,
      2175,
      2200,
      2227,
      2306,
      2313,
      2387,
      2425,
      2443,
      2463,
      2470,
      2524,
      2579,
      2587,
      2588,
      2595,
      2597,
      2673,
      2694,
      2744,
      2806,
      2809,
      2836,
      2844,
      2980,
      2984,
      3009,
      3016,
      3057,
      3109,
      3155,
      3190,
      3278,
      3293,
      3313,
      3343,
      3368,
      3421,
      3487,
      3512,
      3536,
      3573,
      3574,
      3576,
      3581,
      3587,
      3601,
      3644,
      3655,
      3697,
      3751,
      3754,
      3766,
      3780,
      3792,
      3798,
      3829,
      3839,
      4026,
      4041,
      4052,
      4077,
      4118,
      4184,
      4195,
      4234,
      4244,
      4245,
      4250,
      4270,
      4272,
      4297,
      4310,
      4333,
      4351,
      4366,
      4372,
      4373,
      4422,
      4426,
      4466,
      4475,
      4488,
      4491,
      4530,
      4534,
      4574,
      4596
    ],
    "7": [
      7,
      33,
      34,
      66,
      78,
      230,
      283,
      345,
      362,
      450,
      482,
      491,
      509,
      535,
      553,
      631,
      872,
      889,
      907,
      977,
      1010,
      1070,
      1126,
      1128,
      1140,
      1151,
      1256,
      1338,
      1454,
      1489,
      1510,
      1520,
      1544,
      1625,
      1709,
      1751,
      1816,
      1824,
      1830,
      1929,
      1958,
      1969,
      1973,
      2035,
      2113,
      2147,
      2227,
      2263,
      2279,
      2403,
      2440,
      2476,
      2477,
      2488,
      2491,
      2517,
      2595,
      2681,
      2733,
      2747,
      2802,
      2877,
      2891,
      2903,
      2922,
      2998,
      3135,
      3227,
      3251,
      3353,
      3389,
      3487,
      3541,
      3576,
      3588,
      3599,
      3601,
      3690,
      3701,
      3825,
      3866,
      3898,
      3948,
      3950,
      4024,
      4055,
      4063,
      4130,
      4134,
      4158,
      4159,
      4183,
      4254,
      4331,
      4357,
      4421,
      4563,
      4564,
      4578
    ],
    "6": [
      56,
      167,
      308,
      329,
      335,
      394,
      447,
      507,
      520,
      524,
      559,
      609,
      697,
      844,
      860,
      889,
      891,
      898,
      947,
      954,
      1137,
      1154,
      1213,
      1247,
      1346,
      1388,
      1467,
      1580,
      1584,
      1605,
      1607,
      1627,
      1657,
      1687,
      1692,
      1699,
      1792,
      1858,
      1873,
      1954,
      1987,
      1990,
      2012,
      2072,
      2092,
      2139,
      2158,
      2181,
      2236,
      2260,
      2389,
      2420,
      2439,
      2460,
      2495,
      2496,
      2569,
      2615,
      2621,
      2723,
      2726,
      2727,
      2740,
      2763,
      2802,
      2848,
      2874,
      2964,
      2989,
      3136,
      3167,
      3221,
      3396,
      3459,
      3473,
      3509,
      3593,
      3679,
      3697,
      3705,
      3716,
      3760,
      3761,
      3764,
      3785,
      3809,
      3819,
      3835,
      3915,
      3948,
      4053,
      4069,
      4133,
      4235,
      4335,
      4342,
      4400,
      4512,
      4529,
      4569
    ],