{
  "entry": "P0CJ23",
  "entry_name": "NPY2_CONBE",
  "type": "CLM",
  "prompt": "TVSDPPARPAVFHSREELMNYVRELNLYF",
  "k": 704,
  "original_sequence": "TVSDPPARPAVFHSREELMNYVRELNLYFAIVGRPRY",
  "original_ll": -2.8913683891296387,
  "original_perplexity": 18.017948150634766,
  "progen3_sequence": "TVSDPPARPAVFHSREELMNYVRELNLYFRALRADPG",
  "progen3_ll": -2.509645462036133,
  "progen3_perplexity": 12.300568580627441,
  "max_sequence": "TVSDPPARPAVFHSREELMNYVRELNLYFEENNERVE",
  "max_ll": -2.661626100540161,
  "max_perplexity": 14.31955623626709,
  "max_kl": 0.00275969784706831,
  "max_nmse": 0.0015771400649100542,
  "base_sequence": "TVSDPPARPAVFHSREELMNYVRELNLYFGETRDAET",
  "base_ll": -2.586779832839966,
  "base_perplexity": 13.286916732788086,
  "base_kl": 0.033002715557813644,
  "base_nmse": 0.03508380055427551,
  "recovered_sequence": "TVSDPPARPAVFHSREELMNYVRELNLYFRALVADPG",
  "recovered_ll": -2.569910764694214,
  "recovered_perplexity": 13.064658164978027,
  "recovered_kl": 0.005419182125478983,
  "recovered_nmse": 0.00160786765627563,
  "nodes": {
    "9": [
      12,
      52,
      162,
      381,
      407,
      466,
      473,
      538,
      545,
      555,
      603,
      654,
      734,
      746,
      758,
      760,
      957,
      967,
      1073,
      1080,
      1086,
      1092,
      1093,
      1176,
      1184,
      1190,
      1217,
      1219,
      1251,
      1302,
      1307,
      1312,
      1313,
      1333,
      1352,
      1491,
      1528,
      1530,
      1560,
      1579,
      1648,
      1725,
      1783,
      1798,
      1828,
      1832,
      1844,
      1851,
      1942,
      1957,
      2005,
      2046,
      2094,
      2105,
      2143,
      2185,
      2191,
      2256,
      2264,
      2275,
      2283,
      2360,
      2441,
      2511,
      2514,
      2592,
      2642,
      2664,
      2697,
      2732,
      2736,
      2763,
      2787,
      2791,
      2804,
      2858,
      2888,
      3004,
      3037,
      3040,
      3050,
      3087,
      3198,
      3199,
      3310,
      3372,
      3382,
      3407,
      3420,
      3504,
      3513,
      3526,
      3538,
      3540,
      3581,
      3624,
      3676,
      3695,
      3709,
      3779,
      3802,
      3821,
      3882,
      3952,
      3965,
      3999,
      4038,
      4103,
      4106,
      4129,
      4250,
      4275,
      4284,
      4288,
      4350,
      4370,
      4419,
      4421,
      4464,
      4482,
      4533,
      4544,
      4603
    ],
    "8": [
      263,
      318,
      392,
      394,
      426,
      457,
      487,
      583,
      585,
      599,
      817,
      835,
      900,
      907,
      1064,
      1306,
      1400,
      1404,
      1408,
      1417,
      1468,
      1495,
      1535,
      1557,
      1664,
      1676,
      1678,
      1687,
      1715,
      1756,
      1757,
      1777,
      1839,
      1866,
      1867,
      1890,
      1967,
      2004,
      2030,
      2032,
      2077,
      2112,
      2151,
      2201,
      2203,
      2256,
      2344,
      2400,
      2401,
      2479,
      2499,
      2527,
      2567,
      2590,
      2596,
      2605,
      2621,
      2695,
      2729,
      2917,
      2945,
      2949,
      3009,
      3042,
      3143,
      3146,
      3170,
      3236,
      3257,
      3263,
      3308,
      3358,
      3567,
      3653,
      3659,
      3711,
      3741,
      3779,
      3849,
      3865,
      3880,
      3895,
      3956,
      3960,
      4010,
      4094,
      4118,
      4184,
      4212,
      4294,
      4310,
      4391,
      4534,
      4569
    ],
    "7": [
      7,
      66,
      72,
      78,
      230,
      248,
      283,
      323,
      372,
      375,
      466,
      482,
      491,
      589,
      592,
      631,
      682,
      766,
      872,
      889,
      907,
      914,
      968,
      1010,
      1059,
      1244,
      1256,
      1366,
      1454,
      1483,
      1489,
      1520,
      1544,
      1578,
      1625,
      1634,
      1709,
      1751,
      1816,
      1824,
      1826,
      1846,
      1929,
      1969,
      2113,
      2227,
      2254,
      2263,
      2428,
      2476,
      2513,
      2517,
      2657,
      2733,
      2747,
      2802,
      2877,
      2915,
      2998,
      3022,
      3128,
      3135,
      3149,
      3251,
      3457,
      3487,
      3676,
      3810,
      3942,
      3948,
      4024,
      4055,
      4130,
      4254,
      4287,
      4578,
      4598
    ],
    "0": [
      51,
      80,
      185,
      247,
      327,
      345,
      406,
      459,
      482,
      510,
      596,
      634,
      656,
      702,
      703,
      762,
      817,
      933,
      1017,
      1031,
      1052,
      1113,
      1119,
      1387,
      1460,
      1478,
      1557,
      1567,
      1648,
      1653,
      1659,
      1775,
      1777,
      1780,
      1861,
      1878,
      1911,
      1934,
      1978,
      2022,
      2038,
      2148,
      2150,
      2186,
      2196,
      2252,
      2308,
      2333,
      2335,
      2511,
      2536,
      2694,
      2727,
      2728,
      2741,
      2757,
      2782,
      2806,
      2867,
      2907,
      2968,
      2972,
      2987,
      3012,
      3072,
      3205,
      3321,
      3387,
      3405,
      3493,
      3542,
      3573,
      3576,
      3592,
      3601,
      3700,
      3751,
      3754,
      3780,
      3791,
      3840,
      3853,
      3870,
      3963,
      4117,
      4118,
      4152,
      4163,
      4240,
      4250,
      4272,
      4366,
      4403,
      4478,
      4507,
      4596
    ],
    "6": [
      85,
      365,
      398,
      527,
      609,
      697,
      768,
      936,
      947,
      960,
      1060,
      1070,
      1085,
      1154,
      1346,
      1623,
      1648,
      1696,
      1987,
      2110,
      2194,
      2389,
      2460,
      2495,
      2496,
      2588,
      2656,
      2664,
      2733,
      2763,
      2874,
      2915,
      3136,
      3190,
      3301,
      3396,
      3509,
      3697,
      3786,
      3809,
      3876,
      4235,
      4371,
      4400,
      4494,
      4512,
      4529,
      4581
    ],
    "1": [
      25,
      156,
      205,
      241,
      270,
      419,
      430,
      594,
      634,
      672,
      691,
      808,
      813,
      823,
      1045,
      1046,
      1371,
      1566,
      1616,
      1663,
      1675,
      1725,
      1802,
      1825,
      1850,
      1880,
      1934,
      2175,
      2299,
      2442,
      2458,
      2467,
      2644,
      2648,
      2730,
      2739,
      2778,
      2789,
      2847,
      2918,
      3011,
      3035,
      3040,
      3082,
      3174,
      3184,
      3192,
      3202,
      3347,
      3357,
      3375,
      3400,
      3410,
      3443,
      3483,
      3496,
      3509,
      3657,
      3659,
      3674,
      3680,
      3693,
      3706,
      3723,
      3755,
      3825,
      3939,
      4035,
      4073,
      4129,
      4181,
      4359,
      4509,
      4554,
      4592
    ],
    "5": [
      285,
      330,
      343,
      410,
      414,
      464,
      470,
      540,
      691,
      735,
      761,
      1031,
      1078,
      1127,
      1249,
      1434,
      1906,
      1983,
      2118,
      2148,
      2186,
      2188,
      2240,
      2418,
      2540,
      2575,
      2629,
      2643,
      2652,
      2675,
      2798,
      2879,
      2965,
      3056,
      3064,
      3235,
      3291,
      3414,
      3587,
      3654,
      3710,
      3745,
      3775,
      3950,
      3961,
      3977,
      4153,
      4193,
      4208,
      4245,
      4337,
      4371,
      4395,
      4418,
      4585
    ],