{
  "entry": "P0DJI4",
  "entry_name": "INCE_CHLTR",
  "type": "CLM",
  "prompt": "MECVKQLCRNHLCLDSLTGPVRSVLTQGTTAEKVQLVVSCLGVVCSIICLALGIAAAAVGVSCSGFAIGLGVIAILLGIVLFAISALDVLEDHGLVGCPFKLPCK",
  "k": 64,
  "original_sequence": "MECVKQLCRNHLCLDSLTGPVRSVLTQGTTAEKVQLVVSCLGVVCSIICLALGIAAAAVGVSCSGFAIGLGVIAILLGIVLFAISALDVLEDHGLVGCPFKLPCKSSPANEPTVQFFKGKNGSADKVILVTQ",
  "original_ll": -2.9380300045013428,
  "original_perplexity": 18.878620147705078,
  "progen3_sequence": "MECVKQLCRNHLCLDSLTGPVRSVLTQGTTAEKVQLVVSCLGVVCSIICLALGIAAAAVGVSCSGFAIGLGVIAILLGIVLFAISALDVLEDHGLVGCPFKLPCKDGCLYGGRCICPKRGR",
  "progen3_ll": -2.641211748123169,
  "progen3_perplexity": 14.030194282531738,
  "max_sequence": "MECVKQLCRNHLCLDSLTGPVRSVLTQGTTAEKVQLVVSCLGVVCSIICLALGIAAAAVGVSCSGFAIGLGVIAILLGIVLFAISALDVLEDHGLVGCPFKLPCKRDAKDGVNRLCGKLPC",
  "max_ll": -2.881542921066284,
  "max_perplexity": 17.841779708862305,
  "max_kl": 0.010425225831568241,
  "max_nmse": 0.0025273552164435387,
  "base_sequence": "MECVKQLCRNHLCLDSLTGPVRSVLTQGTTAEKVQLVVSCLGVVCSIICLALGIAAAAVGVSCSGFAIGLGVIAILLGIVLFAISALDVLEDHGLVGCPFKLPCKLCFCCCCGCCCPDDICV",
  "base_ll": -2.7535126209259033,
  "base_perplexity": 15.697674751281738,
  "base_kl": 0.15767091512680054,
  "base_nmse": 0.3512555956840515,
  "recovered_sequence": "MECVKQLCRNHLCLDSLTGPVRSVLTQGTTAEKVQLVVSCLGVVCSIICLALGIAAAAVGVSCSGFAIGLGVIAILLGIVLFAISALDVLEDHGLVGCPFKLPCKDGCLTEKRCICPKRG",
  "recovered_ll": -2.7291767597198486,
  "recovered_perplexity": 15.320269584655762,
  "recovered_kl": 0.013241873122751713,
  "recovered_nmse": 0.018043242394924164,
  "nodes": {
    "9": [
      12,
      162,
      407,
      416,
      464,
      497,
      538,
      545,
      760,
      763,
      957,
      967,
      1042,
      1184,
      1302,
      1491,
      1530,
      1579,
      1828,
      1832,
      1835,
      1844,
      1851,
      1910,
      1942,
      1957,
      2005,
      2287,
      2732,
      2787,
      2809,
      2975,
      2983,
      3006,
      3050,
      3187,
      3199,
      3382,
      3399,
      3540,
      3624,
      3779,
      3802,
      3821,
      3999,
      4475,
      4482,
      4526,
      4544
    ],
    "7": [
      66,
      701,
      734,
      1454,
      1824,
      2816,
      3135,
      3316,
      3389,
      4055
    ],
    "8": [
      1136,
      2621,
      4471
    ],
    "4": [
      4222
    ],
    "6": [
      1959
    ]
  }
}
