{
  "entry": "P0DMM4",
  "entry_name": "Y572A_MYCTU",
  "type": "CLM",
  "prompt": "MAADPQCTRCKQTIEPGWLYITAHRRGQAGIVDDGAVLIHVPGE",
  "k": 1000,
  "original_sequence": "MAADPQCTRCKQTIEPGWLYITAHRRGQAGIVDDGAVLIHVPGECPHPGEHVPRS",
  "original_ll": -2.8811235427856445,
  "original_perplexity": 17.834299087524414,
  "progen3_sequence": "MAADPQCTRCKQTIEPGWLYITAHRRGQAGIVDDGAVLIHVPGEGEPARIPIPAD",
  "progen3_ll": -2.5320732593536377,
  "progen3_perplexity": 12.579560279846191,
  "max_sequence": "MAADPQCTRCKQTIEPGWLYITAHRRGQAGIVDDGAVLIHVPGEAEGLAITEAAL",
  "max_ll": -2.489243268966675,
  "max_perplexity": 12.052152633666992,
  "max_kl": 0.004803402815014124,
  "max_nmse": 0.003037520684301853,
  "base_sequence": "MAADPQCTRCKQTIEPGWLYITAHRRGQAGIVDDGAVLIHVPGEPPLVVLAPAPQ",
  "base_ll": -2.5744028091430664,
  "base_perplexity": 13.123477935791016,
  "base_kl": 0.047608789056539536,
  "base_nmse": 0.2147909551858902,
  "recovered_sequence": "MAADPQCTRCKQTIEPGWLYITAHRRGQAGIVDDGAVLIHVPGEGEPARIPIPAD",
  "recovered_ll": -2.5320732593536377,
  "recovered_perplexity": 12.579560279846191,
  "recovered_kl": 0.0072175576351583,
  "recovered_nmse": 0.003832726739346981,
  "nodes": {
    "9": [
      12,
      27,
      52,
      80,
      89,
      101,
      162,
      185,
      284,
      407,
      414,
      429,
      447,
      452,
      466,
      497,
      498,
      506,
      538,
      545,
      622,
      654,
      675,
      703,
      706,
      734,
      746,
      760,
      810,
      828,
      830,
      949,
      956,
      957,
      967,
      981,
      1004,
      1036,
      1048,
      1073,
      1086,
      1093,
      1141,
      1184,
      1187,
      1233,
      1251,
      1271,
      1302,
      1306,
      1307,
      1346,
      1352,
      1400,
      1483,
      1491,
      1554,
      1579,
      1584,
      1633,
      1665,
      1768,
      1783,
      1828,
      1835,
      1844,
      1851,
      1893,
      1946,
      1957,
      2005,
      2067,
      2094,
      2105,
      2191,
      2196,
      2264,
      2283,
      2287,
      2324,
      2417,
      2423,
      2427,
      2438,
      2465,
      2467,
      2510,
      2511,
      2514,
      2592,
      2637,
      2664,
      2704,
      2719,
      2732,
      2768,
      2787,
      2788,
      2791,
      2809,
      2817,
      2837,
      2865,
      2892,
      2941,
      2943,
      2975,
      2982,
      3021,
      3028,
      3037,
      3050,
      3122,
      3162,
      3187,
      3198,
      3199,
      3284,
      3309,
      3310,
      3314,
      3338,
      3340,
      3353,
      3372,
      3382,
      3408,
      3421,
      3480,
      3513,
      3540,
      3573,
      3624,
      3649,
      3672,
      3676,
      3695,
      3723,
      3765,
      3779,
      3796,
      3802,
      3821,
      3851,
      3873,
      3952,
      3965,
      3999,
      4062,
      4076,
      4079,
      4103,
      4129,
      4157,
      4190,
      4250,
      4307,
      4475,
      4482,
      4490,
      4526,
      4544,
      4558,
      4603
    ],
    "5": [
      31,
      32,
      41,
      69,
      117,
      152,
      160,
      197,
      207,
      231,
      256,
      271,
      288,
      362,
      386,
      387,
      405,
      418,
      419,
      428,
      438,
      439,
      495,
      540,
      578,
      580,
      608,
      735,
      758,
      774,
      858,
      1031,
      1042,
      1050,
      1102,
      1114,
      1125,
      1127,
      1195,
      1273,
      1329,
      1434,
      1712,
      1720,
      1976,
      2110,
      2139,
      2186,
      2189,
      2278,
      2294,
      2414,
      2566,
      2588,
      2611,
      2643,
      2692,
      2746,
      2777,
      2879,
      2881,
      2957,
      2981,
      3009,
      3081,
      3097,
      3130,
      3145,
      3228,
      3341,
      3343,
      3414,
      3512,
      3590,
      3659,
      3692,
      3710,
      3794,
      3893,
      3983,
      4066,
      4077,
      4137,
      4181,
      4190,
      4285,
      4348,
      4427,
      4470,
      4497,
      4516,
      4525
    ],
    "8": [
      109,
      114,
      188,
      194,
      240,
      392,
      394,
      583,
      597,
      628,
      638,
      754,
      756,
      798,
      800,
      817,
      832,
      835,
      843,
      900,
      949,
      999,
      1013,
      1136,
      1156,
      1166,
      1197,
      1200,
      1258,
      1266,
      1306,
      1323,
      1335,
      1397,
      1400,
      1428,
      1501,
      1557,
      1603,
      1630,
      1664,
      1676,
      1678,
      1680,
      1687,
      1734,
      1775,
      1800,
      1842,
      1843,
      1848,
      1858,
      1867,
      1870,
      1890,
      1893,
      1942,
      1954,
      1976,
      1996,
      2030,
      2048,
      2054,
      2109,
      2112,
      2199,
      2201,
      2271,
      2286,
      2303,
      2329,
      2361,
      2400,
      2407,
      2433,
      2518,
      2567,
      2596,
      2600,
      2605,
      2621,
      2711,
      2729,
      2733,
      2817,
      2818,
      2849,
      2917,
      2931,
      2938,
      3009,
      3042,
      3046,
      3100,
      3102,
      3236,
      3248,
      3262,
      3263,
      3267,
      3298,
      3346,
      3358,
      3360,
      3422,
      3551,
      3631,
      3648,
      3653,
      3695,
      3698,
      3741,
      3756,
      3779,
      3849,
      3860,
      3862,
      3865,
      3914,
      3956,
      3957,
      3960,
      4009,
      4013,
      4030,
      4094,
      4109,
      4121,
      4201,
      4212,
      4232,
      4260,
      4290,
      4310,
      4355,
      4371,
      4403,
      4471,
      4526,
      4550,
      4569
    ],
    "7": [
      66,
      72,
      78,
      117,
      230,
      248,
      332,
      341,
      491,
      509,
      537,
      647,
      872,
      889,
      907,
      1010,
      1011,
      1151,
      1244,
      1256,
      1357,
      1454,
      1520,
      1544,
      1625,
      1675,
      1709,
      1751,
      1765,
      1816,
      1824,
      1826,
      1929,
      1969,
      2101,
      2227,
      2261,
      2263,
      2288,
      2534,
      2595,
      2747,
      2802,
      2819,
      2877,
      2922,
      3251,
      3295,
      3389,
      3487,
      3534,
      3567,
      3690,
      3711,
      3825,
      3948,
      4014,
      4055,
      4110,
      4130,
      4141,
      4152,
      4159,
      4312,
      4421,
      4578,
      4582
    ],
    "6": [
      13,
      18,
      59,
      85,
      167,
      315,
      324,
      329,
      391,
      394,
      398,
      507,
      762,
      860,
      947,
      954,
      960,
      1063,
      1070,
      1115,
      1137,
      1155,
      1222,
      1284,
      1305,
      1377,
      1418,
      1467,
      1549,
      1605,
      1613,
      1616,
      1785,
      1786,
      1873,
      1954,
      1979,
      1987,
      2136,
      2210,
      2260,
      2271,
      2297,
      2303,
      2389,
      2411,
      2460,
      2495,
      2569,
      2584,
      2635,
      2664,
      2689,
      2717,
      2802,
      2848,
      2874,
      2891,
      2897,
      2920,
      2941,
      2961,
      2989,
      3020,
      3091,
      3213,
      3231,
      3263,
      3281,
      3312,
      3396,
      3459,
      3509,
      3601,
      3701,
      3764,
      4053,
      4090,
      4192,
      4216,
      4235,
      4304,
      4335,
      4389,
      4400,
      4426,
      4476,
      4529,
      4532,
      4581
    ],