{
  "entry": "P0DQA6",
  "entry_name": "TXC1A_SCOMO",
  "type": "GLM_2",
  "prompt": "MKCAIVTVITLFICSLIYSVETEEENHLAIPEDPYPTLPLRNYSCNNMACPIKHICGCMPTPITPETPFRDLDCGCYHEFDMMPVCAD[GLM]56-88-32",
  "k": 96,
  "original_sequence": "MKCAIVTVITLFICSLIYSVETEEENHLAIPEDPYPTLPLRNYSCNNMACPIKHICGCMPTPITPETPFRDLDCGCYHEFDMMPVCAD",
  "original_ll": -3.011230707168579,
  "original_perplexity": 20.312381744384766,
  "progen3_sequence": "MKCAIVTVITLFICSLIYSVETEEENHLAIPEDPYPTLPLRNYSCNNMACPIKHICAYEKKIDEVFYWKTSSEPWKFTYERKTFTRPY",
  "progen3_ll": -2.943112850189209,
  "progen3_perplexity": 18.974821090698242,
  "max_sequence": "MKCAIVTVITLFICSLIYSVETEEENHLAIPEDPYPTLPLRNYSCNNMACPIKHICEKNQNQKMIYLKVVEDEYCNYSYEKANESKGI",
  "max_ll": -2.894260883331299,
  "max_perplexity": 18.070140838623047,
  "max_kl": 0.10464785993099213,
  "max_nmse": 0.020141715183854103,
  "base_sequence": "MKCAIVTVITLFICSLIYSVETEEENHLAIPEDPYPTLPLRNYSCNNMACPIKHICKEYFYNMENYYKKMMYMMCKYYYNKNYYMKKY",
  "base_ll": -2.893174409866333,
  "base_perplexity": 18.050518035888672,
  "base_kl": 0.7004951238632202,
  "base_nmse": 1.5349819660186768,
  "recovered_sequence": "MKCAIVTVITLFICSLIYSVETEEENHLAIPEDPYPTLPLRNYSCNNMACPIKHICNDEKKIIEYIKIKYMSEPIKFYYYKKYETCNY",
  "recovered_ll": -2.775092601776123,
  "recovered_perplexity": 16.040111541748047,
  "recovered_kl": 0.29098570346832275,
  "recovered_nmse": 0.1380583941936493,
  "nodes": {
    "9": [
      12,
      34,
      162,
      407,
      413,
      497,
      538,
      545,
      703,
      727,
      734,
      749,
      760,
      957,
      967,
      1036,
      1143,
      1184,
      1251,
      1466,
      1491,
      1579,
      1584,
      1828,
      1832,
      1844,
      1851,
      1957,
      2005,
      2067,
      2105,
      2177,
      2213,
      2287,
      2360,
      2637,
      2642,
      2732,
      2763,
      2787,
      2809,
      2975,
      2983,
      3050,
      3101,
      3105,
      3162,
      3199,
      3381,
      3382,
      3505,
      3513,
      3540,
      3579,
      3624,
      3637,
      3723,
      3779,
      3802,
      3821,
      3965,
      3999,
      4103,
      4250,
      4353,
      4419,
      4526,
      4544,
      4603
    ],
    "7": [
      66,
      1454,
      1625,
      1765,
      3227,
      3389,
      4055,
      4063,
      4564
    ],
    "8": [
      800,
      1136,
      1258,
      1954,
      2853,
      3360,
      4471,
      4594
    ],
    "5": [
      2596,
      3223,
      4348
    ],
    "4": [
      388,
      829,
      3989
    ],
    "3": [
      3680
    ],
    "6": [
      947,
      2260
    ],
    "0": [
      3536
    ]
  }
}
