{
  "entry": "P0DQG5",
  "entry_name": "TXGBA_ETHRU",
  "type": "CLM",
  "prompt": "MKSWTAAVLSLGLIYLSISQNEGATTEFPTMNYEGRCALDMFTLIEVGDTFNYRHACLSYTCMKRDETFYVQVHTCDAPHFENVTSGMICNFTPP",
  "k": 1000,
  "original_sequence": "MKSWTAAVLSLGLIYLSISQNEGATTEFPTMNYEGRCALDMFTLIEVGDTFNYRHACLSYTCMKRDETFYVQVHTCDAPHFENVTSGMICNFTPPTTGNFPDCCLKVNCIAHLNHTSAN",
  "original_ll": -2.985691785812378,
  "original_perplexity": 19.800195693969727,
  "progen3_sequence": "MKSWTAAVLSLGLIYLSISQNEGATTEFPTMNYEGRCALDMFTLIEVGDTFNYRHACLSYTCMKRDETFYVQVHTCDAPHFENVTSGMICNFTPPAGETSVGTTVESSYLDEEAGTWYI",
  "progen3_ll": -2.7489564418792725,
  "progen3_perplexity": 15.62631607055664,
  "max_sequence": "MKSWTAAVLSLGLIYLSISQNEGATTEFPTMNYEGRCALDMFTLIEVGDTFNYRHACLSYTCMKRDETFYVQVHTCDAPHFENVTSGMICNFTPPAEVESSTVLYNVGTSLFYGPYIVF",
  "max_ll": -2.87178111076355,
  "max_perplexity": 17.668458938598633,
  "max_kl": 0.0035958108492195606,
  "max_nmse": 0.003011360066011548,
  "base_sequence": "MKSWTAAVLSLGLIYLSISQNEGATTEFPTMNYEGRCALDMFTLIEVGDTFNYRHACLSYTCMKRDETFYVQVHTCDAPHFENVTSGMICNFTPPKPIMVSDQVSTCVCTFDVTCFIGY",
  "base_ll": -3.016078233718872,
  "base_perplexity": 20.411087036132812,
  "base_kl": 0.06062626838684082,
  "base_nmse": 0.4593653380870819,
  "recovered_sequence": "MKSWTAAVLSLGLIYLSISQNEGATTEFPTMNYEGRCALDMFTLIEVGDTFNYRHACLSYTCMKRDETFYVQVHTCDAPHFENVTSGMICNFTPPAAETSVGTTVESSYLDEEAGTAYI",
  "recovered_ll": -2.774578094482422,
  "recovered_perplexity": 16.031862258911133,
  "recovered_kl": 0.006130061112344265,
  "recovered_nmse": 0.004059188533574343,
  "nodes": {
    "9": [
      12,
      52,
      80,
      127,
      139,
      162,
      407,
      413,
      425,
      429,
      466,
      497,
      537,
      538,
      545,
      734,
      749,
      760,
      840,
      957,
      967,
      1036,
      1049,
      1143,
      1176,
      1184,
      1233,
      1251,
      1302,
      1326,
      1443,
      1466,
      1491,
      1523,
      1554,
      1579,
      1584,
      1648,
      1650,
      1665,
      1672,
      1782,
      1828,
      1832,
      1835,
      1844,
      1851,
      1859,
      1875,
      1931,
      1942,
      1957,
      2005,
      2086,
      2105,
      2109,
      2134,
      2153,
      2177,
      2178,
      2213,
      2264,
      2287,
      2360,
      2376,
      2420,
      2423,
      2467,
      2548,
      2570,
      2592,
      2637,
      2642,
      2732,
      2763,
      2787,
      2809,
      2865,
      2874,
      2892,
      2975,
      2982,
      2983,
      3008,
      3050,
      3101,
      3105,
      3107,
      3162,
      3199,
      3284,
      3367,
      3381,
      3382,
      3505,
      3513,
      3540,
      3579,
      3624,
      3637,
      3695,
      3779,
      3802,
      3821,
      3873,
      3999,
      4031,
      4085,
      4103,
      4106,
      4146,
      4250,
      4353,
      4419,
      4468,
      4469,
      4475,
      4482,
      4488,
      4525,
      4526,
      4544,
      4603
    ],
    "7": [
      66,
      78,
      158,
      166,
      179,
      362,
      509,
      535,
      604,
      872,
      873,
      889,
      933,
      1010,
      1015,
      1151,
      1256,
      1338,
      1454,
      1510,
      1520,
      1544,
      1572,
      1625,
      1629,
      1643,
      1675,
      1709,
      1713,
      1751,
      1765,
      1816,
      1824,
      1830,
      1929,
      1931,
      1966,
      1969,
      2035,
      2147,
      2180,
      2227,
      2248,
      2261,
      2265,
      2279,
      2362,
      2396,
      2401,
      2476,
      2491,
      2595,
      2621,
      2746,
      2747,
      2786,
      2842,
      2877,
      2922,
      3029,
      3135,
      3159,
      3227,
      3347,
      3381,
      3389,
      3464,
      3487,
      3541,
      3576,
      3598,
      3601,
      3608,
      3622,
      3690,
      3711,
      3754,
      3760,
      3778,
      3825,
      3914,
      3948,
      3970,
      4055,
      4063,
      4110,
      4144,
      4195,
      4254,
      4317,
      4331,
      4421,
      4558,
      4564
    ],
    "8": [
      33,
      49,
      50,
      97,
      114,
      125,
      129,
      155,
      221,
      234,
      240,
      274,
      319,
      323,
      372,
      434,
      528,
      543,
      567,
      583,
      584,
      609,
      611,
      628,
      638,
      649,
      726,
      745,
      746,
      749,
      798,
      800,
      811,
      813,
      879,
      906,
      938,
      999,
      1033,
      1083,
      1108,
      1136,
      1159,
      1183,
      1192,
      1200,
      1201,
      1214,
      1252,
      1258,
      1272,
      1286,
      1291,
      1356,
      1397,
      1428,
      1511,
      1535,
      1549,
      1581,
      1623,
      1692,
      1734,
      1744,
      1747,
      1757,
      1781,
      1800,
      1842,
      1843,
      1890,
      1919,
      1920,
      1946,
      1954,
      1976,
      2023,
      2054,
      2078,
      2109,
      2111,
      2112,
      2119,
      2122,
      2151,
      2152,
      2199,
      2201,
      2230,
      2302,
      2303,
      2317,
      2329,
      2356,
      2361,
      2401,
      2475,
      2552,
      2560,
      2578,
      2596,
      2605,
      2621,
      2671,
      2689,
      2727,
      2753,
      2760,
      2790,
      2829,
      2840,
      2853,
      2917,
      2924,
      2934,
      2948,
      2959,
      2986,
      3001,
      3015,
      3019,
      3024,
      3037,
      3098,
      3159,
      3259,
      3262,
      3316,
      3360,
      3415,
      3422,
      3426,
      3463,
      3464,
      3500,
      3524,
      3600,
      3653,
      3803,
      3809,
      3846,
      3849,
      3865,
      3900,
      3960,
      4013,
      4121,
      4161,
      4163,
      4167,
      4234,
      4247,
      4250,
      4276,
      4290,
      4294,
      4310,
      4338,
      4355,
      4364,
      4371,
      4409,
      4471,
      4481,
      4487,
      4488,
      4509,
      4534,
      4546,
      4585,
      4594
    ],
    "6": [
      13,
      18,
      32,
      299,
      329,
      391,
      394,
      413,
      447,
      484,
      507,
      520,
      527,
      576,
      756,
      762,
      797,
      860,
      947,
      954,
      960,
      973,
      1050,
      1137,
      1154,
      1284,
      1292,
      1382,
      1410,
      1467,
      1478,
      1504,
      1546,
      1584,
      1592,
      1613,
      1657,
      1699,
      1701,
      1718,
      1766,
      1785,
      1804,
      1954,
      1987,
      2013,
      2089,
      2092,
      2136,
      2179,
      2207,
      2260,
      2271,
      2297,
      2327,
      2389,
      2426,
      2455,
      2460,
      2488,
      2556,
      2592,
      2614,
      2625,
      2664,
      2689,
      2717,
      2794,
      2874,
      2924,
      2961,
      2975,
      2989,
      3016,
      3154,
      3173,
      3459,
      3473,
      3509,
      3539,
      3586,
      3628,
      3679,
      3701,
      3869,
      3880,
      3948,
      3981,
      4021,
      4098,
      4100,
      4138,
      4139,
      4192,
      4335,
      4400,
      4441,
      4486,
      4501,
      4513,
      4529,
      4534,
      4537,
      4581,
      4587,
      4601
    ],