{
  "entry": "P11698",
  "entry_name": "GGI2_STAHA",
  "type": "GLM_2",
  "prompt": "MEKIANAVKSAIEAGQNQDWTKLGTSILDIVSNGVTELSKIFGF[GLM]15-42-27",
  "k": 544,
  "original_sequence": "MEKIANAVKSAIEAGQNQDWTKLGTSILDIVSNGVTELSKIFGF",
  "original_ll": -2.830639123916626,
  "original_perplexity": 16.956295013427734,
  "progen3_sequence": "MEKIANAVKSAIEAGFIESGVIIDKLMIVNNMIINENEVINKGF",
  "progen3_ll": -2.7921905517578125,
  "progen3_perplexity": 16.316722869873047,
  "max_sequence": "MEKIANAVKSAIEAGNEDMQKVNNNLNNLQNESLDEDMDIQRGF",
  "max_ll": -2.855276107788086,
  "max_perplexity": 17.379236221313477,
  "max_kl": 0.03949088603258133,
  "max_nmse": 0.02055608294904232,
  "base_sequence": "MEKIANAVKSAIEAGIKVNKMILNYIMNNNMNNQNKMVYKNMGF",
  "base_ll": -2.9446139335632324,
  "base_perplexity": 19.003324508666992,
  "base_kl": 0.17038026452064514,
  "base_nmse": 0.28171202540397644,
  "recovered_sequence": "MEKIANAVKSAIEAGFIENFMIINKMMIVKKGIINENEFIVYGF",
  "recovered_ll": -2.9478442668914795,
  "recovered_perplexity": 19.06481170654297,
  "recovered_kl": 0.06577932089567184,
  "recovered_nmse": 0.06602871417999268,
  "nodes": {
    "9": [
      12,
      59,
      139,
      162,
      321,
      353,
      407,
      466,
      506,
      512,
      538,
      545,
      555,
      631,
      639,
      654,
      680,
      734,
      745,
      746,
      758,
      760,
      767,
      957,
      967,
      1025,
      1042,
      1073,
      1080,
      1081,
      1086,
      1092,
      1184,
      1190,
      1214,
      1251,
      1256,
      1302,
      1307,
      1320,
      1337,
      1374,
      1410,
      1476,
      1483,
      1491,
      1530,
      1537,
      1549,
      1560,
      1579,
      1648,
      1713,
      1725,
      1798,
      1827,
      1828,
      1832,
      1844,
      1851,
      1872,
      1931,
      1946,
      1957,
      2005,
      2029,
      2046,
      2105,
      2191,
      2256,
      2264,
      2423,
      2510,
      2511,
      2524,
      2559,
      2592,
      2642,
      2697,
      2732,
      2736,
      2785,
      2787,
      2791,
      2858,
      2865,
      2941,
      3008,
      3050,
      3134,
      3162,
      3198,
      3199,
      3245,
      3310,
      3314,
      3325,
      3341,
      3372,
      3382,
      3420,
      3422,
      3510,
      3513,
      3526,
      3540,
      3581,
      3624,
      3649,
      3676,
      3709,
      3779,
      3802,
      3821,
      3832,
      3854,
      3880,
      3881,
      3952,
      3965,
      3999,
      4062,
      4079,
      4106,
      4123,
      4129,
      4142,
      4232,
      4250,
      4260,
      4279,
      4288,
      4370,
      4419,
      4421,
      4439,
      4452,
      4469,
      4482,
      4526,
      4533,
      4544,
      4575,
      4603
    ],
    "8": [
      188,
      274,
      392,
      583,
      585,
      723,
      817,
      835,
      900,
      1108,
      1136,
      1258,
      1306,
      1398,
      1404,
      1408,
      1548,
      1557,
      1560,
      1632,
      1664,
      1678,
      1687,
      1757,
      1775,
      1777,
      1838,
      1842,
      1870,
      1914,
      2056,
      2077,
      2109,
      2112,
      2151,
      2183,
      2199,
      2201,
      2344,
      2401,
      2479,
      2567,
      2596,
      2605,
      2621,
      2635,
      2729,
      2917,
      2972,
      3102,
      3170,
      3236,
      3257,
      3259,
      3358,
      3360,
      3567,
      3631,
      3711,
      3779,
      3846,
      3849,
      3865,
      3895,
      4294,
      4310,
      4391,
      4471,
      4534,
      4546,
      4569
    ],
    "7": [
      7,
      11,
      58,
      66,
      230,
      330,
      372,
      491,
      592,
      631,
      642,
      647,
      715,
      872,
      889,
      893,
      907,
      914,
      968,
      1010,
      1059,
      1079,
      1100,
      1135,
      1256,
      1262,
      1366,
      1370,
      1419,
      1454,
      1496,
      1520,
      1544,
      1567,
      1625,
      1709,
      1716,
      1751,
      1758,
      1816,
      1824,
      1830,
      1929,
      1951,
      1969,
      2110,
      2227,
      2254,
      2261,
      2291,
      2299,
      2464,
      2476,
      2513,
      2685,
      2747,
      2802,
      2877,
      2878,
      2998,
      3022,
      3135,
      3216,
      3251,
      3270,
      3367,
      3381,
      3487,
      3690,
      3755,
      3760,
      3942,
      4045,
      4055,
      4104,
      4299,
      4421,
      4457,
      4509
    ],
    "6": [
      85,
      139,
      204,
      452,
      524,
      593,
      609,
      662,
      664,
      806,
      898,
      902,
      947,
      954,
      990,
      1085,
      1137,
      1154,
      1192,
      1388,
      1415,
      1584,
      1627,
      1641,
      1987,
      1990,
      2194,
      2236,
      2389,
      2460,
      2496,
      2508,
      2588,
      2596,
      2726,
      2740,
      2763,
      2874,
      3247,
      3292,
      3301,
      3375,
      3396,
      3419,
      3609,
      3697,
      3834,
      3897,
      4235,
      4425,
      4512,
      4598
    ],
    "4": [
      321,
      469,
      710,
      834,
      885,
      1041,
      1236,
      1302,
      1486,
      1572,
      1710,
      1885,
      1940,
      2230,
      2481,
      2490,
      2540,
      2605,
      2645,
      3226,
      3293,
      3675,
      3677,
      3811,
      3829,
      3852,
      4134,
      4253,
      4342
    ],
    "3": [
      223,
      234,
      545,
      766,
      1088,
      1110,
      1390,
      1477,
      1485,
      1542,
      1646,
      1732,
      1907,
      2058,
      2172,
      2404,
      2771,
      2891,
      2930,
      2945,
      3020,
      3210,
      3297,
      3503,
      3818,
      3951,
      4328,
      4432
    ],
    "5": [
      196,
      449,
      556,
      616,
      686,
      1078,
      1249,
      1371,
      1442,
      1446,
      1462,
      1500,
      1583,
      1847,
      1892,
      2020,
      2075,
      2118,
      2580,
      2777,
      2860,
      3058,
      3244,
      3263,
      3349,
      3381,
      3459,
      3526,
      3749,
      3775,
      4127,
      4200,
      4388,
      4420,
      4558,
      4602
    ],
    "0": [
      18,
      214,
      276,
      460,
      611,
      622,
      648,
      694,
      771,
      896,
      1026,
      1092,
      1297,
      1412,
      1483,
      1517,
      1521,
      1781,
      1890,
      1921,
      1924,
      2031,
      2032,
      2101,
      2102,
      2172,
      2195,
      2211,
      2254,
      2269,
      2273,
      2304,
      2313,
      2421,
      2511,
      2594,
      2658,
      2692,
      2722,
      2806,
      2917,
      2984,
      2991,
      3082,
      3129,
      3219,
      3379,
      3576,
      3616,
      3698,
      3714,
      3848,
      3891,
      3918,
      3974,
      4270,
      4360,
      4426,
      4458,
      4488,
      4585
    ],
    "1": [
      0,
      87,
      147,
      269,
      378,
      429,
      507,
      1076,
      1405,
      1492,
      1499,
      1840,
      2302,
      2324,
      2580,
      2616,
      3020,
      3202,
      3235,
      3474,
      3613,
      3649,
      3693,
      4058,
      4403
    ],
    "2": [
      219,
      591,
      1357,
      1873,
      2178,
      2199,
      2521,
      2526,
      2549,
      3166,
      3192,
      3712,
      3862,
      3902,
      4063,
      4081,
      4087,
      4264,
      4596
    ]
  }
}
