{
  "entry": "P14945",
  "entry_name": "LZ8_GANLU",
  "type": "CLM",
  "prompt": "MSDTALIFRLAWDVKKLSFDYTPNWGRGNPNNFIDTVTFPKVLTDKAYTYRVAVSGRNLGVKPSYAVESDGSQKVNFLEYNSGYGIAD",
  "k": 960,
  "original_sequence": "MSDTALIFRLAWDVKKLSFDYTPNWGRGNPNNFIDTVTFPKVLTDKAYTYRVAVSGRNLGVKPSYAVESDGSQKVNFLEYNSGYGIADTNTIQVFVVDPDTNNDFIIAQWN",
  "original_ll": -2.845266819000244,
  "original_perplexity": 17.20615005493164,
  "progen3_sequence": "MSDTALIFRLAWDVKKLSFDYTPNWGRGNPNNFIDTVTFPKVLTDKAYTYRVAVSGRNLGVKPSYAVESDGSQKVNFLEYNSGYGIADLTFGQIVLNNPKAVADYAVQIAN",
  "progen3_ll": -2.7057697772979736,
  "progen3_perplexity": 14.965831756591797,
  "max_sequence": "MSDTALIFRLAWDVKKLSFDYTPNWGRGNPNNFIDTVTFPKVLTDKAYTYRVAVSGRNLGVKPSYAVESDGSQKVNFLEYNSGYGIADKSGTSKVPKGASANTSAIKAGVA",
  "max_ll": -2.7306597232818604,
  "max_perplexity": 15.34300708770752,
  "max_kl": 0.0035485427360981703,
  "max_nmse": 0.0010048724943771958,
  "base_sequence": "MSDTALIFRLAWDVKKLSFDYTPNWGRGNPNNFIDTVTFPKVLTDKAYTYRVAVSGRNLGVKPSYAVESDGSQKVNFLEYNSGYGIADANADYNDANEFVAFYEILYKKYY",
  "base_ll": -2.8816654682159424,
  "base_perplexity": 17.84396743774414,
  "base_kl": 0.055189479142427444,
  "base_nmse": 0.14047028124332428,
  "recovered_sequence": "MSDTALIFRLAWDVKKLSFDYTPNWGRGNPNNFIDTVTFPKVLTDKAYTYRVAVSGRNLGVKPSYAVESDGSQKVNFLEYNSGYGIADLAFGGIVLNLFKASADYGVTIAP",
  "recovered_ll": -2.785884380340576,
  "recovered_perplexity": 16.214149475097656,
  "recovered_kl": 0.007383173797279596,
  "recovered_nmse": 0.0012697812635451555,
  "nodes": {
    "9": [
      12,
      21,
      44,
      52,
      80,
      127,
      139,
      162,
      280,
      378,
      407,
      408,
      413,
      425,
      447,
      448,
      452,
      466,
      512,
      538,
      545,
      571,
      585,
      598,
      639,
      641,
      734,
      746,
      749,
      758,
      760,
      840,
      868,
      957,
      967,
      1007,
      1025,
      1036,
      1049,
      1081,
      1176,
      1184,
      1233,
      1251,
      1259,
      1352,
      1394,
      1442,
      1443,
      1476,
      1491,
      1523,
      1554,
      1560,
      1579,
      1584,
      1603,
      1606,
      1636,
      1648,
      1713,
      1762,
      1825,
      1828,
      1832,
      1835,
      1844,
      1851,
      1859,
      1872,
      1888,
      1931,
      1946,
      1957,
      1982,
      2005,
      2105,
      2134,
      2191,
      2264,
      2287,
      2304,
      2349,
      2360,
      2376,
      2423,
      2467,
      2510,
      2511,
      2524,
      2548,
      2570,
      2572,
      2573,
      2592,
      2637,
      2732,
      2756,
      2763,
      2785,
      2787,
      2790,
      2791,
      2809,
      2865,
      2892,
      2982,
      2991,
      3050,
      3079,
      3087,
      3101,
      3107,
      3198,
      3199,
      3238,
      3284,
      3314,
      3341,
      3372,
      3381,
      3382,
      3408,
      3414,
      3480,
      3510,
      3513,
      3526,
      3540,
      3579,
      3600,
      3624,
      3649,
      3695,
      3705,
      3765,
      3779,
      3802,
      3821,
      3823,
      3832,
      3873,
      3952,
      3999,
      4079,
      4103,
      4106,
      4129,
      4190,
      4209,
      4238,
      4250,
      4370,
      4419,
      4444,
      4452,
      4468,
      4469,
      4482,
      4488,
      4526,
      4533,
      4544,
      4592,
      4603
    ],
    "8": [
      5,
      33,
      97,
      127,
      129,
      137,
      141,
      154,
      220,
      240,
      274,
      301,
      319,
      329,
      380,
      391,
      434,
      466,
      489,
      528,
      583,
      611,
      630,
      638,
      682,
      693,
      721,
      726,
      746,
      811,
      846,
      855,
      859,
      872,
      879,
      972,
      999,
      1135,
      1136,
      1168,
      1183,
      1187,
      1214,
      1240,
      1258,
      1260,
      1272,
      1291,
      1301,
      1325,
      1400,
      1428,
      1513,
      1549,
      1581,
      1664,
      1730,
      1757,
      1781,
      1819,
      1839,
      1842,
      1870,
      1920,
      1954,
      1995,
      2023,
      2054,
      2078,
      2109,
      2112,
      2151,
      2199,
      2201,
      2271,
      2401,
      2433,
      2475,
      2505,
      2518,
      2552,
      2573,
      2596,
      2600,
      2605,
      2621,
      2753,
      2790,
      2829,
      2853,
      2891,
      2903,
      2931,
      3001,
      3015,
      3042,
      3106,
      3130,
      3175,
      3259,
      3284,
      3371,
      3422,
      3500,
      3524,
      3600,
      3608,
      3653,
      3659,
      3734,
      3798,
      3846,
      3849,
      3865,
      3926,
      3960,
      4040,
      4102,
      4105,
      4121,
      4163,
      4167,
      4186,
      4232,
      4245,
      4276,
      4290,
      4294,
      4310,
      4386,
      4403,
      4412,
      4449,
      4471,
      4481,
      4525,
      4534,
      4546,
      4594
    ],
    "7": [
      66,
      72,
      135,
      145,
      362,
      397,
      491,
      509,
      543,
      548,
      669,
      787,
      872,
      889,
      907,
      912,
      933,
      999,
      1010,
      1040,
      1151,
      1256,
      1338,
      1454,
      1520,
      1544,
      1625,
      1675,
      1709,
      1751,
      1760,
      1824,
      1830,
      1929,
      1955,
      1970,
      1973,
      2035,
      2063,
      2113,
      2147,
      2180,
      2227,
      2261,
      2263,
      2279,
      2351,
      2362,
      2401,
      2476,
      2491,
      2595,
      2733,
      2746,
      2747,
      2786,
      2877,
      2922,
      2998,
      3075,
      3135,
      3215,
      3227,
      3251,
      3389,
      3398,
      3464,
      3473,
      3487,
      3541,
      3542,
      3576,
      3601,
      3639,
      3690,
      3825,
      3914,
      3948,
      3970,
      3998,
      4002,
      4024,
      4055,
      4063,
      4110,
      4130,
      4144,
      4159,
      4293,
      4322,
      4421,
      4563,
      4565
    ],
    "6": [
      18,
      32,
      130,
      162,
      167,
      293,
      301,
      329,
      413,
      439,
      447,
      479,
      520,
      602,
      603,
      762,
      889,
      947,
      954,
      960,
      979,
      1050,
      1063,
      1137,
      1154,
      1155,
      1182,
      1222,
      1394,
      1410,
      1457,
      1458,
      1478,
      1584,
      1627,
      1657,
      1687,
      1699,
      1701,
      1705,
      1718,
      1785,
      1804,
      1831,
      1954,
      1981,
      1987,
      1990,
      2046,
      2089,
      2236,
      2255,
      2260,
      2317,
      2345,
      2389,
      2433,
      2445,
      2460,
      2488,
      2495,
      2556,
      2592,
      2614,
      2634,
      2717,
      2794,
      2801,
      2815,
      2885,
      2886,
      2931,
      2964,
      2975,
      2989,
      3016,
      3091,
      3136,
      3145,
      3154,
      3167,
      3459,
      3473,
      3509,
      3533,
      3581,
      3628,
      3679,
      3697,
      3701,
      3705,
      3716,
      3764,
      3833,
      3937,
      3948,
      4021,
      4028,
      4069,
      4098,
      4110,
      4330,
      4335,
      4370,
      4392,
      4400,
      4441,
      4501,
      4529,
      4537,
      4581,
      4587,
      4601
    ],