{
  "entry": "P16055",
  "entry_name": "TA15_TREPA",
  "type": "CLM",
  "prompt": "MVKRGRFALCLAVLLGACSFSSIPNGTYRATYQDFDENGWKDFLEVTFDGGKMVQVVYDYQHKEGRFKSQDADYHRVMYASSGIGPEKAFRELADALLEKGNPEMVDVVTGA",
  "k": 928,
  "original_sequence": "MVKRGRFALCLAVLLGACSFSSIPNGTYRATYQDFDENGWKDFLEVTFDGGKMVQVVYDYQHKEGRFKSQDADYHRVMYASSGIGPEKAFRELADALLEKGNPEMVDVVTGATVSSQSFRRLGRALLQSARRGEKEAIISR",
  "original_ll": -2.577181339263916,
  "original_perplexity": 13.159992218017578,
  "progen3_sequence": "MVKRGRFALCLAVLLGACSFSSIPNGTYRATYQDFDENGWKDFLEVTFDGGKMVQVVYDYQHKEGRFKSQDADYHRVMYASSGIGPEKAFRELADALLEKGNPEMVDVVTGASNSVPERDRVIRFINAEFRDRGFDGVADL",
  "progen3_ll": -2.7029149532318115,
  "progen3_perplexity": 14.923169136047363,
  "max_sequence": "MVKRGRFALCLAVLLGACSFSSIPNGTYRATYQDFDENGWKDFLEVTFDGGKMVQVVYDYQHKEGRFKSQDADYHRVMYASSGIGPEKAFRELADALLEKGNPEMVDVVTGAVLEGKLYVSQVEERKEHSSQDAFDYSDLA",
  "max_ll": -2.868109941482544,
  "max_perplexity": 17.603713989257812,
  "max_kl": 0.00418667308986187,
  "max_nmse": 0.0022766939364373684,
  "base_sequence": "MVKRGRFALCLAVLLGACSFSSIPNGTYRATYQDFDENGWKDFLEVTFDGGKMVQVVYDYQHKEGRFKSQDADYHRVMYASSGIGPEKAFRELADALLEKGNPEMVDVVTGAGSTYADFVTVLREDGRPKGKLFVTRYYTR",
  "base_ll": -2.7461094856262207,
  "base_perplexity": 15.581892967224121,
  "base_kl": 0.05222378671169281,
  "base_nmse": 0.2512577176094055,
  "recovered_sequence": "MVKRGRFALCLAVLLGACSFSSIPNGTYRATYQDFDENGWKDFLEVTFDGGKMVQVVYDYQHKEGRFKSQDADYHRVMYASSGIGPEKAFRELADALLEKGNPEMVDVVTGASNSVPERDRVIRFIEAEFRDRGGDGVADL",
  "recovered_ll": -2.6781668663024902,
  "recovered_perplexity": 14.558381080627441,
  "recovered_kl": 0.008281835354864597,
  "recovered_nmse": 0.0028145627584308386,
  "nodes": {
    "9": [
      12,
      44,
      49,
      50,
      57,
      88,
      89,
      127,
      162,
      188,
      224,
      280,
      345,
      378,
      387,
      407,
      415,
      429,
      447,
      466,
      481,
      506,
      538,
      545,
      555,
      582,
      622,
      629,
      631,
      654,
      706,
      715,
      734,
      745,
      746,
      758,
      760,
      767,
      790,
      801,
      814,
      828,
      847,
      857,
      859,
      937,
      954,
      957,
      964,
      967,
      980,
      991,
      992,
      1043,
      1086,
      1089,
      1124,
      1162,
      1184,
      1190,
      1220,
      1251,
      1256,
      1259,
      1286,
      1320,
      1340,
      1352,
      1366,
      1374,
      1375,
      1376,
      1394,
      1402,
      1443,
      1484,
      1491,
      1537,
      1554,
      1560,
      1566,
      1579,
      1648,
      1662,
      1713,
      1762,
      1778,
      1828,
      1835,
      1844,
      1851,
      1859,
      1875,
      1940,
      1942,
      1957,
      2005,
      2020,
      2026,
      2046,
      2105,
      2134,
      2191,
      2194,
      2223,
      2254,
      2264,
      2268,
      2274,
      2287,
      2344,
      2349,
      2360,
      2376,
      2379,
      2411,
      2417,
      2423,
      2488,
      2504,
      2510,
      2511,
      2516,
      2524,
      2545,
      2553,
      2559,
      2572,
      2592,
      2732,
      2739,
      2787,
      2788,
      2791,
      2809,
      2817,
      2855,
      2858,
      2892,
      2941,
      2975,
      3004,
      3008,
      3021,
      3028,
      3050,
      3058,
      3108,
      3140,
      3198,
      3199,
      3245,
      3266,
      3272,
      3284,
      3325,
      3338,
      3346,
      3350,
      3355,
      3372,
      3382,
      3408,
      3420,
      3480,
      3485,
      3500,
      3510,
      3513,
      3540,
      3547,
      3549,
      3577,
      3579,
      3600,
      3624,
      3649,
      3685,
      3695,
      3765,
      3779,
      3802,
      3821,
      3861,
      3872,
      3887,
      3912,
      3925,
      3927,
      3931,
      3934,
      3938,
      3949,
      3952,
      3999,
      4062,
      4079,
      4106,
      4129,
      4142,
      4190,
      4231,
      4279,
      4417,
      4439,
      4444,
      4445,
      4452,
      4482,
      4488,
      4495,
      4520,
      4533,
      4544,
      4603
    ],
    "8": [
      33,
      94,
      97,
      127,
      188,
      220,
      240,
      274,
      300,
      319,
      336,
      434,
      466,
      512,
      583,
      628,
      682,
      737,
      738,
      842,
      859,
      879,
      893,
      949,
      1033,
      1083,
      1108,
      1119,
      1136,
      1192,
      1200,
      1212,
      1258,
      1272,
      1301,
      1338,
      1356,
      1387,
      1468,
      1486,
      1513,
      1557,
      1581,
      1664,
      1676,
      1687,
      1757,
      1842,
      1918,
      1954,
      1990,
      2023,
      2054,
      2069,
      2077,
      2103,
      2109,
      2112,
      2122,
      2151,
      2199,
      2201,
      2212,
      2219,
      2256,
      2302,
      2329,
      2361,
      2387,
      2401,
      2430,
      2479,
      2518,
      2567,
      2578,
      2596,
      2605,
      2621,
      2727,
      2729,
      2760,
      2766,
      2790,
      2829,
      2853,
      2917,
      3001,
      3042,
      3284,
      3415,
      3422,
      3432,
      3500,
      3551,
      3600,
      3648,
      3734,
      3741,
      3803,
      3812,
      3846,
      3849,
      3865,
      3880,
      3960,
      4094,
      4113,
      4152,
      4167,
      4171,
      4276,
      4290,
      4294,
      4310,
      4364,
      4449,
      4471,
      4534,
      4546
    ],
    "7": [
      11,
      66,
      149,
      198,
      230,
      305,
      362,
      372,
      411,
      430,
      482,
      491,
      509,
      535,
      636,
      715,
      740,
      872,
      889,
      907,
      933,
      968,
      1010,
      1040,
      1059,
      1070,
      1100,
      1126,
      1151,
      1256,
      1262,
      1338,
      1366,
      1370,
      1419,
      1454,
      1510,
      1516,
      1520,
      1544,
      1572,
      1625,
      1709,
      1716,
      1751,
      1758,
      1816,
      1824,
      1826,
      1830,
      1856,
      1929,
      1969,
      2021,
      2035,
      2063,
      2113,
      2182,
      2227,
      2261,
      2263,
      2299,
      2362,
      2401,
      2428,
      2476,
      2488,
      2517,
      2595,
      2747,
      2802,
      2877,
      2891,
      2998,
      3135,
      3227,
      3235,
      3251,
      3389,
      3457,
      3464,
      3487,
      3576,
      3578,
      3588,
      3599,
      3601,
      3690,
      3755,
      3760,
      3782,
      3825,
      3898,
      3914,
      3942,
      3948,
      4024,
      4045,
      4055,
      4063,
      4087,
      4104,
      4183,
      4299,
      4421,
      4598
    ],