{
  "entry": "P23455",
  "entry_name": "YLXG_BACSU",
  "type": "CLM",
  "prompt": "MTSISSEYKLPEKTNTVSTNNSSLGKDEFLKILMTQVQNQDPLNPIDDKEFISQMATFSSLEQMMNLNTTMTQFVENQDPFTTYVDWMGKEVSWTDGKSATDKTGTVSSVKH",
  "k": 1000,
  "original_sequence": "MTSISSEYKLPEKTNTVSTNNSSLGKDEFLKILMTQVQNQDPLNPIDDKEFISQMATFSSLEQMMNLNTTMTQFVENQDPFTTYVDWMGKEVSWTDGKSATDKTGTVSSVKHFKGNYYLVLDDGTEISPANVMSVGQSSK",
  "original_ll": -2.4828879833221436,
  "original_perplexity": 11.975800514221191,
  "progen3_sequence": "MTSISSEYKLPEKTNTVSTNNSSLGKDEFLKILMTQVQNQDPLNPIDDKEFISQMATFSSLEQMMNLNTTMTQFVENQDPFTTYVDWMGKEVSWTDGKSATDKTGTVSSVKHAEATNSVVVTLSDGSTLKLDDAGNIINA",
  "progen3_ll": -1.9151976108551025,
  "progen3_perplexity": 6.788280487060547,
  "max_sequence": "MTSISSEYKLPEKTNTVSTNNSSLGKDEFLKILMTQVQNQDPLNPIDDKEFISQMATFSSLEQMMNLNTTMTQFVENQDPFTTYVDWMGKEVSWTDGKSATDKTGTVSSVKHTGGAIIVKTVLTDGKTLTIKSIGVVING",
  "max_ll": -2.5426228046417236,
  "max_perplexity": 12.712971687316895,
  "max_kl": 0.05614679306745529,
  "max_nmse": 0.007740151137113571,
  "base_sequence": "MTSISSEYKLPEKTNTVSTNNSSLGKDEFLKILMTQVQNQDPLNPIDDKEFISQMATFSSLEQMMNLNTTMTQFVENQDPFTTYVDWMGKEVSWTDGKSATDKTGTVSSVKHGIDMGVVIKSVNDDTVSVVSGIVKKITS",
  "base_ll": -2.713717222213745,
  "base_perplexity": 15.085247039794922,
  "base_kl": 0.19696250557899475,
  "base_nmse": 0.06633933633565903,
  "recovered_sequence": "MTSISSEYKLPEKTNTVSTNNSSLGKDEFLKILMTQVQNQDPLNPIDDKEFISQMATFSSLEQMMNLNTTMTQFVENQDPFTTYVDWMGKEVSWTDGKSATDKTGTVSSVKHAVGTESGVVVLSDGSTVKLTLVNTVTNA",
  "recovered_ll": -2.300913095474243,
  "recovered_perplexity": 9.983293533325195,
  "recovered_kl": 0.09404649585485458,
  "recovered_nmse": 0.011364598758518696,
  "nodes": {
    "9": [
      12,
      21,
      41,
      50,
      52,
      59,
      68,
      95,
      112,
      126,
      162,
      259,
      267,
      321,
      407,
      425,
      429,
      447,
      448,
      458,
      464,
      466,
      486,
      506,
      538,
      545,
      564,
      571,
      582,
      585,
      588,
      598,
      610,
      639,
      654,
      667,
      676,
      706,
      715,
      746,
      760,
      767,
      805,
      828,
      833,
      957,
      967,
      980,
      1004,
      1007,
      1073,
      1081,
      1092,
      1112,
      1156,
      1163,
      1165,
      1184,
      1204,
      1220,
      1233,
      1251,
      1256,
      1259,
      1271,
      1293,
      1329,
      1338,
      1352,
      1375,
      1380,
      1394,
      1402,
      1407,
      1429,
      1435,
      1441,
      1470,
      1476,
      1483,
      1491,
      1537,
      1551,
      1582,
      1586,
      1648,
      1713,
      1741,
      1742,
      1771,
      1772,
      1789,
      1827,
      1828,
      1835,
      1844,
      1851,
      1858,
      1871,
      1872,
      1918,
      1937,
      1940,
      1942,
      1946,
      1957,
      2005,
      2038,
      2061,
      2095,
      2105,
      2110,
      2134,
      2153,
      2172,
      2191,
      2212,
      2231,
      2254,
      2264,
      2311,
      2317,
      2340,
      2362,
      2376,
      2389,
      2417,
      2423,
      2427,
      2435,
      2437,
      2438,
      2467,
      2510,
      2511,
      2524,
      2533,
      2552,
      2570,
      2572,
      2592,
      2606,
      2618,
      2626,
      2633,
      2704,
      2706,
      2732,
      2756,
      2760,
      2763,
      2787,
      2790,
      2791,
      2802,
      2809,
      2829,
      2832,
      2892,
      2893,
      2941,
      2955,
      2982,
      2983,
      3004,
      3021,
      3038,
      3049,
      3050,
      3082,
      3107,
      3134,
      3198,
      3199,
      3228,
      3259,
      3284,
      3310,
      3314,
      3325,
      3338,
      3350,
      3372,
      3382,
      3385,
      3392,
      3397,
      3408,
      3419,
      3420,
      3421,
      3454,
      3474,
      3513,
      3540,
      3549,
      3566,
      3624,
      3649,
      3690,
      3695,
      3700,
      3712,
      3713,
      3734,
      3763,
      3779,
      3802,
      3821,
      3830,
      3881,
      3932,
      3938,
      3952,
      3969,
      3995,
      3999,
      4026,
      4031,
      4062,
      4079,
      4106,
      4111,
      4129,
      4138,
      4167,
      4172,
      4209,
      4230,
      4232,
      4238,
      4250,
      4263,
      4350,
      4370,
      4396,
      4417,
      4419,
      4421,
      4439,
      4452,
      4469,
      4482,
      4488,
      4495,
      4521,
      4526,
      4536,
      4544,
      4556,
      4570,
      4603
    ],
    "7": [
      66,
      164,
      180,
      310,
      344,
      485,
      535,
      595,
      659,
      744,
      839,
      867,
      868,
      1053,
      1079,
      1151,
      1269,
      1454,
      1582,
      1625,
      1709,
      1931,
      1955,
      2060,
      2070,
      2143,
      2164,
      2227,
      2500,
      2570,
      2914,
      3216,
      3314,
      3549,
      3557,
      3649,
      3755,
      3760,
      3778,
      3848,
      3914,
      4110,
      4131,
      4192,
      4296,
      4322,
      4365,
      4413,
      4519,
      4581
    ],
    "8": [
      49,
      52,
      94,
      240,
      270,
      313,
      583,
      698,
      835,
      846,
      859,
      862,
      872,
      882,
      949,
      1022,
      1042,
      1137,
      1168,
      1183,
      1187,
      1244,
      1252,
      1258,
      1283,
      1318,
      1379,
      1676,
      1687,
      1689,
      1757,
      1793,
      1804,
      1842,
      1870,
      2151,
      2183,
      2199,
      2201,
      2274,
      2336,
      2401,
      2431,
      2456,
      2534,
      2555,
      2588,
      2599,
      2600,
      2619,
      2719,
      2729,
      2841,
      2902,
      2917,
      2932,
      2934,
      2936,
      3009,
      3107,
      3130,
      3309,
      3406,
      3524,
      3601,
      3648,
      3727,
      3803,
      3812,
      3823,
      3834,
      3911,
      3938,
      3995,
      4054,
      4064,
      4109,
      4113,
      4162,
      4250,
      4294,
      4329,
      4366,
      4387,
      4405,
      4466,
      4515,
      4525
    ],
    "6": [
      30,
      66,
      85,
      91,
      167,
      206,
      244,
      293,
      301,
      329,
      398,
      439,
      519,
      524,
      547,
      603,
      626,
      748,
      763,
      811,
      847,
      876,
      947,
      954,
      979,
      981,
      1004,
      1063,
      1115,
      1137,
      1161,
      1247,
      1263,
      1458,
      1574,
      1584,
      1641,
      1701,
      1708,
      1849,
      1858,
      1877,
      1933,
      1987,
      1990,
      2140,
      2215,
      2269,
      2313,
      2317,
      2322,
      2389,
      2395,
      2460,
      2495,
      2512,
      2519,
      2588,
      2621,
      2661,
      2689,
      2874,
      2948,
      2989,
      3006,
      3202,
      3221,
      3238,
      3257,
      3262,
      3312,
      3473,
      3509,
      3673,
      3697,
      3764,
      3820,
      3832,
      3899,
      3908,
      4065,
      4068,
      4095,
      4117,
      4158,
      4162,
      4196,
      4198,
      4279,
      4301,
      4335,
      4354,
      4400,
      4441,
      4469,
      4529,
      4532,
      4543,
      4560
    ],