{
  "entry": "P27204",
  "entry_name": "H1L6_ENSMI",
  "type": "GLM_1",
  "prompt": "AKKRSRSRKRSASRKRSRSRKRSASKKSSKKHVRKALAAGMKNHLLAHPKGSNNFILAKKKAPRRRRRVAKKVKKAPPKARRRVRVAKSRRSRTARSRRRR[GLM]50-66-16",
  "k": 448,
  "original_sequence": "AKKRSRSRKRSASRKRSRSRKRSASKKSSKKHVRKALAAGMKNHLLAHPKGSNNFILAKKKAPRRRRRVAKKVKKAPPKARRRVRVAKSRRSRTARSRRRR",
  "original_ll": -2.7753260135650635,
  "original_perplexity": 16.04385757446289,
  "progen3_sequence": "AKKRSRSRKRSASRKRSRSRKRSASKKSSKKHVRKALAAGMKNHLLAHPKRQGLSRGPLPLGRVPPRRVAKKVKKAPPKARRRVRVAKSRRSRTARSRRRR",
  "progen3_ll": -2.695340156555176,
  "progen3_perplexity": 14.810556411743164,
  "max_sequence": "AKKRSRSRKRSASRKRSRSRKRSASKKSSKKHVRKALAAGMKNHLLAHPKLNRLRPAQVSGSGDLQRRVAKKVKKAPPKARRRVRVAKSRRSRTARSRRRR",
  "max_ll": -2.8012044429779053,
  "max_perplexity": 16.464466094970703,
  "max_kl": 0.0037902158219367266,
  "max_nmse": 0.01932511292397976,
  "base_sequence": "AKKRSRSRKRSASRKRSRSRKRSASKKSSKKHVRKALAAGMKNHLLAHPKALIELFMQLPESSRAGRRVAKKVKKAPPKARRRVRVAKSRRSRTARSRRRR",
  "base_ll": -2.77769136428833,
  "base_perplexity": 16.081851959228516,
  "base_kl": 0.04725414887070656,
  "base_nmse": 1.762910008430481,
  "recovered_sequence": "AKKRSRSRKRSASRKRSRSRKRSASKKSSKKHVRKALAAGMKNHLLAHPKRAGLSRGPLPLGRVPPRRVAKKVKKAPPKARRRVRVAKSRRSRTARSRRRR",
  "recovered_ll": -2.5995428562164307,
  "recovered_perplexity": 13.457585334777832,
  "recovered_kl": 0.007952661253511906,
  "recovered_nmse": 0.2421799898147583,
  "nodes": {
    "9": [
      12,
      80,
      158,
      381,
      407,
      473,
      497,
      506,
      538,
      555,
      598,
      639,
      734,
      745,
      746,
      758,
      760,
      767,
      957,
      964,
      967,
      1073,
      1081,
      1092,
      1184,
      1190,
      1251,
      1256,
      1302,
      1307,
      1320,
      1374,
      1443,
      1466,
      1491,
      1579,
      1618,
      1648,
      1713,
      1725,
      1798,
      1828,
      1844,
      1847,
      1851,
      1942,
      1957,
      2005,
      2029,
      2046,
      2047,
      2105,
      2143,
      2185,
      2191,
      2224,
      2256,
      2283,
      2287,
      2360,
      2376,
      2423,
      2455,
      2488,
      2510,
      2561,
      2637,
      2697,
      2732,
      2768,
      2787,
      2791,
      2817,
      2858,
      2890,
      2933,
      2941,
      2957,
      2975,
      2982,
      2983,
      3040,
      3050,
      3103,
      3162,
      3193,
      3199,
      3221,
      3233,
      3234,
      3245,
      3325,
      3341,
      3351,
      3372,
      3382,
      3407,
      3510,
      3513,
      3526,
      3538,
      3540,
      3620,
      3624,
      3672,
      3676,
      3695,
      3709,
      3713,
      3766,
      3779,
      3780,
      3802,
      3821,
      3854,
      3952,
      3965,
      3994,
      3999,
      4103,
      4106,
      4129,
      4145,
      4232,
      4250,
      4279,
      4410,
      4419,
      4452,
      4482,
      4488,
      4493,
      4517,
      4533,
      4544,
      4603
    ],
    "7": [
      7,
      66,
      230,
      330,
      335,
      372,
      482,
      715,
      872,
      889,
      907,
      914,
      1010,
      1100,
      1135,
      1188,
      1256,
      1366,
      1370,
      1420,
      1454,
      1502,
      1520,
      1625,
      1709,
      1716,
      1751,
      1758,
      1816,
      1824,
      1830,
      1880,
      1929,
      1952,
      1969,
      2227,
      2254,
      2291,
      2299,
      2469,
      2488,
      2685,
      2747,
      2802,
      2877,
      2998,
      3013,
      3022,
      3135,
      3138,
      3216,
      3270,
      3381,
      3389,
      3464,
      3487,
      3588,
      3760,
      3825,
      3942,
      4045,
      4055,
      4299,
      4421
    ],
    "8": [
      372,
      583,
      628,
      655,
      1136,
      1306,
      1400,
      1408,
      1486,
      1535,
      1557,
      1581,
      1609,
      1664,
      1678,
      1687,
      1744,
      1954,
      2069,
      2077,
      2109,
      2112,
      2201,
      2329,
      2479,
      2567,
      2596,
      2605,
      2621,
      2779,
      2918,
      2986,
      3102,
      3236,
      3314,
      3399,
      3485,
      3741,
      3846,
      3849,
      3865,
      3895,
      3960,
      4121,
      4167,
      4216,
      4294,
      4310,
      4471,
      4534
    ],
    "6": [
      13,
      85,
      593,
      609,
      762,
      947,
      954,
      1085,
      1137,
      1154,
      1382,
      1701,
      1718,
      1786,
      1987,
      2039,
      2120,
      2260,
      2303,
      2389,
      2460,
      2495,
      2556,
      2664,
      2717,
      2989,
      3136,
      3509,
      3628,
      3697,
      3701,
      3948,
      4335,
      4512,
      4513,
      4581,
      4598,
      4601
    ],
    "0": [
      92,
      192,
      239,
      248,
      250,
      276,
      287,
      373,
      429,
      430,
      706,
      719,
      753,
      1136,
      1169,
      1198,
      1252,
      1294,
      1324,
      1333,
      1340,
      1368,
      1377,
      1380,
      1513,
      1528,
      1547,
      1552,
      1575,
      1694,
      1711,
      1876,
      1883,
      1957,
      2001,
      2016,
      2038,
      2050,
      2160,
      2198,
      2244,
      2249,
      2313,
      2404,
      2511,
      2532,
      2539,
      2837,
      2862,
      2911,
      2945,
      2968,
      3003,
      3071,
      3088,
      3090,
      3110,
      3144,
      3177,
      3182,
      3189,
      3212,
      3249,
      3250,
      3260,
      3417,
      3529,
      3543,
      3599,
      3770,
      3773,
      3871,
      3922,
      4024,
      4066,
      4081,
      4091,
      4153,
      4259,
      4362,
      4382,
      4419,
      4425,
      4488
    ],
    "5": [
      160,
      198,
      231,
      616,
      1031,
      1249,
      1273,
      1397,
      1704,
      1799,
      1847,
      2186,
      2189,
      2269,
      2278,
      2675,
      2777,
      2991,
      3244,
      3710,
      3758,
      4108,
      4281,
      4516
    ],
    "3": [
      51,
      208,
      545,
      1617,
      2600,
      3346,
      3634,
      4374
    ],
    "4": [
      696,
      917,
      2605,
      2693,
      2879,
      3175,
      3811,
      3821,
      4029,
      4134,
      4399,
      4559,
      4584
    ],
    "1": [
      175,
      234,
      541,
      582,
      808,
      833,
      859,
      1037,
      1240,
      1577,
      2265,
      2979,
      3395,
      3554,
      3570,
      3578,
      3680,
      4178,
      4466
    ],
    "2": [
      118,
      513,
      537,
      889,
      1137,
      1178,
      1282,
      2537,
      3332,
      3657,
      4277,
      4319
    ]
  }
}
