{
  "entry": "P32435",
  "entry_name": "MFAL2_YEAST",
  "type": "GLM_1",
  "prompt": "MKFISTFLTFILAAVSVTASSDEDIAQVPAEAIIGYLDFGGDHDIAFLPFSNATASGLLFINTTIAEAAEKEQNTTLAKREAVADAWHWLNLRPGQPMYKREANADAWHWLQLKPGQPMY[GLM]59-90-31",
  "k": 736,
  "original_sequence": "MKFISTFLTFILAAVSVTASSDEDIAQVPAEAIIGYLDFGGDHDIAFLPFSNATASGLLFINTTIAEAAEKEQNTTLAKREAVADAWHWLNLRPGQPMYKREANADAWHWLQLKPGQPMY",
  "original_ll": -2.9135055541992188,
  "original_perplexity": 18.421262741088867,
  "progen3_sequence": "MKFISTFLTFILAAVSVTASSDEDIAQVPAEAIIGYLDFGGDHDIAFLPFSNATASGLLIKDEQPPLADKETVSLDLQVRDEEVGEGITFNLRPGQPMYKREANADAWHWLQLKPGQPMY",
  "progen3_ll": -2.835442066192627,
  "progen3_perplexity": 17.03792953491211,
  "max_sequence": "MKFISTFLTFILAAVSVTASSDEDIAQVPAEAIIGYLDFGGDHDIAFLPFSNATASGLLRRQQDPPPANKYLTDLDLLYVEFVAPDDKYPNLRPGQPMYKREANADAWHWLQLKPGQPMY",
  "max_ll": -2.9844887256622314,
  "max_perplexity": 19.776390075683594,
  "max_kl": 0.07046939432621002,
  "max_nmse": 0.015588385984301567,
  "base_sequence": "MKFISTFLTFILAAVSVTASSDEDIAQVPAEAIIGYLDFGGDHDIAFLPFSNATASGLLKKDEFRYTENKEKVIYYMNKVDIFRLEYKNNNLRPGQPMYKREANADAWHWLQLKPGQPMY",
  "base_ll": -2.925745725631714,
  "base_perplexity": 18.648128509521484,
  "base_kl": 0.31118983030319214,
  "base_nmse": 1.023849606513977,
  "recovered_sequence": "MKFISTFLTFILAAVSVTASSDEDIAQVPAEAIIGYLDFGGDHDIAFLPFSNATASGLLRKDEQKPDLDQEVLSLDDQKDYREVQEGIMFNLRPGQPMYKREANADAWHWLQLKPGQPMY",
  "recovered_ll": -3.029512405395508,
  "recovered_perplexity": 20.687143325805664,
  "recovered_kl": 0.14398851990699768,
  "recovered_nmse": 0.09952148795127869,
  "nodes": {
    "9": [
      12,
      80,
      162,
      321,
      407,
      408,
      425,
      447,
      448,
      466,
      506,
      538,
      545,
      555,
      571,
      572,
      598,
      631,
      639,
      654,
      675,
      715,
      734,
      745,
      746,
      749,
      758,
      760,
      767,
      840,
      957,
      967,
      971,
      1021,
      1025,
      1036,
      1043,
      1048,
      1050,
      1073,
      1080,
      1081,
      1086,
      1152,
      1184,
      1190,
      1233,
      1251,
      1256,
      1259,
      1302,
      1307,
      1320,
      1326,
      1337,
      1352,
      1374,
      1491,
      1537,
      1538,
      1560,
      1579,
      1648,
      1713,
      1725,
      1740,
      1742,
      1762,
      1828,
      1844,
      1851,
      1872,
      1931,
      1942,
      1946,
      1957,
      2005,
      2020,
      2046,
      2075,
      2105,
      2134,
      2153,
      2191,
      2223,
      2248,
      2260,
      2304,
      2349,
      2360,
      2423,
      2467,
      2488,
      2510,
      2511,
      2524,
      2533,
      2570,
      2592,
      2609,
      2642,
      2732,
      2739,
      2763,
      2768,
      2787,
      2790,
      2791,
      2809,
      2817,
      2819,
      2858,
      2865,
      2892,
      2941,
      2946,
      2982,
      3008,
      3050,
      3058,
      3079,
      3107,
      3134,
      3140,
      3162,
      3198,
      3199,
      3245,
      3266,
      3314,
      3325,
      3341,
      3372,
      3381,
      3382,
      3480,
      3510,
      3513,
      3540,
      3579,
      3581,
      3600,
      3624,
      3649,
      3695,
      3705,
      3709,
      3779,
      3802,
      3808,
      3821,
      3932,
      3952,
      3999,
      4012,
      4038,
      4106,
      4129,
      4190,
      4250,
      4279,
      4417,
      4419,
      4421,
      4428,
      4452,
      4469,
      4482,
      4488,
      4526,
      4533,
      4544,
      4603
    ],
    "8": [
      11,
      97,
      127,
      220,
      229,
      240,
      274,
      407,
      434,
      466,
      543,
      583,
      611,
      628,
      630,
      682,
      703,
      737,
      811,
      859,
      879,
      893,
      949,
      1136,
      1183,
      1201,
      1214,
      1238,
      1258,
      1291,
      1301,
      1353,
      1428,
      1513,
      1535,
      1557,
      1664,
      1687,
      1730,
      1757,
      1842,
      1870,
      1918,
      1954,
      1976,
      2021,
      2023,
      2054,
      2069,
      2077,
      2078,
      2103,
      2109,
      2112,
      2151,
      2199,
      2201,
      2212,
      2256,
      2271,
      2317,
      2329,
      2361,
      2401,
      2430,
      2431,
      2433,
      2441,
      2479,
      2564,
      2567,
      2573,
      2596,
      2600,
      2605,
      2621,
      2727,
      2779,
      2793,
      2829,
      2840,
      2853,
      2903,
      2914,
      3001,
      3042,
      3106,
      3107,
      3135,
      3141,
      3244,
      3246,
      3259,
      3284,
      3365,
      3524,
      3659,
      3713,
      3741,
      3803,
      3812,
      3843,
      3846,
      3849,
      3865,
      3960,
      4152,
      4167,
      4171,
      4276,
      4284,
      4294,
      4310,
      4338,
      4364,
      4471,
      4534,
      4546,
      4583
    ],
    "7": [
      34,
      66,
      135,
      310,
      362,
      430,
      482,
      491,
      509,
      535,
      631,
      715,
      740,
      872,
      889,
      907,
      912,
      932,
      968,
      1007,
      1010,
      1100,
      1126,
      1151,
      1195,
      1256,
      1338,
      1419,
      1454,
      1510,
      1520,
      1544,
      1625,
      1709,
      1751,
      1762,
      1765,
      1824,
      1830,
      1880,
      1929,
      1931,
      1969,
      2113,
      2227,
      2230,
      2261,
      2279,
      2299,
      2362,
      2401,
      2477,
      2488,
      2512,
      2513,
      2595,
      2746,
      2747,
      2773,
      2786,
      2802,
      2877,
      2891,
      2973,
      2998,
      3128,
      3135,
      3227,
      3284,
      3289,
      3389,
      3457,
      3487,
      3588,
      3760,
      3914,
      3942,
      3948,
      4024,
      4045,
      4055,
      4063,
      4104,
      4110,
      4130,
      4183,
      4317,
      4322,
      4413,
      4421,
      4598
    ],
    "6": [
      85,
      139,
      162,
      167,
      204,
      308,
      321,
      335,
      447,
      510,
      697,
      762,
      883,
      889,
      898,
      947,
      954,
      1081,
      1154,
      1283,
      1346,
      1410,
      1584,
      1609,
      1627,
      1687,
      1701,
      1743,
      1954,
      1987,
      1990,
      2041,
      2317,
      2389,
      2460,
      2495,
      2556,
      2615,
      2740,
      2790,
      2848,
      2874,
      2975,
      2989,
      3136,
      3145,
      3301,
      3396,
      3459,
      3473,
      3509,
      3727,
      3824,
      3948,
      4028,
      4068,
      4235,
      4250,
      4332,
      4335,
      4494,
      4512,
      4529
    ],
    "5": [
      17,
      198,
      231,
      290,
      343,
      380,
      432,
      616,
      701,
      761,
      792,
      912,
      954,
      1031,
      1045,
      1108,
      1227,
      1249,
      1317,
      1733,
      1809,
      1870,
      2020,
      2148,
      2183,
      2243,
      2269,
      2421,
      2535,
      2557,
      2657,
      2675,
      2777,
      2922,
      3014,
      3128,
      3244,
      3263,
      3349,
      3582,
      3675,
      3692,
      3766,
      3835,
      4098,
      4108,
      4215,
      4255,
      4262,
      4426,
      4516,
      4577
    ],