{
  "entry": "P32475",
  "entry_name": "YG3Z_YEAST",
  "type": "CLM",
  "prompt": "MHRLRAYCVISALSDTLLAFCTSSAELYEGPLRQYRIKATQIRRWFGRRACRTIPIRHDPVECPEPRSCPCSYHSRLWSKRLGRTQISRRLQ",
  "k": 160,
  "original_sequence": "MHRLRAYCVISALSDTLLAFCTSSAELYEGPLRQYRIKATQIRRWFGRRACRTIPIRHDPVECPEPRSCPCSYHSRLWSKRLGRTQISRRLQTARRLNPERSTAWSYLARQVLYY",
  "original_ll": -2.866062641143799,
  "original_perplexity": 17.567710876464844,
  "progen3_sequence": "MHRLRAYCVISALSDTLLAFCTSSAELYEGPLRQYRIKATQIRRWFGRRACRTIPIRHDPVECPEPRSCPCSYHSRLWSKRLGRTQISRRLQAQVAAGRSADIPPVRSSRSCGAS",
  "progen3_ll": -2.588948965072632,
  "progen3_perplexity": 13.315768241882324,
  "max_sequence": "MHRLRAYCVISALSDTLLAFCTSSAELYEGPLRQYRIKATQIRRWFGRRACRTIPIRHDPVECPEPRSCPCSYHSRLWSKRLGRTQISRRLQPRLPRAALVRDASRVRRDAAGAR",
  "max_ll": -2.378509759902954,
  "max_perplexity": 10.788813591003418,
  "max_kl": 0.0024330085143446922,
  "max_nmse": 0.001455614110454917,
  "base_sequence": "MHRLRAYCVISALSDTLLAFCTSSAELYEGPLRQYRIKATQIRRWFGRRACRTIPIRHDPVECPEPRSCPCSYHSRLWSKRLGRTQISRRLQRCLRCSRPLRTACLRRGSHRCCC",
  "base_ll": -2.542692184448242,
  "base_perplexity": 12.713852882385254,
  "base_kl": 0.15254966914653778,
  "base_nmse": 0.6247604489326477,
  "recovered_sequence": "MHRLRAYCVISALSDTLLAFCTSSAELYEGPLRQYRIKATQIRRWFGRRACRTIPIRHDPVECPEPRSCPCSYHSRLWSKRLGRTQISRRLQAQVAAERSADIPPVRSSRPCGAP",
  "recovered_ll": -2.63032603263855,
  "recovered_perplexity": 13.878294944763184,
  "recovered_kl": 0.0028546873945742846,
  "recovered_nmse": 0.0016852065455168486,
  "nodes": {
    "9": [
      12,
      162,
      284,
      381,
      407,
      419,
      425,
      538,
      545,
      734,
      760,
      763,
      836,
      957,
      967,
      1042,
      1184,
      1196,
      1251,
      1302,
      1306,
      1491,
      1545,
      1579,
      1626,
      1662,
      1665,
      1729,
      1735,
      1782,
      1828,
      1832,
      1835,
      1844,
      1851,
      1957,
      2080,
      2108,
      2109,
      2143,
      2148,
      2264,
      2283,
      2287,
      2343,
      2395,
      2531,
      2604,
      2642,
      2732,
      2787,
      2919,
      2941,
      2957,
      2975,
      2992,
      3006,
      3050,
      3087,
      3105,
      3199,
      3382,
      3399,
      3426,
      3445,
      3513,
      3526,
      3540,
      3624,
      3676,
      3689,
      3760,
      3779,
      3802,
      3821,
      3836,
      3856,
      3880,
      3965,
      3999,
      4129,
      4190,
      4244,
      4339,
      4475,
      4482,
      4544
    ],
    "8": [
      82,
      372,
      417,
      1004,
      1008,
      1136,
      1444,
      1486,
      1497,
      1535,
      1557,
      1664,
      1744,
      1886,
      1954,
      1956,
      2088,
      2106,
      2490,
      2528,
      2564,
      2596,
      2621,
      2710,
      2743,
      2779,
      3195,
      3396,
      3432,
      3485,
      3874,
      4167,
      4334,
      4471
    ],
    "7": [
      66,
      631,
      715,
      1128,
      1256,
      1306,
      1454,
      1520,
      1625,
      1751,
      1824,
      1958,
      2261,
      2499,
      2676,
      2802,
      2922,
      3135,
      3389,
      3464,
      3487,
      3760,
      4055,
      4534
    ],
    "6": [
      85,
      947,
      1718,
      2161,
      2460
    ],
    "4": [
      3811,
      4584
    ],
    "5": [
      1249,
      1397,
      2675
    ],
    "3": [
      3334,
      4248
    ],
    "0": [
      1959,
      2968,
      3853
    ]
  }
}
