{
  "entry": "P32435",
  "entry_name": "MFAL2_YEAST",
  "type": "GLM_2",
  "prompt": "MKFISTFLTFILAAVSVTASSDEDIAQVPAEAIIGYLDFGGDHDIAFLPFSNATASGLLFINTTIAEAAEKEQNTTLAKREAVADAWHWLNLRPGQPMYKREANADAWHWLQLKPGQPMY[GLM]36-42-6",
  "k": 128,
  "original_sequence": "MKFISTFLTFILAAVSVTASSDEDIAQVPAEAIIGYLDFGGDHDIAFLPFSNATASGLLFINTTIAEAAEKEQNTTLAKREAVADAWHWLNLRPGQPMYKREANADAWHWLQLKPGQPMY",
  "original_ll": -2.687035322189331,
  "original_perplexity": 14.688065528869629,
  "progen3_sequence": "MKFISTFLTFILAAVSVTASSDEDIAQVPAEAIIGYDKNYMYHDIAFLPFSNATASGLLFINTTIAEAAEKEQNTTLAKREAVADAWHWLNLRPGQPMYKREANADAWHWLQLKPGQPMY",
  "progen3_ll": -3.261286497116089,
  "progen3_perplexity": 26.083070755004883,
  "max_sequence": "MKFISTFLTFILAAVSVTASSDEDIAQVPAEAIIGYDENRLFHDIAFLPFSNATASGLLFINTTIAEAAEKEQNTTLAKREAVADAWHWLNLRPGQPMYKREANADAWHWLQLKPGQPMY",
  "max_ll": -2.878275156021118,
  "max_perplexity": 17.783573150634766,
  "max_kl": 0.04355388507246971,
  "max_nmse": 0.009467403404414654,
  "base_sequence": "MKFISTFLTFILAAVSVTASSDEDIAQVPAEAIIGYKMNIYQHDIAFLPFSNATASGLLFINTTIAEAAEKEQNTTLAKREAVADAWHWLNLRPGQPMYKREANADAWHWLQLKPGQPMY",
  "base_ll": -3.266446828842163,
  "base_perplexity": 26.218017578125,
  "base_kl": 0.1499265730381012,
  "base_nmse": 0.8731119632720947,
  "recovered_sequence": "MKFISTFLTFILAAVSVTASSDEDIAQVPAEAIIGYDNSVMYHDIAFLPFSNATASGLLFINTTIAEAAEKEQNTTLAKREAVADAWHWLNLRPGQPMYKREANADAWHWLQLKPGQPMY",
  "recovered_ll": -3.1501681804656982,
  "recovered_perplexity": 23.339988708496094,
  "recovered_kl": 0.14366327226161957,
  "recovered_nmse": 0.05934331566095352,
  "nodes": {
    "9": [
      12,
      162,
      407,
      466,
      504,
      538,
      639,
      654,
      734,
      745,
      746,
      758,
      760,
      957,
      967,
      1021,
      1184,
      1251,
      1286,
      1352,
      1491,
      1537,
      1579,
      1713,
      1762,
      1828,
      1844,
      1851,
      1942,
      1946,
      1957,
      2005,
      2105,
      2191,
      2218,
      2349,
      2423,
      2428,
      2510,
      2592,
      2763,
      2787,
      2791,
      2858,
      2982,
      3050,
      3134,
      3199,
      3338,
      3372,
      3382,
      3513,
      3526,
      3540,
      3624,
      3649,
      3715,
      3747,
      3779,
      3802,
      3805,
      3821,
      3952,
      3999,
      4106,
      4129,
      4250,
      4279,
      4428,
      4468,
      4533,
      4544,
      4603
    ],
    "6": [
      947,
      1410,
      1687,
      1987,
      2389,
      2790,
      3613,
      4332
    ],
    "8": [
      97,
      583,
      1136,
      1258,
      1664,
      1839,
      2112,
      2201,
      2596,
      3865,
      4310
    ],
    "7": [
      66,
      362,
      715,
      872,
      1256,
      1338,
      1454,
      1762,
      1824,
      1830,
      1929,
      2227,
      3135,
      3760,
      4421
    ],
    "3": [
      1450,
      1707,
      2930,
      4115,
      4430
    ],
    "0": [
      247,
      1013,
      1250,
      1257,
      1911,
      2287,
      2907,
      2980
    ],
    "2": [
      565,
      595,
      2627
    ],
    "4": [
      157,
      2702,
      4218
    ],
    "5": [
      343
    ],
    "1": [
      2793
    ]
  }
}
