{
  "entry": "P34165",
  "entry_name": "MFA1_YEAST",
  "type": "CLM",
  "prompt": "MQPSTATAAPKEKTSSEKKDNYIIKGVF",
  "k": 960,
  "original_sequence": "MQPSTATAAPKEKTSSEKKDNYIIKGVFWDPACVIA",
  "original_ll": -3.2003238201141357,
  "original_perplexity": 24.540475845336914,
  "progen3_sequence": "MQPSTATAAPKEKTSSEKKDNYIIKGVFKGKSVAAV",
  "progen3_ll": -2.552757501602173,
  "progen3_perplexity": 12.842469215393066,
  "max_sequence": "MQPSTATAAPKEKTSSEKKDNYIIKGVFSTATKKEK",
  "max_ll": -2.6087703704833984,
  "max_perplexity": 13.582340240478516,
  "max_kl": 0.0035841476637870073,
  "max_nmse": 0.0009453239035792649,
  "base_sequence": "MQPSTATAAPKEKTSSEKKDNYIIKGVFYSIFGKLI",
  "base_ll": -2.615222930908203,
  "base_perplexity": 13.670263290405273,
  "base_kl": 0.0575638972222805,
  "base_nmse": 0.06988168507814407,
  "recovered_sequence": "MQPSTATAAPKEKTSSEKKDNYIIKGVFKGKSVAAK",
  "recovered_ll": -2.586448907852173,
  "recovered_perplexity": 13.282520294189453,
  "recovered_kl": 0.010159092023968697,
  "recovered_nmse": 0.000983144622296095,
  "nodes": {
    "9": [
      12,
      121,
      162,
      381,
      407,
      452,
      466,
      473,
      497,
      506,
      538,
      598,
      639,
      715,
      734,
      746,
      758,
      760,
      767,
      868,
      891,
      957,
      967,
      1021,
      1036,
      1073,
      1080,
      1081,
      1092,
      1184,
      1190,
      1217,
      1233,
      1251,
      1302,
      1307,
      1352,
      1374,
      1394,
      1438,
      1442,
      1491,
      1537,
      1566,
      1579,
      1609,
      1648,
      1713,
      1725,
      1798,
      1828,
      1844,
      1851,
      1937,
      1942,
      1946,
      1957,
      2005,
      2020,
      2094,
      2105,
      2143,
      2191,
      2213,
      2256,
      2264,
      2349,
      2360,
      2423,
      2438,
      2510,
      2511,
      2514,
      2592,
      2642,
      2664,
      2732,
      2771,
      2785,
      2787,
      2791,
      2809,
      2874,
      2890,
      2941,
      2982,
      3037,
      3050,
      3156,
      3162,
      3198,
      3199,
      3272,
      3314,
      3372,
      3381,
      3382,
      3474,
      3513,
      3526,
      3540,
      3551,
      3581,
      3624,
      3648,
      3649,
      3676,
      3695,
      3709,
      3723,
      3765,
      3779,
      3802,
      3821,
      3952,
      3965,
      3999,
      4103,
      4106,
      4129,
      4168,
      4250,
      4275,
      4350,
      4419,
      4421,
      4452,
      4482,
      4493,
      4533,
      4544,
      4603
    ],
    "8": [
      147,
      301,
      466,
      583,
      648,
      693,
      817,
      832,
      835,
      841,
      859,
      900,
      907,
      968,
      1013,
      1136,
      1197,
      1306,
      1390,
      1404,
      1408,
      1486,
      1535,
      1548,
      1557,
      1632,
      1664,
      1687,
      1777,
      1838,
      1848,
      1914,
      1918,
      1948,
      1954,
      1977,
      2054,
      2109,
      2112,
      2140,
      2151,
      2183,
      2185,
      2199,
      2201,
      2300,
      2344,
      2347,
      2361,
      2374,
      2400,
      2401,
      2479,
      2516,
      2536,
      2540,
      2567,
      2596,
      2605,
      2619,
      2665,
      2817,
      3007,
      3009,
      3042,
      3236,
      3263,
      3267,
      3361,
      3461,
      3490,
      3631,
      3653,
      3659,
      3660,
      3711,
      3849,
      3865,
      3880,
      3894,
      3895,
      3956,
      3960,
      3989,
      4118,
      4121,
      4177,
      4184,
      4292,
      4294,
      4310,
      4391,
      4488
    ],
    "7": [
      7,
      66,
      69,
      78,
      185,
      230,
      362,
      372,
      535,
      689,
      715,
      872,
      889,
      907,
      914,
      1010,
      1070,
      1151,
      1256,
      1338,
      1366,
      1382,
      1420,
      1454,
      1520,
      1625,
      1709,
      1751,
      1765,
      1816,
      1824,
      1830,
      1929,
      1958,
      1969,
      2113,
      2121,
      2227,
      2248,
      2254,
      2433,
      2476,
      2513,
      2517,
      2527,
      2640,
      2681,
      2733,
      2747,
      2802,
      2877,
      2998,
      3022,
      3128,
      3135,
      3167,
      3183,
      3216,
      3251,
      3270,
      3381,
      3389,
      3457,
      3487,
      3576,
      3601,
      3690,
      3948,
      4024,
      4055,
      4122,
      4130,
      4159,
      4183,
      4299,
      4367,
      4413
    ],
    "6": [
      13,
      18,
      59,
      308,
      329,
      398,
      425,
      507,
      593,
      856,
      947,
      954,
      960,
      1029,
      1060,
      1070,
      1137,
      1154,
      1155,
      1212,
      1247,
      1284,
      1346,
      1410,
      1584,
      1616,
      1627,
      1648,
      1687,
      1699,
      1786,
      1954,
      1968,
      1987,
      1990,
      2039,
      2110,
      2207,
      2297,
      2317,
      2389,
      2460,
      2495,
      2625,
      2656,
      2717,
      2790,
      2848,
      2874,
      2920,
      2989,
      3020,
      3091,
      3136,
      3213,
      3258,
      3263,
      3375,
      3396,
      3459,
      3473,
      3509,
      3574,
      3697,
      3701,
      3764,
      3945,
      4202,
      4235,
      4289,
      4337,
      4389,
      4416,
      4512,
      4529,
      4537,
      4581,
      4598
    ],
    "4": [
      107,
      301,
      369,
      390,
      404,
      410,
      481,
      483,
      491,
      522,
      530,
      565,
      633,
      700,
      727,
      769,
      776,
      812,
      885,
      927,
      972,
      980,
      983,
      1005,
      1108,
      1145,
      1186,
      1198,
      1242,
      1259,
      1287,
      1325,
      1491,
      1506,
      1530,
      1536,
      1547,
      1581,
      1591,
      1807,
      1845,
      1853,
      1864,
      2029,
      2096,
      2247,
      2271,
      2293,
      2337,
      2526,
      2747,
      2787,
      2805,
      2860,
      2884,
      2923,
      3053,
      3061,
      3175,
      3282,
      3443,
      3594,
      3681,
      3799,
      3811,
      3916,
      3924,
      3980,
      4015,
      4029,
      4110,
      4134,
      4186,
      4221,
      4227,
      4294,
      4458,
      4472,
      4490,
      4504,
      4514,
      4515,
      4579,
      4584
    ],
    "5": [
      37,
      49,
      69,
      132,
      148,
      152,
      186,
      285,
      343,
      362,
      367,
      469,
      540,
      556,
      569,
      578,
      601,
      632,
      697,
      700,
      727,
      775,
      796,
      1031,
      1053,
      1064,
      1239,
      1244,
      1248,
      1249,
      1259,
      1269,
      1329,
      1463,
      1466,
      1508,
      1511,
      1618,
      1653,
      1789,
      2023,
      2102,
      2220,
      2250,
      2278,
      2286,
      2415,
      2434,
      2514,
      2537,
      2540,
      2552,
      2588,
      2643,
      2777,
      2869,
      2879,
      2981,
      3018,
      3064,
      3105,
      3128,
      3172,
      3194,
      3319,
      3343,
      3350,
      3414,
      3416,
      3421,
      3462,
      3516,
      3570,
      3654,
      3692,
      3732,
      3745,
      3748,
      3775,
      3794,
      3836,
      3852,
      3913,
      3977,
      3979,
      4066,
      4122,
      4200,
      4215,
      4228,
      4267,
      4290,
      4391,
      4440
    ],