{
  "entry": "P38184",
  "entry_name": "YBH3_YEAST",
  "type": "CLM",
  "prompt": "MLKMNDMNVSNGDVLDSVKWLILLDIKGILIDPYSYLNRSRCKWYSIHCRLPIFYFLAPCPSDKEDLWCPFISLNPKPLKYS",
  "k": 672,
  "original_sequence": "MLKMNDMNVSNGDVLDSVKWLILLDIKGILIDPYSYLNRSRCKWYSIHCRLPIFYFLAPCPSDKEDLWCPFISLNPKPLKYSCSCVAIFSAFKMCPFFISWFL",
  "original_ll": -2.930962085723877,
  "original_perplexity": 18.745655059814453,
  "progen3_sequence": "MLKMNDMNVSNGDVLDSVKWLILLDIKGILIDPYSYLNRSRCKWYSIHCRLPIFYFLAPCPSDKEDLWCPFISLNPKPLKYSESLSKKELQVIINGSEEILNS",
  "progen3_ll": -2.6103222370147705,
  "progen3_perplexity": 13.603433609008789,
  "max_sequence": "MLKMNDMNVSNGDVLDSVKWLILLDIKGILIDPYSYLNRSRCKWYSIHCRLPIFYFLAPCPSDKEDLWCPFISLNPKPLKYSILSKRIPFYQYQKSFILEKDI",
  "max_ll": -2.7516632080078125,
  "max_perplexity": 15.668670654296875,
  "max_kl": 0.0029481579549610615,
  "max_nmse": 0.004768436774611473,
  "base_sequence": "MLKMNDMNVSNGDVLDSVKWLILLDIKGILIDPYSYLNRSRCKWYSIHCRLPIFYFLAPCPSDKEDLWCPFISLNPKPLKYSIIFCCCNNCLICKYCFYSKNK",
  "base_ll": -2.802424907684326,
  "base_perplexity": 16.48457145690918,
  "base_kl": 0.16736187040805817,
  "base_nmse": 0.2900494337081909,
  "recovered_sequence": "MLKMNDMNVSNGDVLDSVKWLILLDIKGILIDPYSYLNRSRCKWYSIHCRLPIFYFLAPCPSDKEDLWCPFISLNPKPLKYSESLSKKESQVIINGKEKILNK",
  "recovered_ll": -2.6623992919921875,
  "recovered_perplexity": 14.330631256103516,
  "recovered_kl": 0.009319373406469822,
  "recovered_nmse": 0.008260789327323437,
  "nodes": {
    "9": [
      12,
      34,
      162,
      184,
      263,
      307,
      381,
      407,
      416,
      456,
      478,
      497,
      687,
      760,
      763,
      836,
      957,
      967,
      1042,
      1166,
      1184,
      1196,
      1298,
      1302,
      1491,
      1579,
      1626,
      1650,
      1665,
      1686,
      1724,
      1729,
      1735,
      1782,
      1799,
      1832,
      1844,
      1851,
      1885,
      1914,
      1957,
      2005,
      2064,
      2080,
      2105,
      2108,
      2109,
      2117,
      2126,
      2264,
      2273,
      2283,
      2287,
      2395,
      2531,
      2604,
      2642,
      2715,
      2732,
      2787,
      2969,
      2975,
      3006,
      3008,
      3050,
      3087,
      3105,
      3158,
      3199,
      3232,
      3290,
      3381,
      3382,
      3399,
      3426,
      3475,
      3513,
      3526,
      3540,
      3581,
      3624,
      3637,
      3676,
      3779,
      3802,
      3821,
      3999,
      4244,
      4290,
      4339,
      4380,
      4482,
      4497,
      4544
    ],
    "7": [
      66,
      78,
      230,
      362,
      509,
      631,
      637,
      801,
      819,
      872,
      933,
      956,
      1010,
      1070,
      1128,
      1151,
      1256,
      1306,
      1446,
      1454,
      1520,
      1544,
      1561,
      1625,
      1709,
      1751,
      1765,
      1816,
      1824,
      1830,
      1856,
      1929,
      1958,
      1966,
      1969,
      1970,
      1976,
      1988,
      2020,
      2053,
      2113,
      2248,
      2261,
      2263,
      2279,
      2366,
      2476,
      2499,
      2622,
      2676,
      2747,
      2842,
      2877,
      2922,
      2977,
      3100,
      3135,
      3159,
      3167,
      3227,
      3235,
      3259,
      3389,
      3464,
      3473,
      3487,
      3521,
      3576,
      3598,
      3601,
      3619,
      3675,
      3690,
      3754,
      3760,
      3948,
      4055,
      4081,
      4130,
      4134,
      4195,
      4254,
      4260,
      4312,
      4331,
      4399,
      4421,
      4435,
      4475,
      4534,
      4564,
      4578
    ],
    "8": [
      82,
      204,
      240,
      372,
      417,
      528,
      583,
      584,
      638,
      693,
      800,
      811,
      813,
      968,
      1004,
      1008,
      1121,
      1136,
      1177,
      1201,
      1272,
      1309,
      1376,
      1400,
      1436,
      1444,
      1479,
      1486,
      1494,
      1535,
      1557,
      1664,
      1744,
      1757,
      1954,
      1956,
      2054,
      2077,
      2106,
      2109,
      2111,
      2112,
      2151,
      2175,
      2201,
      2262,
      2361,
      2401,
      2490,
      2518,
      2528,
      2540,
      2542,
      2564,
      2596,
      2605,
      2621,
      2710,
      2727,
      2743,
      2779,
      2972,
      2980,
      2986,
      3019,
      3024,
      3042,
      3195,
      3200,
      3314,
      3321,
      3348,
      3396,
      3413,
      3432,
      3449,
      3459,
      3485,
      3555,
      3645,
      3659,
      3700,
      3704,
      3735,
      3874,
      4021,
      4167,
      4177,
      4294,
      4334,
      4409,
      4416,
      4471,
      4526,
      4534,
      4546,
      4559,
      4578,
      4594,
      4596
    ],
    "6": [
      18,
      32,
      36,
      329,
      394,
      398,
      483,
      507,
      559,
      762,
      947,
      954,
      1050,
      1137,
      1154,
      1284,
      1377,
      1382,
      1467,
      1478,
      1504,
      1546,
      1657,
      1687,
      1701,
      1766,
      1785,
      1804,
      1830,
      1969,
      1987,
      2089,
      2094,
      2161,
      2247,
      2260,
      2389,
      2460,
      2592,
      2614,
      2659,
      2664,
      2717,
      2794,
      2845,
      2848,
      2891,
      3016,
      3190,
      3396,
      3435,
      3455,
      3459,
      3473,
      3509,
      3547,
      3628,
      3679,
      3701,
      3706,
      3760,
      3869,
      3880,
      3948,
      4138,
      4139,
      4192,
      4235,
      4400,
      4512,
      4513,
      4529,
      4581,
      4601
    ],
    "4": [
      49,
      82,
      114,
      388,
      432,
      474,
      487,
      536,
      562,
      674,
      1134,
      1159,
      1250,
      1258,
      1350,
      1395,
      1649,
      1658,
      1721,
      1765,
      1771,
      1861,
      1982,
      2033,
      2259,
      2290,
      2303,
      2472,
      2489,
      2490,
      2543,
      2613,
      2799,
      2816,
      2859,
      2910,
      2970,
      3190,
      3206,
      3342,
      3369,
      3464,
      3512,
      3597,
      3664,
      3719,
      3811,
      3821,
      3829,
      3907,
      4015,
      4034,
      4161,
      4218,
      4256,
      4309,
      4338,
      4342,
      4449,
      4584
    ],
    "2": [
      152,
      206,
      529,
      978,
      1052,
      1062,
      1078,
      1523,
      1558,
      1617,
      1756,
      2287,
      2481,
      2494,
      2515,
      2661,
      2711,
      2714,
      2741,
      3420,
      3440,
      3667,
      3705,
      4461,
      4487
    ],
    "0": [
      129,
      186,
      187,
      195,
      196,
      229,
      460,
      493,
      509,
      510,
      563,
      591,
      624,
      738,
      813,
      817,
      895,
      912,
      933,
      1080,
      1135,
      1178,
      1244,
      1250,
      1252,
      1253,
      1280,
      1291,
      1365,
      1372,
      1510,
      1770,
      1810,
      1824,
      1871,
      1878,
      1911,
      1983,
      2001,
      2017,
      2117,
      2130,
      2214,
      2305,
      2321,
      2324,
      2378,
      2387,
      2442,
      2470,
      2511,
      2553,
      2645,
      2668,
      2722,
      2747,
      2749,
      2844,
      2857,
      2907,
      2985,
      3002,
      3024,
      3026,
      3056,
      3067,
      3158,
      3176,
      3294,
      3306,
      3323,
      3345,
      3494,
      3503,
      3536,
      3537,
      3554,
      3573,
      3606,
      3730,
      3733,
      3751,
      3844,
      3853,
      3904,
      3963,
      4066,
      4081,
      4183,
      4208,
      4333,
      4336,
      4488,
      4507,
      4530,
      4535,
      4577
    ],