{
  "entry": "P40858",
  "entry_name": "RN49_YEAST",
  "type": "CLM",
  "prompt": "MLQLKFIWPVARITPIYRPFTSHPFRNLATSSSISSTKAKTTKTDTTPLKLSNELYAIFKIHNRPYLVTEGDRVILPFKLKQAEVGDILNMTDVTTLGSRNYKLVGHPINTSLYTLKATVVGKTKRAF",
  "k": 960,
  "original_sequence": "MLQLKFIWPVARITPIYRPFTSHPFRNLATSSSISSTKAKTTKTDTTPLKLSNELYAIFKIHNRPYLVTEGDRVILPFKLKQAEVGDILNMTDVTTLGSRNYKLVGHPINTSLYTLKATVVGKTKRAFQTREVTKRRNRRVRHAKSKGDLTILRISELSMN",
  "original_ll": -2.8627843856811523,
  "original_perplexity": 17.51021385192871,
  "progen3_sequence": "MLQLKFIWPVARITPIYRPFTSHPFRNLATSSSISSTKAKTTKTDTTPLKLSNELYAIFKIHNRPYLVTEGDRVILPFKLKQAEVGDILNMTDVTTLGSRNYKLVGHPINTSLYTLKATVVGKTKRAFTTKELNNILEEESSNIDSIFRLLTIKRNERVKI",
  "progen3_ll": -2.6213576793670654,
  "progen3_perplexity": 13.754384994506836,
  "max_sequence": "MLQLKFIWPVARITPIYRPFTSHPFRNLATSSSISSTKAKTTKTDTTPLKLSNELYAIFKIHNRPYLVTEGDRVILPFKLKQAEVGDILNMTDVTTLGSRNYKLVGHPINTSLYTLKATVVGKTKRAFIVNDLIDIVKQILAVILLKDKLGNSPKNNIGIT",
  "max_ll": -2.7805769443511963,
  "max_perplexity": 16.128324508666992,
  "max_kl": 0.003960782196372747,
  "max_nmse": 0.0017048475565388799,
  "base_sequence": "MLQLKFIWPVARITPIYRPFTSHPFRNLATSSSISSTKAKTTKTDTTPLKLSNELYAIFKIHNRPYLVTEGDRVILPFKLKQAEVGDILNMTDVTTLGSRNYKLVGHPINTSLYTLKATVVGKTKRAFDVANVKQYSFENISFKIKKINTSDDKYLFIIIK",
  "base_ll": -2.760399341583252,
  "base_perplexity": 15.806153297424316,
  "base_kl": 0.0934203565120697,
  "base_nmse": 0.3942357003688812,
  "recovered_sequence": "MLQLKFIWPVARITPIYRPFTSHPFRNLATSSSISSTKAKTTKTDTTPLKLSNELYAIFKIHNRPYLVTEGDRVILPFKLKQAEVGDILNMTDVTTLGSRNYKLVGHPINTSLYTLKATVVGKTKRAFTTKELVNILEEESSNIDSIFRLLTIKFNVRKKR",
  "recovered_ll": -2.659731388092041,
  "recovered_perplexity": 14.292449951171875,
  "recovered_kl": 0.0072465930134058,
  "recovered_nmse": 0.001851275796070695,
  "nodes": {
    "9": [
      12,
      101,
      162,
      290,
      380,
      381,
      407,
      414,
      425,
      429,
      447,
      528,
      538,
      545,
      555,
      585,
      690,
      706,
      727,
      734,
      746,
      758,
      760,
      763,
      790,
      957,
      967,
      981,
      991,
      992,
      1025,
      1073,
      1081,
      1086,
      1101,
      1162,
      1176,
      1184,
      1190,
      1251,
      1256,
      1302,
      1306,
      1307,
      1312,
      1320,
      1374,
      1394,
      1426,
      1470,
      1476,
      1491,
      1495,
      1528,
      1537,
      1579,
      1618,
      1713,
      1732,
      1783,
      1828,
      1832,
      1835,
      1844,
      1851,
      1872,
      1942,
      1957,
      2001,
      2005,
      2020,
      2046,
      2047,
      2076,
      2105,
      2143,
      2248,
      2254,
      2264,
      2282,
      2287,
      2360,
      2376,
      2383,
      2411,
      2417,
      2423,
      2438,
      2510,
      2511,
      2514,
      2545,
      2572,
      2592,
      2706,
      2732,
      2736,
      2763,
      2768,
      2787,
      2788,
      2791,
      2809,
      2817,
      2846,
      2858,
      2892,
      2909,
      2941,
      2975,
      3004,
      3008,
      3028,
      3037,
      3050,
      3105,
      3139,
      3146,
      3147,
      3162,
      3198,
      3199,
      3259,
      3266,
      3272,
      3310,
      3338,
      3346,
      3372,
      3381,
      3382,
      3408,
      3500,
      3513,
      3540,
      3624,
      3649,
      3676,
      3695,
      3723,
      3760,
      3779,
      3802,
      3821,
      3832,
      3877,
      3925,
      3938,
      3952,
      3965,
      3999,
      4010,
      4079,
      4106,
      4129,
      4168,
      4190,
      4250,
      4396,
      4419,
      4444,
      4445,
      4475,
      4482,
      4495,
      4526,
      4533,
      4544,
      4558,
      4575,
      4603
    ],
    "7": [
      41,
      66,
      78,
      180,
      230,
      242,
      283,
      330,
      341,
      345,
      491,
      517,
      589,
      631,
      689,
      829,
      872,
      889,
      907,
      1010,
      1040,
      1151,
      1244,
      1256,
      1404,
      1454,
      1489,
      1519,
      1520,
      1625,
      1648,
      1675,
      1709,
      1751,
      1815,
      1816,
      1824,
      1826,
      1830,
      1929,
      1969,
      2035,
      2227,
      2261,
      2263,
      2469,
      2476,
      2491,
      2594,
      2595,
      2746,
      2747,
      2802,
      2819,
      2877,
      2922,
      2998,
      3135,
      3251,
      3381,
      3389,
      3487,
      3541,
      3576,
      3588,
      3601,
      3690,
      3711,
      3727,
      3755,
      3825,
      3948,
      4024,
      4141,
      4159,
      4161,
      4287,
      4299,
      4331,
      4373
    ],
    "6": [
      20,
      85,
      113,
      139,
      204,
      293,
      335,
      491,
      519,
      520,
      634,
      742,
      745,
      889,
      898,
      912,
      944,
      947,
      954,
      960,
      979,
      1025,
      1081,
      1137,
      1154,
      1284,
      1318,
      1346,
      1421,
      1428,
      1458,
      1504,
      1551,
      1584,
      1613,
      1627,
      1687,
      1692,
      1701,
      1713,
      1718,
      1954,
      1987,
      1990,
      2072,
      2136,
      2157,
      2172,
      2187,
      2271,
      2317,
      2322,
      2389,
      2460,
      2495,
      2588,
      2740,
      2794,
      2848,
      2874,
      2946,
      2989,
      3006,
      3024,
      3046,
      3221,
      3281,
      3396,
      3459,
      3461,
      3473,
      3509,
      3679,
      3697,
      3701,
      3705,
      3716,
      3727,
      3764,
      3948,
      3957,
      3985,
      4053,
      4068,
      4138,
      4235,
      4250,
      4335,
      4388,
      4392,
      4441,
      4494,
      4512,
      4518,
      4529,
      4581,
      4587,
      4594
    ],
    "8": [
      18,
      141,
      147,
      165,
      188,
      226,
      240,
      293,
      299,
      372,
      392,
      563,
      583,
      585,
      605,
      817,
      835,
      841,
      845,
      859,
      900,
      949,
      1030,
      1115,
      1120,
      1201,
      1269,
      1272,
      1306,
      1377,
      1384,
      1398,
      1408,
      1468,
      1486,
      1495,
      1535,
      1548,
      1557,
      1560,
      1632,
      1664,
      1676,
      1678,
      1687,
      1728,
      1777,
      1862,
      1867,
      1948,
      2009,
      2056,
      2077,
      2109,
      2112,
      2134,
      2151,
      2154,
      2181,
      2199,
      2201,
      2203,
      2344,
      2374,
      2401,
      2479,
      2528,
      2536,
      2557,
      2567,
      2587,
      2590,
      2596,
      2605,
      2621,
      2634,
      2695,
      2729,
      2778,
      2785,
      2898,
      2917,
      3040,
      3042,
      3102,
      3170,
      3236,
      3267,
      3314,
      3321,
      3358,
      3399,
      3600,
      3648,
      3711,
      3741,
      3849,
      3865,
      3880,
      3960,
      3989,
      4003,
      4118,
      4167,
      4184,
      4215,
      4216,
      4294,
      4310,
      4391,
      4471,
      4534,
      4569,
      4585
    ],