{
  "entry": "P51462",
  "entry_name": "IGF1_COTJA",
  "type": "GLM_2",
  "prompt": "IHFFYLGLCLLTLTSSAAAGPETLCGAELVDALQFVCGDRGFYFSKPTGYGSSSRRLHHKGIVDECCFQSCDLRRLEMYCAPIKPPKSARSVRAQRHTDMPKAQKEVHLKNTSRGNTGNRNYRM[GLM]1-10-9",
  "k": 224,
  "original_sequence": "IHFFYLGLCLLTLTSSAAAGPETLCGAELVDALQFVCGDRGFYFSKPTGYGSSSRRLHHKGIVDECCFQSCDLRRLEMYCAPIKPPKSARSVRAQRHTDMPKAQKEVHLKNTSRGNTGNRNYRM",
  "original_ll": -2.9332275390625,
  "original_perplexity": 18.788171768188477,
  "progen3_sequence": "IYVRDGTERDLTLTSSAAAGPETLCGAELVDALQFVCGDRGFYFSKPTGYGSSSRRLHHKGIVDECCFQSCDLRRLEMYCAPIKPPKSARSVRAQRHTDMPKAQKEVHLKNTSRGNTGNRNYRM",
  "progen3_ll": -2.8687758445739746,
  "progen3_perplexity": 17.615440368652344,
  "max_sequence": "IYYYDLVHSSLTLTSSAAAGPETLCGAELVDALQFVCGDRGFYFSKPTGYGSSSRRLHHKGIVDECCFQSCDLRRLEMYCAPIKPPKSARSVRAQRHTDMPKAQKEVHLKNTSRGNTGNRNYRM",
  "max_ll": -3.1059088706970215,
  "max_perplexity": 22.329504013061523,
  "max_kl": 0.018345395103096962,
  "max_nmse": 0.0030436301603913307,
  "base_sequence": "IDTDMAATMKLTLTSSAAAGPETLCGAELVDALQFVCGDRGFYFSKPTGYGSSSRRLHHKGIVDECCFQSCDLRRLEMYCAPIKPPKSARSVRAQRHTDMPKAQKEVHLKNTSRGNTGNRNYRM",
  "base_ll": -3.0950443744659424,
  "base_perplexity": 22.088218688964844,
  "base_kl": 0.15564899146556854,
  "base_nmse": 2.041996955871582,
  "recovered_sequence": "ILVLDGTEVDLTLTSSAAAGPETLCGAELVDALQFVCGDRGFYFSKPTGYGSSSRRLHHKGIVDECCFQSCDLRRLEMYCAPIKPPKSARSVRAQRHTDMPKAQKEVHLKNTSRGNTGNRNYRM",
  "recovered_ll": -2.6664488315582275,
  "recovered_perplexity": 14.388781547546387,
  "recovered_kl": 0.08919718861579895,
  "recovered_nmse": 0.05592745915055275,
  "nodes": {
    "9": [
      12,
      162,
      184,
      263,
      307,
      350,
      365,
      381,
      407,
      473,
      484,
      734,
      760,
      763,
      957,
      967,
      1042,
      1080,
      1092,
      1176,
      1184,
      1196,
      1251,
      1302,
      1313,
      1444,
      1491,
      1579,
      1648,
      1725,
      1735,
      1742,
      1828,
      1832,
      1844,
      1851,
      1909,
      1957,
      2005,
      2105,
      2143,
      2236,
      2283,
      2360,
      2395,
      2450,
      2476,
      2539,
      2604,
      2732,
      2787,
      2858,
      2975,
      2983,
      2992,
      3006,
      3050,
      3087,
      3162,
      3199,
      3221,
      3381,
      3382,
      3407,
      3414,
      3465,
      3501,
      3513,
      3526,
      3540,
      3581,
      3624,
      3676,
      3709,
      3776,
      3779,
      3802,
      3821,
      3932,
      3952,
      3999,
      4103,
      4129,
      4250,
      4275,
      4482,
      4533,
      4539,
      4544,
      4598
    ],
    "8": [
      82,
      158,
      417,
      1008,
      1436,
      1444,
      1486,
      1494,
      1535,
      1557,
      1664,
      1744,
      1954,
      1956,
      2106,
      2112,
      2201,
      2401,
      2479,
      2564,
      2596,
      2743,
      2779,
      2917,
      3195,
      3396,
      3432,
      3485,
      3643,
      3865,
      3895,
      4177,
      4310,
      4471,
      4559
    ],
    "7": [
      66,
      99,
      631,
      872,
      907,
      1128,
      1520,
      1625,
      1709,
      1751,
      1824,
      1935,
      1958,
      1969,
      2676,
      2747,
      2877,
      3135,
      3389,
      3464,
      3487,
      3948,
      4055,
      4564
    ],
    "0": [
      114,
      189,
      477,
      482,
      795,
      1018,
      1144,
      1412,
      2231,
      2299,
      2694,
      2955,
      2984,
      3232,
      3739,
      3780,
      3943,
      4289,
      4372,
      4375,
      4473,
      4560,
      4598
    ],
    "1": [
      486,
      735,
      1194,
      1782,
      2029,
      2555,
      3324,
      3485
    ],
    "4": [
      49,
      1250,
      2650,
      2910,
      3811,
      4034,
      4342,
      4584
    ],
    "5": [
      285,
      367,
      1167,
      1249,
      1466,
      1936,
      1968,
      2286,
      2675,
      2816,
      3064,
      3884,
      4200
    ],
    "6": [
      559,
      762,
      947,
      954,
      1137,
      1648,
      1766,
      1987,
      2460,
      2978,
      3509,
      3701,
      3760,
      3948,
      4392,
      4581,
      4600
    ],
    "2": [
      529,
      2481,
      2771,
      2897
    ],
    "3": [
      2037,
      2486
    ]
  }
}
