{
  "entry": "P52629",
  "entry_name": "FLIZ_YEREN",
  "type": "CLM",
  "prompt": "MPGLQLKKRPLSRYLKDYKHGQTHCSHCHKQLDRMALVFRGQIINKEAIAGM",
  "k": 1000,
  "original_sequence": "MPGLQLKKRPLSRYLKDYKHGQTHCSHCHKQLDRMALVFRGQIINKEAIAGMDQPIDDQVWSKLQH",
  "original_ll": -3.146898031234741,
  "original_perplexity": 23.2637882232666,
  "progen3_sequence": "MPGLQLKKRPLSRYLKDYKHGQTHCSHCHKQLDRMALVFRGQIINKEAIAGMLGVSRATVNRWVNK",
  "progen3_ll": -1.654266357421875,
  "progen3_perplexity": 5.229241847991943,
  "max_sequence": "MPGLQLKKRPLSRYLKDYKHGQTHCSHCHKQLDRMALVFRGQIINKEAIAGMLGESKPTLSRWINQ",
  "max_ll": -1.7776790857315063,
  "max_perplexity": 5.916109561920166,
  "max_kl": 0.04611106589436531,
  "max_nmse": 0.010570910759270191,
  "base_sequence": "MPGLQLKKRPLSRYLKDYKHGQTHCSHCHKQLDRMALVFRGQIINKEAIAGMFRCSVSTLLRWEHR",
  "base_ll": -2.4056594371795654,
  "base_perplexity": 11.085738182067871,
  "base_kl": 0.16099540889263153,
  "base_nmse": 0.34598472714424133,
  "recovered_sequence": "MPGLQLKKRPLSRYLKDYKHGQTHCSHCHKQLDRMALVFRGQIINKEAIAGMLKITRASVNRLVKK",
  "recovered_ll": -2.193920373916626,
  "recovered_perplexity": 8.970311164855957,
  "recovered_kl": 0.15847575664520264,
  "recovered_nmse": 0.10969517379999161,
  "nodes": {
    "9": [
      12,
      24,
      27,
      162,
      284,
      380,
      407,
      425,
      429,
      447,
      450,
      497,
      538,
      545,
      603,
      622,
      734,
      745,
      746,
      758,
      760,
      767,
      810,
      957,
      967,
      981,
      992,
      1073,
      1088,
      1162,
      1176,
      1184,
      1190,
      1251,
      1256,
      1302,
      1306,
      1320,
      1340,
      1394,
      1424,
      1442,
      1491,
      1495,
      1554,
      1566,
      1579,
      1648,
      1665,
      1713,
      1725,
      1783,
      1828,
      1832,
      1835,
      1844,
      1851,
      1859,
      1906,
      1910,
      1942,
      1957,
      2005,
      2020,
      2046,
      2067,
      2076,
      2105,
      2143,
      2161,
      2223,
      2248,
      2256,
      2264,
      2287,
      2360,
      2420,
      2467,
      2510,
      2511,
      2545,
      2592,
      2732,
      2739,
      2755,
      2785,
      2787,
      2791,
      2809,
      2858,
      2865,
      2909,
      2941,
      2946,
      2975,
      3004,
      3008,
      3050,
      3087,
      3105,
      3162,
      3198,
      3199,
      3266,
      3310,
      3325,
      3338,
      3372,
      3382,
      3500,
      3510,
      3513,
      3516,
      3540,
      3624,
      3637,
      3649,
      3672,
      3676,
      3685,
      3689,
      3723,
      3765,
      3779,
      3802,
      3808,
      3821,
      3880,
      3952,
      3965,
      3999,
      4106,
      4129,
      4168,
      4190,
      4250,
      4279,
      4288,
      4419,
      4444,
      4452,
      4482,
      4526,
      4533,
      4544,
      4603
    ],
    "8": [
      37,
      141,
      154,
      188,
      263,
      301,
      311,
      312,
      349,
      394,
      399,
      560,
      583,
      597,
      599,
      630,
      723,
      756,
      817,
      835,
      841,
      889,
      900,
      949,
      1013,
      1018,
      1042,
      1069,
      1120,
      1136,
      1367,
      1408,
      1482,
      1495,
      1548,
      1557,
      1632,
      1664,
      1678,
      1777,
      1804,
      1838,
      1848,
      1866,
      1867,
      1870,
      1887,
      1948,
      1955,
      1956,
      2032,
      2069,
      2077,
      2109,
      2112,
      2140,
      2168,
      2181,
      2199,
      2201,
      2203,
      2300,
      2344,
      2374,
      2400,
      2401,
      2407,
      2466,
      2479,
      2527,
      2567,
      2596,
      2605,
      2621,
      2635,
      2729,
      2849,
      2858,
      2898,
      3005,
      3007,
      3009,
      3235,
      3236,
      3267,
      3283,
      3358,
      3360,
      3380,
      3464,
      3631,
      3653,
      3668,
      3698,
      3741,
      3756,
      3779,
      3824,
      3865,
      3957,
      4010,
      4030,
      4094,
      4118,
      4200,
      4201,
      4290,
      4294,
      4310,
      4364,
      4371,
      4471,
      4534,
      4546,
      4550,
      4605
    ],
    "7": [
      7,
      28,
      66,
      78,
      198,
      230,
      283,
      345,
      491,
      535,
      537,
      636,
      647,
      715,
      819,
      872,
      889,
      907,
      954,
      1010,
      1126,
      1151,
      1244,
      1256,
      1419,
      1454,
      1502,
      1520,
      1544,
      1625,
      1707,
      1709,
      1751,
      1816,
      1824,
      1830,
      1929,
      1969,
      1988,
      2113,
      2227,
      2263,
      2428,
      2446,
      2476,
      2594,
      2595,
      2733,
      2747,
      2802,
      2877,
      2891,
      2922,
      2998,
      3135,
      3251,
      3389,
      3487,
      3576,
      3588,
      3601,
      3675,
      3690,
      3713,
      3760,
      3782,
      3900,
      3942,
      3948,
      4024,
      4055,
      4063,
      4130,
      4141,
      4152,
      4159,
      4171,
      4299,
      4421
    ],
    "6": [
      13,
      18,
      20,
      85,
      139,
      167,
      204,
      231,
      299,
      321,
      329,
      335,
      398,
      447,
      510,
      524,
      634,
      673,
      762,
      847,
      891,
      898,
      947,
      954,
      960,
      1025,
      1070,
      1081,
      1137,
      1154,
      1212,
      1225,
      1278,
      1284,
      1346,
      1564,
      1576,
      1584,
      1627,
      1682,
      1687,
      1696,
      1743,
      1858,
      1954,
      1987,
      1990,
      2039,
      2041,
      2072,
      2164,
      2187,
      2260,
      2350,
      2389,
      2460,
      2495,
      2496,
      2512,
      2588,
      2592,
      2740,
      2763,
      2794,
      2848,
      2874,
      2897,
      2989,
      3231,
      3263,
      3317,
      3395,
      3396,
      3452,
      3459,
      3461,
      3509,
      3546,
      3572,
      3601,
      3697,
      3701,
      3819,
      3897,
      3948,
      4053,
      4068,
      4069,
      4107,
      4192,
      4216,
      4235,
      4279,
      4371,
      4388,
      4458,
      4462,
      4512,
      4529,
      4581,
      4594
    ],
    "1": [
      4,
      71,
      86,
      147,
      148,
      184,
      234,
      378,
      380,
      465,
      493,
      507,
      530,
      594,
      662,
      677,
      699,
      707,
      729,
      802,
      808,
      811,
      901,
      914,
      967,
      974,
      1136,
      1183,
      1237,
      1257,
      1401,
      1405,
      1423,
      1438,
      1469,
      1476,
      1513,
      1533,
      1566,
      1572,
      1690,
      1724,
      1899,
      1942,
      2042,
      2067,
      2077,
      2087,
      2117,
      2157,
      2264,
      2350,
      2351,
      2416,
      2438,
      2443,
      2516,
      2599,
      2675,
      2699,
      2757,
      2769,
      2798,
      2874,
      2889,
      2938,
      2948,
      2957,
      3064,
      3068,
      3110,
      3204,
      3211,
      3222,
      3252,
      3277,
      3354,
      3358,
      3564,
      3603,
      3606,
      3804,
      3841,
      3861,
      3887,
      3973,
      3998,
      4012,
      4068,
      4101,
      4109,
      4139,
      4155,
      4214,
      4280,
      4281,
      4333,
      4372,
      4430,
      4587,
      4604
    ],