{
  "entry": "P54195",
  "entry_name": "OB28A_DROME",
  "type": "CLM",
  "prompt": "MQSTPIILVAIVLLGAALVRAFDEKEALAKLMESAESCMPEVGATDADLQEMVKKQPASTYAGKCLRACVMKNIGILDANGKLDTEAGHEKAKQYTGNDPAKLKIALEIGDTCA",
  "k": 1000,
  "original_sequence": "MQSTPIILVAIVLLGAALVRAFDEKEALAKLMESAESCMPEVGATDADLQEMVKKQPASTYAGKCLRACVMKNIGILDANGKLDTEAGHEKAKQYTGNDPAKLKIALEIGDTCAAITVPDDHCEAAEAYGTCFRGEAKKHGLL",
  "original_ll": -2.8351197242736816,
  "original_perplexity": 17.032440185546875,
  "progen3_sequence": "MQSTPIILVAIVLLGAALVRAFDEKEALAKLMESAESCMPEVGATDADLQEMVKKQPASTYAGKCLRACVMKNIGILDANGKLDTEAGHEKAKQYTGNDPAKLKIALEIGDTCAASSAGAVTDDCAELFKGAKAVAEAVASAP",
  "progen3_ll": -2.5281572341918945,
  "progen3_perplexity": 12.530393600463867,
  "max_sequence": "MQSTPIILVAIVLLGAALVRAFDEKEALAKLMESAESCMPEVGATDADLQEMVKKQPASTYAGKCLRACVMKNIGILDANGKLDTEAGHEKAKQYTGNDPAKLKIALEIGDTCATCVCKGAGVAGRALARAGKLAEKAAAKAA",
  "max_ll": -2.394207715988159,
  "max_perplexity": 10.959511756896973,
  "max_kl": 0.006408895831555128,
  "max_nmse": 0.0027840447146445513,
  "base_sequence": "MQSTPIILVAIVLLGAALVRAFDEKEALAKLMESAESCMPEVGATDADLQEMVKKQPASTYAGKCLRACVMKNIGILDANGKLDTEAGHEKAKQYTGNDPAKLKIALEIGDTCASGINMKGGAIALLVYKAMGAPAVKGAS",
  "base_ll": -2.8017075061798096,
  "base_perplexity": 16.472749710083008,
  "base_kl": 0.053799208253622055,
  "base_nmse": 0.13454344868659973,
  "recovered_sequence": "MQSTPIILVAIVLLGAALVRAFDEKEALAKLMESAESCMPEVGATDADLQEMVKKQPASTYAGKCLRACVMKNIGILDANGKLDTEAGHEKAKQYTGNDPAKLKIALEIGDTCAASSAGAVTDDCAELFKEAKAVAEAVASAP",
  "recovered_ll": -2.5332624912261963,
  "recovered_perplexity": 12.594529151916504,
  "recovered_kl": 0.008004182949662209,
  "recovered_nmse": 0.0029839552007615566,
  "nodes": {
    "9": [
      12,
      162,
      407,
      429,
      457,
      466,
      491,
      497,
      538,
      545,
      555,
      598,
      609,
      622,
      631,
      654,
      734,
      745,
      746,
      758,
      760,
      767,
      847,
      852,
      893,
      957,
      964,
      967,
      1073,
      1080,
      1081,
      1117,
      1139,
      1143,
      1184,
      1190,
      1233,
      1259,
      1302,
      1307,
      1320,
      1337,
      1352,
      1374,
      1402,
      1443,
      1466,
      1491,
      1495,
      1579,
      1584,
      1648,
      1713,
      1828,
      1832,
      1835,
      1844,
      1847,
      1851,
      1942,
      1949,
      1957,
      2005,
      2015,
      2046,
      2056,
      2067,
      2086,
      2105,
      2191,
      2213,
      2248,
      2264,
      2287,
      2349,
      2360,
      2376,
      2423,
      2488,
      2510,
      2511,
      2516,
      2533,
      2548,
      2592,
      2637,
      2642,
      2724,
      2732,
      2739,
      2787,
      2791,
      2809,
      2819,
      2858,
      2865,
      2892,
      2941,
      2975,
      2982,
      3008,
      3050,
      3134,
      3140,
      3162,
      3198,
      3199,
      3245,
      3272,
      3286,
      3314,
      3338,
      3345,
      3346,
      3367,
      3372,
      3382,
      3408,
      3414,
      3480,
      3510,
      3513,
      3516,
      3540,
      3568,
      3624,
      3649,
      3695,
      3723,
      3779,
      3802,
      3808,
      3821,
      3841,
      3946,
      3952,
      3965,
      3999,
      4079,
      4106,
      4129,
      4190,
      4232,
      4250,
      4279,
      4419,
      4421,
      4454,
      4482,
      4488,
      4525,
      4526,
      4533,
      4544,
      4592,
      4603
    ],
    "7": [
      11,
      66,
      78,
      198,
      230,
      362,
      482,
      491,
      509,
      535,
      647,
      715,
      772,
      872,
      889,
      893,
      933,
      1010,
      1151,
      1256,
      1338,
      1368,
      1370,
      1419,
      1454,
      1520,
      1625,
      1674,
      1675,
      1751,
      1765,
      1816,
      1824,
      1830,
      1856,
      1880,
      1929,
      1952,
      1969,
      2021,
      2035,
      2113,
      2227,
      2230,
      2261,
      2279,
      2299,
      2401,
      2476,
      2488,
      2513,
      2517,
      2595,
      2746,
      2747,
      2802,
      2877,
      2891,
      2998,
      3135,
      3159,
      3227,
      3251,
      3315,
      3347,
      3381,
      3389,
      3464,
      3487,
      3541,
      3576,
      3588,
      3601,
      3690,
      3711,
      3760,
      3782,
      3813,
      3825,
      3914,
      3942,
      3948,
      3966,
      4045,
      4055,
      4063,
      4110,
      4152,
      4299,
      4331,
      4373,
      4421,
      4578,
      4598
    ],
    "8": [
      26,
      49,
      50,
      94,
      114,
      125,
      127,
      141,
      194,
      221,
      229,
      234,
      240,
      274,
      301,
      319,
      323,
      363,
      434,
      528,
      543,
      583,
      584,
      589,
      611,
      614,
      682,
      737,
      800,
      813,
      842,
      859,
      877,
      879,
      1013,
      1136,
      1192,
      1200,
      1214,
      1252,
      1258,
      1289,
      1301,
      1306,
      1338,
      1400,
      1557,
      1581,
      1651,
      1664,
      1687,
      1734,
      1744,
      1757,
      1842,
      1870,
      1919,
      1920,
      1954,
      1976,
      2034,
      2054,
      2069,
      2077,
      2078,
      2103,
      2109,
      2112,
      2122,
      2140,
      2151,
      2199,
      2201,
      2230,
      2256,
      2302,
      2303,
      2329,
      2356,
      2361,
      2401,
      2433,
      2483,
      2489,
      2516,
      2518,
      2564,
      2567,
      2578,
      2596,
      2605,
      2621,
      2716,
      2727,
      2729,
      2753,
      2779,
      2790,
      2829,
      2853,
      2885,
      2917,
      2924,
      3042,
      3098,
      3246,
      3267,
      3284,
      3340,
      3345,
      3360,
      3365,
      3415,
      3422,
      3463,
      3500,
      3648,
      3653,
      3659,
      3701,
      3734,
      3741,
      3798,
      3803,
      3812,
      3846,
      3849,
      3865,
      3960,
      4171,
      4251,
      4276,
      4290,
      4310,
      4337,
      4338,
      4364,
      4371,
      4409,
      4471,
      4487,
      4534,
      4546,
      4594,
      4595
    ],
    "6": [
      23,
      32,
      59,
      85,
      204,
      308,
      329,
      391,
      394,
      398,
      404,
      447,
      520,
      576,
      593,
      609,
      697,
      742,
      762,
      889,
      947,
      954,
      960,
      1050,
      1070,
      1081,
      1135,
      1137,
      1154,
      1225,
      1278,
      1284,
      1346,
      1361,
      1377,
      1382,
      1388,
      1410,
      1467,
      1478,
      1584,
      1627,
      1657,
      1687,
      1699,
      1701,
      1718,
      1954,
      1969,
      1981,
      1987,
      1990,
      2010,
      2034,
      2089,
      2173,
      2179,
      2260,
      2322,
      2389,
      2420,
      2460,
      2495,
      2556,
      2621,
      2717,
      2726,
      2727,
      2848,
      2874,
      2989,
      3004,
      3032,
      3128,
      3202,
      3205,
      3231,
      3312,
      3317,
      3375,
      3396,
      3435,
      3459,
      3509,
      3586,
      3628,
      3697,
      3764,
      3809,
      3819,
      3835,
      3872,
      3899,
      3948,
      3957,
      4020,
      4068,
      4133,
      4235,
      4335,
      4400,
      4494,
      4501,
      4512,
      4517,
      4529,
      4581
    ],