{
  "entry": "P61931",
  "entry_name": "RS27_METAC",
  "type": "CLM",
  "prompt": "MVDYTQRPKSRFLRVKCNDCENEQIIFGSASRKITCVVCGRTLAEPTGG",
  "k": 1000,
  "original_sequence": "MVDYTQRPKSRFLRVKCNDCENEQIIFGSASRKITCVVCGRTLAEPTGGKSTITTHILEVLE",
  "original_ll": -2.793037176132202,
  "original_perplexity": 16.330543518066406,
  "progen3_sequence": "MVDYTQRPKSRFLRVKCNDCENEQIIFGSASRKITCVVCGRTLAEPTGGTLTLKKPKRKTLK",
  "progen3_ll": -2.3920340538024902,
  "progen3_perplexity": 10.935715675354004,
  "max_sequence": "MVDYTQRPKSRFLRVKCNDCENEQIIFGSASRKITCVVCGRTLAEPTGGGESIKESALKTPS",
  "max_ll": -2.760467052459717,
  "max_perplexity": 15.80722427368164,
  "max_kl": 0.016999313607811928,
  "max_nmse": 0.005377393215894699,
  "base_sequence": "MVDYTQRPKSRFLRVKCNDCENEQIIFGSASRKITCVVCGRTLAEPTGGVFTKRSTVIESSE",
  "base_ll": -2.684950590133667,
  "base_perplexity": 14.657476425170898,
  "base_kl": 0.10716208815574646,
  "base_nmse": 0.42558223009109497,
  "recovered_sequence": "MVDYTQRPKSRFLRVKCNDCENEQIIFGSASRKITCVVCGRTLAEPTGGTQTLKKKKEKTLK",
  "recovered_ll": -2.6203994750976562,
  "recovered_perplexity": 13.741212844848633,
  "recovered_kl": 0.03292715921998024,
  "recovered_nmse": 0.008121488615870476,
  "nodes": {
    "9": [
      12,
      40,
      95,
      128,
      162,
      224,
      234,
      284,
      353,
      359,
      387,
      407,
      414,
      425,
      429,
      447,
      464,
      466,
      538,
      545,
      555,
      595,
      654,
      667,
      706,
      708,
      715,
      734,
      746,
      760,
      767,
      790,
      857,
      957,
      967,
      981,
      1088,
      1092,
      1176,
      1184,
      1251,
      1256,
      1340,
      1346,
      1352,
      1366,
      1402,
      1429,
      1438,
      1483,
      1491,
      1495,
      1554,
      1560,
      1566,
      1579,
      1648,
      1665,
      1713,
      1783,
      1828,
      1835,
      1844,
      1851,
      1865,
      1940,
      1946,
      1957,
      2001,
      2005,
      2020,
      2079,
      2153,
      2191,
      2194,
      2212,
      2213,
      2218,
      2223,
      2231,
      2264,
      2287,
      2349,
      2360,
      2376,
      2417,
      2423,
      2427,
      2438,
      2467,
      2510,
      2511,
      2542,
      2553,
      2559,
      2572,
      2577,
      2592,
      2597,
      2626,
      2704,
      2706,
      2727,
      2732,
      2739,
      2755,
      2768,
      2787,
      2791,
      2809,
      2817,
      2881,
      2892,
      2941,
      2975,
      3004,
      3021,
      3050,
      3105,
      3107,
      3162,
      3187,
      3198,
      3199,
      3228,
      3284,
      3310,
      3325,
      3346,
      3362,
      3372,
      3376,
      3382,
      3408,
      3480,
      3494,
      3500,
      3540,
      3624,
      3649,
      3695,
      3723,
      3740,
      3760,
      3779,
      3802,
      3821,
      3836,
      3925,
      3949,
      3969,
      3999,
      4048,
      4079,
      4103,
      4106,
      4129,
      4142,
      4187,
      4190,
      4350,
      4370,
      4422,
      4437,
      4444,
      4452,
      4482,
      4526,
      4544,
      4575,
      4603
    ],
    "8": [
      37,
      94,
      109,
      136,
      155,
      188,
      247,
      252,
      263,
      311,
      392,
      426,
      583,
      585,
      747,
      835,
      841,
      858,
      862,
      900,
      1115,
      1120,
      1166,
      1178,
      1306,
      1390,
      1482,
      1495,
      1557,
      1632,
      1664,
      1678,
      1711,
      1728,
      1777,
      1804,
      1838,
      1956,
      1957,
      1996,
      2069,
      2077,
      2112,
      2140,
      2151,
      2167,
      2201,
      2203,
      2267,
      2329,
      2344,
      2376,
      2401,
      2479,
      2527,
      2596,
      2605,
      2621,
      2854,
      2969,
      2988,
      3007,
      3009,
      3113,
      3162,
      3236,
      3248,
      3283,
      3297,
      3298,
      3307,
      3390,
      3490,
      3631,
      3648,
      3662,
      3698,
      3741,
      3756,
      3779,
      3806,
      3865,
      3895,
      3938,
      4003,
      4009,
      4030,
      4118,
      4184,
      4215,
      4292,
      4294,
      4310,
      4361,
      4534,
      4550,
      4555,
      4606
    ],
    "6": [
      4,
      13,
      18,
      204,
      243,
      394,
      447,
      461,
      524,
      559,
      745,
      756,
      883,
      889,
      898,
      947,
      954,
      981,
      990,
      1037,
      1059,
      1063,
      1081,
      1137,
      1154,
      1213,
      1263,
      1305,
      1373,
      1467,
      1478,
      1504,
      1552,
      1584,
      1627,
      1648,
      1701,
      1718,
      1954,
      1987,
      2139,
      2152,
      2236,
      2260,
      2291,
      2317,
      2322,
      2426,
      2460,
      2495,
      2496,
      2512,
      2556,
      2588,
      2592,
      2614,
      2621,
      2717,
      2726,
      2802,
      2874,
      2989,
      3006,
      3154,
      3396,
      3410,
      3459,
      3509,
      3628,
      3679,
      3697,
      3701,
      3785,
      3845,
      3872,
      3915,
      4069,
      4107,
      4134,
      4138,
      4158,
      4192,
      4216,
      4235,
      4441,
      4476,
      4501,
      4512,
      4513,
      4529,
      4534,
      4581,
      4600,
      4601
    ],
    "5": [
      117,
      197,
      231,
      282,
      293,
      387,
      397,
      398,
      418,
      419,
      438,
      501,
      577,
      715,
      766,
      767,
      774,
      775,
      793,
      830,
      876,
      1012,
      1031,
      1042,
      1182,
      1239,
      1249,
      1273,
      1377,
      1410,
      1531,
      1593,
      1681,
      1704,
      1712,
      1724,
      1845,
      1954,
      2202,
      2268,
      2278,
      2359,
      2431,
      2475,
      2566,
      2649,
      2727,
      2746,
      2777,
      2834,
      3064,
      3100,
      3114,
      3127,
      3210,
      3244,
      3328,
      3430,
      3457,
      3519,
      3526,
      3590,
      3692,
      3745,
      3775,
      3943,
      3969,
      4066,
      4104,
      4427,
      4460,
      4516,
      4525
    ],
    "3": [
      50,
      195,
      201,
      255,
      337,
      339,
      438,
      545,
      550,
      568,
      571,
      811,
      824,
      825,
      933,
      934,
      1048,
      1079,
      1094,
      1221,
      1270,
      1305,
      1318,
      1324,
      1342,
      1383,
      1508,
      1537,
      1540,
      1552,
      1575,
      1608,
      1868,
      1903,
      1943,
      1992,
      2096,
      2170,
      2206,
      2286,
      2346,
      2402,
      2665,
      2697,
      2805,
      2825,
      2881,
      3019,
      3063,
      3070,
      3114,
      3179,
      3282,
      3307,
      3405,
      3450,
      3485,
      3587,
      3631,
      3658,
      3802,
      3818,
      3827,
      3847,
      3939,
      4033,
      4213,
      4371,
      4382,
      4427,
      4463,
      4482,
      4506,
      4507
    ],