{
  "entry": "P69165",
  "entry_name": "CALC2_ONCGO",
  "type": "CLM",
  "prompt": "CSNLSTCVLGKLSQDLHKLQTFPRT",
  "k": 32,
  "original_sequence": "CSNLSTCVLGKLSQDLHKLQTFPRTNTGAGVP",
  "original_ll": -2.8875160217285156,
  "original_perplexity": 17.94866943359375,
  "progen3_sequence": "CSNLSTCVLGKLSQDLHKLQTFPRTVNGKLGG",
  "progen3_ll": -2.755852460861206,
  "progen3_perplexity": 15.734447479248047,
  "max_sequence": "CSNLSTCVLGKLSQDLHKLQTFPRTSGLKSYS",
  "max_ll": -2.772117853164673,
  "max_perplexity": 15.992467880249023,
  "max_kl": 0.00467681372538209,
  "max_nmse": 0.02222992666065693,
  "base_sequence": "CSNLSTCVLGKLSQDLHKLQTFPRTANGVLSS",
  "base_ll": -2.700852632522583,
  "base_perplexity": 14.892423629760742,
  "base_kl": 0.0580129511654377,
  "base_nmse": 0.39039045572280884,
  "recovered_sequence": "CSNLSTCVLGKLSQDLHKLQTFPRTVNGKLGG",
  "recovered_ll": -2.755852460861206,
  "recovered_perplexity": 15.734447479248047,
  "recovered_kl": 0.004544408526271582,
  "recovered_nmse": 0.04511114954948425,
  "nodes": {
    "9": [
      162,
      407,
      734,
      763,
      957,
      967,
      1184,
      1302,
      1491,
      1579,
      1782,
      1832,
      1844,
      1957,
      2273,
      2283,
      2395,
      2975,
      3006,
      3050,
      3199,
      3382,
      3513,
      3526,
      3540,
      3624,
      3676,
      3779,
      3802,
      3821,
      4544
    ],
    "8": [
      1664
    ]
  }
}
