{
  "entry": "P71365",
  "entry_name": "Y1050_HAEIN",
  "type": "GLM_1",
  "prompt": "MKKLCTALLLSLFAISFAHANETKQIVLKVKEMNCQLCAYLVNKELRNINGVISTKASIKDGLVTVVEDPNVTNQQLFDAIHKLKYTAEVVN[GLM]57-72-15",
  "k": 640,
  "original_sequence": "MKKLCTALLLSLFAISFAHANETKQIVLKVKEMNCQLCAYLVNKELRNINGVISTKASIKDGLVTVVEDPNVTNQQLFDAIHKLKYTAEVVN",
  "original_ll": -2.4050610065460205,
  "original_perplexity": 11.079106330871582,
  "progen3_sequence": "MKKLCTALLLSLFAISFAHANETKQIVLKVKEMNCQLCAYLVNKELRNINGVISTKAAVKLPKTSNAQIEEKTNQQLFDAIHKLKYTAEVVN",
  "progen3_ll": -2.9036061763763428,
  "progen3_perplexity": 18.23980140686035,
  "max_sequence": "MKKLCTALLLSLFAISFAHANETKQIVLKVKEMNCQLCAYLVNKELRNINGVISTKAYQMLMMIRKAPNPPITNQQLFDAIHKLKYTAEVVN",
  "max_ll": -3.7480504512786865,
  "max_perplexity": 42.43826675415039,
  "max_kl": 0.023914702236652374,
  "max_nmse": 0.05905226618051529,
  "base_sequence": "MKKLCTALLLSLFAISFAHANETKQIVLKVKEMNCQLCAYLVNKELRNINGVISTKAEYMMMGEKMNQKMMNTNQQLFDAIHKLKYTAEVVN",
  "base_ll": -3.964519739151001,
  "base_perplexity": 52.69495391845703,
  "base_kl": 0.34073004126548767,
  "base_nmse": 3.227644920349121,
  "recovered_sequence": "MKKLCTALLLSLFAISFAHANETKQIVLKVKEMNCQLCAYLVNKELRNINGVISTKANVKMPKNKMEQILEKTNQQLFDAIHKLKYTAEVVN",
  "recovered_ll": -3.042473077774048,
  "recovered_perplexity": 20.957008361816406,
  "recovered_kl": 0.15449345111846924,
  "recovered_nmse": 0.9034983515739441,
  "nodes": {
    "9": [
      12,
      21,
      35,
      40,
      44,
      47,
      52,
      57,
      80,
      88,
      89,
      95,
      102,
      111,
      126,
      168,
      185,
      202,
      216,
      217,
      232,
      290,
      306,
      318,
      338,
      367,
      371,
      373,
      407,
      409,
      428,
      452,
      458,
      462,
      466,
      486,
      505,
      506,
      512,
      520,
      528,
      543,
      545,
      555,
      559,
      582,
      588,
      598,
      610,
      642,
      654,
      667,
      686,
      706,
      708,
      710,
      715,
      742,
      828,
      904,
      922,
      925,
      932,
      952,
      978,
      987,
      989,
      1004,
      1016,
      1049,
      1057,
      1062,
      1073,
      1081,
      1095,
      1104,
      1126,
      1146,
      1155,
      1175,
      1176,
      1184,
      1193,
      1211,
      1230,
      1233,
      1250,
      1271,
      1283,
      1303,
      1346,
      1352,
      1375,
      1394,
      1440,
      1441,
      1449,
      1454,
      1484,
      1488,
      1537,
      1648,
      1710,
      1718,
      1732,
      1741,
      1752,
      1759,
      1771,
      1774,
      1808,
      1822,
      1844,
      1875,
      1893,
      1904,
      1920,
      1935,
      1940,
      1941,
      1957,
      1960,
      2061,
      2095,
      2097,
      2146,
      2188,
      2191,
      2194,
      2200,
      2205,
      2231,
      2264,
      2268,
      2276,
      2284,
      2297,
      2298,
      2376,
      2417,
      2423,
      2427,
      2438,
      2448,
      2461,
      2467,
      2473,
      2516,
      2542,
      2546,
      2559,
      2587,
      2592,
      2597,
      2606,
      2609,
      2618,
      2620,
      2625,
      2656,
      2663,
      2665,
      2672,
      2678,
      2684,
      2704,
      2732,
      2733,
      2756,
      2768,
      2778,
      2781,
      2783,
      2785,
      2791,
      2817,
      2834,
      2855,
      2881,
      2892,
      2907,
      2908,
      2923,
      2924,
      2935,
      2937,
      2941,
      2946,
      2949,
      2955,
      2982,
      3003,
      3010,
      3021,
      3031,
      3049,
      3140,
      3168,
      3171,
      3176,
      3183,
      3193,
      3204,
      3227,
      3262,
      3284,
      3310,
      3314,
      3321,
      3325,
      3363,
      3392,
      3414,
      3419,
      3420,
      3474,
      3510,
      3540,
      3577,
      3624,
      3639,
      3649,
      3678,
      3680,
      3696,
      3700,
      3733,
      3795,
      3821,
      3823,
      3833,
      3869,
      3874,
      3877,
      3878,
      3894,
      3902,
      3934,
      3938,
      3972,
      3990,
      3993,
      3995,
      3999,
      4026,
      4040,
      4048,
      4122,
      4129,
      4172,
      4185,
      4191,
      4198,
      4202,
      4232,
      4252,
      4287,
      4293,
      4298,
      4313,
      4325,
      4370,
      4373,
      4377,
      4386,
      4407,
      4417,
      4424,
      4426,
      4442,
      4444,
      4459,
      4474,
      4482,
      4521,
      4525,
      4535,
      4536,
      4544,
      4549,
      4570,
      4603,
      4604
    ],
    "4": [
      2,
      156,
      210,
      213,
      338,
      430,
      611,
      630,
      640,
      915,
      1019,
      1295,
      1305,
      1385,
      1635,
      1701,
      1734,
      1827,
      1879,
      1929,
      1967,
      2029,
      2223,
      2330,
      2472,
      2513,
      2647,
      2754,
      2779,
      2800,
      2884,
      2940,
      3410,
      3428,
      3430,
      3445,
      3476,
      3604,
      3646,
      3734,
      4044,
      4448,
      4461
    ],
    "6": [
      32,
      142,
      155,
      524,
      527,
      628,
      756,
      844,
      947,
      954,
      1063,
      1082,
      1115,
      1137,
      1290,
      1461,
      1577,
      1657,
      1720,
      1726,
      1818,
      1825,
      1965,
      1979,
      1981,
      2062,
      2136,
      2266,
      2460,
      2519,
      2541,
      2574,
      2621,
      2641,
      2717,
      2753,
      2763,
      2794,
      2856,
      2897,
      3140,
      3212,
      3231,
      3279,
      3289,
      3509,
      3515,
      3561,
      3579,
      3705,
      3785,
      3833,
      3870,
      4068,
      4138,
      4216,
      4279,
      4353,
      4526,
      4529,
      4536,
      4543
    ],
    "0": [
      229,
      280,
      345,
      422,
      460,
      694,
      1017,
      1026,
      1093,
      1354,
      1451,
      1544,
      1580,
      1824,
      1848,
      1849,
      1942,
      2048,
      2075,
      2160,
      2172,
      2205,
      2211,
      2254,
      2299,
      2356,
      2402,
      2423,
      2688,
      2692,
      2747,
      2844,
      2849,
      2937,
      2984,
      3050,
      3054,
      3082,
      3129,
      3420,
      3453,
      3484,
      3503,
      3555,
      3606,
      3616,
      3659,
      3781,
      3819,
      3836,
      3848,
      3853,
      3905,
      3963,
      3982,
      4081,
      4150,
      4229,
      4268,
      4350,
      4354,
      4385,
      4388,
      4424,
      4426,
      4466,
      4488,
      4524
    ],
    "5": [
      31,
      397,
      439,
      536,
      538,
      1188,
      1195,
      1531,
      1599,
      1661,
      1724,
      1862,
      1987,
      2202,
      2283,
      2566,
      2825,
      2891,
      3168,
      3217,
      3218,
      3341,
      3430,
      3519,
      3798,
      4003,
      4066,
      4074,
      4103,
      4302,
      4427,
      4525
    ],
    "7": [
      131,
      379,
      535,
      690,
      732,
      932,
      988,
      1227,
      1256,
      1344,
      1751,
      2227,
      2496,
      2667,
      2978,
      3035,
      3314,
      3532,
      3773,
      3794,
      3804,
      4165,
      4274,
      4317,
      4400,
      4578,
      4603
    ],
    "3": [
      1048,
      1065,
      1079,
      1099,
      1270,
      1318,
      1359,
      1508,
      1526,
      1535,
      1636,
      1663,
      2140,
      2286,
      2519,
      2631,
      2710,
      2983,
      3324,
      3485,
      3775,
      4213,
      4243,
      4249,
      4277,
      4489,
      4507
    ],