{
  "entry": "P71365",
  "entry_name": "Y1050_HAEIN",
  "type": "GLM_2",
  "prompt": "MKKLCTALLLSLFAISFAHANETKQIVLKVKEMNCQLCAYLVNKELRNINGVISTKASIKDGLVTVVEDPNVTNQQLFDAIHKLKYTAEVVN[GLM]29-53-24",
  "k": 480,
  "original_sequence": "MKKLCTALLLSLFAISFAHANETKQIVLKVKEMNCQLCAYLVNKELRNINGVISTKASIKDGLVTVVEDPNVTNQQLFDAIHKLKYTAEVVN",
  "original_ll": -2.436823844909668,
  "original_perplexity": 11.43665885925293,
  "progen3_sequence": "MKKLCTALLLSLFAISFAHANETKQIVLKMDKTTQREAWALMYKGPDLDALQRSTKASIKDGLVTVVEDPNVTNQQLFDAIHKLKYTAEVVN",
  "progen3_ll": -3.017455816268921,
  "progen3_perplexity": 20.439224243164062,
  "max_sequence": "MKKLCTALLLSLFAISFAHANETKQIVLKKNAQEVKLLTVQQGAAKEESQTGNSTKASIKDGLVTVVEDPNVTNQQLFDAIHKLKYTAEVVN",
  "max_ll": -2.815030336380005,
  "max_perplexity": 16.693683624267578,
  "max_kl": 0.07024173438549042,
  "max_nmse": 0.019685175269842148,
  "base_sequence": "MKKLCTALLLSLFAISFAHANETKQIVLKNNVMNLMLMMQQMMKMMMTKGMQMSTKASIKDGLVTVVEDPNVTNQQLFDAIHKLKYTAEVVN",
  "base_ll": -2.679231643676758,
  "base_perplexity": 14.573890686035156,
  "base_kl": 0.4088524281978607,
  "base_nmse": 3.930638551712036,
  "recovered_sequence": "MKKLCTALLLSLFAISFAHANETKQIVLKMDKTMQNENTQLMNVLPDLKAEQRSTKASIKDGLVTVVEDPNVTNQQLFDAIHKLKYTAEVVN",
  "recovered_ll": -2.9893786907196045,
  "recovered_perplexity": 19.87333106994629,
  "recovered_kl": 0.10458365082740784,
  "recovered_nmse": 0.5775233507156372,
  "nodes": {
    "9": [
      12,
      75,
      88,
      89,
      95,
      101,
      168,
      170,
      224,
      265,
      277,
      290,
      319,
      342,
      356,
      362,
      375,
      392,
      395,
      407,
      415,
      423,
      457,
      466,
      486,
      497,
      504,
      506,
      512,
      521,
      528,
      543,
      545,
      555,
      582,
      586,
      598,
      612,
      622,
      631,
      637,
      654,
      667,
      671,
      706,
      715,
      734,
      758,
      760,
      767,
      814,
      828,
      830,
      874,
      957,
      967,
      980,
      987,
      989,
      992,
      1004,
      1007,
      1016,
      1038,
      1048,
      1049,
      1062,
      1081,
      1088,
      1141,
      1146,
      1170,
      1176,
      1184,
      1190,
      1223,
      1228,
      1230,
      1271,
      1286,
      1343,
      1346,
      1352,
      1374,
      1375,
      1394,
      1401,
      1427,
      1440,
      1441,
      1454,
      1472,
      1484,
      1523,
      1566,
      1567,
      1579,
      1589,
      1633,
      1648,
      1745,
      1768,
      1820,
      1828,
      1836,
      1844,
      1851,
      1875,
      1894,
      1903,
      1937,
      1940,
      1943,
      1957,
      1996,
      2005,
      2010,
      2015,
      2040,
      2047,
      2056,
      2061,
      2067,
      2092,
      2097,
      2105,
      2191,
      2194,
      2204,
      2212,
      2220,
      2223,
      2231,
      2237,
      2254,
      2264,
      2276,
      2313,
      2324,
      2325,
      2330,
      2338,
      2348,
      2349,
      2376,
      2417,
      2423,
      2473,
      2474,
      2510,
      2516,
      2533,
      2534,
      2553,
      2559,
      2587,
      2609,
      2627,
      2695,
      2704,
      2719,
      2739,
      2768,
      2778,
      2787,
      2791,
      2817,
      2868,
      2892,
      2911,
      2923,
      2941,
      2946,
      2949,
      2955,
      3010,
      3021,
      3049,
      3050,
      3065,
      3122,
      3140,
      3191,
      3199,
      3225,
      3227,
      3228,
      3279,
      3284,
      3314,
      3329,
      3363,
      3414,
      3419,
      3420,
      3421,
      3474,
      3500,
      3511,
      3513,
      3540,
      3578,
      3610,
      3624,
      3649,
      3672,
      3687,
      3715,
      3723,
      3779,
      3795,
      3802,
      3821,
      3861,
      3863,
      3878,
      3931,
      3934,
      3972,
      3995,
      3999,
      4026,
      4049,
      4050,
      4069,
      4102,
      4106,
      4107,
      4122,
      4129,
      4158,
      4168,
      4198,
      4201,
      4232,
      4250,
      4287,
      4298,
      4302,
      4342,
      4348,
      4394,
      4405,
      4407,
      4413,
      4417,
      4442,
      4450,
      4493,
      4502,
      4503,
      4544,
      4575,
      4590,
      4599,
      4603
    ],
    "3": [
      564,
      820,
      896,
      901,
      1112,
      1284,
      1436,
      1441,
      1623,
      1723,
      1759,
      1888,
      2242,
      2321,
      2326,
      2663,
      2789,
      2895,
      2928,
      3842,
      3854,
      3899,
      4170,
      4308,
      4310
    ],
    "2": [
      457,
      550,
      639,
      1246,
      1462,
      1570,
      1784,
      1870,
      2091,
      2193,
      2627,
      2629,
      2978,
      3336,
      3356,
      3377,
      3466,
      3813,
      3938,
      4104,
      4281
    ],
    "5": [
      51,
      544,
      620,
      798,
      831,
      1011,
      1125,
      1322,
      1338,
      1444,
      2132,
      2147,
      2157,
      2164,
      2372,
      2508,
      2670,
      2776,
      2807,
      2867,
      3086,
      3174,
      3293,
      3343,
      3416,
      3590,
      3893,
      4021,
      4032,
      4069,
      4128,
      4139,
      4181,
      4284
    ],
    "4": [
      43,
      65,
      210,
      215,
      401,
      630,
      731,
      880,
      981,
      1206,
      1293,
      1543,
      1683,
      2280,
      2472,
      2659,
      2661,
      2940,
      2945,
      3025,
      3397,
      3516,
      3619,
      3646,
      3648,
      3708,
      3771,
      4387,
      4395,
      4461,
      4516
    ],
    "0": [
      3,
      276,
      376,
      460,
      694,
      859,
      952,
      1135,
      1370,
      1657,
      2075,
      2160,
      2299,
      3050,
      3554,
      3659,
      3922,
      4053,
      4081,
      4151,
      4336,
      4488
    ],
    "6": [
      140,
      447,
      860,
      947,
      1264,
      1410,
      1418,
      1865,
      1987,
      2050,
      2202,
      2339,
      2359,
      2635,
      2769,
      2973,
      3177,
      3356,
      3470,
      3803,
      3840,
      4317,
      4332,
      4598
    ],
    "1": [
      318,
      758,
      1292,
      1339,
      1372,
      1713,
      3704,
      4017,
      4357,
      4512
    ],
    "7": [
      34,
      62,
      66,
      274,
      403,
      479,
      872,
      912,
      1010,
      1338,
      1765,
      1880,
      1926,
      1938,
      2227,
      2299,
      2347,
      2513,
      2540,
      2767,
      2916,
      2989,
      3289,
      3350,
      3400,
      3715,
      4103,
      4222,
      4303,
      4334,
      4412,
      4421,
      4430,
      4575,
      4601
    ],
    "8": [
      114,
      196,
      329,
      469,
      611,
      800,
      1086,
      1108,
      1136,
      2183,
      2256,
      2482,
      2791,
      2829,
      2891,
      2932,
      3024,
      3042,
      3643,
      3865,
      4310,
      4569
    ]
  }
}
