{
  "entry": "P80353",
  "entry_name": "2SS4_CAPMA",
  "type": "CLM",
  "prompt": "EPLCRRQFQQHQHLRACQRYLRRRAQRGEQRGPALRLCCNQLRQVNKPCVCPVLRQAAHQQLYQGQIEGPRQVRRLFRAA",
  "k": 960,
  "original_sequence": "EPLCRRQFQQHQHLRACQRYLRRRAQRGEQRGPALRLCCNQLRQVNKPCVCPVLRQAAHQQLYQGQIEGPRQVRRLFRAARNLPNICKIPAVGRCQFTRW",
  "original_ll": -3.1008737087249756,
  "original_perplexity": 22.21735382080078,
  "progen3_sequence": "EPLCRRQFQQHQHLRACQRYLRRRAQRGEQRGPALRLCCNQLRQVNKPCVCPVLRQAAHQQLYQGQIEGPRQVRRLFRAAHVRHRQPQRRRHRAHRPLRR",
  "progen3_ll": -2.201281785964966,
  "progen3_perplexity": 9.036588668823242,
  "max_sequence": "EPLCRRQFQQHQHLRACQRYLRRRAQRGEQRGPALRLCCNQLRQVNKPCVCPVLRQAAHQQLYQGQIEGPRQVRRLFRAALAQDQGLRQLRRQGALQRQR",
  "max_ll": -2.225759983062744,
  "max_perplexity": 9.260518074035645,
  "max_kl": 0.0041727847419679165,
  "max_nmse": 0.0038856500759720802,
  "base_sequence": "EPLCRRQFQQHQHLRACQRYLRRRAQRGEQRGPALRLCCNQLRQVNKPCVCPVLRQAAHQQLYQGQIEGPRQVRRLFRAAQQQHQPRRQCQLRCRRQQRR",
  "base_ll": -2.1797327995300293,
  "base_perplexity": 8.843942642211914,
  "base_kl": 0.10250081866979599,
  "base_nmse": 0.22863532602787018,
  "recovered_sequence": "EPLCRRQFQQHQHLRACQRYLRRRAQRGEQRGPALRLCCNQLRQVNKPCVCPVLRQAAHQQLYQGQIEGPRQVRRLFRAAHVRHRQPQRRRHRAHRPLRR",
  "recovered_ll": -2.201281785964966,
  "recovered_perplexity": 9.036588668823242,
  "recovered_kl": 0.005430385936051607,
  "recovered_nmse": 0.010954172350466251,
  "nodes": {
    "9": [
      12,
      134,
      153,
      162,
      263,
      284,
      381,
      403,
      407,
      433,
      484,
      734,
      760,
      763,
      777,
      957,
      967,
      1060,
      1149,
      1176,
      1184,
      1186,
      1196,
      1204,
      1251,
      1302,
      1349,
      1443,
      1466,
      1491,
      1495,
      1528,
      1579,
      1662,
      1735,
      1742,
      1782,
      1828,
      1832,
      1844,
      1851,
      1957,
      2108,
      2143,
      2148,
      2238,
      2247,
      2283,
      2287,
      2343,
      2360,
      2376,
      2395,
      2423,
      2450,
      2455,
      2476,
      2510,
      2642,
      2732,
      2787,
      2893,
      2919,
      2941,
      2957,
      2975,
      3006,
      3018,
      3050,
      3162,
      3199,
      3221,
      3232,
      3234,
      3245,
      3341,
      3382,
      3407,
      3414,
      3445,
      3500,
      3513,
      3526,
      3540,
      3581,
      3603,
      3624,
      3681,
      3709,
      3760,
      3779,
      3802,
      3821,
      3846,
      3856,
      3952,
      3965,
      3999,
      4106,
      4129,
      4210,
      4273,
      4452,
      4482,
      4539,
      4544,
      4587
    ],
    "8": [
      50,
      82,
      94,
      140,
      194,
      274,
      350,
      372,
      417,
      528,
      583,
      584,
      609,
      611,
      655,
      766,
      912,
      968,
      999,
      1004,
      1008,
      1108,
      1121,
      1136,
      1201,
      1376,
      1400,
      1436,
      1444,
      1486,
      1516,
      1535,
      1557,
      1664,
      1744,
      1804,
      1954,
      1956,
      2077,
      2106,
      2151,
      2175,
      2185,
      2334,
      2346,
      2361,
      2401,
      2490,
      2513,
      2516,
      2528,
      2564,
      2596,
      2605,
      2621,
      2706,
      2710,
      2743,
      2779,
      2806,
      2917,
      2958,
      2980,
      2986,
      3042,
      3118,
      3195,
      3267,
      3321,
      3348,
      3369,
      3396,
      3422,
      3432,
      3459,
      3485,
      3567,
      3594,
      3653,
      3700,
      3735,
      3741,
      3865,
      3874,
      4011,
      4167,
      4294,
      4308,
      4334,
      4364,
      4371,
      4391,
      4416,
      4471,
      4488,
      4534,
      4546,
      4559
    ],
    "7": [
      66,
      78,
      222,
      230,
      330,
      362,
      450,
      631,
      872,
      889,
      907,
      1010,
      1128,
      1244,
      1256,
      1306,
      1430,
      1454,
      1520,
      1625,
      1648,
      1709,
      1751,
      1816,
      1824,
      1898,
      1929,
      1935,
      1958,
      1969,
      2053,
      2113,
      2227,
      2248,
      2261,
      2263,
      2279,
      2366,
      2513,
      2595,
      2640,
      2676,
      2747,
      2842,
      2877,
      2922,
      2977,
      3135,
      3159,
      3167,
      3284,
      3389,
      3464,
      3487,
      3521,
      3576,
      3588,
      3598,
      3601,
      3608,
      3690,
      3760,
      3825,
      3942,
      3948,
      4055,
      4130,
      4149,
      4299,
      4331,
      4367,
      4421,
      4457,
      4475,
      4534,
      4564
    ],
    "6": [
      13,
      18,
      36,
      85,
      144,
      159,
      329,
      394,
      398,
      483,
      484,
      559,
      593,
      609,
      731,
      762,
      947,
      1050,
      1137,
      1154,
      1155,
      1284,
      1292,
      1377,
      1467,
      1478,
      1504,
      1546,
      1584,
      1605,
      1657,
      1687,
      1701,
      1718,
      1766,
      1785,
      1792,
      1804,
      1830,
      1954,
      1987,
      2089,
      2120,
      2161,
      2207,
      2247,
      2260,
      2297,
      2389,
      2426,
      2429,
      2460,
      2556,
      2588,
      2592,
      2596,
      2614,
      2625,
      2659,
      2664,
      2717,
      2726,
      2727,
      2794,
      2845,
      2848,
      2874,
      2978,
      3016,
      3020,
      3154,
      3284,
      3396,
      3435,
      3459,
      3509,
      3539,
      3628,
      3701,
      3706,
      3760,
      3785,
      3948,
      4053,
      4106,
      4138,
      4139,
      4192,
      4392,
      4400,
      4489,
      4501,
      4512,
      4513,
      4537,
      4581,
      4601
    ],
    "5": [
      17,
      69,
      168,
      288,
      290,
      307,
      330,
      362,
      414,
      421,
      540,
      627,
      632,
      679,
      691,
      735,
      774,
      793,
      841,
      903,
      954,
      1031,
      1084,
      1102,
      1108,
      1114,
      1127,
      1143,
      1152,
      1191,
      1249,
      1269,
      1273,
      1397,
      1428,
      1434,
      1471,
      1498,
      1524,
      1636,
      1684,
      1861,
      1870,
      1908,
      1919,
      2018,
      2085,
      2141,
      2186,
      2196,
      2240,
      2278,
      2332,
      2336,
      2381,
      2545,
      2588,
      2629,
      2675,
      2777,
      2879,
      2941,
      2981,
      2991,
      3009,
      3199,
      3244,
      3397,
      3414,
      3462,
      3507,
      3632,
      3638,
      3710,
      3748,
      3819,
      3825,
      3977,
      3979,
      4016,
      4104,
      4108,
      4153,
      4245,
      4265,
      4267,
      4285,
      4290,
      4321,
      4330,
      4337,
      4348,
      4371,
      4395,
      4410,
      4437,
      4497,
      4571,
      4577
    ],