{
  "entry": "P80355",
  "entry_name": "COMS_BACSU",
  "type": "CLM",
  "prompt": "MNRSGKHLISSIILYPRPSGECISSISLDKQTQATT",
  "k": 800,
  "original_sequence": "MNRSGKHLISSIILYPRPSGECISSISLDKQTQATTSPLYFCWREK",
  "original_ll": -3.0674967765808105,
  "original_perplexity": 21.488046646118164,
  "progen3_sequence": "MNRSGKHLISSIILYPRPSGECISSISLDKQTQATTRSIIPSLSTS",
  "progen3_ll": -2.5521655082702637,
  "progen3_perplexity": 12.834867477416992,
  "max_sequence": "MNRSGKHLISSIILYPRPSGECISSISLDKQTQATTLAKLKKLLLS",
  "max_ll": -2.429439067840576,
  "max_perplexity": 11.35251235961914,
  "max_kl": 0.0012718484504148364,
  "max_nmse": 0.003982471767812967,
  "base_sequence": "MNRSGKHLISSIILYPRPSGECISSISLDKQTQATTISSASLSNSL",
  "base_ll": -2.41865611076355,
  "base_perplexity": 11.230755805969238,
  "base_kl": 0.08545060455799103,
  "base_nmse": 0.33482447266578674,
  "recovered_sequence": "MNRSGKHLISSIILYPRPSGECISSISLDKQTQATTRSIIPRLSRS",
  "recovered_ll": -2.624316930770874,
  "recovered_perplexity": 13.795147895812988,
  "recovered_kl": 0.0015927207423374057,
  "recovered_nmse": 0.004479140508919954,
  "nodes": {
    "9": [
      12,
      34,
      162,
      184,
      352,
      381,
      407,
      538,
      734,
      760,
      763,
      957,
      967,
      1042,
      1166,
      1184,
      1191,
      1196,
      1219,
      1251,
      1298,
      1302,
      1306,
      1447,
      1491,
      1528,
      1545,
      1579,
      1724,
      1735,
      1742,
      1782,
      1828,
      1832,
      1844,
      1851,
      1885,
      1942,
      1957,
      2005,
      2064,
      2105,
      2108,
      2109,
      2126,
      2264,
      2273,
      2275,
      2283,
      2287,
      2395,
      2450,
      2510,
      2531,
      2604,
      2715,
      2732,
      2787,
      2969,
      2975,
      3006,
      3050,
      3087,
      3105,
      3146,
      3199,
      3221,
      3290,
      3310,
      3372,
      3381,
      3382,
      3399,
      3426,
      3513,
      3526,
      3540,
      3581,
      3624,
      3676,
      3779,
      3802,
      3821,
      3832,
      3965,
      3999,
      4103,
      4129,
      4244,
      4380,
      4482,
      4544,
      4598
    ],
    "8": [
      82,
      97,
      240,
      301,
      311,
      372,
      392,
      417,
      583,
      782,
      811,
      817,
      968,
      999,
      1004,
      1008,
      1021,
      1136,
      1201,
      1238,
      1272,
      1301,
      1400,
      1436,
      1444,
      1486,
      1494,
      1535,
      1548,
      1557,
      1664,
      1687,
      1744,
      1838,
      1954,
      1956,
      2021,
      2054,
      2077,
      2106,
      2109,
      2112,
      2127,
      2151,
      2199,
      2201,
      2329,
      2334,
      2401,
      2479,
      2490,
      2516,
      2528,
      2557,
      2564,
      2567,
      2590,
      2596,
      2605,
      2621,
      2710,
      2727,
      2743,
      2779,
      3007,
      3009,
      3042,
      3195,
      3396,
      3432,
      3449,
      3485,
      3524,
      3600,
      3653,
      3659,
      3711,
      3735,
      3846,
      3865,
      3874,
      3880,
      3895,
      3960,
      4152,
      4167,
      4177,
      4294,
      4310,
      4471,
      4488,
      4534,
      4546,
      4578
    ],
    "7": [
      7,
      66,
      72,
      78,
      215,
      362,
      482,
      491,
      535,
      631,
      872,
      889,
      893,
      907,
      1010,
      1070,
      1128,
      1151,
      1256,
      1306,
      1454,
      1520,
      1625,
      1634,
      1709,
      1751,
      1816,
      1824,
      1826,
      1830,
      1880,
      1898,
      1929,
      1935,
      1958,
      1969,
      1970,
      1976,
      2227,
      2248,
      2261,
      2263,
      2279,
      2476,
      2513,
      2517,
      2676,
      2747,
      2802,
      2877,
      2922,
      2998,
      3135,
      3251,
      3284,
      3389,
      3487,
      3521,
      3608,
      3690,
      3727,
      3825,
      3948,
      4024,
      4055,
      4130,
      4141,
      4159,
      4183,
      4254,
      4421,
      4564,
      4578
    ],
    "5": [
      196,
      307,
      308,
      340,
      343,
      421,
      424,
      429,
      540,
      679,
      719,
      814,
      975,
      1031,
      1108,
      1249,
      1313,
      1329,
      1397,
      1434,
      1902,
      1905,
      1936,
      1968,
      2278,
      2675,
      2777,
      2825,
      2831,
      2941,
      2957,
      2981,
      3097,
      3244,
      3452,
      3582,
      3632,
      3692,
      3708,
      3852,
      3979,
      4066,
      4108,
      4129,
      4285,
      4330,
      4348,
      4371,
      4402,
      4461
    ],
    "6": [
      13,
      18,
      85,
      167,
      299,
      335,
      398,
      447,
      484,
      510,
      520,
      524,
      599,
      745,
      891,
      898,
      947,
      954,
      960,
      1137,
      1154,
      1212,
      1284,
      1346,
      1377,
      1410,
      1504,
      1584,
      1627,
      1692,
      1696,
      1699,
      1701,
      1708,
      1718,
      1858,
      1954,
      1987,
      2039,
      2207,
      2260,
      2317,
      2389,
      2460,
      2495,
      2496,
      2556,
      2664,
      2717,
      2790,
      2794,
      2848,
      2874,
      2989,
      3136,
      3190,
      3205,
      3396,
      3435,
      3459,
      3473,
      3509,
      3697,
      3701,
      3705,
      3716,
      3760,
      3948,
      4053,
      4068,
      4235,
      4334,
      4400,
      4529,
      4569,
      4581
    ],
    "0": [
      4,
      15,
      36,
      73,
      85,
      88,
      100,
      129,
      140,
      155,
      177,
      195,
      197,
      213,
      333,
      392,
      487,
      493,
      496,
      510,
      535,
      538,
      547,
      591,
      603,
      620,
      648,
      686,
      694,
      733,
      785,
      796,
      800,
      810,
      883,
      889,
      910,
      957,
      972,
      990,
      994,
      1026,
      1049,
      1069,
      1087,
      1105,
      1119,
      1184,
      1211,
      1250,
      1257,
      1297,
      1328,
      1359,
      1408,
      1410,
      1455,
      1521,
      1646,
      1652,
      1675,
      1692,
      1703,
      1711,
      1795,
      1824,
      1828,
      1911,
      1934,
      1983,
      2022,
      2033,
      2046,
      2117,
      2123,
      2147,
      2148,
      2170,
      2299,
      2310,
      2335,
      2356,
      2372,
      2450,
      2463,
      2472,
      2482,
      2500,
      2524,
      2549,
      2573,
      2574,
      2609,
      2620,
      2675,
      2694,
      2706,
      2722,
      2727,
      2728,
      2744,
      2765,
      2782,
      2792,
      2835,
      2849,
      2867,
      2879,
      2907,
      2968,
      2991,
      3000,
      3057,
      3095,
      3133,
      3182,
      3293,
      3294,
      3327,
      3363,
      3379,
      3453,
      3461,
      3463,
      3484,
      3536,
      3554,
      3573,
      3581,
      3601,
      3606,
      3607,
      3633,
      3670,
      3691,
      3698,
      3730,
      3733,
      3748,
      3751,
      3792,
      3794,
      3810,
      3813,
      3919,
      3948,
      3963,
      3985,
      4040,
      4108,
      4117,
      4182,
      4184,
      4195,
      4208,
      4240,
      4250,
      4289,
      4297,
      4306,
      4331,
      4347,
      4354,
      4409,
      4419,
      4426,
      4433,
      4492,
      4503,
      4532,
      4533
    ],