{
  "entry": "P82765",
  "entry_name": "DF111_ARATH",
  "type": "CLM",
  "prompt": "MAITKKILLPFVLTILFVISSVHCSDDTQGFGIKQEYKQCYTPDPCRKGGNDECERFCVAKSGLLY",
  "k": 1000,
  "original_sequence": "MAITKKILLPFVLTILFVISSVHCSDDTQGFGIKQEYKQCYTPDPCRKGGNDECERFCVAKSGLLYGKCINDGSKDVCCCLTK",
  "original_ll": -2.724623680114746,
  "original_perplexity": 15.250673294067383,
  "progen3_sequence": "MAITKKILLPFVLTILFVISSVHCSDDTQGFGIKQEYKQCYTPDPCRKGGNDECERFCVAKSGLLYCSKKKECRREGGSYREC",
  "progen3_ll": -2.4978880882263184,
  "progen3_perplexity": 12.156792640686035,
  "max_sequence": "MAITKKILLPFVLTILFVISSVHCSDDTQGFGIKQEYKQCYTPDPCRKGGNDECERFCVAKSGLLYAEEDCSCILYDGCCCCC",
  "max_ll": -2.9128565788269043,
  "max_perplexity": 18.409313201904297,
  "max_kl": 0.011746644973754883,
  "max_nmse": 0.0066904970444738865,
  "base_sequence": "MAITKKILLPFVLTILFVISSVHCSDDTQGFGIKQEYKQCYTPDPCRKGGNDECERFCVAKSGLLYSENINIKGKGDTKVCCE",
  "base_ll": -2.833061695098877,
  "base_perplexity": 16.99742317199707,
  "base_kl": 0.07583366334438324,
  "base_nmse": 0.38724032044410706,
  "recovered_sequence": "MAITKKILLPFVLTILFVISSVHCSDDTQGFGIKQEYKQCYTPDPCRKGGNDECERFCVAKSGLLYSSNKKECEREGLSCRCC",
  "recovered_ll": -2.8585851192474365,
  "recovered_perplexity": 17.436838150024414,
  "recovered_kl": 0.014260907657444477,
  "recovered_nmse": 0.010800893418490887,
  "nodes": {
    "9": [
      12,
      127,
      162,
      350,
      388,
      407,
      408,
      413,
      425,
      429,
      447,
      466,
      497,
      537,
      538,
      545,
      622,
      654,
      703,
      706,
      734,
      746,
      749,
      760,
      905,
      957,
      967,
      1004,
      1021,
      1036,
      1073,
      1143,
      1176,
      1184,
      1204,
      1251,
      1352,
      1394,
      1443,
      1466,
      1491,
      1523,
      1579,
      1584,
      1648,
      1672,
      1828,
      1832,
      1835,
      1844,
      1851,
      1875,
      1949,
      1957,
      2005,
      2047,
      2067,
      2086,
      2105,
      2109,
      2177,
      2213,
      2264,
      2287,
      2360,
      2376,
      2427,
      2467,
      2510,
      2511,
      2516,
      2524,
      2548,
      2553,
      2581,
      2592,
      2618,
      2637,
      2642,
      2704,
      2732,
      2763,
      2787,
      2790,
      2791,
      2809,
      2874,
      2975,
      2982,
      2983,
      3050,
      3105,
      3162,
      3199,
      3228,
      3239,
      3245,
      3284,
      3303,
      3338,
      3345,
      3367,
      3381,
      3382,
      3414,
      3505,
      3513,
      3526,
      3540,
      3579,
      3624,
      3637,
      3649,
      3695,
      3723,
      3779,
      3802,
      3808,
      3821,
      3873,
      3965,
      3999,
      4031,
      4085,
      4103,
      4106,
      4250,
      4469,
      4475,
      4482,
      4490,
      4525,
      4526,
      4544,
      4603
    ],
    "7": [
      66,
      166,
      179,
      362,
      369,
      509,
      535,
      732,
      872,
      873,
      889,
      893,
      933,
      956,
      1010,
      1017,
      1151,
      1211,
      1256,
      1273,
      1320,
      1338,
      1454,
      1510,
      1520,
      1625,
      1643,
      1653,
      1751,
      1765,
      1824,
      1830,
      1856,
      1880,
      1929,
      1931,
      1966,
      1969,
      1979,
      2035,
      2147,
      2180,
      2227,
      2230,
      2261,
      2279,
      2299,
      2362,
      2396,
      2401,
      2476,
      2491,
      2595,
      2747,
      2786,
      2819,
      2877,
      2891,
      2922,
      3135,
      3159,
      3227,
      3381,
      3389,
      3464,
      3473,
      3487,
      3541,
      3601,
      3690,
      3754,
      3760,
      3914,
      3948,
      3970,
      4014,
      4055,
      4063,
      4110,
      4144,
      4195,
      4299,
      4331,
      4421,
      4558,
      4564
    ],
    "8": [
      50,
      114,
      129,
      137,
      141,
      154,
      155,
      194,
      221,
      234,
      240,
      274,
      319,
      323,
      372,
      434,
      466,
      543,
      567,
      583,
      584,
      609,
      611,
      638,
      649,
      693,
      721,
      745,
      800,
      811,
      813,
      855,
      901,
      938,
      972,
      1033,
      1051,
      1083,
      1136,
      1175,
      1183,
      1200,
      1201,
      1212,
      1252,
      1258,
      1272,
      1289,
      1324,
      1356,
      1368,
      1397,
      1511,
      1549,
      1557,
      1581,
      1664,
      1734,
      1747,
      1757,
      1780,
      1781,
      1800,
      1842,
      1843,
      1870,
      1918,
      1919,
      1920,
      1954,
      2023,
      2054,
      2103,
      2109,
      2111,
      2112,
      2119,
      2122,
      2152,
      2199,
      2201,
      2286,
      2302,
      2317,
      2327,
      2329,
      2356,
      2370,
      2401,
      2433,
      2475,
      2489,
      2518,
      2555,
      2564,
      2578,
      2596,
      2605,
      2621,
      2689,
      2727,
      2753,
      2760,
      2790,
      2829,
      2850,
      2853,
      2891,
      2903,
      2917,
      2931,
      2959,
      2986,
      3001,
      3019,
      3024,
      3087,
      3098,
      3159,
      3259,
      3262,
      3284,
      3346,
      3360,
      3422,
      3426,
      3500,
      3600,
      3704,
      3741,
      3803,
      3809,
      3846,
      3849,
      3865,
      3960,
      4058,
      4102,
      4152,
      4185,
      4216,
      4230,
      4276,
      4284,
      4290,
      4294,
      4310,
      4311,
      4354,
      4355,
      4364,
      4371,
      4403,
      4409,
      4471,
      4487,
      4526,
      4546,
      4585,
      4594,
      4595
    ],
    "3": [
      159,
      196,
      273,
      305,
      335,
      352,
      366,
      399,
      421,
      429,
      441,
      466,
      534,
      545,
      597,
      855,
      909,
      939,
      1261,
      1309,
      1389,
      1429,
      1437,
      1441,
      1501,
      1533,
      1551,
      1568,
      1608,
      1633,
      1723,
      1808,
      1819,
      1866,
      1869,
      1879,
      1907,
      1914,
      1935,
      2088,
      2095,
      2150,
      2162,
      2232,
      2246,
      2286,
      2448,
      2544,
      2606,
      2634,
      2682,
      2743,
      2785,
      2812,
      2859,
      2870,
      2903,
      2948,
      2953,
      3009,
      3054,
      3074,
      3106,
      3405,
      3411,
      3443,
      3449,
      3525,
      3590,
      3608,
      3629,
      3680,
      3773,
      3842,
      3845,
      3909,
      3926,
      4003,
      4033,
      4075,
      4105,
      4122,
      4157,
      4161,
      4172,
      4174,
      4252,
      4461,
      4561,
      4587
    ],