{
  "entry": "P84195",
  "entry_name": "XYNA_GLOTR",
  "type": "GLM_1",
  "prompt": "LYMGTATDNGATAMLNLVESLKYSWVPSTFSGQGAATPYDSNLVK[GLM]28-44-16",
  "k": 128,
  "original_sequence": "LYMGTATDNGATAMLNLVESLKYSWVPSTFSGQGAATPYDSNLVK",
  "original_ll": -2.7957279682159424,
  "original_perplexity": 16.374544143676758,
  "progen3_sequence": "LYMGTATDNGATAMLNLVESLKYSWVPSIIVNQLQYYMINMNNVK",
  "progen3_ll": -3.097917318344116,
  "progen3_perplexity": 22.15176773071289,
  "max_sequence": "LYMGTATDNGATAMLNLVESLKYSWVPSINNLLNLQDQNRVMEIK",
  "max_ll": -2.8873414993286133,
  "max_perplexity": 17.945537567138672,
  "max_kl": 0.037537578493356705,
  "max_nmse": 0.051038455218076706,
  "base_sequence": "LYMGTATDNGATAMLNLVESLKYSWVPSMMNNNMIVDNMNLENMK",
  "base_ll": -3.104445457458496,
  "base_perplexity": 22.296850204467773,
  "base_kl": 0.17026934027671814,
  "base_nmse": 0.4272763729095459,
  "recovered_sequence": "LYMGTATDNGATAMLNLVESLKYSWVPSIIVKQLLEYMPYMNIVK",
  "recovered_ll": -3.071688652038574,
  "recovered_perplexity": 21.578311920166016,
  "recovered_kl": 0.05515587702393532,
  "recovered_nmse": 0.06799282133579254,
  "nodes": {
    "9": [
      12,
      27,
      139,
      381,
      407,
      466,
      538,
      639,
      734,
      746,
      758,
      760,
      957,
      967,
      971,
      1036,
      1048,
      1073,
      1080,
      1176,
      1184,
      1251,
      1302,
      1307,
      1491,
      1579,
      1609,
      1828,
      1844,
      1851,
      1888,
      1946,
      1957,
      2005,
      2105,
      2283,
      2304,
      2360,
      2511,
      2637,
      2732,
      2763,
      2787,
      2791,
      2804,
      2858,
      3040,
      3050,
      3079,
      3101,
      3198,
      3199,
      3221,
      3341,
      3372,
      3381,
      3382,
      3513,
      3526,
      3540,
      3624,
      3676,
      3705,
      3709,
      3779,
      3802,
      3821,
      3832,
      3882,
      3952,
      3965,
      3999,
      4103,
      4106,
      4129,
      4250,
      4419,
      4421,
      4452,
      4482,
      4494,
      4544,
      4603
    ],
    "8": [
      240,
      1400,
      1557,
      1664,
      2109,
      2112,
      2201,
      2479,
      2567,
      2596,
      2605,
      2621,
      3259,
      3653,
      3865,
      4310,
      4546
    ],
    "7": [
      78,
      230,
      491,
      872,
      1256,
      1454,
      1625,
      1709,
      1751,
      1758,
      1824,
      1969,
      2877,
      3135,
      3487,
      4421
    ],
    "5": [
      343,
      2287,
      3835
    ],
    "6": [
      947,
      2389,
      4529,
      4581
    ],
    "0": [
      2031,
      2991,
      3853,
      3963
    ],
    "4": [
      3829
    ]
  }
}
