{
  "entry": "P84817",
  "entry_name": "FIS1_RAT",
  "type": "CLM",
  "prompt": "MEAVLNELVSVEDLKNFERKFQSEQAAGSVSKSTQFEYAWCLVRSKYNDDIRRGIVLLEELLPKGSKEEQRDYVFYLAVGNYRLKEYEKALKYVRGLLQTEPQNNQAKELERLIDKAMKKD",
  "k": 1000,
  "original_sequence": "MEAVLNELVSVEDLKNFERKFQSEQAAGSVSKSTQFEYAWCLVRSKYNDDIRRGIVLLEELLPKGSKEEQRDYVFYLAVGNYRLKEYEKALKYVRGLLQTEPQNNQAKELERLIDKAMKKDGLVGMAIVGGMALGVAGLAGLIGLAVSKSKS",
  "original_ll": -2.4940898418426514,
  "original_perplexity": 12.110706329345703,
  "progen3_sequence": "MEAVLNELVSVEDLKNFERKFQSEQAAGSVSKSTQFEYAWCLVRSKYNDDIRRGIVLLEELLPKGSKEEQRDYVFYLAVGNYRLKEYEKALKYVRGLLQTEPQNNQAKELERLIDKAMKKDALNGLAIAQEKYEQALELYEQLLKEGKGDNL",
  "progen3_ll": -2.2582154273986816,
  "progen3_perplexity": 9.566001892089844,
  "max_sequence": "MEAVLNELVSVEDLKNFERKFQSEQAAGSVSKSTQFEYAWCLVRSKYNDDIRRGIVLLEELLPKGSKEEQRDYVFYLAVGNYRLKEYEKALKYVRGLLQTEPQNNQAKELERLIDKAMKKDANDEKDEGEENTEKNLEKYRKLLKEEEEDDS",
  "max_ll": -2.456339120864868,
  "max_perplexity": 11.662040710449219,
  "max_kl": 0.01580507680773735,
  "max_nmse": 0.00395936006680131,
  "base_sequence": "MEAVLNELVSVEDLKNFERKFQSEQAAGSVSKSTQFEYAWCLVRSKYNDDIRRGIVLLEELLPKGSKEEQRDYVFYLAVGNYRLKEYEKALKYVRGLLQTEPQNNQAKELERLIDKAMKKDEKPKLIESQNYFNKEIKQLKELLETSKKSSE",
  "base_ll": -2.4986941814422607,
  "base_perplexity": 12.166595458984375,
  "base_kl": 0.08470496535301208,
  "base_nmse": 0.09488163143396378,
  "recovered_sequence": "MEAVLNELVSVEDLKNFERKFQSEQAAGSVSKSTQFEYAWCLVRSKYNDDIRRGIVLLEELLPKGSKEEQRDYVFYLAVGNYRLKEYEKALKYVRGLLQTEPQNNQAKELERLIDKAMKKDALNGLADAQEKYELALEEYLQALKEGKSDNL",
  "recovered_ll": -2.508507013320923,
  "recovered_perplexity": 12.286572456359863,
  "recovered_kl": 0.0407056026160717,
  "recovered_nmse": 0.018381299450993538,
  "nodes": {
    "9": [
      12,
      139,
      162,
      199,
      233,
      251,
      254,
      269,
      284,
      353,
      359,
      380,
      387,
      407,
      414,
      425,
      429,
      448,
      454,
      464,
      508,
      512,
      538,
      545,
      548,
      555,
      565,
      595,
      672,
      680,
      690,
      717,
      734,
      741,
      760,
      767,
      818,
      853,
      868,
      879,
      905,
      957,
      967,
      991,
      1042,
      1080,
      1081,
      1092,
      1184,
      1197,
      1214,
      1251,
      1256,
      1263,
      1291,
      1302,
      1306,
      1374,
      1379,
      1402,
      1438,
      1453,
      1461,
      1491,
      1530,
      1560,
      1579,
      1584,
      1648,
      1649,
      1713,
      1725,
      1726,
      1762,
      1789,
      1827,
      1828,
      1832,
      1835,
      1844,
      1851,
      1872,
      1889,
      1907,
      1910,
      1913,
      1914,
      1931,
      1942,
      1957,
      1974,
      2005,
      2056,
      2105,
      2109,
      2134,
      2143,
      2187,
      2191,
      2264,
      2287,
      2308,
      2317,
      2330,
      2376,
      2389,
      2405,
      2423,
      2467,
      2510,
      2511,
      2539,
      2626,
      2633,
      2642,
      2722,
      2727,
      2732,
      2750,
      2760,
      2763,
      2767,
      2787,
      2812,
      2820,
      2858,
      2888,
      2940,
      2941,
      2967,
      2975,
      2982,
      2983,
      3004,
      3008,
      3050,
      3058,
      3070,
      3105,
      3146,
      3147,
      3162,
      3198,
      3199,
      3272,
      3308,
      3325,
      3341,
      3353,
      3372,
      3382,
      3399,
      3422,
      3513,
      3516,
      3536,
      3540,
      3581,
      3603,
      3624,
      3649,
      3679,
      3695,
      3713,
      3760,
      3779,
      3802,
      3808,
      3821,
      3836,
      3873,
      3880,
      3932,
      3941,
      3952,
      3965,
      3972,
      3999,
      4010,
      4052,
      4079,
      4106,
      4120,
      4129,
      4148,
      4152,
      4190,
      4232,
      4250,
      4255,
      4263,
      4279,
      4396,
      4421,
      4439,
      4452,
      4469,
      4475,
      4482,
      4495,
      4525,
      4526,
      4533,
      4544,
      4575,
      4603
    ],
    "5": [
      0,
      8,
      17,
      37,
      148,
      156,
      186,
      198,
      203,
      213,
      219,
      231,
      261,
      285,
      312,
      330,
      367,
      400,
      424,
      434,
      470,
      521,
      551,
      556,
      602,
      648,
      664,
      732,
      744,
      762,
      878,
      905,
      940,
      976,
      1031,
      1034,
      1066,
      1115,
      1143,
      1209,
      1244,
      1253,
      1365,
      1463,
      1466,
      1484,
      1533,
      1535,
      1570,
      1610,
      1618,
      1623,
      1666,
      1671,
      1798,
      1994,
      2102,
      2114,
      2144,
      2188,
      2196,
      2223,
      2243,
      2250,
      2269,
      2286,
      2321,
      2324,
      2434,
      2514,
      2519,
      2540,
      2547,
      2580,
      2614,
      2674,
      2777,
      2816,
      2817,
      2840,
      2922,
      2965,
      3029,
      3051,
      3064,
      3139,
      3183,
      3196,
      3202,
      3239,
      3264,
      3319,
      3365,
      3421,
      3457,
      3576,
      3588,
      3654,
      3673,
      3692,
      3732,
      3745,
      3775,
      3884,
      3910,
      3953,
      4010,
      4079,
      4116,
      4127,
      4157,
      4200,
      4268,
      4273,
      4354,
      4369,
      4420,
      4468,
      4502,
      4539
    ],
    "8": [
      72,
      94,
      175,
      300,
      372,
      448,
      605,
      625,
      830,
      876,
      890,
      1028,
      1098,
      1197,
      1247,
      1370,
      1404,
      1416,
      1452,
      1456,
      1479,
      1548,
      1557,
      1569,
      1658,
      1664,
      1687,
      1710,
      1877,
      1922,
      1990,
      2080,
      2088,
      2109,
      2112,
      2151,
      2201,
      2215,
      2262,
      2305,
      2313,
      2329,
      2348,
      2388,
      2401,
      2469,
      2479,
      2596,
      2605,
      2621,
      2726,
      2729,
      2779,
      2783,
      2828,
      2917,
      2972,
      3042,
      3051,
      3103,
      3238,
      3258,
      3410,
      3422,
      3464,
      3567,
      3645,
      3648,
      3785,
      3849,
      3865,
      3880,
      3895,
      3915,
      3958,
      4167,
      4190,
      4294,
      4310,
      4354,
      4471,
      4524,
      4530,
      4546,
      4550,
      4565,
      4570
    ],
    "6": [
      34,
      69,
      254,
      394,
      427,
      528,
      609,
      613,
      827,
      847,
      858,
      902,
      936,
      946,
      947,
      1090,
      1137,
      1174,
      1178,
      1229,
      1245,
      1357,
      1568,
      1584,
      1718,
      1729,
      1743,
      1746,
      1805,
      1931,
      2010,
      2194,
      2213,
      2221,
      2293,
      2322,
      2349,
      2363,
      2368,
      2380,
      2389,
      2460,
      2495,
      2588,
      2720,
      2726,
      2740,
      2832,
      2842,
      2871,
      2924,
      2970,
      3042,
      3092,
      3097,
      3136,
      3194,
      3202,
      3236,
      3274,
      3301,
      3312,
      3360,
      3436,
      3453,
      3467,
      3509,
      3671,
      3697,
      3701,
      3727,
      3787,
      3894,
      3899,
      4043,
      4128,
      4157,
      4174,
      4335,
      4360,
      4362,
      4400,
      4476,
      4493,
      4494,
      4503,
      4512,
      4515,
      4517
    ],