{
  "entry": "P9WKV8",
  "entry_name": "Y477_MYCTO",
  "type": "CLM",
  "prompt": "MKALVAVSAVAVVALLGVSSAQADPEADPGAGEANYGGPPSSPRLVDHTEWAQWGSLPSLRVYPSQVGRTASRRLGMAAADAAWAEVLALSPEADTAGMRAQFICHWQYAEIRQPGKP",
  "k": 896,
  "original_sequence": "MKALVAVSAVAVVALLGVSSAQADPEADPGAGEANYGGPPSSPRLVDHTEWAQWGSLPSLRVYPSQVGRTASRRLGMAAADAAWAEVLALSPEADTAGMRAQFICHWQYAEIRQPGKPSWNLEPWRPVVDDSEMLASGCNPGSPEESF",
  "original_ll": -2.930593967437744,
  "original_perplexity": 18.73875617980957,
  "progen3_sequence": "MKALVAVSAVAVVALLGVSSAQADPEADPGAGEANYGGPPSSPRLVDHTEWAQWGSLPSLRVYPSQVGRTASRRLGMAAADAAWAEVLALSPEADTAGMRAQFICHWQYAEIRQPGKPARLAPDAAVAAARRDPAAGVRWIAGLRDGA",
  "progen3_ll": -2.3135554790496826,
  "progen3_perplexity": 10.110307693481445,
  "max_sequence": "MKALVAVSAVAVVALLGVSSAQADPEADPGAGEANYGGPPSSPRLVDHTEWAQWGSLPSLRVYPSQVGRTASRRLGMAAADAAWAEVLALSPEADTAGMRAQFICHWQYAEIRQPGKPGLVREGVARPGLGEALAALPALRAARPTGA",
  "max_ll": -2.3610167503356934,
  "max_perplexity": 10.601725578308105,
  "max_kl": 0.007157714571803808,
  "max_nmse": 0.002041614381596446,
  "base_sequence": "MKALVAVSAVAVVALLGVSSAQADPEADPGAGEANYGGPPSSPRLVDHTEWAQWGSLPSLRVYPSQVGRTASRRLGMAAADAAWAEVLALSPEADTAGMRAQFICHWQYAEIRQPGKPGVAGPVAVAAAVVAWAAWGAAWAGAAPAGG",
  "base_ll": -2.4117324352264404,
  "base_perplexity": 11.153266906738281,
  "base_kl": 0.10988392680883408,
  "base_nmse": 0.1966172605752945,
  "recovered_sequence": "MKALVAVSAVAVVALLGVSSAQADPEADPGAGEANYGGPPSSPRLVDHTEWAQWGSLPSLRVYPSQVGRTASRRLGMAAADAAWAEVLALSPEADTAGMRAQFICHWQYAEIRQPGKPARLAPDAAVAGARRDPAAGVRWRAGARDGA",
  "recovered_ll": -2.4241511821746826,
  "recovered_perplexity": 11.292640686035156,
  "recovered_kl": 0.014193642884492874,
  "recovered_nmse": 0.0025778242852538824,
  "nodes": {
    "9": [
      12,
      52,
      80,
      117,
      127,
      162,
      284,
      378,
      407,
      413,
      447,
      452,
      466,
      497,
      524,
      538,
      555,
      639,
      734,
      745,
      746,
      749,
      758,
      760,
      840,
      852,
      875,
      956,
      957,
      967,
      1036,
      1048,
      1152,
      1184,
      1190,
      1251,
      1259,
      1302,
      1307,
      1320,
      1326,
      1366,
      1442,
      1466,
      1491,
      1554,
      1579,
      1584,
      1605,
      1648,
      1713,
      1750,
      1762,
      1828,
      1832,
      1835,
      1844,
      1847,
      1851,
      1872,
      1888,
      1906,
      1924,
      1942,
      1946,
      1957,
      2005,
      2046,
      2072,
      2075,
      2105,
      2134,
      2153,
      2191,
      2248,
      2283,
      2287,
      2304,
      2360,
      2423,
      2488,
      2511,
      2548,
      2637,
      2732,
      2763,
      2768,
      2787,
      2790,
      2791,
      2809,
      2819,
      2858,
      2865,
      2891,
      2941,
      2975,
      2982,
      2983,
      3008,
      3050,
      3058,
      3079,
      3101,
      3105,
      3162,
      3187,
      3198,
      3199,
      3234,
      3238,
      3314,
      3341,
      3345,
      3372,
      3381,
      3382,
      3408,
      3480,
      3505,
      3510,
      3513,
      3540,
      3579,
      3584,
      3600,
      3624,
      3649,
      3695,
      3765,
      3779,
      3802,
      3821,
      3851,
      3873,
      3932,
      3952,
      3999,
      4079,
      4106,
      4129,
      4190,
      4250,
      4279,
      4419,
      4422,
      4468,
      4482,
      4488,
      4526,
      4533,
      4544,
      4603
    ],
    "7": [
      34,
      66,
      72,
      78,
      230,
      283,
      324,
      362,
      482,
      491,
      535,
      715,
      740,
      772,
      781,
      791,
      872,
      889,
      893,
      907,
      968,
      1007,
      1010,
      1100,
      1126,
      1151,
      1256,
      1338,
      1370,
      1419,
      1454,
      1510,
      1520,
      1544,
      1625,
      1674,
      1675,
      1707,
      1709,
      1751,
      1765,
      1816,
      1824,
      1830,
      1880,
      1929,
      1969,
      2021,
      2035,
      2113,
      2227,
      2230,
      2261,
      2263,
      2279,
      2299,
      2401,
      2476,
      2477,
      2488,
      2512,
      2513,
      2517,
      2595,
      2746,
      2747,
      2786,
      2802,
      2829,
      2877,
      2891,
      2973,
      2998,
      3010,
      3135,
      3159,
      3227,
      3251,
      3315,
      3389,
      3487,
      3588,
      3690,
      3760,
      3866,
      3900,
      3914,
      3942,
      3948,
      4014,
      4024,
      4045,
      4055,
      4063,
      4104,
      4110,
      4130,
      4159,
      4183,
      4413,
      4421,
      4598
    ],
    "8": [
      49,
      97,
      125,
      127,
      137,
      194,
      220,
      240,
      301,
      319,
      389,
      434,
      543,
      583,
      611,
      628,
      630,
      638,
      682,
      726,
      737,
      738,
      800,
      811,
      855,
      879,
      893,
      949,
      999,
      1083,
      1136,
      1177,
      1192,
      1200,
      1214,
      1258,
      1289,
      1324,
      1338,
      1400,
      1428,
      1513,
      1557,
      1651,
      1664,
      1687,
      1730,
      1734,
      1757,
      1842,
      1870,
      1918,
      1954,
      2021,
      2023,
      2042,
      2054,
      2069,
      2081,
      2109,
      2112,
      2122,
      2151,
      2199,
      2201,
      2271,
      2327,
      2329,
      2392,
      2401,
      2433,
      2516,
      2518,
      2567,
      2578,
      2596,
      2605,
      2621,
      2661,
      2716,
      2720,
      2753,
      2779,
      2790,
      2829,
      2853,
      2885,
      2903,
      2931,
      2959,
      3001,
      3019,
      3037,
      3042,
      3141,
      3246,
      3259,
      3267,
      3292,
      3316,
      3323,
      3365,
      3422,
      3524,
      3648,
      3653,
      3803,
      3812,
      3846,
      3849,
      3865,
      3947,
      4121,
      4167,
      4216,
      4234,
      4245,
      4294,
      4310,
      4355,
      4364,
      4371,
      4471,
      4487,
      4534,
      4546,
      4585,
      4587
    ],
    "6": [
      18,
      30,
      85,
      167,
      204,
      299,
      329,
      335,
      394,
      404,
      409,
      447,
      520,
      634,
      697,
      762,
      856,
      947,
      954,
      1050,
      1063,
      1081,
      1137,
      1154,
      1155,
      1212,
      1222,
      1225,
      1284,
      1346,
      1377,
      1410,
      1467,
      1549,
      1584,
      1607,
      1627,
      1699,
      1701,
      1718,
      1786,
      1804,
      1954,
      1987,
      1990,
      2034,
      2039,
      2207,
      2236,
      2260,
      2271,
      2297,
      2303,
      2389,
      2426,
      2460,
      2495,
      2516,
      2535,
      2556,
      2592,
      2625,
      2657,
      2661,
      2664,
      2689,
      2717,
      2726,
      2740,
      2794,
      2848,
      2961,
      2975,
      2989,
      3016,
      3020,
      3136,
      3154,
      3170,
      3173,
      3221,
      3292,
      3312,
      3396,
      3459,
      3509,
      3531,
      3628,
      3697,
      3701,
      3897,
      3948,
      3981,
      4053,
      4068,
      4069,
      4117,
      4158,
      4192,
      4202,
      4235,
      4332,
      4335,
      4400,
      4501,
      4512,
      4529,
      4537,
      4581,
      4601
    ],