{
  "entry": "Q06015",
  "entry_name": "CHI3_ARAHY",
  "type": "CLM",
  "prompt": "MTPQGNKPSSHDVITGRWTPSDADRAAGRVSGFGVI",
  "k": 768,
  "original_sequence": "MTPQGNKPSSHDVITGRWTPSDADRAAGRVSGFGVITNIINGGLDC",
  "original_ll": -3.133671283721924,
  "original_perplexity": 22.958110809326172,
  "progen3_sequence": "MTPQGNKPSSHDVITGRWTPSDADRAAGRVSGFGVIGLVVAVVLVA",
  "progen3_ll": -1.7014892101287842,
  "progen3_perplexity": 5.482105255126953,
  "max_sequence": "MTPQGNKPSSHDVITGRWTPSDADRAAGRVSGFGVILAGAGVALLA",
  "max_ll": -1.9775699377059937,
  "max_perplexity": 7.225164413452148,
  "max_kl": 0.0057208724319934845,
  "max_nmse": 0.002021774649620056,
  "base_sequence": "MTPQGNKPSSHDVITGRWTPSDADRAAGRVSGFGVITRSRAGAAAT",
  "base_ll": -2.4639739990234375,
  "base_perplexity": 11.751420021057129,
  "base_kl": 0.22975383698940277,
  "base_nmse": 0.03811568021774292,
  "recovered_sequence": "MTPQGNKPSSHDVITGRWTPSDADRAAGRVSGFGVIGLGGAVVLVA",
  "recovered_ll": -1.9943679571151733,
  "recovered_perplexity": 7.347557544708252,
  "recovered_kl": 0.02653508260846138,
  "recovered_nmse": 0.007282236125320196,
  "nodes": {
    "9": [
      12,
      21,
      162,
      224,
      378,
      407,
      466,
      481,
      538,
      706,
      715,
      734,
      746,
      758,
      760,
      782,
      868,
      956,
      957,
      967,
      981,
      1021,
      1060,
      1073,
      1080,
      1082,
      1086,
      1092,
      1184,
      1217,
      1251,
      1286,
      1302,
      1307,
      1312,
      1352,
      1366,
      1438,
      1484,
      1491,
      1495,
      1535,
      1537,
      1538,
      1560,
      1579,
      1609,
      1648,
      1713,
      1732,
      1741,
      1745,
      1783,
      1798,
      1828,
      1832,
      1844,
      1851,
      1957,
      2005,
      2020,
      2105,
      2248,
      2256,
      2283,
      2287,
      2360,
      2417,
      2427,
      2438,
      2488,
      2510,
      2511,
      2514,
      2545,
      2553,
      2592,
      2664,
      2732,
      2736,
      2763,
      2771,
      2787,
      2788,
      2791,
      2804,
      2858,
      2962,
      2982,
      3028,
      3037,
      3050,
      3162,
      3198,
      3199,
      3372,
      3382,
      3480,
      3513,
      3526,
      3540,
      3577,
      3581,
      3600,
      3624,
      3709,
      3779,
      3802,
      3821,
      3832,
      3864,
      3881,
      3925,
      3952,
      3965,
      3999,
      4069,
      4106,
      4129,
      4250,
      4275,
      4350,
      4370,
      4444,
      4452,
      4468,
      4482,
      4533,
      4544,
      4558,
      4603
    ],
    "8": [
      94,
      147,
      188,
      312,
      392,
      457,
      582,
      583,
      585,
      754,
      817,
      841,
      859,
      873,
      900,
      907,
      1013,
      1063,
      1136,
      1306,
      1323,
      1390,
      1404,
      1408,
      1468,
      1483,
      1557,
      1560,
      1603,
      1630,
      1632,
      1664,
      1678,
      1687,
      1693,
      1711,
      1777,
      1784,
      1804,
      1838,
      1870,
      1914,
      1954,
      1977,
      2021,
      2056,
      2109,
      2112,
      2140,
      2151,
      2185,
      2199,
      2201,
      2215,
      2300,
      2344,
      2346,
      2401,
      2479,
      2557,
      2567,
      2596,
      2605,
      2619,
      2752,
      2779,
      2917,
      3007,
      3042,
      3170,
      3236,
      3257,
      3259,
      3308,
      3358,
      3361,
      3567,
      3600,
      3631,
      3659,
      3668,
      3711,
      3849,
      3865,
      3895,
      4011,
      4118,
      4275,
      4292,
      4294,
      4310,
      4391,
      4534,
      4555,
      4605
    ],
    "7": [
      7,
      66,
      78,
      230,
      330,
      491,
      589,
      631,
      689,
      872,
      889,
      907,
      1010,
      1135,
      1224,
      1244,
      1256,
      1262,
      1366,
      1382,
      1454,
      1496,
      1520,
      1625,
      1634,
      1675,
      1709,
      1716,
      1751,
      1758,
      1816,
      1824,
      1826,
      1830,
      1929,
      1935,
      1969,
      2089,
      2227,
      2248,
      2263,
      2288,
      2513,
      2747,
      2770,
      2802,
      2832,
      2877,
      2998,
      3075,
      3128,
      3135,
      3167,
      3251,
      3381,
      3457,
      3487,
      3651,
      3690,
      3711,
      3825,
      3942,
      3948,
      4055,
      4122,
      4130,
      4141,
      4312,
      4421,
      4522,
      4578
    ],
    "1": [
      0,
      31,
      43,
      149,
      205,
      283,
      293,
      341,
      357,
      437,
      477,
      501,
      547,
      610,
      613,
      678,
      782,
      892,
      906,
      944,
      951,
      959,
      987,
      1045,
      1095,
      1123,
      1224,
      1255,
      1289,
      1298,
      1321,
      1476,
      1511,
      1534,
      1566,
      1663,
      1692,
      1754,
      1878,
      1942,
      1966,
      1993,
      2090,
      2108,
      2127,
      2151,
      2194,
      2196,
      2208,
      2307,
      2338,
      2369,
      2385,
      2516,
      2580,
      2715,
      2879,
      2892,
      3048,
      3067,
      3082,
      3165,
      3166,
      3202,
      3210,
      3235,
      3286,
      3289,
      3365,
      3377,
      3380,
      3410,
      3433,
      3443,
      3474,
      3484,
      3545,
      3558,
      3601,
      3609,
      3650,
      3693,
      3755,
      3781,
      3839,
      3883,
      3907,
      3921,
      3984,
      3985,
      4067,
      4146,
      4156,
      4215,
      4229,
      4249,
      4306,
      4321,
      4323,
      4462,
      4547,
      4554,
      4603
    ],
    "0": [
      51,
      65,
      67,
      126,
      133,
      210,
      219,
      276,
      361,
      435,
      510,
      702,
      721,
      754,
      817,
      823,
      885,
      946,
      1026,
      1060,
      1141,
      1169,
      1200,
      1219,
      1253,
      1306,
      1321,
      1356,
      1362,
      1419,
      1483,
      1496,
      1501,
      1557,
      1565,
      1595,
      1610,
      1751,
      1761,
      1890,
      1942,
      1974,
      1975,
      2032,
      2173,
      2186,
      2254,
      2278,
      2320,
      2401,
      2511,
      2562,
      2575,
      2594,
      2604,
      2610,
      2687,
      2694,
      2700,
      2806,
      2890,
      2924,
      2937,
      2943,
      2984,
      2991,
      3001,
      3155,
      3191,
      3220,
      3277,
      3321,
      3351,
      3353,
      3424,
      3458,
      3471,
      3494,
      3503,
      3542,
      3552,
      3576,
      3607,
      3616,
      3623,
      3704,
      3714,
      3819,
      3911,
      3922,
      3928,
      3941,
      3986,
      4114,
      4160,
      4256,
      4285,
      4368,
      4379,
      4385,
      4439,
      4458,
      4507,
      4574,
      4576,
      4596
    ],