{
  "entry": "Q08640",
  "entry_name": "YBGA_THEMA",
  "type": "GLM_1",
  "prompt": "MKKYFVLLLAVLLVGGLFAVKITMTSGGVGKELEVLKKQLEMFHQQYPDIEVEIIPMPDSSTERHDLYVTYFAAGETDPDVLMLDVIWPAEFAPFLED[GLM]0-34-34",
  "k": 864,
  "original_sequence": "MKKYFVLLLAVLLVGGLFAVKITMTSGGVGKELEVLKKQLEMFHQQYPDIEVEIIPMPDSSTERHDLYVTYFAAGETDPDVLMLDVIWPAEFAPFLED",
  "original_ll": -2.328967809677124,
  "original_perplexity": 10.267337799072266,
  "progen3_sequence": "EINIQNYELKKKLREVLFFENKNIFQDEIEIQIQVLKKQLEMFHQQYPDIEVEIIPMPDSSTERHDLYVTYFAAGETDPDVLMLDVIWPAEFAPFLED",
  "progen3_ll": -2.8994059562683105,
  "progen3_perplexity": 18.163352966308594,
  "max_sequence": "KILILILEDERNTRQVLLVEEENNLRKELIGLLKVLKKQLEMFHQQYPDIEVEIIPMPDSSTERHDLYVTYFAAGETDPDVLMLDVIWPAEFAPFLED",
  "max_ll": -2.910486936569214,
  "max_perplexity": 18.365739822387695,
  "max_kl": 0.027077266946434975,
  "max_nmse": 0.025939445942640305,
  "base_sequence": "EQNEQLEQVVRQFLMMELENNNQNNLYKNIKVNVVLKKQLEMFHQQYPDIEVEIIPMPDSSTERHDLYVTYFAAGETDPDVLMLDVIWPAEFAPFLED",
  "base_ll": -3.0623340606689453,
  "base_perplexity": 21.377395629882812,
  "base_kl": 0.12022994458675385,
  "base_nmse": 0.47645893692970276,
  "recovered_sequence": "EIEIQNYELFTKLRELLFQQNKNIKQDEIIIYIQVLKKQLEMFHQQYPDIEVEIIPMPDSSTERHDLYVTYFAAGETDPDVLMLDVIWPAEFAPFLED",
  "recovered_ll": -2.935953378677368,
  "recovered_perplexity": 18.83945655822754,
  "recovered_kl": 0.04565047100186348,
  "recovered_nmse": 0.07360699772834778,
  "nodes": {
    "9": [
      12,
      88,
      105,
      139,
      162,
      167,
      191,
      220,
      251,
      260,
      265,
      280,
      305,
      316,
      354,
      359,
      403,
      407,
      447,
      452,
      457,
      466,
      471,
      494,
      502,
      506,
      508,
      510,
      538,
      545,
      547,
      550,
      563,
      567,
      570,
      584,
      631,
      654,
      669,
      672,
      676,
      701,
      708,
      734,
      746,
      758,
      760,
      767,
      770,
      793,
      830,
      851,
      853,
      861,
      868,
      890,
      895,
      896,
      905,
      924,
      956,
      957,
      967,
      991,
      1038,
      1079,
      1080,
      1081,
      1092,
      1117,
      1131,
      1171,
      1176,
      1184,
      1207,
      1251,
      1256,
      1262,
      1291,
      1317,
      1325,
      1352,
      1374,
      1438,
      1441,
      1443,
      1451,
      1491,
      1537,
      1538,
      1560,
      1566,
      1568,
      1575,
      1579,
      1602,
      1648,
      1713,
      1722,
      1762,
      1784,
      1828,
      1836,
      1842,
      1844,
      1849,
      1851,
      1872,
      1902,
      1920,
      1957,
      1972,
      2005,
      2067,
      2105,
      2106,
      2130,
      2137,
      2184,
      2191,
      2219,
      2236,
      2245,
      2269,
      2274,
      2318,
      2321,
      2356,
      2360,
      2376,
      2377,
      2405,
      2423,
      2440,
      2469,
      2510,
      2511,
      2520,
      2559,
      2592,
      2613,
      2633,
      2732,
      2760,
      2785,
      2787,
      2809,
      2844,
      2853,
      2869,
      2892,
      2923,
      2934,
      2941,
      2982,
      2983,
      2987,
      3004,
      3050,
      3077,
      3095,
      3123,
      3134,
      3135,
      3140,
      3175,
      3198,
      3199,
      3210,
      3212,
      3217,
      3245,
      3337,
      3341,
      3382,
      3393,
      3409,
      3411,
      3457,
      3478,
      3494,
      3510,
      3513,
      3526,
      3540,
      3551,
      3624,
      3649,
      3660,
      3664,
      3695,
      3709,
      3723,
      3766,
      3779,
      3795,
      3802,
      3821,
      3836,
      3927,
      3952,
      3972,
      3999,
      4010,
      4020,
      4021,
      4067,
      4103,
      4106,
      4129,
      4147,
      4148,
      4213,
      4232,
      4250,
      4275,
      4350,
      4358,
      4421,
      4439,
      4442,
      4490,
      4522,
      4533,
      4544,
      4595,
      4603
    ],
    "6": [
      74,
      280,
      342,
      479,
      527,
      559,
      644,
      668,
      718,
      762,
      838,
      947,
      1050,
      1137,
      1212,
      1455,
      1467,
      1579,
      1613,
      1648,
      1704,
      1718,
      1735,
      1748,
      1766,
      1804,
      1873,
      1931,
      1937,
      1938,
      1987,
      1999,
      2002,
      2013,
      2094,
      2108,
      2124,
      2155,
      2291,
      2318,
      2330,
      2556,
      2698,
      2717,
      2725,
      2754,
      2800,
      2871,
      2924,
      2978,
      3122,
      3131,
      3415,
      3435,
      3509,
      3701,
      3817,
      3925,
      3928,
      4023,
      4106,
      4245,
      4280,
      4501,
      4600
    ],
    "4": [
      49,
      85,
      376,
      474,
      529,
      550,
      803,
      919,
      939,
      947,
      988,
      1107,
      1115,
      1216,
      1342,
      1360,
      1466,
      1499,
      1527,
      1646,
      1994,
      2071,
      2163,
      2397,
      2469,
      2488,
      2705,
      2799,
      2803,
      2829,
      2866,
      2910,
      2920,
      3061,
      3112,
      3271,
      3276,
      3330,
      3369,
      3719,
      3735,
      3811,
      3815,
      4036,
      4054,
      4123,
      4152,
      4173,
      4200,
      4218,
      4342,
      4410,
      4525,
      4545,
      4584
    ],
    "5": [
      37,
      59,
      109,
      186,
      285,
      367,
      372,
      410,
      425,
      556,
      579,
      658,
      762,
      767,
      796,
      861,
      878,
      908,
      994,
      1004,
      1034,
      1066,
      1119,
      1161,
      1167,
      1175,
      1209,
      1244,
      1249,
      1275,
      1448,
      1463,
      1466,
      1496,
      1508,
      1525,
      1936,
      1994,
      2110,
      2114,
      2250,
      2278,
      2286,
      2321,
      2372,
      2434,
      2537,
      2573,
      2576,
      2777,
      2816,
      2906,
      2973,
      3051,
      3064,
      3139,
      3154,
      3266,
      3319,
      3375,
      3521,
      3556,
      3654,
      3745,
      3775,
      3777,
      3884,
      4072,
      4086,
      4122,
      4200
    ],
    "7": [
      66,
      208,
      334,
      362,
      501,
      507,
      631,
      652,
      872,
      907,
      959,
      973,
      1145,
      1224,
      1233,
      1256,
      1257,
      1338,
      1382,
      1405,
      1520,
      1625,
      1664,
      1709,
      1751,
      1784,
      1824,
      1830,
      1906,
      1937,
      2004,
      2015,
      2023,
      2089,
      2121,
      2138,
      2227,
      2248,
      2261,
      2371,
      2401,
      2410,
      2433,
      2462,
      2513,
      2562,
      2656,
      2747,
      2755,
      2770,
      2832,
      2877,
      2944,
      2998,
      3031,
      3048,
      3057,
      3128,
      3135,
      3167,
      3227,
      3384,
      3457,
      3487,
      3541,
      3808,
      3970,
      3997,
      4055,
      4122,
      4166,
      4234,
      4321,
      4444,
      4447,
      4455,
      4522,
      4589
    ],