{
  "entry": "Q19V67",
  "entry_name": "PETL_CHLAT",
  "type": "CLM",
  "prompt": "MFTAISYLGILVGALLFVTITFLT",
  "k": 960,
  "original_sequence": "MFTAISYLGILVGALLFVTITFLTLRTIQLL",
  "original_ll": -2.614084482192993,
  "original_perplexity": 13.654708862304688,
  "progen3_sequence": "MFTAISYLGILVGALLFVTITFLTTTDFALS",
  "progen3_ll": -2.8834385871887207,
  "progen3_perplexity": 17.875633239746094,
  "max_sequence": "MFTAISYLGILVGALLFVTITFLTLSAPTAI",
  "max_ll": -2.627192735671997,
  "max_perplexity": 13.834877967834473,
  "max_kl": 0.0034719943068921566,
  "max_nmse": 0.0022403146140277386,
  "base_sequence": "MFTAISYLGILVGALLFVTITFLTSYTPKAI",
  "base_ll": -2.899522066116333,
  "base_perplexity": 18.165462493896484,
  "base_kl": 0.05179169028997421,
  "base_nmse": 0.10979286581277847,
  "recovered_sequence": "MFTAISYLGILVGALLFVTITFLTTTDFALS",
  "recovered_ll": -2.8834385871887207,
  "recovered_perplexity": 17.875633239746094,
  "recovered_kl": 0.011335226707160473,
  "recovered_nmse": 0.003774013603106141,
  "nodes": {
    "9": [
      12,
      407,
      448,
      466,
      490,
      538,
      548,
      555,
      672,
      734,
      746,
      760,
      767,
      818,
      868,
      957,
      967,
      1055,
      1086,
      1162,
      1184,
      1190,
      1320,
      1379,
      1438,
      1491,
      1530,
      1537,
      1554,
      1560,
      1579,
      1713,
      1725,
      1828,
      1844,
      1851,
      1872,
      1910,
      1913,
      1942,
      1957,
      2005,
      2185,
      2191,
      2264,
      2283,
      2287,
      2317,
      2388,
      2423,
      2467,
      2511,
      2516,
      2572,
      2732,
      2787,
      2821,
      2941,
      3004,
      3008,
      3050,
      3087,
      3162,
      3198,
      3199,
      3210,
      3372,
      3382,
      3414,
      3422,
      3513,
      3526,
      3540,
      3624,
      3649,
      3709,
      3765,
      3779,
      3802,
      3821,
      3836,
      3873,
      3925,
      3952,
      3999,
      4079,
      4106,
      4129,
      4279,
      4350,
      4396,
      4419,
      4421,
      4482,
      4533,
      4544,
      4603
    ],
    "8": [
      439,
      583,
      585,
      644,
      808,
      854,
      876,
      900,
      1018,
      1197,
      1404,
      1450,
      1468,
      1479,
      1550,
      1557,
      1569,
      1664,
      1710,
      1728,
      1777,
      1778,
      1797,
      1877,
      1914,
      1955,
      1971,
      2032,
      2077,
      2109,
      2112,
      2151,
      2183,
      2201,
      2256,
      2262,
      2344,
      2348,
      2388,
      2401,
      2456,
      2469,
      2479,
      2543,
      2567,
      2570,
      2590,
      2596,
      2605,
      2634,
      2635,
      2695,
      2752,
      2946,
      3005,
      3040,
      3102,
      3103,
      3170,
      3236,
      3248,
      3258,
      3308,
      3358,
      3380,
      3645,
      3686,
      3741,
      3865,
      3880,
      3915,
      3960,
      3989,
      4095,
      4115,
      4167,
      4190,
      4292,
      4294,
      4310,
      4393,
      4524,
      4530,
      4534,
      4565,
      4570
    ],
    "7": [
      7,
      53,
      66,
      79,
      168,
      182,
      281,
      283,
      313,
      371,
      398,
      485,
      537,
      553,
      631,
      650,
      652,
      725,
      734,
      872,
      907,
      937,
      956,
      1010,
      1070,
      1101,
      1203,
      1256,
      1416,
      1508,
      1520,
      1530,
      1653,
      1670,
      1709,
      1751,
      1813,
      1824,
      2004,
      2062,
      2071,
      2246,
      2261,
      2366,
      2394,
      2428,
      2447,
      2462,
      2513,
      2747,
      2748,
      2877,
      2907,
      3002,
      3015,
      3037,
      3052,
      3135,
      3151,
      3189,
      3337,
      3434,
      3486,
      3578,
      3619,
      3690,
      3751,
      3866,
      3921,
      3958,
      4134,
      4136,
      4151,
      4176,
      4196,
      4393,
      4451,
      4475,
      4532,
      4566
    ],
    "6": [
      34,
      69,
      85,
      109,
      161,
      265,
      292,
      481,
      522,
      613,
      698,
      898,
      902,
      916,
      936,
      947,
      1031,
      1053,
      1109,
      1178,
      1209,
      1211,
      1225,
      1310,
      1402,
      1415,
      1487,
      1502,
      1568,
      1575,
      1599,
      1692,
      1710,
      1746,
      1780,
      1787,
      1820,
      1829,
      1915,
      1920,
      1931,
      1932,
      2010,
      2143,
      2163,
      2213,
      2214,
      2277,
      2349,
      2368,
      2481,
      2536,
      2538,
      2588,
      2720,
      2721,
      2842,
      2932,
      2993,
      3064,
      3068,
      3219,
      3236,
      3243,
      3301,
      3308,
      3360,
      3383,
      3461,
      3472,
      3520,
      3563,
      3569,
      3578,
      3671,
      3686,
      3699,
      3730,
      3734,
      3841,
      3884,
      3927,
      3933,
      4157,
      4170,
      4195,
      4201,
      4217,
      4360,
      4362,
      4466,
      4473,
      4494,
      4512,
      4515,
      4591
    ],
    "1": [
      14,
      26,
      55,
      60,
      106,
      114,
      142,
      224,
      287,
      288,
      296,
      308,
      337,
      356,
      412,
      420,
      422,
      425,
      473,
      506,
      507,
      572,
      624,
      635,
      673,
      686,
      764,
      771,
      789,
      804,
      860,
      877,
      889,
      908,
      925,
      936,
      982,
      1001,
      1012,
      1140,
      1148,
      1149,
      1157,
      1177,
      1359,
      1475,
      1479,
      1510,
      1515,
      1532,
      1578,
      1610,
      1652,
      1655,
      1702,
      1711,
      1759,
      1852,
      1906,
      1924,
      1937,
      2014,
      2015,
      2020,
      2163,
      2184,
      2190,
      2219,
      2244,
      2250,
      2335,
      2348,
      2350,
      2381,
      2404,
      2430,
      2444,
      2475,
      2498,
      2549,
      2572,
      2651,
      2655,
      2695,
      2710,
      2716,
      2732,
      2876,
      2887,
      2896,
      2937,
      2949,
      2996,
      3150,
      3167,
      3304,
      3343,
      3455,
      3464,
      3482,
      3562,
      3694,
      3732,
      3749,
      3817,
      3828,
      3972,
      3999,
      4046,
      4055,
      4126,
      4138,
      4140,
      4193,
      4222,
      4228,
      4248,
      4257,
      4266,
      4267,
      4298,
      4302,
      4308,
      4328,
      4413,
      4465,
      4496,
      4500,
      4511,
      4525,
      4567
    ],
    "3": [
      20,
      64,
      181,
      383,
      396,
      472,
      502,
      523,
      545,
      552,
      641,
      736,
      737,
      827,
      847,
      925,
      1040,
      1082,
      1137,
      1160,
      1217,
      1219,
      1242,
      1256,
      1369,
      1382,
      1423,
      1515,
      1524,
      1652,
      1689,
      1797,
      1818,
      1918,
      2006,
      2024,
      2113,
      2204,
      2247,
      2289,
      2607,
      2612,
      2625,
      2646,
      2662,
      2687,
      2700,
      2717,
      2827,
      2947,
      3031,
      3085,
      3099,
      3168,
      3262,
      3267,
      3514,
      3551,
      3608,
      3683,
      3686,
      3754,
      3822,
      3925,
      3995,
      4047,
      4078,
      4139,
      4143,
      4185,
      4241,
      4268,
      4282,
      4334,
      4358,
      4407,
      4468,
      4480,
      4557,
      4567,
      4577,
      4602
    ],