{
  "entry": "Q1G3C4",
  "entry_name": "RADL4_ARATH",
  "type": "CLM",
  "prompt": "MASSSMSTSSWTAREDKQFEMALAKFDKDTPDRWQKIARAVGGKSTEEVKRHYELLLRDVN",
  "k": 1000,
  "original_sequence": "MASSSMSTSSWTAREDKQFEMALAKFDKDTPDRWQKIARAVGGKSTEEVKRHYELLLRDVNDIESGRYPQPRYRNTN",
  "original_ll": -2.964747905731201,
  "original_perplexity": 19.389814376831055,
  "progen3_sequence": "MASSSMSTSSWTAREDKQFEMALAKFDKDTPDRWQKIARAVGGKSTEEVKRHYELLLRDVNPKEIIQKEKAGKKGGF",
  "progen3_ll": -2.560511589050293,
  "progen3_perplexity": 12.942437171936035,
  "max_sequence": "MASSSMSTSSWTAREDKQFEMALAKFDKDTPDRWQKIARAVGGKSTEEVKRHYELLLRDVNNRYLRELEVLVKLIGK",
  "max_ll": -2.7764623165130615,
  "max_perplexity": 16.06209945678711,
  "max_kl": 0.007682321593165398,
  "max_nmse": 0.003904494224116206,
  "base_sequence": "MASSSMSTSSWTAREDKQFEMALAKFDKDTPDRWQKIARAVGGKSTEEVKRHYELLLRDVNKDVADEKPKSLKIALF",
  "base_ll": -2.8162927627563477,
  "base_perplexity": 16.714771270751953,
  "base_kl": 0.09133956581354141,
  "base_nmse": 0.28907495737075806,
  "recovered_sequence": "MASSSMSTSSWTAREDKQFEMALAKFDKDTPDRWQKIARAVGGKSTEEVKRHYELLLRDVNPKEIGQKEKAGKKGKF",
  "recovered_ll": -2.735313892364502,
  "recovered_perplexity": 15.414581298828125,
  "recovered_kl": 0.021451404318213463,
  "recovered_nmse": 0.008818388916552067,
  "nodes": {
    "9": [
      12,
      27,
      162,
      353,
      407,
      414,
      429,
      464,
      466,
      497,
      538,
      545,
      555,
      639,
      654,
      706,
      734,
      746,
      758,
      760,
      957,
      967,
      981,
      1073,
      1086,
      1184,
      1190,
      1217,
      1220,
      1251,
      1256,
      1286,
      1302,
      1307,
      1352,
      1374,
      1394,
      1483,
      1491,
      1579,
      1584,
      1648,
      1713,
      1725,
      1783,
      1798,
      1827,
      1828,
      1832,
      1835,
      1844,
      1847,
      1851,
      1942,
      1957,
      2005,
      2020,
      2046,
      2047,
      2067,
      2076,
      2086,
      2105,
      2191,
      2194,
      2248,
      2264,
      2287,
      2344,
      2376,
      2417,
      2423,
      2488,
      2510,
      2511,
      2545,
      2572,
      2592,
      2642,
      2706,
      2732,
      2736,
      2739,
      2763,
      2787,
      2788,
      2791,
      2809,
      2817,
      2858,
      2865,
      2892,
      2941,
      2946,
      2975,
      2983,
      3004,
      3008,
      3048,
      3050,
      3105,
      3139,
      3162,
      3198,
      3199,
      3266,
      3314,
      3325,
      3338,
      3346,
      3372,
      3382,
      3408,
      3510,
      3513,
      3540,
      3547,
      3624,
      3649,
      3676,
      3695,
      3723,
      3779,
      3795,
      3802,
      3821,
      3832,
      3911,
      3934,
      3952,
      3965,
      3999,
      4079,
      4106,
      4129,
      4190,
      4250,
      4263,
      4419,
      4452,
      4482,
      4488,
      4526,
      4533,
      4544,
      4603
    ],
    "8": [
      188,
      226,
      301,
      349,
      392,
      394,
      487,
      583,
      585,
      597,
      754,
      817,
      835,
      841,
      949,
      1013,
      1027,
      1030,
      1063,
      1069,
      1115,
      1136,
      1166,
      1306,
      1335,
      1367,
      1400,
      1408,
      1417,
      1458,
      1482,
      1502,
      1557,
      1603,
      1632,
      1664,
      1676,
      1678,
      1687,
      1701,
      1777,
      1790,
      1826,
      1848,
      1862,
      1867,
      1870,
      1890,
      1900,
      1942,
      1967,
      2077,
      2109,
      2112,
      2154,
      2168,
      2174,
      2199,
      2201,
      2203,
      2215,
      2344,
      2400,
      2401,
      2479,
      2516,
      2534,
      2546,
      2557,
      2567,
      2596,
      2599,
      2605,
      2621,
      2665,
      2729,
      2778,
      2779,
      2785,
      2849,
      2898,
      2919,
      2949,
      2988,
      3009,
      3042,
      3100,
      3102,
      3153,
      3236,
      3248,
      3358,
      3380,
      3430,
      3528,
      3551,
      3565,
      3567,
      3600,
      3648,
      3649,
      3653,
      3659,
      3711,
      3719,
      3741,
      3779,
      3849,
      3860,
      3862,
      3865,
      3906,
      3934,
      3956,
      4009,
      4010,
      4030,
      4054,
      4094,
      4121,
      4201,
      4215,
      4260,
      4294,
      4310,
      4337,
      4423,
      4515,
      4534,
      4584
    ],
    "7": [
      7,
      11,
      34,
      66,
      93,
      136,
      206,
      230,
      330,
      353,
      372,
      428,
      491,
      492,
      517,
      535,
      642,
      647,
      689,
      715,
      740,
      772,
      846,
      872,
      889,
      893,
      907,
      932,
      968,
      1010,
      1059,
      1078,
      1126,
      1135,
      1188,
      1244,
      1252,
      1256,
      1262,
      1291,
      1347,
      1368,
      1370,
      1419,
      1454,
      1523,
      1625,
      1647,
      1674,
      1704,
      1709,
      1742,
      1751,
      1758,
      1816,
      1824,
      1826,
      1856,
      1929,
      1948,
      1969,
      2254,
      2291,
      2299,
      2446,
      2459,
      2469,
      2580,
      2649,
      2666,
      2675,
      2685,
      2747,
      2753,
      2802,
      2877,
      2891,
      2998,
      3010,
      3022,
      3135,
      3138,
      3216,
      3251,
      3315,
      3381,
      3389,
      3391,
      3403,
      3487,
      3495,
      3570,
      3673,
      3727,
      3760,
      3934,
      3942,
      4045,
      4055,
      4104,
      4183,
      4299,
      4365,
      4421,
      4457,
      4491,
      4506
    ],
    "6": [
      18,
      85,
      119,
      139,
      152,
      204,
      226,
      302,
      321,
      394,
      404,
      427,
      447,
      452,
      472,
      484,
      510,
      593,
      594,
      634,
      664,
      750,
      803,
      806,
      883,
      891,
      897,
      898,
      905,
      929,
      947,
      990,
      1081,
      1085,
      1154,
      1222,
      1225,
      1346,
      1348,
      1467,
      1565,
      1575,
      1584,
      1627,
      1729,
      1876,
      1932,
      1954,
      1978,
      1987,
      1990,
      2010,
      2034,
      2039,
      2187,
      2194,
      2207,
      2221,
      2363,
      2389,
      2460,
      2495,
      2516,
      2536,
      2588,
      2596,
      2721,
      2874,
      2898,
      2963,
      2970,
      3020,
      3024,
      3048,
      3170,
      3205,
      3247,
      3375,
      3396,
      3398,
      3419,
      3435,
      3440,
      3461,
      3509,
      3609,
      3697,
      3701,
      3872,
      3897,
      3921,
      3986,
      4201,
      4235,
      4240,
      4256,
      4335,
      4354,
      4425,
      4494,
      4512,
      4517,
      4529,
      4559,
      4572,
      4591,
      4599
    ],