{
  "entry": "Q32063",
  "entry_name": "YCX8_CHLRE",
  "type": "CLM",
  "prompt": "MTCTRTLLVLNRMLALKANFVLHSVKSYLNVSGVNKTLPAKGSAGV",
  "k": 672,
  "original_sequence": "MTCTRTLLVLNRMLALKANFVLHSVKSYLNVSGVNKTLPAKGSAGVKNGFILSHLGCQ",
  "original_ll": -3.003491163253784,
  "original_perplexity": 20.155780792236328,
  "progen3_sequence": "MTCTRTLLVLNRMLALKANFVLHSVKSYLNVSGVNKTLPAKGSAGVVLVDSGADLLSV",
  "progen3_ll": -2.43384051322937,
  "progen3_perplexity": 11.402589797973633,
  "max_sequence": "MTCTRTLLVLNRMLALKANFVLHSVKSYLNVSGVNKTLPAKGSAGVKSVLGSSDAVLF",
  "max_ll": -2.692891836166382,
  "max_perplexity": 14.77433967590332,
  "max_kl": 0.003888312727212906,
  "max_nmse": 0.005437112879008055,
  "base_sequence": "MTCTRTLLVLNRMLALKANFVLHSVKSYLNVSGVNKTLPAKGSAGVRALCSDTSFTAL",
  "base_ll": -2.7695109844207764,
  "base_perplexity": 15.950831413269043,
  "base_kl": 0.06140618026256561,
  "base_nmse": 0.39080196619033813,
  "recovered_sequence": "MTCTRTLLVLNRMLALKANFVLHSVKSYLNVSGVNKTLPAKGSAGVGLVDSGADLLSV",
  "recovered_ll": -2.6061432361602783,
  "recovered_perplexity": 13.546704292297363,
  "recovered_kl": 0.006798148155212402,
  "recovered_nmse": 0.008693715557456017,
  "nodes": {
    "9": [
      12,
      34,
      162,
      184,
      381,
      407,
      473,
      538,
      734,
      760,
      763,
      957,
      967,
      991,
      1042,
      1166,
      1184,
      1186,
      1196,
      1251,
      1298,
      1302,
      1306,
      1491,
      1528,
      1560,
      1579,
      1735,
      1782,
      1828,
      1832,
      1844,
      1851,
      1942,
      1957,
      2001,
      2005,
      2046,
      2064,
      2105,
      2108,
      2273,
      2283,
      2287,
      2360,
      2395,
      2450,
      2476,
      2510,
      2531,
      2539,
      2604,
      2715,
      2732,
      2787,
      2941,
      2975,
      2983,
      3006,
      3008,
      3040,
      3050,
      3087,
      3105,
      3146,
      3162,
      3198,
      3199,
      3221,
      3232,
      3372,
      3381,
      3382,
      3399,
      3407,
      3426,
      3513,
      3526,
      3538,
      3540,
      3567,
      3581,
      3624,
      3676,
      3779,
      3802,
      3821,
      3832,
      3925,
      3965,
      3999,
      4129,
      4244,
      4250,
      4380,
      4419,
      4482,
      4533,
      4544,
      4598
    ],
    "8": [
      18,
      82,
      94,
      158,
      204,
      240,
      299,
      301,
      372,
      392,
      417,
      583,
      585,
      648,
      756,
      817,
      900,
      949,
      968,
      1004,
      1008,
      1013,
      1136,
      1404,
      1408,
      1444,
      1468,
      1482,
      1486,
      1494,
      1535,
      1548,
      1557,
      1603,
      1664,
      1678,
      1687,
      1744,
      1775,
      1838,
      1954,
      1956,
      2077,
      2106,
      2109,
      2112,
      2127,
      2151,
      2201,
      2215,
      2334,
      2361,
      2401,
      2479,
      2490,
      2528,
      2540,
      2564,
      2596,
      2605,
      2621,
      2710,
      2743,
      2779,
      2917,
      2928,
      3042,
      3195,
      3236,
      3257,
      3263,
      3396,
      3432,
      3485,
      3507,
      3567,
      3600,
      3631,
      3645,
      3711,
      3735,
      3865,
      3874,
      3894,
      3895,
      3979,
      4011,
      4167,
      4177,
      4275,
      4294,
      4310,
      4334,
      4391,
      4471
    ],
    "7": [
      7,
      66,
      78,
      83,
      99,
      230,
      283,
      330,
      372,
      396,
      491,
      589,
      631,
      715,
      872,
      889,
      907,
      1010,
      1070,
      1128,
      1151,
      1244,
      1256,
      1306,
      1366,
      1382,
      1454,
      1476,
      1520,
      1625,
      1709,
      1751,
      1784,
      1816,
      1824,
      1830,
      1898,
      1929,
      1935,
      1958,
      1969,
      2023,
      2089,
      2113,
      2227,
      2254,
      2279,
      2288,
      2366,
      2476,
      2676,
      2747,
      2877,
      2977,
      2998,
      3128,
      3135,
      3251,
      3284,
      3381,
      3389,
      3457,
      3464,
      3487,
      3521,
      3690,
      3760,
      3825,
      3948,
      4055,
      4088,
      4122,
      4130,
      4141,
      4159,
      4254,
      4331,
      4421,
      4475
    ],
    "5": [
      39,
      69,
      117,
      305,
      386,
      391,
      616,
      627,
      793,
      1031,
      1067,
      1108,
      1249,
      1313,
      1397,
      1524,
      1636,
      1870,
      1908,
      1923,
      1936,
      2188,
      2246,
      2346,
      2575,
      2675,
      2777,
      2816,
      2831,
      3244,
      3632,
      3692,
      3710,
      3730,
      3748,
      3943,
      3979,
      3983,
      4104,
      4108,
      4281
    ],
    "0": [
      2,
      92,
      197,
      276,
      325,
      327,
      337,
      435,
      460,
      526,
      542,
      591,
      622,
      694,
      778,
      785,
      828,
      919,
      952,
      994,
      1007,
      1037,
      1069,
      1093,
      1135,
      1169,
      1172,
      1183,
      1198,
      1207,
      1252,
      1265,
      1328,
      1354,
      1365,
      1483,
      1544,
      1557,
      1583,
      1646,
      1657,
      1683,
      1824,
      1883,
      1890,
      1899,
      1911,
      1913,
      1942,
      2001,
      2117,
      2251,
      2299,
      2313,
      2423,
      2462,
      2470,
      2511,
      2571,
      2579,
      2594,
      2610,
      2622,
      2670,
      2722,
      2844,
      2849,
      2888,
      2943,
      2980,
      2984,
      3059,
      3082,
      3129,
      3189,
      3191,
      3275,
      3351,
      3414,
      3471,
      3484,
      3492,
      3494,
      3503,
      3552,
      3554,
      3573,
      3698,
      3714,
      3758,
      3805,
      3819,
      3823,
      3894,
      3922,
      3982,
      3985,
      3988,
      4011,
      4053,
      4055,
      4059,
      4081,
      4118,
      4123,
      4133,
      4180,
      4302,
      4336,
      4352,
      4354,
      4366,
      4368,
      4369,
      4393,
      4424,
      4429,
      4458,
      4467,
      4488,
      4494,
      4510,
      4532,
      4545,
      4590,
      4596
    ],
    "4": [
      13,
      49,
      82,
      220,
      254,
      450,
      522,
      562,
      917,
      1001,
      1123,
      1164,
      1230,
      1466,
      1524,
      1566,
      1710,
      1719,
      1981,
      2065,
      2489,
      2502,
      2605,
      2879,
      2958,
      3068,
      3175,
      3276,
      3512,
      3714,
      3811,
      4015,
      4034,
      4066,
      4088,
      4134,
      4218,
      4256,
      4394,
      4490,
      4579,
      4584
    ],
    "3": [
      127,
      195,
      201,
      208,
      339,
      545,
      568,
      688,
      751,
      1036,
      1213,
      1537,
      1655,
      2047,
      2486,
      2659,
      3060,
      3114,
      3206,
      3324,
      3485,
      3576,
      3577,
      3737,
      3831,
      3939,
      4016
    ],