{
  "entry": "Q3AYG7",
  "entry_name": "NDHL_SYNS9",
  "type": "GLM_1",
  "prompt": "MDFQALLSQLPQETLFVLLAYGAVLGTYLIAVPLALYAWINLRWYRMSKFERLGVYGLVFLFFPGMIVFAPFINLRLSGQGEV[GLM]22-56-34",
  "k": 352,
  "original_sequence": "MDFQALLSQLPQETLFVLLAYGAVLGTYLIAVPLALYAWINLRWYRMSKFERLGVYGLVFLFFPGMIVFAPFINLRLSGQGEV",
  "original_ll": -2.7440147399902344,
  "original_perplexity": 15.549286842346191,
  "progen3_sequence": "MDFQALLSQLPQETLFVLLAYGVLDVPSTLPLLRLAWRRSLRGVELAEDIAAVLCPGLVFLFFPGMIVFAPFINLRLSGQGEV",
  "progen3_ll": -2.690478563308716,
  "progen3_perplexity": 14.738727569580078,
  "max_sequence": "MDFQALLSQLPQETLFVLLAYGEMLIVVDSPTSNLSLVGALNESVILPLYVPESRDGLVFLFFPGMIVFAPFINLRLSGQGEV",
  "max_ll": -2.91601824760437,
  "max_perplexity": 18.467607498168945,
  "max_kl": 0.024228734895586967,
  "max_nmse": 0.014168402180075645,
  "base_sequence": "MDFQALLSQLPQETLFVLLAYGVMNENAGVVQMMPSPMNNMMLCMIYLFVCPMMPMGLVFLFFPGMIVFAPFINLRLSGQGEV",
  "base_ll": -3.1680355072021484,
  "base_perplexity": 23.760761260986328,
  "base_kl": 0.2460259348154068,
  "base_nmse": 3.0184388160705566,
  "recovered_sequence": "MDFQALLSQLPQETLFVLLAYGVLDVPSTIPLLNLAVMNILVGVELVLIIGAVLLPGLVFLFFPGMIVFAPFINLRLSGQGEV",
  "recovered_ll": -2.7315664291381836,
  "recovered_perplexity": 15.356924057006836,
  "recovered_kl": 0.06379852443933487,
  "recovered_nmse": 0.3583340346813202,
  "nodes": {
    "9": [
      12,
      191,
      224,
      233,
      342,
      359,
      407,
      466,
      490,
      506,
      538,
      548,
      555,
      654,
      672,
      680,
      715,
      734,
      746,
      758,
      760,
      767,
      810,
      818,
      853,
      868,
      879,
      957,
      967,
      992,
      1004,
      1049,
      1055,
      1080,
      1081,
      1092,
      1170,
      1176,
      1184,
      1210,
      1214,
      1251,
      1320,
      1394,
      1438,
      1484,
      1491,
      1530,
      1537,
      1560,
      1579,
      1713,
      1725,
      1828,
      1844,
      1851,
      1872,
      1910,
      1913,
      1942,
      1946,
      1957,
      2005,
      2072,
      2184,
      2191,
      2264,
      2283,
      2287,
      2317,
      2405,
      2423,
      2511,
      2516,
      2592,
      2633,
      2727,
      2732,
      2750,
      2767,
      2787,
      2791,
      2812,
      2821,
      2940,
      2941,
      3004,
      3008,
      3050,
      3058,
      3156,
      3162,
      3192,
      3198,
      3199,
      3210,
      3338,
      3372,
      3382,
      3392,
      3414,
      3422,
      3513,
      3540,
      3624,
      3636,
      3648,
      3695,
      3709,
      3715,
      3748,
      3765,
      3779,
      3802,
      3821,
      3836,
      3880,
      3932,
      3952,
      3972,
      4069,
      4079,
      4106,
      4129,
      4148,
      4190,
      4279,
      4350,
      4396,
      4421,
      4482,
      4484,
      4533,
      4544,
      4603
    ],
    "8": [
      876,
      1306,
      1404,
      1557,
      1569,
      1664,
      1677,
      1678,
      1710,
      1877,
      1914,
      1922,
      1971,
      2077,
      2183,
      2201,
      2256,
      2262,
      2348,
      2388,
      2479,
      2596,
      2605,
      2828,
      2972,
      3236,
      3645,
      3785,
      3865,
      3895,
      3989,
      4118,
      4310,
      4530,
      4565,
      4570
    ],
    "7": [
      7,
      168,
      281,
      371,
      553,
      631,
      652,
      725,
      734,
      822,
      872,
      1520,
      1709,
      1751,
      1824,
      2004,
      2062,
      2071,
      2394,
      2462,
      2513,
      2747,
      2877,
      2907,
      2998,
      3002,
      3015,
      3025,
      3037,
      3135,
      3156,
      3167,
      3434,
      3486,
      3751,
      3784,
      3921,
      3950,
      4166,
      4176,
      4393,
      4532
    ],
    "5": [
      37,
      285,
      556,
      703,
      837,
      878,
      1034,
      1082,
      1244,
      1466,
      1479,
      1570,
      1631,
      1790,
      1798,
      1869,
      1994,
      2250,
      2324,
      2777,
      3064,
      3139,
      3196,
      3393,
      3421,
      3654,
      3745,
      3775,
      3884,
      4200,
      4502
    ],
    "4": [
      130,
      292,
      366,
      376,
      424,
      452,
      467,
      588,
      712,
      988,
      1310,
      1409,
      1606,
      1673,
      2154,
      2303,
      2469,
      2679,
      2799,
      2822,
      3233,
      3298,
      3811,
      3815,
      4136,
      4250,
      4342,
      4360,
      4386,
      4545
    ],
    "3": [
      20,
      181,
      502,
      523,
      1082,
      1160,
      1652,
      1689,
      2289,
      2612,
      2625,
      2646,
      3243,
      3683,
      3995,
      4139,
      4273,
      4557
    ],
    "6": [
      34,
      69,
      522,
      551,
      613,
      902,
      1178,
      1310,
      1402,
      1487,
      1606,
      1829,
      1931,
      2368,
      2720,
      2842,
      2932,
      3064,
      3068,
      4157,
      4360,
      4362,
      4493,
      4494
    ],
    "2": [
      291,
      323,
      1005,
      1558,
      1751,
      1756,
      1896,
      2204,
      2287,
      2473,
      2749,
      2860,
      3520,
      3969,
      4355
    ],
    "1": [
      26,
      425,
      673,
      764,
      1001,
      2309,
      2953,
      3680
    ],
    "0": [
      1134,
      1173,
      1504,
      1639,
      2148,
      2511,
      2727,
      2968,
      2984,
      3101,
      3182,
      3493,
      4003
    ]
  }
}
