{
  "entry": "Q3LHN2",
  "entry_name": "KR192_HUMAN",
  "type": "GLM_1",
  "prompt": "MCYGYGCGCGSFCRLGYGCGYEGCRYGCGHRGCGDGCCCPSCYRRYRFTGFY[GLM]21-34-13",
  "k": 64,
  "original_sequence": "MCYGYGCGCGSFCRLGYGCGYEGCRYGCGHRGCGDGCCCPSCYRRYRFTGFY",
  "original_ll": -1.990625262260437,
  "original_perplexity": 7.3201093673706055,
  "progen3_sequence": "MCYGYGCGCGSFCRLGYGCGYCYCPCCVGIPEDGCCCPSCYRRYRFTGFY",
  "progen3_ll": -2.9546778202056885,
  "progen3_perplexity": 19.195537567138672,
  "max_sequence": "MCYGYGCGCGSFCRLGYGCGYTGGGGCGGRRPDGCCCPSCYRRYRFTGFY",
  "max_ll": -2.326089382171631,
  "max_perplexity": 10.23782730102539,
  "max_kl": 0.035999950021505356,
  "max_nmse": 0.012217450886964798,
  "base_sequence": "MCYGYGCGCGSFCRLGYGCGYCCFDCGNCMCPMDGCCCPSCYRRYRFTGFY",
  "base_ll": -3.0496268272399902,
  "base_perplexity": 21.107465744018555,
  "base_kl": 0.1385452151298523,
  "base_nmse": 0.24826382100582123,
  "recovered_sequence": "MCYGYGCGCGSFCRLGYGCGYCYYPYCGVGILDGCCCPSCYRRYRFTGFY",
  "recovered_ll": -2.773451328277588,
  "recovered_perplexity": 16.01380729675293,
  "recovered_kl": 0.08628058433532715,
  "recovered_nmse": 0.08572021126747131,
  "nodes": {
    "9": [
      12,
      44,
      90,
      127,
      158,
      162,
      407,
      506,
      534,
      847,
      957,
      967,
      1184,
      1277,
      1491,
      1832,
      1844,
      1881,
      1957,
      2067,
      2086,
      2213,
      2237,
      2287,
      2346,
      2379,
      2408,
      2565,
      2852,
      2927,
      2964,
      2975,
      3104,
      3199,
      3338,
      3382,
      3526,
      3540,
      3575,
      3577,
      3624,
      3709,
      3779,
      3821,
      4444,
      4460,
      4544
    ],
    "8": [
      372,
      1136,
      1581,
      1954,
      2986,
      4471
    ],
    "7": [
      889,
      1454,
      1765,
      3389,
      3464,
      4055,
      4564
    ],
    "4": [
      1278,
      2757
    ],
    "3": [
      1207
    ],
    "2": [
      1767
    ]
  }
}
