{
  "entry": "Q44156",
  "entry_name": "TOLB_ACTPL",
  "type": "GLM_2",
  "prompt": "CIKQILQIITILPDLASGGTEVLSSTFLDESPSISPNGIMVIYSSTKGTSKVLQLVSADGRFKANLPGAGGQFKFPAWSPYLTK[GLM]76-84-8",
  "k": 384,
  "original_sequence": "CIKQILQIITILPDLASGGTEVLSSTFLDESPSISPNGIMVIYSSTKGTSKVLQLVSADGRFKANLPGAGGQFKFPAWSPYLTK",
  "original_ll": -2.814061164855957,
  "original_perplexity": 16.67751121520996,
  "progen3_sequence": "CIKQILQIITILPDLASGGTEVLSSTFLDESPSISPNGIMVIYSSTKGTSKVLQLVSADGRFKANLPGAGGQFKFPIDLRQMLK",
  "progen3_ll": -2.9865517616271973,
  "progen3_perplexity": 19.817230224609375,
  "max_sequence": "CIKQILQIITILPDLASGGTEVLSSTFLDESPSISPNGIMVIYSSTKGTSKVLQLVSADGRFKANLPGAGGQFKFPMNVDDEIE",
  "max_ll": -3.023848295211792,
  "max_perplexity": 20.570301055908203,
  "max_kl": 0.03325308859348297,
  "max_nmse": 0.03656774386763573,
  "base_sequence": "CIKQILQIITILPDLASGGTEVLSSTFLDESPSISPNGIMVIYSSTKGTSKVLQLVSADGRFKANLPGAGGQFKFPNLMMEEEM",
  "base_ll": -3.3732495307922363,
  "base_perplexity": 29.173173904418945,
  "base_kl": 0.20899610221385956,
  "base_nmse": 2.675806999206543,
  "recovered_sequence": "CIKQILQIITILPDLASGGTEVLSSTFLDESPSISPNGIMVIYSSTKGTSKVLQLVSADGRFKANLPGAGGQFKFPIDLEQYLV",
  "recovered_ll": -2.9080464839935303,
  "recovered_perplexity": 18.320974349975586,
  "recovered_kl": 0.07056722790002823,
  "recovered_nmse": 0.6138319373130798,
  "nodes": {
    "9": [
      12,
      27,
      52,
      85,
      89,
      162,
      185,
      271,
      378,
      407,
      425,
      429,
      452,
      466,
      506,
      538,
      545,
      582,
      586,
      587,
      598,
      641,
      654,
      683,
      734,
      740,
      742,
      746,
      758,
      760,
      810,
      814,
      828,
      904,
      957,
      967,
      1012,
      1016,
      1048,
      1094,
      1146,
      1174,
      1176,
      1183,
      1184,
      1187,
      1233,
      1251,
      1346,
      1352,
      1375,
      1394,
      1403,
      1466,
      1491,
      1528,
      1537,
      1554,
      1648,
      1725,
      1732,
      1733,
      1762,
      1771,
      1828,
      1844,
      1851,
      1859,
      1870,
      1899,
      1940,
      1942,
      1957,
      1990,
      2005,
      2056,
      2066,
      2083,
      2105,
      2115,
      2144,
      2188,
      2191,
      2218,
      2231,
      2260,
      2264,
      2268,
      2272,
      2284,
      2325,
      2376,
      2417,
      2420,
      2423,
      2427,
      2438,
      2460,
      2467,
      2510,
      2511,
      2592,
      2665,
      2704,
      2732,
      2761,
      2763,
      2771,
      2773,
      2775,
      2787,
      2817,
      2892,
      2893,
      2924,
      2935,
      2975,
      3011,
      3019,
      3021,
      3031,
      3048,
      3050,
      3061,
      3079,
      3122,
      3142,
      3156,
      3159,
      3176,
      3199,
      3227,
      3228,
      3242,
      3276,
      3284,
      3309,
      3310,
      3313,
      3314,
      3329,
      3342,
      3344,
      3382,
      3392,
      3414,
      3420,
      3461,
      3467,
      3474,
      3500,
      3513,
      3526,
      3540,
      3577,
      3624,
      3648,
      3649,
      3695,
      3712,
      3765,
      3779,
      3802,
      3821,
      3934,
      3952,
      3961,
      3990,
      3993,
      3999,
      4003,
      4103,
      4129,
      4182,
      4220,
      4326,
      4444,
      4470,
      4482,
      4529,
      4536,
      4544,
      4587,
      4603
    ],
    "8": [
      27,
      155,
      274,
      301,
      413,
      457,
      543,
      583,
      689,
      693,
      968,
      987,
      1001,
      1023,
      1183,
      1219,
      1549,
      1660,
      1829,
      1966,
      2062,
      2112,
      2201,
      2302,
      2341,
      2361,
      2401,
      2475,
      2482,
      2689,
      2979,
      3267,
      3285,
      3365,
      3415,
      3549,
      3600,
      3653,
      3659,
      3823,
      3926,
      4114,
      4140,
      4241,
      4284,
      4569,
      4585,
      4591
    ],
    "6": [
      13,
      167,
      299,
      479,
      484,
      617,
      844,
      947,
      1050,
      1267,
      1386,
      1458,
      1478,
      1613,
      1657,
      1701,
      1702,
      1718,
      1766,
      1804,
      1954,
      1981,
      2207,
      2426,
      2460,
      2497,
      2625,
      2657,
      2664,
      2805,
      2874,
      3132,
      3154,
      3173,
      3349,
      3459,
      3509,
      3515,
      3531,
      3579,
      4030,
      4098,
      4370,
      4392,
      4400,
      4464,
      4501,
      4581,
      4601
    ],
    "7": [
      22,
      49,
      106,
      611,
      710,
      872,
      1010,
      1151,
      1338,
      1529,
      1675,
      1824,
      1830,
      1969,
      2180,
      2362,
      2513,
      2595,
      2746,
      2786,
      2877,
      3135,
      3149,
      3227,
      3389,
      3566,
      3580,
      3690,
      3825,
      4110,
      4140,
      4141
    ],
    "0": [
      294,
      796,
      936,
      1184,
      1659,
      1777,
      2258,
      2474,
      2722,
      2972,
      2991,
      3008,
      3057,
      3294,
      3853,
      3954,
      3963,
      3965,
      4077,
      4081,
      4427
    ],
    "5": [
      231,
      307,
      343,
      634,
      969,
      1153,
      1331,
      1810,
      2186,
      3145,
      3616,
      3677,
      3753,
      4066,
      4363
    ],
    "2": [
      475,
      2066,
      2303,
      2632,
      2766,
      2814,
      3908,
      3964,
      4414
    ],
    "1": [
      40,
      808,
      1251,
      1979,
      2015,
      2493,
      3182,
      3973,
      4056,
      4205
    ],
    "3": [
      893,
      922,
      1898,
      3943,
      3952,
      4095
    ],
    "4": [
      700,
      1547,
      1568,
      2685,
      3086,
      3126,
      3821,
      3924,
      4351,
      4404
    ]
  }
}
