{
  "entry": "Q44156",
  "entry_name": "TOLB_ACTPL",
  "type": "GLM_1",
  "prompt": "CIKQILQIITILPDLASGGTEVLSSTFLDESPSISPNGIMVIYSSTKGTSKVLQLVSADGRFKANLPGAGGQFKFPAWSPYLTK[GLM]50-54-4",
  "k": 608,
  "original_sequence": "CIKQILQIITILPDLASGGTEVLSSTFLDESPSISPNGIMVIYSSTKGTSKVLQLVSADGRFKANLPGAGGQFKFPAWSPYLTK",
  "original_ll": -2.7149806022644043,
  "original_perplexity": 15.104317665100098,
  "progen3_sequence": "CIKQILQIITILPDLASGGTEVLSSTFLDESPSISPNGIMVIYSSTKGTSMGSLLVSADGRFKANLPGAGGQFKFPAWSPYLTK",
  "progen3_ll": -2.855088710784912,
  "progen3_perplexity": 17.375978469848633,
  "max_sequence": "CIKQILQIITILPDLASGGTEVLSSTFLDESPSISPNGIMVIYSSTKGTSMRGNLVSADGRFKANLPGAGGQFKFPAWSPYLTK",
  "max_ll": -3.2986581325531006,
  "max_perplexity": 27.076282501220703,
  "max_kl": 0.04288257658481598,
  "max_nmse": 0.017060527577996254,
  "base_sequence": "CIKQILQIITILPDLASGGTEVLSSTFLDESPSISPNGIMVIYSSTKGTSLNNLLVSADGRFKANLPGAGGQFKFPAWSPYLTK",
  "base_ll": -2.634531021118164,
  "base_perplexity": 13.936775207519531,
  "base_kl": 0.3092886507511139,
  "base_nmse": 2.993386745452881,
  "recovered_sequence": "CIKQILQIITILPDLASGGTEVLSSTFLDESPSISPNGIMVIYSSTKGTSNNELLVSADGRFKANLPGAGGQFKFPAWSPYLTK",
  "recovered_ll": -2.875861644744873,
  "recovered_perplexity": 17.740703582763672,
  "recovered_kl": 0.1606120467185974,
  "recovered_nmse": 0.4092157185077667,
  "nodes": {
    "9": [
      12,
      271,
      381,
      407,
      411,
      419,
      466,
      506,
      538,
      545,
      555,
      603,
      734,
      746,
      760,
      836,
      957,
      967,
      1049,
      1073,
      1080,
      1162,
      1176,
      1184,
      1196,
      1219,
      1251,
      1302,
      1307,
      1313,
      1455,
      1491,
      1579,
      1648,
      1663,
      1742,
      1798,
      1828,
      1832,
      1844,
      1851,
      1931,
      1957,
      2005,
      2094,
      2105,
      2108,
      2178,
      2221,
      2264,
      2275,
      2360,
      2395,
      2441,
      2510,
      2516,
      2642,
      2664,
      2732,
      2787,
      2791,
      2804,
      2871,
      3050,
      3162,
      3176,
      3198,
      3199,
      3338,
      3372,
      3381,
      3382,
      3407,
      3414,
      3513,
      3526,
      3538,
      3540,
      3581,
      3624,
      3676,
      3679,
      3709,
      3779,
      3794,
      3802,
      3821,
      3952,
      3965,
      3999,
      4103,
      4117,
      4129,
      4250,
      4419,
      4482,
      4544,
      4603
    ],
    "8": [
      240,
      263,
      311,
      318,
      487,
      1535,
      1557,
      1687,
      1728,
      1744,
      1867,
      1954,
      2069,
      2077,
      2112,
      2151,
      2199,
      2201,
      2401,
      2468,
      2479,
      2516,
      2528,
      2596,
      2605,
      2661,
      2727,
      2829,
      2934,
      3001,
      3042,
      3259,
      3490,
      3507,
      3600,
      3741,
      3798,
      3846,
      3865,
      4040,
      4177,
      4290,
      4294,
      4310,
      4534,
      4546
    ],
    "7": [
      7,
      11,
      66,
      69,
      155,
      178,
      223,
      230,
      372,
      392,
      419,
      428,
      436,
      592,
      642,
      872,
      889,
      982,
      1010,
      1059,
      1078,
      1130,
      1151,
      1256,
      1366,
      1625,
      1709,
      1751,
      1824,
      1830,
      1856,
      1969,
      2213,
      2226,
      2227,
      2254,
      2256,
      2326,
      2517,
      2974,
      3143,
      3284,
      3389,
      3487,
      3542,
      3603,
      3760,
      3970,
      4186,
      4195,
      4471,
      4548
    ],
    "6": [
      162,
      308,
      396,
      404,
      414,
      447,
      520,
      523,
      524,
      609,
      723,
      847,
      947,
      954,
      1063,
      1081,
      1154,
      1182,
      1225,
      1247,
      1277,
      1346,
      1370,
      1491,
      1768,
      1954,
      1987,
      2012,
      2034,
      2039,
      2096,
      2255,
      2347,
      2389,
      2453,
      2460,
      2486,
      2495,
      2615,
      2661,
      2857,
      2975,
      2989,
      3007,
      3048,
      3058,
      3160,
      3195,
      3260,
      3279,
      3359,
      3396,
      3509,
      3546,
      3644,
      3697,
      3705,
      3819,
      3872,
      3892,
      3995,
      4058,
      4068,
      4107,
      4235,
      4301,
      4335,
      4397,
      4469,
      4539,
      4598
    ],
    "5": [
      69,
      132,
      152,
      228,
      231,
      288,
      342,
      386,
      391,
      405,
      421,
      434,
      480,
      518,
      654,
      727,
      753,
      847,
      857,
      871,
      912,
      954,
      975,
      1147,
      1172,
      1550,
      1573,
      1870,
      1902,
      1908,
      1986,
      2115,
      2148,
      2272,
      2278,
      2295,
      2349,
      2399,
      2454,
      2474,
      2724,
      2744,
      2747,
      2756,
      2763,
      2777,
      2801,
      2804,
      2938,
      2956,
      3005,
      3092,
      3153,
      3162,
      3197,
      3256,
      3582,
      3692,
      3708,
      3788,
      3979,
      4013,
      4016,
      4065,
      4066,
      4098,
      4101,
      4108,
      4255,
      4265,
      4281,
      4383,
      4411,
      4420,
      4437,
      4462
    ],
    "0": [
      59,
      214,
      229,
      356,
      435,
      639,
      694,
      703,
      771,
      778,
      1007,
      1017,
      1026,
      1093,
      1183,
      1207,
      1220,
      1252,
      1265,
      1289,
      1290,
      1412,
      1672,
      1824,
      1883,
      2081,
      2160,
      2205,
      2257,
      2299,
      2313,
      2401,
      2465,
      2470,
      2571,
      2675,
      2713,
      2722,
      2765,
      2835,
      2844,
      2849,
      2952,
      3022,
      3054,
      3082,
      3254,
      3351,
      3414,
      3576,
      3584,
      3659,
      3698,
      3754,
      3941,
      4081,
      4123,
      4180,
      4194,
      4270,
      4352,
      4428,
      4433,
      4488,
      4511,
      4539
    ],
    "1": [
      21,
      73,
      89,
      108,
      180,
      190,
      219,
      293,
      321,
      327,
      378,
      474,
      523,
      545,
      672,
      853,
      887,
      939,
      1004,
      1031,
      1033,
      1064,
      1312,
      1314,
      1329,
      1514,
      1589,
      1751,
      1765,
      1840,
      1942,
      1949,
      1959,
      2011,
      2088,
      2157,
      2181,
      2194,
      2259,
      2351,
      2442,
      2469,
      2490,
      2612,
      2665,
      2670,
      2680,
      2687,
      2778,
      2911,
      2975,
      3053,
      3059,
      3102,
      3103,
      3130,
      3203,
      3592,
      3613,
      3659,
      3683,
      3693,
      3759,
      3825,
      4085,
      4161,
      4174,
      4276,
      4281,
      4294,
      4464,
      4474,
      4476,
      4495,
      4591
    ],
    "4": [
      227,
      230,
      232,
      254,
      356,
      562,
      752,
      789,
      1164,
      1363,
      1443,
      1481,
      1672,
      1758,
      1864,
      1926,
      2055,
      2185,
      2247,
      2652,
      2860,
      2941,
      3008,
      3068,
      3105,
      3287,
      3355,
      3437,
      3641,
      3829,
      3945,
      4112,
      4139,
      4327,
      4449,
      4517
    ],