{
  "entry": "Q54FX7",
  "entry_name": "Y9576_DICDI",
  "type": "GLM_1",
  "prompt": "MNGPRYAHSNYGGNKGGPSNSTSGVFAGDIRCQVSNKSIMLISLKITNSPNSNSRGSSSSSSTSKSSSKTSFTQ[GLM]39-59-20",
  "k": 1000,
  "original_sequence": "MNGPRYAHSNYGGNKGGPSNSTSGVFAGDIRCQVSNKSIMLISLKITNSPNSNSRGSSSSSSTSKSSSKTSFTQ",
  "original_ll": -2.7065646648406982,
  "original_perplexity": 14.97773265838623,
  "progen3_sequence": "MNGPRYAHSNYGGNKGGPSNSTSGVFAGDIRCQVSNKSIRINGGSNQSVQPCLNVLLNLSSSTSKSSSKTSFTQ",
  "progen3_ll": -2.8354129791259766,
  "progen3_perplexity": 17.03743553161621,
  "max_sequence": "MNGPRYAHSNYGGNKGGPSNSTSGVFAGDIRCQVSNKSILVSKITIYPSVNNVVNLNQTSSSTSKSSSKTSFTQ",
  "max_ll": -2.7934775352478027,
  "max_perplexity": 16.337736129760742,
  "max_kl": 0.0169850941747427,
  "max_nmse": 0.010716849938035011,
  "base_sequence": "MNGPRYAHSNYGGNKGGPSNSTSGVFAGDIRCQVSNKSILTNENCQSQIITTMLMLNTQSSSTSKSSSKTSFTQ",
  "base_ll": -2.993698835372925,
  "base_perplexity": 19.95937156677246,
  "base_kl": 0.1324578821659088,
  "base_nmse": 1.757190465927124,
  "recovered_sequence": "MNGPRYAHSNYGGNKGGPSNSTSGVFAGDIRCQVSNKSILDNGGSEQSVQPILNVLRNLSSSTSKSSSKTSFTQ",
  "recovered_ll": -2.7890172004699707,
  "recovered_perplexity": 16.265026092529297,
  "recovered_kl": 0.057107627391815186,
  "recovered_nmse": 0.21584507822990417,
  "nodes": {
    "9": [
      12,
      34,
      127,
      162,
      184,
      269,
      307,
      352,
      381,
      407,
      416,
      456,
      473,
      538,
      687,
      734,
      760,
      763,
      875,
      957,
      967,
      1036,
      1039,
      1042,
      1080,
      1092,
      1176,
      1184,
      1186,
      1196,
      1219,
      1251,
      1298,
      1302,
      1306,
      1491,
      1528,
      1564,
      1579,
      1584,
      1735,
      1782,
      1828,
      1832,
      1844,
      1851,
      1885,
      1888,
      1914,
      1957,
      2005,
      2105,
      2108,
      2109,
      2177,
      2264,
      2273,
      2283,
      2287,
      2360,
      2376,
      2395,
      2450,
      2531,
      2539,
      2570,
      2604,
      2642,
      2715,
      2732,
      2763,
      2787,
      2865,
      2874,
      2957,
      2975,
      2983,
      3006,
      3008,
      3018,
      3050,
      3079,
      3087,
      3101,
      3105,
      3162,
      3198,
      3199,
      3221,
      3232,
      3290,
      3381,
      3382,
      3399,
      3407,
      3426,
      3445,
      3513,
      3526,
      3540,
      3579,
      3581,
      3624,
      3676,
      3760,
      3779,
      3802,
      3821,
      3832,
      3856,
      3965,
      3999,
      4088,
      4103,
      4129,
      4244,
      4250,
      4256,
      4275,
      4290,
      4353,
      4380,
      4419,
      4482,
      4526,
      4544,
      4587,
      4598
    ],
    "8": [
      82,
      94,
      140,
      147,
      158,
      204,
      240,
      372,
      392,
      417,
      434,
      583,
      628,
      638,
      817,
      900,
      949,
      968,
      999,
      1004,
      1008,
      1136,
      1201,
      1306,
      1444,
      1486,
      1494,
      1535,
      1557,
      1581,
      1664,
      1687,
      1744,
      1781,
      1797,
      1829,
      1838,
      1870,
      1954,
      1956,
      2021,
      2054,
      2077,
      2106,
      2109,
      2112,
      2127,
      2151,
      2185,
      2201,
      2253,
      2262,
      2329,
      2334,
      2361,
      2374,
      2401,
      2479,
      2490,
      2516,
      2527,
      2528,
      2540,
      2564,
      2567,
      2596,
      2605,
      2621,
      2695,
      2710,
      2743,
      2779,
      2806,
      2872,
      2917,
      2972,
      2986,
      3001,
      3042,
      3195,
      3236,
      3259,
      3262,
      3268,
      3308,
      3396,
      3413,
      3422,
      3432,
      3449,
      3459,
      3485,
      3490,
      3507,
      3600,
      3645,
      3653,
      3711,
      3735,
      3741,
      3846,
      3865,
      3874,
      3895,
      3960,
      3979,
      4167,
      4177,
      4184,
      4294,
      4308,
      4310,
      4361,
      4471,
      4487,
      4534,
      4546,
      4555,
      4578,
      4596
    ],
    "7": [
      7,
      11,
      66,
      78,
      230,
      330,
      335,
      362,
      372,
      509,
      550,
      589,
      631,
      642,
      872,
      889,
      907,
      1010,
      1128,
      1151,
      1244,
      1256,
      1266,
      1306,
      1338,
      1347,
      1382,
      1454,
      1520,
      1544,
      1625,
      1709,
      1716,
      1751,
      1757,
      1758,
      1816,
      1824,
      1826,
      1830,
      1898,
      1929,
      1935,
      1958,
      1969,
      1976,
      2020,
      2227,
      2248,
      2254,
      2261,
      2263,
      2279,
      2366,
      2433,
      2469,
      2491,
      2513,
      2517,
      2747,
      2816,
      2877,
      2922,
      2998,
      3075,
      3128,
      3135,
      3138,
      3227,
      3251,
      3284,
      3381,
      3389,
      3457,
      3464,
      3487,
      3576,
      3601,
      3608,
      3690,
      3711,
      3760,
      3825,
      3914,
      3944,
      3948,
      4016,
      4024,
      4055,
      4122,
      4130,
      4141,
      4149,
      4254,
      4299,
      4331,
      4373,
      4444,
      4466,
      4564,
      4578
    ],
    "5": [
      37,
      69,
      160,
      231,
      285,
      288,
      308,
      340,
      380,
      386,
      391,
      405,
      421,
      428,
      556,
      596,
      608,
      627,
      628,
      725,
      858,
      969,
      975,
      1004,
      1031,
      1080,
      1108,
      1141,
      1143,
      1165,
      1167,
      1195,
      1244,
      1249,
      1273,
      1397,
      1466,
      1524,
      1599,
      1670,
      1709,
      1731,
      1783,
      1861,
      1870,
      1885,
      1919,
      1928,
      1936,
      1968,
      2018,
      2110,
      2183,
      2186,
      2213,
      2278,
      2286,
      2346,
      2422,
      2434,
      2451,
      2496,
      2552,
      2611,
      2620,
      2675,
      2777,
      2816,
      2851,
      2941,
      2974,
      3064,
      3244,
      3319,
      3453,
      3498,
      3514,
      3559,
      3576,
      3588,
      3613,
      3626,
      3632,
      3654,
      3692,
      3710,
      3745,
      3775,
      3810,
      3835,
      3884,
      3983,
      4066,
      4104,
      4108,
      4200,
      4281,
      4302,
      4383,
      4402,
      4516,
      4549,
      4577
    ],