{
  "entry": "Q54Q37",
  "entry_name": "SI172_DICDI",
  "type": "GLM_1",
  "prompt": "MTIFDSIALISKSSKSGLTSGNTTSKLNGITVGGNNVSSVNCGGCGGYTNNEPSLYGGNCGCN[GLM]16-41-25",
  "k": 448,
  "original_sequence": "MTIFDSIALISKSSKSGLTSGNTTSKLNGITVGGNNVSSVNCGGCGGYTNNEPSLYGGNCGCN",
  "original_ll": -2.6390340328216553,
  "original_perplexity": 13.999674797058105,
  "progen3_sequence": "MTIFDSIALISKSSKSNSLNVPLTGNNLNNSINGLDSGNINCGGCGGYTNNEPSLYGGNCGCN",
  "progen3_ll": -2.581156015396118,
  "progen3_perplexity": 13.212403297424316,
  "max_sequence": "MTIFDSIALISKSSKSNKVNEGVINNSNSENSNNDPNVLTTCGGCGGYTNNEPSLYGGNCGCN",
  "max_ll": -2.6912941932678223,
  "max_perplexity": 14.750753402709961,
  "max_kl": 0.016441311687231064,
  "max_nmse": 0.009871792048215866,
  "base_sequence": "MTIFDSIALISKSSKSLNINTINSINNNMIFNNININIQNICGGCGGYTNNEPSLYGGNCGCN",
  "base_ll": -2.395946741104126,
  "base_perplexity": 10.97858715057373,
  "base_kl": 0.20629440248012543,
  "base_nmse": 1.3067444562911987,
  "recovered_sequence": "MTIFDSIALISKSSKSNSLNVDLIGNNLIISIMGLDSGNIVCGGCGGYTNNEPSLYGGNCGCN",
  "recovered_ll": -2.6712169647216797,
  "recovered_perplexity": 14.457552909851074,
  "recovered_kl": 0.03909832984209061,
  "recovered_nmse": 0.12561734020709991,
  "nodes": {
    "9": [
      12,
      127,
      139,
      162,
      269,
      378,
      407,
      466,
      512,
      538,
      545,
      565,
      571,
      585,
      639,
      680,
      727,
      734,
      758,
      760,
      763,
      957,
      967,
      971,
      991,
      1025,
      1073,
      1080,
      1081,
      1092,
      1184,
      1186,
      1190,
      1217,
      1251,
      1256,
      1286,
      1302,
      1307,
      1374,
      1476,
      1483,
      1491,
      1528,
      1530,
      1560,
      1564,
      1579,
      1636,
      1648,
      1713,
      1725,
      1828,
      1832,
      1844,
      1851,
      1872,
      1888,
      1931,
      1942,
      1957,
      2005,
      2105,
      2187,
      2264,
      2283,
      2360,
      2423,
      2510,
      2511,
      2573,
      2642,
      2732,
      2763,
      2768,
      2787,
      2790,
      2791,
      2809,
      2858,
      2941,
      2957,
      2975,
      2982,
      2983,
      2991,
      3050,
      3079,
      3087,
      3107,
      3198,
      3199,
      3221,
      3242,
      3341,
      3372,
      3382,
      3513,
      3526,
      3540,
      3579,
      3581,
      3624,
      3649,
      3676,
      3695,
      3709,
      3779,
      3802,
      3815,
      3821,
      3832,
      3881,
      3893,
      3952,
      3965,
      3999,
      4103,
      4106,
      4129,
      4168,
      4250,
      4313,
      4358,
      4370,
      4421,
      4452,
      4468,
      4469,
      4478,
      4482,
      4488,
      4533,
      4544,
      4603
    ],
    "7": [
      7,
      66,
      230,
      330,
      372,
      491,
      592,
      642,
      872,
      889,
      907,
      914,
      1010,
      1059,
      1069,
      1079,
      1135,
      1188,
      1256,
      1262,
      1366,
      1454,
      1496,
      1625,
      1709,
      1716,
      1751,
      1758,
      1816,
      1824,
      1830,
      1889,
      1929,
      1931,
      1935,
      1969,
      2089,
      2227,
      2233,
      2248,
      2254,
      2261,
      2291,
      2469,
      2513,
      2747,
      2802,
      2877,
      2998,
      3022,
      3135,
      3138,
      3169,
      3216,
      3227,
      3381,
      3457,
      3464,
      3487,
      3755,
      3760,
      3869,
      4045,
      4055,
      4141,
      4266,
      4299,
      4471
    ],
    "8": [
      94,
      158,
      240,
      263,
      583,
      585,
      900,
      949,
      1136,
      1258,
      1408,
      1444,
      1486,
      1535,
      1557,
      1664,
      1744,
      1842,
      1870,
      2021,
      2056,
      2109,
      2112,
      2151,
      2201,
      2215,
      2401,
      2479,
      2567,
      2596,
      2605,
      2621,
      2779,
      2917,
      3042,
      3259,
      3567,
      3600,
      3711,
      3849,
      3865,
      4276,
      4310,
      4471,
      4569
    ],
    "6": [
      85,
      413,
      484,
      609,
      762,
      947,
      954,
      960,
      1085,
      1137,
      1154,
      1212,
      1305,
      1346,
      1457,
      1467,
      1627,
      1641,
      1718,
      1987,
      2039,
      2092,
      2175,
      2181,
      2322,
      2327,
      2389,
      2445,
      2460,
      2495,
      2596,
      2726,
      2727,
      2763,
      2794,
      2874,
      3396,
      3419,
      3459,
      3473,
      3509,
      3701,
      4138,
      4400,
      4512,
      4529,
      4581
    ],
    "5": [
      160,
      288,
      389,
      391,
      954,
      1109,
      1249,
      1428,
      1847,
      1885,
      2018,
      2196,
      2278,
      2346,
      2496,
      2584,
      2675,
      2777,
      3244,
      3708,
      3710,
      3835,
      3950,
      4104
    ],
    "0": [
      67,
      210,
      219,
      272,
      276,
      407,
      435,
      460,
      622,
      686,
      721,
      885,
      1026,
      1169,
      1183,
      1198,
      1252,
      1286,
      1289,
      1356,
      1412,
      1419,
      1479,
      1483,
      1501,
      1544,
      1557,
      1623,
      1643,
      1725,
      1751,
      1824,
      1942,
      1975,
      2032,
      2172,
      2269,
      2306,
      2320,
      2423,
      2513,
      2594,
      2614,
      2622,
      2658,
      2722,
      2806,
      2819,
      2844,
      2860,
      2943,
      2984,
      2991,
      3054,
      3082,
      3351,
      3484,
      3492,
      3503,
      3552,
      3659,
      3704,
      3714,
      3788,
      3819,
      3877,
      3922,
      3941,
      4015,
      4081,
      4200,
      4244,
      4353,
      4354,
      4369,
      4379,
      4439,
      4458,
      4524,
      4596
    ],
    "4": [
      331,
      522,
      917,
      1041,
      1302,
      1710,
      1719,
      2124,
      2502,
      2605,
      2726,
      3206,
      3386,
      3634,
      3641,
      3811,
      3829,
      4088,
      4134,
      4399
    ],
    "1": [
      200,
      310,
      493,
      937,
      1032,
      1072,
      1270,
      1360,
      1612,
      2151,
      2581,
      2736,
      3052,
      3541,
      3578,
      3693,
      3785
    ],
    "2": [
      513,
      1149,
      1396,
      2817,
      3071,
      3583
    ],
    "3": [
      272,
      545,
      1283,
      1709,
      2659,
      3485
    ]
  }
}
