{
  "entry": "Q58753",
  "entry_name": "Y1358_METJA",
  "type": "CLM",
  "prompt": "MGVVFAFGFYLIFIKLTGLKLMDYFPRFKENRLKMIFSILSVILAFLINWLIMKNFSFLIEIIHPIASVWIFIILIYLLLRFLFLKRVPLSNYEKKFMGNMSAIAIFLELLKIIEYVDEHN",
  "k": 768,
  "original_sequence": "MGVVFAFGFYLIFIKLTGLKLMDYFPRFKENRLKMIFSILSVILAFLINWLIMKNFSFLIEIIHPIASVWIFIILIYLLLRFLFLKRVPLSNYEKKFMGNMSAIAIFLELLKIIEYVDEHNIASPITVALVFFIPVVVFFNCKYFYEMELSS",
  "original_ll": -2.7335383892059326,
  "original_perplexity": 15.387237548828125,
  "progen3_sequence": "MGVVFAFGFYLIFIKLTGLKLMDYFPRFKENRLKMIFSILSVILAFLINWLIMKNFSFLIEIIHPIASVWIFIILIYLLLRFLFLKRVPLSNYEKKFMGNMSAIAIFLELLKIIEYVDEHNPLIFVSFFVIFILIAISFIYSIKKSKSINKI",
  "progen3_ll": -2.2150559425354004,
  "progen3_perplexity": 9.161922454833984,
  "max_sequence": "MGVVFAFGFYLIFIKLTGLKLMDYFPRFKENRLKMIFSILSVILAFLINWLIMKNFSFLIEIIHPIASVWIFIILIYLLLRFLFLKRVPLSNYEKKFMGNMSAIAIFLELLKIIEYVDEHNIFKLLSGLLLFIIIFLFFIYLKLKNKYLEL",
  "max_ll": -2.1548116207122803,
  "max_perplexity": 8.626265525817871,
  "max_kl": 0.016733679920434952,
  "max_nmse": 0.006442016456276178,
  "base_sequence": "MGVVFAFGFYLIFIKLTGLKLMDYFPRFKENRLKMIFSILSVILAFLINWLIMKNFSFLIEIIHPIASVWIFIILIYLLLRFLFLKRVPLSNYEKKFMGNMSAIAIFLELLKIIEYVDEHNFSFINNNNIFFNNSLNFKKKKYKIIKINNIY",
  "base_ll": -2.4496512413024902,
  "base_perplexity": 11.584306716918945,
  "base_kl": 0.2901965379714966,
  "base_nmse": 0.12448696047067642,
  "recovered_sequence": "MGVVFAFGFYLIFIKLTGLKLMDYFPRFKENRLKMIFSILSVILAFLINWLIMKNFSFLIEIIHPIASVWIFIILIYLLLRFLFLKRVPLSNYEKKFMGNMSAIAIFLELLKIIEYVDEHNPEIPVSFFSIFILIAISFIYSISKSKKINKI",
  "recovered_ll": -2.366600275039673,
  "recovered_perplexity": 10.661086082458496,
  "recovered_kl": 0.020096706226468086,
  "recovered_nmse": 0.0063957758247852325,
  "nodes": {
    "9": [
      12,
      27,
      41,
      50,
      95,
      162,
      188,
      191,
      199,
      233,
      280,
      346,
      378,
      407,
      448,
      466,
      493,
      506,
      512,
      517,
      538,
      548,
      555,
      563,
      639,
      653,
      670,
      672,
      734,
      746,
      755,
      760,
      767,
      818,
      868,
      928,
      957,
      961,
      967,
      984,
      1025,
      1038,
      1050,
      1062,
      1080,
      1081,
      1089,
      1106,
      1184,
      1214,
      1286,
      1291,
      1336,
      1352,
      1374,
      1376,
      1379,
      1394,
      1438,
      1441,
      1476,
      1491,
      1528,
      1530,
      1546,
      1560,
      1579,
      1603,
      1648,
      1690,
      1713,
      1725,
      1762,
      1789,
      1828,
      1844,
      1851,
      1872,
      1877,
      1910,
      1913,
      1930,
      1937,
      1942,
      1957,
      2005,
      2020,
      2040,
      2091,
      2095,
      2169,
      2184,
      2191,
      2260,
      2264,
      2270,
      2287,
      2317,
      2349,
      2376,
      2388,
      2423,
      2462,
      2464,
      2467,
      2510,
      2511,
      2542,
      2592,
      2626,
      2633,
      2706,
      2727,
      2732,
      2739,
      2745,
      2750,
      2752,
      2767,
      2787,
      2812,
      2817,
      2827,
      2858,
      2916,
      2941,
      2946,
      3004,
      3008,
      3021,
      3048,
      3050,
      3082,
      3140,
      3192,
      3198,
      3199,
      3210,
      3308,
      3325,
      3382,
      3385,
      3420,
      3422,
      3441,
      3461,
      3480,
      3513,
      3540,
      3600,
      3624,
      3649,
      3675,
      3695,
      3765,
      3779,
      3795,
      3802,
      3821,
      3836,
      3873,
      3921,
      3925,
      3941,
      3969,
      3972,
      4079,
      4106,
      4122,
      4129,
      4142,
      4148,
      4173,
      4190,
      4279,
      4313,
      4350,
      4358,
      4370,
      4396,
      4417,
      4421,
      4428,
      4437,
      4442,
      4443,
      4469,
      4482,
      4533,
      4544,
      4581,
      4603,
      4604
    ],
    "8": [
      273,
      391,
      540,
      841,
      854,
      1124,
      1299,
      1306,
      1367,
      1408,
      1468,
      1543,
      1548,
      1557,
      1639,
      1664,
      1676,
      1777,
      1838,
      1866,
      1870,
      1877,
      1914,
      1971,
      1979,
      1986,
      2069,
      2077,
      2109,
      2112,
      2201,
      2262,
      2290,
      2361,
      2479,
      2567,
      2596,
      2605,
      2621,
      2665,
      2906,
      2932,
      3007,
      3043,
      3066,
      3102,
      3235,
      3236,
      3263,
      3402,
      3457,
      3600,
      3631,
      3648,
      3865,
      3895,
      3896,
      4011,
      4118,
      4294,
      4310
    ],
    "7": [
      66,
      79,
      98,
      168,
      383,
      469,
      537,
      553,
      631,
      652,
      687,
      810,
      819,
      822,
      872,
      907,
      937,
      1070,
      1202,
      1233,
      1256,
      1459,
      1501,
      1508,
      1520,
      1583,
      1614,
      1653,
      1670,
      1824,
      1918,
      1961,
      2004,
      2024,
      2062,
      2349,
      2390,
      2394,
      2430,
      2448,
      2462,
      2472,
      2513,
      2557,
      2614,
      2656,
      2832,
      2869,
      2877,
      2907,
      2928,
      3002,
      3015,
      3037,
      3127,
      3167,
      3212,
      3398,
      3434,
      3457,
      3491,
      3651,
      3769,
      3784,
      3802,
      3950,
      3975,
      4123,
      4166,
      4176,
      4179,
      4196,
      4393,
      4409,
      4448,
      4532
    ],
    "6": [
      58,
      69,
      86,
      146,
      166,
      230,
      268,
      288,
      349,
      448,
      467,
      522,
      551,
      566,
      595,
      627,
      705,
      741,
      758,
      790,
      947,
      1019,
      1031,
      1056,
      1079,
      1138,
      1178,
      1257,
      1454,
      1529,
      1552,
      1575,
      1629,
      1649,
      1716,
      1746,
      1754,
      1761,
      1959,
      1973,
      2010,
      2049,
      2056,
      2073,
      2143,
      2147,
      2155,
      2156,
      2157,
      2363,
      2368,
      2389,
      2416,
      2522,
      2525,
      2588,
      2667,
      2720,
      2823,
      2828,
      2838,
      2850,
      2932,
      3068,
      3088,
      3168,
      3198,
      3314,
      3366,
      3456,
      3461,
      3492,
      3516,
      3541,
      3591,
      3620,
      3642,
      3698,
      3711,
      3746,
      3748,
      3837,
      3883,
      3893,
      3953,
      3977,
      4024,
      4044,
      4170,
      4214,
      4271,
      4298,
      4360,
      4362,
      4515,
      4591,
      4607
    ],
    "5": [
      18,
      34,
      37,
      97,
      167,
      173,
      254,
      312,
      413,
      490,
      491,
      521,
      585,
      635,
      692,
      703,
      708,
      733,
      808,
      1015,
      1034,
      1037,
      1173,
      1339,
      1365,
      1440,
      1468,
      1470,
      1481,
      1537,
      1631,
      1790,
      1882,
      1994,
      2009,
      2127,
      2134,
      2206,
      2250,
      2271,
      2389,
      2472,
      2540,
      2638,
      2777,
      2817,
      3071,
      3281,
      3393,
      3471,
      3501,
      3594,
      3600,
      3658,
      3738,
      3745,
      3884,
      4018,
      4110,
      4520,
      4534,
      4582,
      4607
    ],