{
  "entry": "Q65KJ5",
  "entry_name": "FOSB_BACLD",
  "type": "CLM",
  "prompt": "MENNKILGINHLLFSVSDLSVSISFYEKVFDAKWLVKAEKTAYFDLNGIWLAFNEEKDIKRQEIHDSYTHIAFSIQQEDLPFWEKKLHDLGVNVLKGRKRHEGDRDSIYFSDPDGHKFELHTG",
  "k": 64,
  "original_sequence": "MENNKILGINHLLFSVSDLSVSISFYEKVFDAKWLVKAEKTAYFDLNGIWLAFNEEKDIKRQEIHDSYTHIAFSIQQEDLPFWEKKLHDLGVNVLKGRKRHEGDRDSIYFSDPDGHKFELHTGSVFDRLQYYQNEKPHLSFHEGHIKALYDRNK",
  "original_ll": -2.9596498012542725,
  "original_perplexity": 19.291213989257812,
  "progen3_sequence": "MENNKILGINHLLFSVSDLSVSISFYEKVFDAKWLVKAEKTAYFDLNGIWLAFNEEKDIKRQEIHDSYTHIAFSIQQEDLPFWEKKLHDLGVNVLKGRKRHEGDRDSIYFSDPDGHKFELHTGKYAK",
  "progen3_ll": -2.007215976715088,
  "progen3_perplexity": 7.442567825317383,
  "max_sequence": "MENNKILGINHLLFSVSDLSVSISFYEKVFDAKWLVKAEKTAYFDLNGIWLAFNEEKDIKRQEIHDSYTHIAFSIQQEDLPFWEKKLHDLGVNVLKGRKRHEGDRDSIYFSDPDGHKFELHTGSYPD",
  "max_ll": -2.5806291103363037,
  "max_perplexity": 13.205443382263184,
  "max_kl": 0.23701858520507812,
  "max_nmse": 0.010607192292809486,
  "base_sequence": "MENNKILGINHLLFSVSDLSVSISFYEKVFDAKWLVKAEKTAYFDLNGIWLAFNEEKDIKRQEIHDSYTHIAFSIQQEDLPFWEKKLHDLGVNVLKGRKRHEGDRDSIYFSDPDGHKFELHTGLYFSE",
  "base_ll": -2.63692045211792,
  "base_perplexity": 13.97011661529541,
  "base_kl": 0.2065858244895935,
  "base_nmse": 0.5848612189292908,
  "recovered_sequence": "MENNKILGINHLLFSVSDLSVSISFYEKVFDAKWLVKAEKTAYFDLNGIWLAFNEEKDIKRQEIHDSYTHIAFSIQQEDLPFWEKKLHDLGVNVLKGRKRHEGDRDSIYFSDPDGHKFELHTGLEAK",
  "recovered_ll": -3.1609811782836914,
  "recovered_perplexity": 23.593734741210938,
  "recovered_kl": 0.27906668186187744,
  "recovered_nmse": 0.08291684836149216,
  "nodes": {
    "9": [
      12,
      425,
      429,
      464,
      545,
      588,
      708,
      849,
      1016,
      1117,
      1152,
      1184,
      1271,
      1346,
      1372,
      1395,
      1835,
      1839,
      1858,
      1957,
      2191,
      2264,
      2376,
      2417,
      2427,
      2443,
      2467,
      2540,
      2542,
      2570,
      2592,
      2678,
      2704,
      3004,
      3122,
      3196,
      3325,
      3408,
      3540,
      3549,
      3624,
      3678,
      3695,
      3821,
      4079,
      4202,
      4214,
      4231,
      4370,
      4415,
      4482,
      4504
    ],
    "5": [
      222,
      615,
      2635,
      3338
    ],
    "6": [
      976,
      2880,
      3598,
      4232
    ],
    "8": [
      1041,
      2269,
      3945
    ],
    "7": [
      730
    ]
  }
}
