{
  "entry": "Q6DUW6",
  "entry_name": "IDL4_ARATH",
  "type": "CLM",
  "prompt": "MYPTRPHYWRRRLSINRPQAFLLLILCLFFIHHCDASRFSSSSVFYRNPNYDHSNNTVRRGHFLGFLPRHLPVP",
  "k": 384,
  "original_sequence": "MYPTRPHYWRRRLSINRPQAFLLLILCLFFIHHCDASRFSSSSVFYRNPNYDHSNNTVRRGHFLGFLPRHLPVPASAPSRKHNDIGIQALLSP",
  "original_ll": -2.8146579265594482,
  "original_perplexity": 16.687467575073242,
  "progen3_sequence": "MYPTRPHYWRRRLSINRPQAFLLLILCLFFIHHCDASRFSSSSVFYRNPNYDHSNNTVRRGHFLGFLPRHLPVPGRSNQPLLSLSFSSLSSGS",
  "progen3_ll": -2.426135778427124,
  "progen3_perplexity": 11.31507396697998,
  "max_sequence": "MYPTRPHYWRRRLSINRPQAFLLLILCLFFIHHCDASRFSSSSVFYRNPNYDHSNNTVRRGHFLGFLPRHLPVPSPFTLSVGGPPAPSFSSSS",
  "max_ll": -2.4512624740600586,
  "max_perplexity": 11.602985382080078,
  "max_kl": 0.002731648040935397,
  "max_nmse": 0.000866937218233943,
  "base_sequence": "MYPTRPHYWRRRLSINRPQAFLLLILCLFFIHHCDASRFSSSSVFYRNPNYDHSNNTVRRGHFLGFLPRHLPVPPLLSLTTLSLSLSLSSFSS",
  "base_ll": -2.033582925796509,
  "base_perplexity": 7.641416549682617,
  "base_kl": 0.11068002879619598,
  "base_nmse": 0.49462011456489563,
  "recovered_sequence": "MYPTRPHYWRRRLSINRPQAFLLLILCLFFIHHCDASRFSSSSVFYRNPNYDHSNNTVRRGHFLGFLPRHLPVPGRSNGPLLSLSFSSLSSGS",
  "recovered_ll": -2.4187545776367188,
  "recovered_perplexity": 11.23186206817627,
  "recovered_kl": 0.003266220446676016,
  "recovered_nmse": 0.0020096160005778074,
  "nodes": {
    "9": [
      12,
      34,
      117,
      162,
      263,
      284,
      352,
      381,
      407,
      413,
      416,
      433,
      450,
      538,
      545,
      734,
      760,
      763,
      957,
      967,
      991,
      1036,
      1042,
      1166,
      1176,
      1184,
      1196,
      1251,
      1302,
      1306,
      1491,
      1528,
      1579,
      1626,
      1665,
      1735,
      1782,
      1828,
      1832,
      1844,
      1851,
      1942,
      1957,
      2005,
      2105,
      2108,
      2109,
      2126,
      2148,
      2153,
      2177,
      2264,
      2273,
      2283,
      2287,
      2376,
      2455,
      2510,
      2604,
      2642,
      2715,
      2732,
      2763,
      2787,
      2865,
      2874,
      2941,
      2957,
      2975,
      2983,
      3006,
      3008,
      3050,
      3079,
      3087,
      3101,
      3105,
      3162,
      3199,
      3221,
      3381,
      3382,
      3513,
      3526,
      3540,
      3579,
      3603,
      3624,
      3676,
      3760,
      3779,
      3802,
      3821,
      3848,
      3856,
      3880,
      3999,
      4103,
      4129,
      4273,
      4290,
      4353,
      4419,
      4482,
      4544
    ],
    "8": [
      82,
      94,
      137,
      158,
      240,
      372,
      417,
      811,
      1004,
      1008,
      1136,
      1258,
      1444,
      1486,
      1535,
      1557,
      1664,
      1744,
      1870,
      1954,
      1956,
      2021,
      2054,
      2077,
      2106,
      2109,
      2112,
      2199,
      2201,
      2278,
      2329,
      2374,
      2564,
      2578,
      2596,
      2605,
      2621,
      2710,
      2743,
      2779,
      2793,
      2872,
      2918,
      2972,
      3042,
      3135,
      3195,
      3321,
      3396,
      3399,
      3432,
      3485,
      3507,
      3735,
      3849,
      3865,
      3874,
      4167,
      4294,
      4310,
      4334,
      4471,
      4534,
      4546
    ],
    "7": [
      362,
      631,
      872,
      889,
      907,
      1010,
      1151,
      1256,
      1306,
      1454,
      1510,
      1520,
      1625,
      1751,
      1816,
      1824,
      1830,
      1929,
      2113,
      2227,
      2261,
      2263,
      2279,
      2616,
      2746,
      2747,
      2891,
      2922,
      2998,
      3135,
      3159,
      3389,
      3464,
      3487,
      3760,
      3944,
      3948,
      4055,
      4063,
      4149,
      4183,
      4413,
      4421,
      4475
    ],
    "5": [
      330,
      380,
      421,
      616,
      732,
      1167,
      1249,
      1273,
      1397,
      1847,
      1870,
      1928,
      2110,
      2114,
      2278,
      2496,
      2675,
      2777,
      3064,
      3244,
      3804,
      4104,
      4108,
      4455,
      4577
    ],
    "6": [
      13,
      18,
      85,
      159,
      394,
      484,
      762,
      947,
      1050,
      1137,
      1154,
      1212,
      1377,
      1410,
      1467,
      1504,
      1627,
      1701,
      1718,
      1766,
      1792,
      1804,
      1954,
      1987,
      2092,
      2120,
      2260,
      2389,
      2426,
      2460,
      2556,
      2592,
      2614,
      2717,
      2726,
      2794,
      3016,
      3459,
      3473,
      3509,
      3628,
      3701,
      3760,
      3948,
      4028,
      4098,
      4192,
      4400,
      4501,
      4512,
      4513,
      4534,
      4581,
      4601
    ],
    "4": [
      129,
      562,
      714,
      944,
      1001,
      1250,
      1507,
      1566,
      1649,
      1719,
      1765,
      1935,
      1982,
      2055,
      2134,
      2136,
      2181,
      2656,
      2879,
      2958,
      3068,
      3206,
      3369,
      3426,
      3512,
      3597,
      3787,
      3829,
      3873,
      4034,
      4112,
      4134,
      4218,
      4241,
      4256,
      4559,
      4584
    ],
    "0": [
      65,
      276,
      694,
      1293,
      1352,
      1575,
      1849,
      1878,
      2511,
      2692,
      2749,
      2884,
      3256,
      3455,
      3494,
      3698,
      3853,
      3963,
      4208,
      4291,
      4386,
      4491,
      4507
    ],
    "2": [
      255,
      443,
      682,
      1149,
      1249,
      2688,
      3047,
      4157,
      4277
    ],
    "3": [
      208,
      339,
      568,
      861,
      1086,
      1108,
      1213,
      1345,
      1570,
      1760,
      2154,
      3670,
      3762,
      4248,
      4277,
      4374,
      4383,
      4428
    ],
    "1": [
      663,
      808,
      1255,
      3052,
      4605
    ]
  }
}
