{
  "entry": "Q6NMF0",
  "entry_name": "CLE13_ARATH",
  "type": "CLM",
  "prompt": "MATTRVSHVLGFLLWISLLIFVSIGLFGNFSSKPINPFPSPVITLPALYYRPGRRALAVKTFDFTPFLKDLRRSNHRKALPAGGS",
  "k": 1000,
  "original_sequence": "MATTRVSHVLGFLLWISLLIFVSIGLFGNFSSKPINPFPSPVITLPALYYRPGRRALAVKTFDFTPFLKDLRRSNHRKALPAGGSEIDPRYGVEKRLVPSGPNPLHH",
  "original_ll": -2.904613733291626,
  "original_perplexity": 18.258190155029297,
  "progen3_sequence": "MATTRVSHVLGFLLWISLLIFVSIGLFGNFSSKPINPFPSPVITLPALYYRPGRRALAVKTFDFTPFLKDLRRSNHRKALPAGGSVSALLIASGDSLAGGPIAVLTG",
  "progen3_ll": -2.499298095703125,
  "progen3_perplexity": 12.173946380615234,
  "max_sequence": "MATTRVSHVLGFLLWISLLIFVSIGLFGNFSSKPINPFPSPVITLPALYYRPGRRALAVKTFDFTPFLKDLRRSNHRKALPAGGSILRQRLSGAITLLEAAAFGGGT",
  "max_ll": -2.6736278533935547,
  "max_perplexity": 14.492449760437012,
  "max_kl": 0.0029759251046925783,
  "max_nmse": 0.002556177321821451,
  "base_sequence": "MATTRVSHVLGFLLWISLLIFVSIGLFGNFSSKPINPFPSPVITLPALYYRPGRRALAVKTFDFTPFLKDLRRSNHRKALPAGGSLPSLGTRSLATVSSLAASASTT",
  "base_ll": -2.427865743637085,
  "base_perplexity": 11.334665298461914,
  "base_kl": 0.04190249741077423,
  "base_nmse": 0.20489275455474854,
  "recovered_sequence": "MATTRVSHVLGFLLWISLLIFVSIGLFGNFSSKPINPFPSPVITLPALYYRPGRRALAVKTFDFTPFLKDLRRSNHRKALPAGGSVSALLIASGDSLAGGPDAVLRG",
  "recovered_ll": -2.5056405067443848,
  "recovered_perplexity": 12.25140380859375,
  "recovered_kl": 0.004421817604452372,
  "recovered_nmse": 0.0029552914202213287,
  "nodes": {
    "9": [
      12,
      34,
      80,
      117,
      162,
      263,
      284,
      378,
      381,
      407,
      413,
      414,
      425,
      433,
      447,
      448,
      538,
      545,
      585,
      690,
      734,
      746,
      758,
      760,
      763,
      810,
      957,
      967,
      991,
      1082,
      1166,
      1176,
      1184,
      1196,
      1219,
      1251,
      1259,
      1302,
      1306,
      1307,
      1466,
      1491,
      1527,
      1528,
      1554,
      1564,
      1579,
      1584,
      1648,
      1662,
      1725,
      1782,
      1828,
      1832,
      1835,
      1844,
      1851,
      1859,
      1872,
      1888,
      1931,
      1942,
      1957,
      2001,
      2005,
      2046,
      2105,
      2108,
      2264,
      2273,
      2283,
      2287,
      2360,
      2510,
      2511,
      2637,
      2732,
      2763,
      2787,
      2865,
      2874,
      2909,
      2941,
      2957,
      2975,
      2983,
      3006,
      3008,
      3050,
      3079,
      3101,
      3105,
      3146,
      3162,
      3187,
      3198,
      3199,
      3316,
      3372,
      3381,
      3382,
      3407,
      3513,
      3526,
      3540,
      3579,
      3581,
      3624,
      3676,
      3695,
      3765,
      3779,
      3802,
      3821,
      3832,
      3952,
      3965,
      3999,
      4103,
      4106,
      4129,
      4190,
      4250,
      4419,
      4452,
      4475,
      4482,
      4526,
      4533,
      4544,
      4603
    ],
    "8": [
      17,
      94,
      137,
      141,
      214,
      227,
      240,
      274,
      301,
      311,
      372,
      417,
      434,
      466,
      543,
      583,
      628,
      682,
      737,
      738,
      747,
      811,
      999,
      1004,
      1083,
      1136,
      1192,
      1201,
      1238,
      1240,
      1258,
      1400,
      1444,
      1486,
      1513,
      1535,
      1557,
      1651,
      1664,
      1687,
      1744,
      1839,
      1842,
      1843,
      1870,
      1918,
      1954,
      2021,
      2023,
      2054,
      2077,
      2109,
      2112,
      2151,
      2199,
      2201,
      2230,
      2329,
      2374,
      2401,
      2483,
      2489,
      2516,
      2518,
      2540,
      2564,
      2567,
      2578,
      2596,
      2600,
      2605,
      2621,
      2727,
      2743,
      2779,
      2793,
      2829,
      2903,
      2917,
      2918,
      2931,
      3001,
      3019,
      3037,
      3042,
      3084,
      3135,
      3195,
      3259,
      3267,
      3360,
      3365,
      3396,
      3422,
      3426,
      3524,
      3567,
      3653,
      3659,
      3741,
      3846,
      3849,
      3865,
      3943,
      3960,
      4121,
      4152,
      4167,
      4216,
      4245,
      4290,
      4294,
      4310,
      4364,
      4371,
      4412,
      4471,
      4526,
      4534,
      4546
    ],
    "7": [
      7,
      11,
      66,
      72,
      78,
      205,
      230,
      330,
      362,
      491,
      689,
      715,
      872,
      889,
      893,
      907,
      1010,
      1059,
      1151,
      1244,
      1256,
      1262,
      1306,
      1338,
      1366,
      1454,
      1510,
      1520,
      1625,
      1709,
      1751,
      1762,
      1765,
      1816,
      1824,
      1830,
      1929,
      1969,
      2021,
      2113,
      2227,
      2291,
      2401,
      2477,
      2512,
      2513,
      2517,
      2746,
      2747,
      2786,
      2802,
      2877,
      2891,
      2914,
      2998,
      3135,
      3216,
      3251,
      3381,
      3389,
      3487,
      3608,
      3690,
      3760,
      3942,
      3948,
      4024,
      4055,
      4063,
      4130,
      4141,
      4183,
      4299,
      4413,
      4421,
      4475
    ],
    "6": [
      13,
      18,
      23,
      85,
      167,
      293,
      297,
      299,
      308,
      329,
      394,
      404,
      409,
      484,
      520,
      609,
      634,
      731,
      748,
      756,
      762,
      763,
      844,
      847,
      856,
      861,
      883,
      947,
      954,
      960,
      1050,
      1063,
      1068,
      1070,
      1137,
      1154,
      1155,
      1161,
      1212,
      1222,
      1225,
      1247,
      1284,
      1346,
      1382,
      1410,
      1467,
      1504,
      1549,
      1579,
      1584,
      1609,
      1627,
      1687,
      1701,
      1718,
      1766,
      1785,
      1786,
      1792,
      1954,
      1969,
      1987,
      1990,
      2039,
      2179,
      2207,
      2260,
      2297,
      2303,
      2318,
      2327,
      2389,
      2420,
      2426,
      2460,
      2495,
      2516,
      2556,
      2592,
      2596,
      2625,
      2656,
      2664,
      2689,
      2700,
      2717,
      2721,
      2726,
      2727,
      2763,
      2790,
      2848,
      2874,
      2961,
      2989,
      3016,
      3020,
      3091,
      3136,
      3154,
      3170,
      3213,
      3221,
      3312,
      3396,
      3435,
      3459,
      3464,
      3473,
      3509,
      3531,
      3546,
      3574,
      3628,
      3697,
      3701,
      3760,
      3869,
      3899,
      3915,
      3948,
      3981,
      4053,
      4068,
      4192,
      4235,
      4335,
      4400,
      4434,
      4501,
      4512,
      4529,
      4537,
      4543,
      4569,
      4581,
      4587
    ],