{
  "entry": "Q75ZQ6",
  "entry_name": "URE2_HALMA",
  "type": "GLM_1",
  "prompt": "MSDGLVPGEVIPGEGTVTLNEGRERTEVTVGNTGDRPSQVGSHFHFFEANAALEFDREAAMGMRLNIPAGTAVRFEPGDEQTVELVEIGGKRRAHGMNGLVNGSVDGETGDAVERMRAAGFGDTGEAAPDDGDTESDQ[GLM]100-104-4",
  "k": 160,
  "original_sequence": "MSDGLVPGEVIPGEGTVTLNEGRERTEVTVGNTGDRPSQVGSHFHFFEANAALEFDREAAMGMRLNIPAGTAVRFEPGDEQTVELVEIGGKRRAHGMNGLVNGSVDGETGDAVERMRAAGFGDTGEAAPDDGDTESDQ",
  "original_ll": -1.6292216777801514,
  "original_perplexity": 5.099903583526611,
  "progen3_sequence": "MSDGLVPGEVIPGEGTVTLNEGRERTEVTVGNTGDRPSQVGSHFHFFEANAALEFDREAAMGMRLNIPAGTAVRFEPGDEQTVELVEIGGKRRAHGMNGLGELGVDGETGDAVERMRAAGFGDTGEAAPDDGDTESDQ",
  "progen3_ll": -4.002659320831299,
  "progen3_perplexity": 54.74353790283203,
  "max_sequence": "MSDGLVPGEVIPGEGTVTLNEGRERTEVTVGNTGDRPSQVGSHFHFFEANAALEFDREAAMGMRLNIPAGTAVRFEPGDEQTVELVEIGGKRRAHGMNGLAVLGVDGETGDAVERMRAAGFGDTGEAAPDDGDTESDQ",
  "max_ll": -3.290867805480957,
  "max_perplexity": 26.866167068481445,
  "max_kl": 0.06430204212665558,
  "max_nmse": 0.012686602771282196,
  "base_sequence": "MSDGLVPGEVIPGEGTVTLNEGRERTEVTVGNTGDRPSQVGSHFHFFEANAALEFDREAAMGMRLNIPAGTAVRFEPGDEQTVELVEIGGKRRAHGMNGLVRVGVDGETGDAVERMRAAGFGDTGEAAPDDGDTESDQ",
  "base_ll": -3.3105435371398926,
  "base_perplexity": 27.400014877319336,
  "base_kl": 0.24954038858413696,
  "base_nmse": 0.48439884185791016,
  "recovered_sequence": "MSDGLVPGEVIPGEGTVTLNEGRERTEVTVGNTGDRPSQVGSHFHFFEANAALEFDREAAMGMRLNIPAGTAVRFEPGDEQTVELVEIGGKRRAHGMNGLEELGVDGETGDAVERMRAAGFGDTGEAAPDDGDTESDQ",
  "recovered_ll": -4.246147155761719,
  "recovered_perplexity": 69.83583068847656,
  "recovered_kl": 0.20043981075286865,
  "recovered_nmse": 0.21127773821353912,
  "nodes": {
    "9": [
      12,
      27,
      57,
      88,
      107,
      305,
      321,
      361,
      407,
      466,
      506,
      528,
      582,
      588,
      652,
      654,
      667,
      715,
      790,
      828,
      932,
      967,
      978,
      1016,
      1146,
      1184,
      1195,
      1286,
      1333,
      1340,
      1343,
      1346,
      1352,
      1375,
      1394,
      1396,
      1397,
      1405,
      1490,
      1557,
      1566,
      1741,
      1783,
      1858,
      1937,
      1957,
      1980,
      2094,
      2164,
      2176,
      2191,
      2194,
      2196,
      2231,
      2298,
      2313,
      2389,
      2394,
      2416,
      2417,
      2427,
      2438,
      2448,
      2514,
      2559,
      2775,
      2846,
      3015,
      3021,
      3023,
      3073,
      3118,
      3122,
      3196,
      3420,
      3494,
      3540,
      3578,
      3624,
      3795,
      3821,
      3934,
      3995,
      4013,
      4048,
      4079,
      4142,
      4202,
      4320,
      4370,
      4393,
      4544,
      4590,
      4597
    ],
    "8": [
      63,
      512,
      768,
      795,
      1332,
      1564,
      1930,
      2151,
      2711,
      3360,
      3640,
      3673,
      3786,
      4186,
      4212,
      4245
    ],
    "6": [
      72,
      234,
      357,
      381,
      779,
      1307,
      1404,
      1614,
      1622,
      1879,
      2819,
      3765,
      4413
    ],
    "7": [
      261,
      517,
      630,
      951,
      1134,
      2065,
      2877,
      3226,
      3252,
      3382,
      3488,
      3627,
      4277
    ],
    "4": [
      180,
      318,
      3376,
      3834,
      3874,
      3988,
      4033,
      4517
    ],
    "3": [
      3741
    ],
    "0": [
      694,
      1544,
      1942,
      2218,
      2265,
      2299,
      2610,
      2984,
      3424,
      3800,
      4596
    ],
    "5": [
      75,
      438,
      1644,
      2617
    ]
  }
}
