{
  "entry": "Q7T2A3",
  "entry_name": "DDA1_DANRE",
  "type": "GLM_1",
  "prompt": "MDKADFLKGLPVYNKTNFSRFHADSVCKASNRRPSVYLPTREYPSEQIIVTEKTNILLRYLHQQWDKKNAAKKREQEQAEGEGGSPAPPRKIARTDSQEMNEDS[GLM]1-39-38",
  "k": 1000,
  "original_sequence": "MDKADFLKGLPVYNKTNFSRFHADSVCKASNRRPSVYLPTREYPSEQIIVTEKTNILLRYLHQQWDKKNAAKKREQEQAEGEGGSPAPPRKIARTDSQEMNEDS",
  "original_ll": -2.921567916870117,
  "original_perplexity": 18.57038116455078,
  "progen3_sequence": "MQLNEGEEPSRQIRSPPIPPPVPPGDESSTRGPLRVPNATREYPSEQIIVTEKTNILLRYLHQQWDKKNAAKKREQEQAEGEGGSPAPPRKIARTDSQEMNEDS",
  "progen3_ll": -2.7654941082000732,
  "progen3_perplexity": 15.886887550354004,
  "max_sequence": "MIMELEELSVIRLEEIGPLPTVRPAPGQRISGENVAPPGTREYPSEQIIVTEKTNILLRYLHQQWDKKNAAKKREQEQAEGEGGSPAPPRKIARTDSQEMNEDS",
  "max_ll": -2.7853472232818604,
  "max_perplexity": 16.205442428588867,
  "max_kl": 0.011822127737104893,
  "max_nmse": 0.012186446227133274,
  "base_sequence": "MNQVPPEEVLTEEFENMLPELPPPIAMQQVRITTSMEMITREYPSEQIIVTEKTNILLRYLHQQWDKKNAAKKREQEQAEGEGGSPAPPRKIARTDSQEMNEDS",
  "base_ll": -2.940840005874634,
  "base_perplexity": 18.931743621826172,
  "base_kl": 0.12340879440307617,
  "base_nmse": 0.731345534324646,
  "recovered_sequence": "MQPNEEEEPSREIRSPPKRPPVPKGDESSRRGSLRVPNATREYPSEQIIVTEKTNILLRYLHQQWDKKNAAKKREQEQAEGEGGSPAPPRKIARTDSQEMNEDS",
  "recovered_ll": -2.7919864654541016,
  "recovered_perplexity": 16.31339454650879,
  "recovered_kl": 0.032672762870788574,
  "recovered_nmse": 0.029120078310370445,
  "nodes": {
    "9": [
      12,
      27,
      44,
      59,
      73,
      98,
      162,
      224,
      234,
      321,
      332,
      375,
      381,
      407,
      450,
      452,
      466,
      531,
      538,
      545,
      555,
      579,
      598,
      631,
      639,
      654,
      706,
      715,
      734,
      745,
      746,
      758,
      760,
      763,
      767,
      895,
      957,
      964,
      967,
      981,
      992,
      1025,
      1048,
      1049,
      1073,
      1081,
      1086,
      1176,
      1184,
      1186,
      1190,
      1196,
      1219,
      1251,
      1256,
      1302,
      1307,
      1312,
      1320,
      1352,
      1374,
      1378,
      1394,
      1483,
      1491,
      1528,
      1537,
      1549,
      1554,
      1566,
      1579,
      1609,
      1648,
      1713,
      1725,
      1732,
      1742,
      1783,
      1798,
      1828,
      1832,
      1836,
      1844,
      1851,
      1888,
      1909,
      1937,
      1942,
      1957,
      2005,
      2043,
      2046,
      2047,
      2076,
      2094,
      2105,
      2143,
      2191,
      2240,
      2248,
      2256,
      2264,
      2273,
      2275,
      2282,
      2283,
      2287,
      2325,
      2395,
      2417,
      2423,
      2438,
      2455,
      2510,
      2511,
      2514,
      2592,
      2642,
      2664,
      2697,
      2716,
      2724,
      2732,
      2736,
      2785,
      2787,
      2788,
      2791,
      2804,
      2819,
      2858,
      2864,
      2909,
      2941,
      2946,
      2957,
      2975,
      2982,
      3028,
      3037,
      3040,
      3050,
      3087,
      3105,
      3123,
      3146,
      3162,
      3185,
      3198,
      3199,
      3221,
      3310,
      3325,
      3338,
      3372,
      3381,
      3382,
      3392,
      3414,
      3474,
      3500,
      3501,
      3510,
      3513,
      3526,
      3538,
      3540,
      3577,
      3581,
      3584,
      3603,
      3624,
      3649,
      3676,
      3685,
      3695,
      3709,
      3715,
      3760,
      3779,
      3802,
      3821,
      3832,
      3854,
      3881,
      3925,
      3952,
      3965,
      3995,
      3999,
      4062,
      4103,
      4106,
      4114,
      4122,
      4129,
      4168,
      4250,
      4279,
      4287,
      4288,
      4330,
      4350,
      4370,
      4444,
      4452,
      4469,
      4482,
      4533,
      4544,
      4558,
      4603
    ],
    "8": [
      18,
      82,
      158,
      188,
      240,
      300,
      301,
      372,
      392,
      417,
      487,
      583,
      585,
      648,
      754,
      817,
      835,
      859,
      865,
      900,
      907,
      949,
      1004,
      1008,
      1013,
      1069,
      1136,
      1201,
      1299,
      1306,
      1323,
      1367,
      1398,
      1400,
      1404,
      1408,
      1444,
      1468,
      1482,
      1486,
      1494,
      1495,
      1535,
      1548,
      1557,
      1560,
      1632,
      1664,
      1678,
      1687,
      1711,
      1728,
      1744,
      1777,
      1838,
      1847,
      1867,
      1870,
      1914,
      1948,
      1954,
      1956,
      2030,
      2069,
      2077,
      2106,
      2109,
      2112,
      2140,
      2151,
      2199,
      2201,
      2203,
      2215,
      2256,
      2329,
      2344,
      2346,
      2355,
      2374,
      2376,
      2400,
      2401,
      2479,
      2516,
      2536,
      2557,
      2567,
      2590,
      2596,
      2605,
      2619,
      2621,
      2635,
      2710,
      2743,
      2779,
      2806,
      2872,
      2890,
      2921,
      2932,
      2949,
      2956,
      3009,
      3042,
      3170,
      3195,
      3236,
      3263,
      3267,
      3268,
      3283,
      3380,
      3396,
      3432,
      3485,
      3507,
      3567,
      3581,
      3631,
      3653,
      3659,
      3711,
      3735,
      3741,
      3846,
      3862,
      3865,
      3874,
      3906,
      3960,
      3979,
      4010,
      4094,
      4118,
      4177,
      4184,
      4248,
      4276,
      4292,
      4294,
      4310,
      4334,
      4371,
      4391,
      4471,
      4534,
      4555,
      4559,
      4569,
      4578
    ],
    "7": [
      7,
      11,
      66,
      78,
      99,
      230,
      283,
      330,
      372,
      482,
      491,
      589,
      592,
      639,
      689,
      715,
      740,
      846,
      872,
      889,
      907,
      914,
      968,
      1010,
      1059,
      1126,
      1128,
      1188,
      1256,
      1262,
      1306,
      1366,
      1382,
      1419,
      1454,
      1496,
      1502,
      1520,
      1625,
      1704,
      1709,
      1716,
      1751,
      1758,
      1816,
      1824,
      1826,
      1830,
      1874,
      1880,
      1898,
      1929,
      1935,
      1958,
      1969,
      2091,
      2227,
      2248,
      2254,
      2263,
      2291,
      2299,
      2347,
      2469,
      2513,
      2517,
      2666,
      2747,
      2802,
      2877,
      2891,
      2998,
      3022,
      3082,
      3124,
      3135,
      3216,
      3251,
      3309,
      3315,
      3367,
      3381,
      3389,
      3487,
      3588,
      3690,
      3760,
      3942,
      3948,
      4024,
      4045,
      4055,
      4104,
      4299,
      4365,
      4421,
      4598
    ],