{
  "entry": "Q89AB9",
  "entry_name": "TUSA_BUCBP",
  "type": "CLM",
  "prompt": "MTVDNNVLDLRKLRCPEPIMLLRKKIREIKNGTTLLILSDDPSTIREIPQYCKFMHHKLLKIN",
  "k": 64,
  "original_sequence": "MTVDNNVLDLRKLRCPEPIMLLRKKIREIKNGTTLLILSDDPSTIREIPQYCKFMHHKLLKINTKDTIYKFWIQKTHKM",
  "original_ll": -2.7292447090148926,
  "original_perplexity": 15.321310997009277,
  "progen3_sequence": "MTVDNNVLDLRKLRCPEPIMLLRKKIREIKNGTTLLILSDDPSTIREIPQYCKFMHHKLLKINENDEVLFKIIKKK",
  "progen3_ll": -1.4677655696868896,
  "progen3_perplexity": 4.3395280838012695,
  "max_sequence": "MTVDNNVLDLRKLRCPEPIMLLRKKIREIKNGTTLLILSDDPSTIREIPQYCKFMHHKLLKINAGEDKLIVLKKK",
  "max_ll": -2.1304945945739746,
  "max_perplexity": 8.41903018951416,
  "max_kl": 0.16533003747463226,
  "max_nmse": 0.025035256519913673,
  "base_sequence": "MTVDNNVLDLRKLRCPEPIMLLRKKIREIKNGTTLLILSDDPSTIREIPQYCKFMHHKLLKINEKKFKLISIKKN",
  "base_ll": -2.273319721221924,
  "base_perplexity": 9.711586952209473,
  "base_kl": 0.412892609834671,
  "base_nmse": 0.3843235671520233,
  "recovered_sequence": "MTVDNNVLDLRKLRCPEPIMLLRKKIREIKNGTTLLILSDDPSTIREIPQYCKFMHHKLLKINENDELLIKLIKKK",
  "recovered_ll": -1.662564754486084,
  "recovered_perplexity": 5.272817134857178,
  "recovered_kl": 0.17302191257476807,
  "recovered_nmse": 0.08794247359037399,
  "nodes": {
    "9": [
      12,
      50,
      59,
      162,
      429,
      464,
      466,
      636,
      790,
      1101,
      1171,
      1381,
      1421,
      1429,
      1586,
      1709,
      1769,
      1844,
      1957,
      1967,
      2123,
      2417,
      2431,
      2510,
      2542,
      2551,
      2640,
      2732,
      2938,
      2941,
      2955,
      3004,
      3038,
      3050,
      3118,
      3196,
      3260,
      3332,
      3355,
      3370,
      3376,
      3474,
      3503,
      3531,
      3540,
      3624,
      3734,
      3821,
      3841,
      3938,
      4079,
      4231,
      4431,
      4433,
      4474,
      4482,
      4544
    ],
    "8": [
      438,
      1120,
      2893,
      3009
    ],
    "7": [
      3251
    ],
    "0": [
      2031,
      4488
    ]
  }
}
