{
  "entry": "Q8FEY4",
  "entry_name": "PAST_ECOL6",
  "type": "CLM",
  "prompt": "MILFVGFLLMEIVMPQISRTALVPYSAEQMYQLVNDVQSYPQFLPGCTGSRILESTPGQMTAAVDVSKAGISKTFTTRNQLTSNQSILMSLVDGPFKKLIGGWKFTPLSQDACRIEFHLDFEFTNK",
  "k": 64,
  "original_sequence": "MILFVGFLLMEIVMPQISRTALVPYSAEQMYQLVNDVQSYPQFLPGCTGSRILESTPGQMTAAVDVSKAGISKTFTTRNQLTSNQSILMSLVDGPFKKLIGGWKFTPLSQDACRIEFHLDFEFTNKLIELAFGRVFKELAANMVQAFTVRAKEVYSAR",
  "original_ll": -2.5169897079467773,
  "original_perplexity": 12.391240119934082,
  "progen3_sequence": "MILFVGFLLMEIVMPQISRTALVPYSAEQMYQLVNDVQSYPQFLPGCTGSRILESTPGQMTAAVDVSKAGISKTFTTRNQLTSNQSILMSLVDGPFKKLIGGWKFTPLSQDACRIEFHLDFEFTNKFLQLFPPVRSLLDNIVVKPILAKLAELSEQAR",
  "progen3_ll": -2.3301937580108643,
  "progen3_perplexity": 10.279932975769043,
  "max_sequence": "MILFVGFLLMEIVMPQISRTALVPYSAEQMYQLVNDVQSYPQFLPGCTGSRILESTPGQMTAAVDVSKAGISKTFTTRNQLTSNQSILMSLVDGPFKKLIGGWKFTPLSQDACRIEFHLDFEFTNKLGELGVLLTRFKTRASADAGGQAIAEIGAKGA",
  "max_ll": -2.681119203567505,
  "max_perplexity": 14.601426124572754,
  "max_kl": 0.10775237530469894,
  "max_nmse": 0.010181178338825703,
  "base_sequence": "MILFVGFLLMEIVMPQISRTALVPYSAEQMYQLVNDVQSYPQFLPGCTGSRILESTPGQMTAAVDVSKAGISKTFTTRNQLTSNQSILMSLVDGPFKKLIGGWKFTPLSQDACRIEFHLDFEFTNKPATMSQQQSEANSMMVAQAASNSTQKGQSTQG",
  "base_ll": -2.9085006713867188,
  "base_perplexity": 18.32929801940918,
  "base_kl": 0.2507038414478302,
  "base_nmse": 0.48410385847091675,
  "recovered_sequence": "MILFVGFLLMEIVMPQISRTALVPYSAEQMYQLVNDVQSYPQFLPGCTGSRILESTPGQMTAAVDVSKAGISKTFTTRNQLTSNQSILMSLVDGPFKKLIGGWKFTPLSQDACRIEFHLDFEFTNKFKQLFNPLRSLGDNIVVGPITLKITDKSEQAD",
  "recovered_ll": -2.754693031311035,
  "recovered_perplexity": 15.716216087341309,
  "recovered_kl": 0.11877896636724472,
  "recovered_nmse": 0.03132499009370804,
  "nodes": {
    "9": [
      12,
      162,
      407,
      631,
      745,
      760,
      767,
      852,
      853,
      965,
      967,
      1038,
      1098,
      1184,
      1445,
      1491,
      1765,
      1844,
      1957,
      2005,
      2010,
      2065,
      2143,
      2224,
      2264,
      2376,
      2504,
      2739,
      2812,
      3050,
      3133,
      3182,
      3355,
      3376,
      3422,
      3531,
      3540,
      3624,
      3821,
      3836,
      3861,
      3972,
      4050,
      4079,
      4422,
      4544
    ],
    "8": [
      674,
      970,
      1765,
      2014,
      2446,
      2746,
      2790,
      2936,
      3112,
      3834
    ],
    "7": [
      744,
      1236,
      1329,
      1338,
      3878,
      4581
    ],
    "3": [
      2930
    ],
    "6": [
      947
    ]
  }
}
