{
  "entry": "Q8NFD4",
  "entry_name": "YI018_HUMAN",
  "type": "GLM_2",
  "prompt": "MGGFGSRFWQEGVWDRDLEKSTRLEEDAMESEPLAGTKTRGRGRRRWEARHGWTLPAHASQPSPRTVVATATGAEVSACAGRSAGTRVARPESQLSHLYGWDKYSNPRPSRRARAVARVHALEQAPILCRALRWGLTQFLRGTSPVTQSVPFS[GLM]0-32-32",
  "k": 256,
  "original_sequence": "MGGFGSRFWQEGVWDRDLEKSTRLEEDAMESEPLAGTKTRGRGRRRWEARHGWTLPAHASQPSPRTVVATATGAEVSACAGRSAGTRVARPESQLSHLYGWDKYSNPRPSRRARAVARVHALEQAPILCRALRWGLTQFLRGTSPVTQSVPFS",
  "original_ll": -2.843931198120117,
  "original_perplexity": 17.183183670043945,
  "progen3_sequence": "YLCNMLVAHELLSRVYGDLLLRAVARSPAASAPLAGTKTRGRGRRRWEARHGWTLPAHASQPSPRTVVATATGAEVSACAGRSAGTRVARPESQLSHLYGWDKYSNPRPSRRARAVARVHALEQAPILCRALRWGLTQFLRGTSPVTQSVPFS",
  "progen3_ll": -2.956143617630005,
  "progen3_perplexity": 19.22369384765625,
  "max_sequence": "LLVNRRRAGRRLRPPAAAALTVAEAPERGSLVPLAGTKTRGRGRRRWEARHGWTLPAHASQPSPRTVVATATGAEVSACAGRSAGTRVARPESQLSHLYGWDKYSNPRPSRRARAVARVHALEQAPILCRALRWGLTQFLRGTSPVTQSVPFS",
  "max_ll": -2.6226587295532227,
  "max_perplexity": 13.772292137145996,
  "max_kl": 0.04989847168326378,
  "max_nmse": 0.023135054856538773,
  "base_sequence": "RPPPLPARREALGPAARARRPPRAPRLRPSAQPLAGTKTRGRGRRRWEARHGWTLPAHASQPSPRTVVATATGAEVSACAGRSAGTRVARPESQLSHLYGWDKYSNPRPSRRARAVARVHALEQAPILCRALRWGLTQFLRGTSPVTQSVPFS",
  "base_ll": -2.367138624191284,
  "base_perplexity": 10.666826248168945,
  "base_kl": 0.2971764802932739,
  "base_nmse": 2.296854019165039,
  "recovered_sequence": "RPPAMPVARELDVRSPRDAEAPARRRLPAASAPLAGTKTRGRGRRRWEARHGWTLPAHASQPSPRTVVATATGAEVSACAGRSAGTRVARPESQLSHLYGWDKYSNPRPSRRARAVARVHALEQAPILCRALRWGLTQFLRGTSPVTQSVPFS",
  "recovered_ll": -2.633570909500122,
  "recovered_perplexity": 13.92340087890625,
  "recovered_kl": 0.17482715845108032,
  "recovered_nmse": 0.135690838098526,
  "nodes": {
    "9": [
      12,
      27,
      162,
      184,
      260,
      316,
      354,
      381,
      407,
      425,
      452,
      473,
      510,
      538,
      545,
      547,
      550,
      567,
      570,
      584,
      734,
      745,
      760,
      763,
      793,
      851,
      853,
      861,
      896,
      913,
      956,
      957,
      967,
      991,
      1012,
      1042,
      1048,
      1073,
      1080,
      1117,
      1176,
      1184,
      1190,
      1196,
      1207,
      1219,
      1251,
      1302,
      1306,
      1307,
      1325,
      1491,
      1566,
      1568,
      1577,
      1579,
      1602,
      1713,
      1722,
      1725,
      1784,
      1828,
      1832,
      1836,
      1844,
      1849,
      1851,
      1902,
      1909,
      1931,
      1942,
      1957,
      1972,
      2005,
      2046,
      2105,
      2106,
      2108,
      2191,
      2219,
      2245,
      2283,
      2287,
      2318,
      2356,
      2360,
      2379,
      2395,
      2440,
      2450,
      2510,
      2511,
      2613,
      2642,
      2732,
      2785,
      2787,
      2791,
      2853,
      2858,
      2869,
      2975,
      2982,
      2983,
      2992,
      3040,
      3050,
      3087,
      3095,
      3122,
      3135,
      3175,
      3199,
      3210,
      3217,
      3221,
      3372,
      3382,
      3393,
      3407,
      3409,
      3478,
      3494,
      3500,
      3510,
      3513,
      3526,
      3538,
      3540,
      3581,
      3624,
      3660,
      3664,
      3676,
      3709,
      3713,
      3766,
      3779,
      3802,
      3821,
      3880,
      3952,
      3965,
      4021,
      4103,
      4106,
      4129,
      4213,
      4250,
      4275,
      4279,
      4362,
      4419,
      4452,
      4482,
      4522,
      4533,
      4544,
      4595,
      4603
    ],
    "8": [
      79,
      82,
      440,
      1004,
      1444,
      1486,
      1535,
      1557,
      1664,
      2077,
      2106,
      2112,
      2140,
      2199,
      2201,
      2479,
      2596,
      2605,
      2621,
      2743,
      2779,
      3268,
      3396,
      3865,
      4310,
      4559,
      4569
    ],
    "5": [
      616,
      1249,
      1397,
      1448,
      2372,
      2675,
      3180
    ],
    "3": [
      1713
    ],
    "7": [
      7,
      66,
      208,
      872,
      889,
      907,
      1010,
      1128,
      1256,
      1419,
      1454,
      1520,
      1625,
      1751,
      1824,
      1880,
      1929,
      1958,
      1969,
      2747,
      2802,
      2998,
      3135,
      4045,
      4421
    ],
    "6": [
      701,
      898,
      947,
      1987,
      2389,
      2495,
      3866,
      4512
    ],
    "2": [
      1592
    ],
    "1": [
      163,
      240,
      289,
      599,
      2147,
      2903,
      2988,
      3044,
      4106,
      4240,
      4441
    ],
    "0": [
      200,
      648,
      973,
      999,
      1297,
      1344,
      1413,
      2273,
      2968,
      2991,
      3883,
      4426,
      4473
    ],
    "4": [
      447,
      3811,
      4134
    ]
  }
}
