{
  "entry": "Q8TGJ2",
  "entry_name": "YN075_YEAST",
  "type": "CLM",
  "prompt": "MPIIGVPRCLENPFCAPAKFPLSV",
  "k": 1000,
  "original_sequence": "MPIIGVPRCLENPFCAPAKFPLSVKKKIRI",
  "original_ll": -2.9422521591186523,
  "original_perplexity": 18.95849609375,
  "progen3_sequence": "MPIIGVPRCLENPFCAPAKFPLSVLAERGD",
  "progen3_ll": -2.5926549434661865,
  "progen3_perplexity": 13.365208625793457,
  "max_sequence": "MPIIGVPRCLENPFCAPAKFPLSVRSILSL",
  "max_ll": -2.520028829574585,
  "max_perplexity": 12.428956031799316,
  "max_kl": 0.003178616985678673,
  "max_nmse": 0.012762142345309258,
  "base_sequence": "MPIIGVPRCLENPFCAPAKFPLSVLGCVLA",
  "base_ll": -2.6222407817840576,
  "base_perplexity": 13.7665376663208,
  "base_kl": 0.03494924679398537,
  "base_nmse": 0.09928284585475922,
  "recovered_sequence": "MPIIGVPRCLENPFCAPAKFPLSVLAERGE",
  "recovered_ll": -2.594282388687134,
  "recovered_perplexity": 13.386977195739746,
  "recovered_kl": 0.013461574912071228,
  "recovered_nmse": 0.010250958614051342,
  "nodes": {
    "9": [
      12,
      58,
      162,
      184,
      236,
      381,
      407,
      466,
      538,
      734,
      746,
      760,
      763,
      777,
      957,
      967,
      981,
      1073,
      1074,
      1176,
      1184,
      1186,
      1204,
      1251,
      1298,
      1302,
      1306,
      1307,
      1312,
      1320,
      1374,
      1378,
      1491,
      1528,
      1566,
      1579,
      1609,
      1713,
      1725,
      1735,
      1742,
      1778,
      1783,
      1828,
      1844,
      1851,
      1942,
      1957,
      2005,
      2046,
      2094,
      2097,
      2105,
      2218,
      2221,
      2256,
      2264,
      2283,
      2287,
      2360,
      2383,
      2395,
      2417,
      2423,
      2438,
      2510,
      2514,
      2664,
      2716,
      2732,
      2787,
      2788,
      2791,
      2804,
      2941,
      2975,
      3006,
      3028,
      3037,
      3040,
      3050,
      3162,
      3198,
      3199,
      3221,
      3285,
      3325,
      3372,
      3382,
      3513,
      3526,
      3540,
      3581,
      3624,
      3676,
      3695,
      3709,
      3765,
      3779,
      3802,
      3821,
      3925,
      3934,
      3952,
      3965,
      3999,
      4103,
      4106,
      4129,
      4168,
      4339,
      4452,
      4482,
      4533,
      4544,
      4558
    ],
    "7": [
      7,
      66,
      78,
      330,
      362,
      482,
      491,
      537,
      872,
      889,
      907,
      1010,
      1128,
      1151,
      1203,
      1244,
      1256,
      1266,
      1382,
      1405,
      1454,
      1520,
      1625,
      1709,
      1751,
      1816,
      1824,
      1830,
      1880,
      1929,
      1935,
      1958,
      1969,
      2091,
      2113,
      2227,
      2248,
      2263,
      2288,
      2428,
      2517,
      2747,
      2877,
      2891,
      2945,
      2998,
      3022,
      3135,
      3251,
      3389,
      3487,
      3521,
      3588,
      3690,
      3760,
      3825,
      3942,
      3948,
      4055,
      4081,
      4130,
      4421,
      4475
    ],
    "8": [
      147,
      188,
      300,
      311,
      372,
      392,
      583,
      648,
      655,
      808,
      817,
      873,
      900,
      1004,
      1136,
      1201,
      1306,
      1468,
      1486,
      1535,
      1557,
      1609,
      1664,
      1678,
      1728,
      1777,
      1784,
      1954,
      1956,
      2077,
      2109,
      2112,
      2140,
      2151,
      2163,
      2201,
      2401,
      2479,
      2516,
      2528,
      2536,
      2557,
      2564,
      2567,
      2590,
      2596,
      2605,
      2621,
      2634,
      2695,
      2727,
      2743,
      2779,
      2921,
      3236,
      3263,
      3485,
      3490,
      3507,
      3711,
      3741,
      3846,
      3865,
      3880,
      3960,
      4118,
      4167,
      4294,
      4310,
      4391,
      4534
    ],
    "0": [
      51,
      65,
      92,
      105,
      116,
      180,
      206,
      327,
      350,
      460,
      487,
      510,
      568,
      596,
      656,
      703,
      715,
      753,
      771,
      798,
      811,
      838,
      853,
      866,
      875,
      919,
      1017,
      1036,
      1093,
      1110,
      1136,
      1183,
      1253,
      1265,
      1317,
      1354,
      1363,
      1368,
      1380,
      1387,
      1394,
      1412,
      1445,
      1455,
      1524,
      1536,
      1557,
      1588,
      1788,
      1883,
      1960,
      2000,
      2001,
      2011,
      2014,
      2018,
      2052,
      2076,
      2160,
      2175,
      2186,
      2257,
      2313,
      2345,
      2423,
      2470,
      2511,
      2516,
      2571,
      2589,
      2594,
      2694,
      2702,
      2705,
      2747,
      2765,
      2782,
      2792,
      2837,
      2844,
      2855,
      2879,
      2968,
      2987,
      3054,
      3220,
      3240,
      3241,
      3280,
      3374,
      3375,
      3384,
      3439,
      3488,
      3494,
      3523,
      3536,
      3576,
      3619,
      3664,
      3766,
      3791,
      3837,
      3940,
      3942,
      3988,
      3997,
      4022,
      4105,
      4106,
      4150,
      4170,
      4196,
      4227,
      4250,
      4270,
      4281,
      4282,
      4388,
      4428,
      4458,
      4466,
      4488,
      4507,
      4520
    ],
    "6": [
      85,
      293,
      297,
      329,
      404,
      447,
      520,
      524,
      687,
      823,
      883,
      891,
      898,
      947,
      954,
      960,
      979,
      1154,
      1212,
      1225,
      1247,
      1346,
      1458,
      1508,
      1584,
      1627,
      1687,
      1692,
      1730,
      1775,
      1858,
      1877,
      1954,
      1987,
      1990,
      2034,
      2039,
      2221,
      2317,
      2389,
      2460,
      2495,
      2588,
      2592,
      2614,
      2721,
      2790,
      2848,
      2874,
      2978,
      2989,
      3136,
      3221,
      3301,
      3340,
      3396,
      3459,
      3473,
      3509,
      3546,
      3697,
      3760,
      3915,
      3948,
      4053,
      4117,
      4235,
      4250,
      4342,
      4354,
      4441,
      4458,
      4512,
      4569,
      4581,
      4598,
      4601
    ],
    "5": [
      152,
      288,
      330,
      391,
      428,
      470,
      578,
      616,
      628,
      632,
      679,
      1031,
      1108,
      1165,
      1191,
      1239,
      1249,
      1273,
      1329,
      1397,
      1550,
      1565,
      1669,
      1670,
      1704,
      1847,
      1905,
      2057,
      2085,
      2243,
      2246,
      2278,
      2295,
      2336,
      2395,
      2399,
      2415,
      2545,
      2576,
      2675,
      2747,
      2777,
      2938,
      3041,
      3178,
      3192,
      3254,
      3537,
      3570,
      3584,
      3692,
      3710,
      3788,
      3791,
      3794,
      3804,
      3852,
      4066,
      4104,
      4108,
      4255,
      4280,
      4281,
      4516
    ],