{
  "entry": "Q8XCN8",
  "entry_name": "YEBO_ECO57",
  "type": "CLM",
  "prompt": "MNEVVNSGVMNIASLVVSVVVLLIGLILWFFINRASSRTNEQIELLEALLDQQKRQNALLRRLCEANEPEKADKKT",
  "k": 992,
  "original_sequence": "MNEVVNSGVMNIASLVVSVVVLLIGLILWFFINRASSRTNEQIELLEALLDQQKRQNALLRRLCEANEPEKADKKTIESQKSVEDEDIIRLVAER",
  "original_ll": -2.69343638420105,
  "original_perplexity": 14.782386779785156,
  "progen3_sequence": "MNEVVNSGVMNIASLVVSVVVLLIGLILWFFINRASSRTNEQIELLEALLDQQKRQNALLRRLCEANEPEKADKKTDESQILALLEELREKAKEE",
  "progen3_ll": -2.2951741218566895,
  "progen3_perplexity": 9.926164627075195,
  "max_sequence": "MNEVVNSGVMNIASLVVSVVVLLIGLILWFFINRASSRTNEQIELLEALLDQQKRQNALLRRLCEANEPEKADKKTIDKRDLKNIEQKQAAELKE",
  "max_ll": -2.6647143363952637,
  "max_perplexity": 14.363845825195312,
  "max_kl": 0.0062770601361989975,
  "max_nmse": 0.0044836802408099174,
  "base_sequence": "MNEVVNSGVMNIASLVVSVVVLLIGLILWFFINRASSRTNEQIELLEALLDQQKRQNALLRRLCEANEPEKADKKTLILLIADIFKKTRNKTAED",
  "base_ll": -2.7112700939178467,
  "base_perplexity": 15.048376083374023,
  "base_kl": 0.09554368257522583,
  "base_nmse": 0.28787609934806824,
  "recovered_sequence": "MNEVVNSGVMNIASLVVSVVVLLIGLILWFFINRASSRTNEQIELLEALLDQQKRQNALLRRLCEANEPEKADKKTDESQILALLEELREKAKEE",
  "recovered_ll": -2.2951741218566895,
  "recovered_perplexity": 9.926164627075195,
  "recovered_kl": 0.008628016337752342,
  "recovered_nmse": 0.004996997304260731,
  "nodes": {
    "9": [
      12,
      162,
      284,
      353,
      380,
      407,
      425,
      429,
      464,
      506,
      538,
      545,
      555,
      631,
      734,
      745,
      760,
      804,
      957,
      967,
      1039,
      1166,
      1184,
      1190,
      1204,
      1251,
      1256,
      1302,
      1320,
      1374,
      1401,
      1402,
      1461,
      1491,
      1579,
      1713,
      1725,
      1828,
      1832,
      1835,
      1844,
      1851,
      1906,
      1941,
      1942,
      1946,
      1957,
      2005,
      2029,
      2046,
      2076,
      2109,
      2183,
      2191,
      2264,
      2287,
      2376,
      2423,
      2431,
      2497,
      2510,
      2511,
      2542,
      2577,
      2708,
      2732,
      2739,
      2785,
      2787,
      2791,
      2809,
      2828,
      2858,
      2865,
      2941,
      2946,
      2975,
      3004,
      3008,
      3050,
      3058,
      3140,
      3146,
      3147,
      3162,
      3199,
      3272,
      3310,
      3325,
      3372,
      3382,
      3516,
      3540,
      3603,
      3624,
      3649,
      3679,
      3713,
      3760,
      3779,
      3802,
      3808,
      3821,
      3854,
      3880,
      3965,
      3999,
      4010,
      4079,
      4106,
      4129,
      4190,
      4232,
      4279,
      4288,
      4421,
      4482,
      4509,
      4533,
      4544,
      4575,
      4603
    ],
    "7": [
      7,
      11,
      93,
      159,
      164,
      205,
      241,
      244,
      323,
      330,
      372,
      411,
      446,
      521,
      550,
      642,
      715,
      781,
      839,
      857,
      889,
      907,
      996,
      1033,
      1059,
      1082,
      1100,
      1149,
      1241,
      1252,
      1256,
      1262,
      1319,
      1336,
      1366,
      1419,
      1445,
      1454,
      1625,
      1709,
      1716,
      1751,
      1758,
      1816,
      1824,
      1830,
      1855,
      1880,
      1929,
      1969,
      2227,
      2233,
      2261,
      2459,
      2469,
      2499,
      2802,
      2994,
      2998,
      3013,
      3038,
      3051,
      3135,
      3268,
      3295,
      3322,
      3327,
      3367,
      3381,
      3389,
      3549,
      3632,
      3727,
      3755,
      3760,
      4014,
      4045,
      4055,
      4077,
      4171,
      4279,
      4299,
      4311,
      4421,
      4457,
      4466,
      4471,
      4506,
      4508,
      4509,
      4549,
      4598
    ],
    "8": [
      17,
      141,
      188,
      240,
      252,
      349,
      392,
      434,
      456,
      723,
      848,
      854,
      900,
      1030,
      1064,
      1136,
      1231,
      1251,
      1258,
      1299,
      1375,
      1408,
      1443,
      1444,
      1482,
      1486,
      1495,
      1523,
      1548,
      1557,
      1576,
      1664,
      1670,
      1676,
      1678,
      1687,
      1777,
      1778,
      1838,
      1866,
      1870,
      1914,
      2013,
      2077,
      2106,
      2109,
      2112,
      2151,
      2199,
      2201,
      2252,
      2344,
      2374,
      2479,
      2489,
      2516,
      2567,
      2596,
      2605,
      2621,
      2729,
      2752,
      2779,
      2806,
      2898,
      2935,
      3005,
      3236,
      3440,
      3648,
      3684,
      3741,
      3756,
      3865,
      3880,
      3937,
      3995,
      4030,
      4248,
      4294,
      4310,
      4369,
      4391,
      4526,
      4534,
      4550
    ],
    "4": [
      1,
      183,
      285,
      301,
      336,
      523,
      562,
      710,
      716,
      727,
      735,
      825,
      834,
      845,
      864,
      916,
      927,
      944,
      1041,
      1045,
      1061,
      1112,
      1301,
      1335,
      1456,
      1564,
      1571,
      1611,
      1623,
      1645,
      1666,
      1719,
      1818,
      1819,
      1923,
      1935,
      1941,
      1990,
      2055,
      2105,
      2136,
      2158,
      2177,
      2181,
      2233,
      2248,
      2271,
      2275,
      2301,
      2302,
      2391,
      2413,
      2540,
      2547,
      2610,
      2625,
      2637,
      2749,
      2766,
      2836,
      2847,
      2852,
      2879,
      3051,
      3068,
      3082,
      3111,
      3159,
      3175,
      3226,
      3291,
      3331,
      3347,
      3361,
      3373,
      3438,
      3498,
      3611,
      3829,
      3982,
      4003,
      4029,
      4134,
      4217,
      4218,
      4222,
      4321,
      4347,
      4413,
      4530,
      4579
    ],
    "5": [
      70,
      198,
      237,
      315,
      330,
      446,
      473,
      494,
      508,
      513,
      573,
      586,
      616,
      622,
      648,
      678,
      695,
      713,
      731,
      893,
      956,
      1025,
      1031,
      1070,
      1180,
      1207,
      1239,
      1346,
      1365,
      1384,
      1402,
      1405,
      1457,
      1532,
      1623,
      1708,
      1733,
      1755,
      1817,
      1870,
      1892,
      1899,
      1905,
      1923,
      1975,
      1979,
      2016,
      2020,
      2053,
      2085,
      2116,
      2215,
      2243,
      2336,
      2395,
      2415,
      2418,
      2460,
      2524,
      2535,
      2628,
      2777,
      2965,
      3096,
      3126,
      3144,
      3178,
      3203,
      3207,
      3244,
      3254,
      3263,
      3330,
      3392,
      3459,
      3508,
      3526,
      3536,
      3568,
      3665,
      3759,
      3791,
      3808,
      3825,
      3836,
      3853,
      3878,
      4044,
      4078,
      4262,
      4268,
      4335,
      4340,
      4394,
      4559,
      4602
    ],