{
  "entry": "Q9LEK8",
  "entry_name": "PIN1_DIGLA",
  "type": "CLM",
  "prompt": "MSSEKVRASHILIKHQGSRRKSSWKDPDGSLISATTRDDAVSQLQSLRQELLSDPASFSDLASRHSHCSSAKRGGDLGPFGRGQMQKPFEEATF",
  "k": 768,
  "original_sequence": "MSSEKVRASHILIKHQGSRRKSSWKDPDGSLISATTRDDAVSQLQSLRQELLSDPASFSDLASRHSHCSSAKRGGDLGPFGRGQMQKPFEEATFALKVGEISDIVDTDSGVHIIKRTG",
  "original_ll": -1.6368252038955688,
  "original_perplexity": 5.138828754425049,
  "progen3_sequence": "MSSEKVRASHILIKHQGSRRKSSWKDPDGSLISATTRDDAVSQLQSLRQELLSDPASFSDLASRHSHCSSAKRGGDLGPFGRGQMQKPFEEATFALQVGDVSEPVRTQFGFHLLKRRS",
  "progen3_ll": -1.049796223640442,
  "progen3_perplexity": 2.8570690155029297,
  "max_sequence": "MSSEKVRASHILIKHQGSRRKSSWKDPDGSLISATTRDDAVSQLQSLRQELLSDPASFSDLASRHSHCSSAKRGGDLGPFGRGQMQKPFEEATFAFSPGEISAPVVTAFGFHLIERE",
  "max_ll": -1.3875434398651123,
  "max_perplexity": 4.00499963760376,
  "max_kl": 0.08166756480932236,
  "max_nmse": 0.012959609739482403,
  "base_sequence": "MSSEKVRASHILIKHQGSRRKSSWKDPDGSLISATTRDDAVSQLQSLRQELLSDPASFSDLASRHSHCSSAKRGGDLGPFGRGQMQKPFEEATFSLASTAVTEVVVTVFGYVVLET",
  "base_ll": -2.83392071723938,
  "base_perplexity": 17.01202964782715,
  "base_kl": 0.5932444334030151,
  "base_nmse": 1.4492731094360352,
  "recovered_sequence": "MSSEKVRASHILIKHQGSRRKSSWKDPDGSLISATTRDDAVSQLQSLRQELLSDPASFSDLASRHSHCSSAKRGGDLGPFGRGQMQKPFEEATFRLQPGDVSEPVRTQFGFHLLERRE",
  "recovered_ll": -1.1418863534927368,
  "recovered_perplexity": 3.13267183303833,
  "recovered_kl": 0.10836045444011688,
  "recovered_nmse": 0.05246443301439285,
  "nodes": {
    "9": [
      10,
      12,
      27,
      33,
      44,
      48,
      88,
      89,
      95,
      101,
      107,
      111,
      115,
      126,
      156,
      172,
      224,
      234,
      246,
      272,
      294,
      300,
      305,
      318,
      327,
      342,
      345,
      346,
      387,
      396,
      414,
      428,
      429,
      442,
      454,
      458,
      464,
      466,
      470,
      477,
      504,
      506,
      518,
      528,
      543,
      545,
      549,
      582,
      587,
      588,
      589,
      598,
      600,
      628,
      636,
      642,
      654,
      667,
      671,
      674,
      675,
      696,
      699,
      706,
      707,
      708,
      710,
      715,
      723,
      732,
      742,
      771,
      774,
      788,
      800,
      814,
      828,
      847,
      857,
      874,
      878,
      910,
      952,
      958,
      959,
      960,
      980,
      989,
      992,
      1000,
      1004,
      1012,
      1016,
      1048,
      1061,
      1073,
      1081,
      1088,
      1096,
      1103,
      1126,
      1176,
      1180,
      1184,
      1193,
      1222,
      1226,
      1230,
      1245,
      1250,
      1251,
      1285,
      1329,
      1346,
      1352,
      1375,
      1390,
      1394,
      1402,
      1407,
      1417,
      1429,
      1430,
      1435,
      1445,
      1470,
      1484,
      1491,
      1551,
      1574,
      1587,
      1630,
      1637,
      1651,
      1732,
      1741,
      1754,
      1780,
      1783,
      1792,
      1835,
      1844,
      1851,
      1858,
      1875,
      1882,
      1893,
      1903,
      1933,
      1934,
      1940,
      1957,
      1980,
      1985,
      2009,
      2015,
      2017,
      2033,
      2042,
      2079,
      2094,
      2204,
      2218,
      2222,
      2230,
      2231,
      2253,
      2254,
      2274,
      2278,
      2287,
      2288,
      2313,
      2338,
      2354,
      2375,
      2376,
      2379,
      2413,
      2417,
      2427,
      2431,
      2436,
      2438,
      2465,
      2466,
      2468,
      2475,
      2510,
      2511,
      2514,
      2516,
      2542,
      2553,
      2559,
      2567,
      2569,
      2571,
      2577,
      2580,
      2592,
      2599,
      2606,
      2609,
      2618,
      2620,
      2621,
      2635,
      2640,
      2678,
      2694,
      2704,
      2721,
      2732,
      2737,
      2768,
      2771,
      2773,
      2775,
      2787,
      2788,
      2806,
      2817,
      2824,
      2855,
      2863,
      2877,
      2881,
      2886,
      2892,
      2924,
      2935,
      2941,
      2948,
      2951,
      2955,
      2975,
      2982,
      2984,
      3021,
      3028,
      3029,
      3038,
      3048,
      3075,
      3077,
      3118,
      3122,
      3142,
      3152,
      3192,
      3196,
      3227,
      3228,
      3260,
      3262,
      3266,
      3272,
      3275,
      3279,
      3284,
      3309,
      3313,
      3314,
      3325,
      3342,
      3343,
      3363,
      3370,
      3373,
      3395,
      3401,
      3408,
      3417,
      3419,
      3420,
      3429,
      3443,
      3461,
      3474,
      3485,
      3491,
      3498,
      3500,
      3516,
      3528,
      3540,
      3549,
      3577,
      3578,
      3591,
      3601,
      3609,
      3624,
      3626,
      3647,
      3657,
      3685,
      3695,
      3712,
      3715,
      3747,
      3763,
      3791,
      3795,
      3797,
      3799,
      3821,
      3840,
      3841,
      3864,
      3874,
      3912,
      3920,
      3931,
      3938,
      3958,
      3962,
      3969,
      3972,
      3980,
      3995,
      3999,
      4004,
      4016,
      4049,
      4050,
      4079,
      4098,
      4107,
      4122,
      4137,
      4142,
      4157,
      4182,
      4191,
      4202,
      4206,
      4220,
      4231,
      4304,
      4320,
      4325,
      4326,
      4361,
      4393,
      4400,
      4405,
      4417,
      4441,
      4442,
      4444,
      4450,
      4467,
      4482,
      4493,
      4495,
      4504,
      4520,
      4521,
      4529,
      4536,
      4544,
      4554,
      4575,
      4590,
      4599
    ],
    "7": [
      24,
      34,
      40,
      180,
      256,
      298,
      305,
      344,
      535,
      539,
      588,
      772,
      835,
      889,
      968,
      1368,
      1510,
      1514,
      1550,
      1582,
      1667,
      1675,
      1954,
      1969,
      2021,
      2035,
      2156,
      2220,
      2227,
      2266,
      2744,
      2822,
      2856,
      2891,
      3010,
      3146,
      3183,
      3207,
      3218,
      3251,
      3257,
      3314,
      3506,
      3557,
      3558,
      3570,
      3588,
      3659,
      3701,
      3722,
      3914,
      3935,
      4064,
      4110,
      4121,
      4183,
      4290,
      4413,
      4421,
      4433,
      4440,
      4598,
      4600
    ],