{
  "entry": "Q9PMR0",
  "entry_name": "FEOA_CAMJE",
  "type": "CLM",
  "prompt": "MTLNELKDGQKAIIVNLNAHKELKNRLLSFGFIKNKNLKKIHSSLKNATIMVELDTSCV",
  "k": 832,
  "original_sequence": "MTLNELKDGQKAIIVNLNAHKELKNRLLSFGFIKNKNLKKIHSSLKNATIMVELDTSCVILRSDEAKTIEVNLI",
  "original_ll": -2.0526909828186035,
  "original_perplexity": 7.788832187652588,
  "progen3_sequence": "MTLNELKDGQKAIIVNLNAHKELKNRLLSFGFIKNKNLKKIHSSLKNATIMVELDTSCVSLKKAKAAIIKI",
  "progen3_ll": -1.2920433282852173,
  "progen3_perplexity": 3.6402170658111572,
  "max_sequence": "MTLNELKDGQKAIIVNLNAHKELKNRLLSFGFIKNKNLKKIHSSLKNATIMVELDTSCVALNKAQAKIIKI",
  "max_ll": -1.3932527303695679,
  "max_perplexity": 4.027930736541748,
  "max_kl": 0.05804889649152756,
  "max_nmse": 0.023260613903403282,
  "base_sequence": "MTLNELKDGQKAIIVNLNAHKELKNRLLSFGFIKNKNLKKIHSSLKNATIMVELDTSCVKNNKIIKIIIIKN",
  "base_ll": -2.4814035892486572,
  "base_perplexity": 11.958036422729492,
  "base_kl": 0.4730842113494873,
  "base_nmse": 0.2196185290813446,
  "recovered_sequence": "MTLNELKDGQKAIIVNLNAHKELKNRLLSFGFIKNKNLKKIHSSLKNATIMVELDTSCVSLKKAKAKIIKI",
  "recovered_ll": -1.275795578956604,
  "recovered_perplexity": 3.581549644470215,
  "recovered_kl": 0.07219329476356506,
  "recovered_nmse": 0.013799602165818214,
  "nodes": {
    "9": [
      10,
      27,
      57,
      88,
      89,
      101,
      111,
      126,
      234,
      236,
      302,
      346,
      371,
      375,
      380,
      384,
      402,
      429,
      466,
      470,
      486,
      488,
      500,
      506,
      512,
      528,
      538,
      543,
      555,
      582,
      654,
      667,
      671,
      706,
      715,
      732,
      742,
      760,
      804,
      871,
      920,
      932,
      958,
      978,
      980,
      981,
      992,
      1003,
      1004,
      1016,
      1061,
      1062,
      1081,
      1088,
      1126,
      1141,
      1176,
      1184,
      1195,
      1217,
      1226,
      1229,
      1245,
      1286,
      1312,
      1329,
      1343,
      1348,
      1352,
      1355,
      1375,
      1394,
      1396,
      1401,
      1405,
      1445,
      1454,
      1456,
      1470,
      1537,
      1562,
      1566,
      1567,
      1594,
      1621,
      1633,
      1651,
      1732,
      1771,
      1783,
      1824,
      1835,
      1836,
      1858,
      1875,
      1903,
      1934,
      1937,
      1957,
      2009,
      2017,
      2043,
      2047,
      2061,
      2076,
      2094,
      2129,
      2169,
      2194,
      2204,
      2218,
      2220,
      2223,
      2231,
      2254,
      2264,
      2268,
      2276,
      2298,
      2313,
      2347,
      2407,
      2417,
      2423,
      2438,
      2441,
      2465,
      2475,
      2499,
      2514,
      2516,
      2535,
      2559,
      2571,
      2572,
      2614,
      2665,
      2673,
      2684,
      2704,
      2732,
      2739,
      2771,
      2775,
      2788,
      2791,
      2846,
      2892,
      2911,
      2923,
      2941,
      2946,
      2949,
      2997,
      3021,
      3028,
      3073,
      3086,
      3133,
      3140,
      3176,
      3192,
      3228,
      3262,
      3284,
      3296,
      3310,
      3355,
      3363,
      3369,
      3372,
      3414,
      3419,
      3420,
      3470,
      3481,
      3484,
      3485,
      3491,
      3498,
      3500,
      3516,
      3529,
      3540,
      3547,
      3578,
      3595,
      3624,
      3661,
      3685,
      3690,
      3714,
      3715,
      3788,
      3795,
      3797,
      3821,
      3841,
      3920,
      3934,
      3965,
      3972,
      3995,
      4020,
      4049,
      4050,
      4069,
      4098,
      4122,
      4129,
      4142,
      4154,
      4157,
      4168,
      4191,
      4198,
      4287,
      4298,
      4320,
      4325,
      4373,
      4393,
      4417,
      4444,
      4445,
      4503,
      4535,
      4552,
      4554,
      4590,
      4599
    ],
    "7": [
      7,
      11,
      24,
      392,
      491,
      543,
      689,
      829,
      968,
      1040,
      1256,
      1751,
      1815,
      1816,
      1824,
      2227,
      2263,
      2299,
      2500,
      2517,
      2802,
      2877,
      3251,
      3263,
      3379,
      3570,
      3601,
      4063,
      4110,
      4430
    ],
    "0": [
      88,
      248,
      362,
      437,
      460,
      560,
      648,
      654,
      663,
      722,
      738,
      763,
      771,
      817,
      875,
      897,
      1026,
      1093,
      1097,
      1297,
      1354,
      1360,
      1362,
      1408,
      1412,
      1451,
      1574,
      1583,
      1588,
      1617,
      1883,
      1901,
      1942,
      2075,
      2148,
      2160,
      2205,
      2254,
      2260,
      2295,
      2299,
      2423,
      2502,
      2511,
      2567,
      2594,
      2607,
      2666,
      2692,
      2722,
      2769,
      2844,
      2895,
      2911,
      2937,
      2968,
      3022,
      3050,
      3056,
      3082,
      3182,
      3212,
      3220,
      3256,
      3278,
      3420,
      3494,
      3505,
      3523,
      3593,
      3616,
      3641,
      3646,
      3659,
      3668,
      3836,
      3859,
      3919,
      3933,
      3934,
      3974,
      4081,
      4108,
      4229,
      4268,
      4279,
      4350,
      4356,
      4357,
      4426,
      4488,
      4507
    ],
    "8": [
      149,
      165,
      188,
      201,
      240,
      241,
      252,
      300,
      450,
      457,
      487,
      534,
      583,
      602,
      604,
      605,
      629,
      643,
      656,
      657,
      731,
      781,
      806,
      817,
      832,
      835,
      841,
      851,
      865,
      900,
      907,
      959,
      976,
      1009,
      1027,
      1049,
      1140,
      1145,
      1160,
      1230,
      1269,
      1306,
      1335,
      1367,
      1548,
      1557,
      1560,
      1678,
      1770,
      1837,
      1838,
      1867,
      2016,
      2032,
      2069,
      2112,
      2140,
      2151,
      2163,
      2234,
      2314,
      2329,
      2452,
      2456,
      2567,
      2590,
      2596,
      2612,
      2634,
      2635,
      2695,
      2701,
      2834,
      2858,
      2864,
      2898,
      2902,
      2910,
      2932,
      2939,
      2949,
      2996,
      3044,
      3054,
      3092,
      3153,
      3185,
      3236,
      3248,
      3249,
      3253,
      3283,
      3358,
      3406,
      3414,
      3419,
      3440,
      3486,
      3490,
      3528,
      3543,
      3563,
      3610,
      3648,
      3662,
      3698,
      3725,
      3826,
      3828,
      3851,
      3860,
      3862,
      3865,
      3906,
      3914,
      3963,
      3972,
      4025,
      4030,
      4184,
      4207,
      4294,
      4296,
      4310,
      4337,
      4350,
      4393,
      4419,
      4456,
      4515
    ],
    "6": [
      85,
      293,
      398,
      524,
      634,
      742,
      883,
      898,
      947,
      960,
      1060,
      1070,
      1247,
      1287,
      1318,
      1346,
      1458,
      1551,
      1552,
      1575,
      1627,
      1954,
      1978,
      1987,
      2034,
      2172,
      2187,
      2317,
      2348,
      2389,
      2495,
      2512,
      2588,
      2740,
      2816,
      2848,
      2874,
      2898,
      2959,
      2963,
      3128,
      3136,
      3160,
      3396,
      3459,
      3546,
      3572,
      3697,
      3727,
      3764,
      3820,
      3872,
      4068,
      4107,
      4176,
      4216,
      4224,
      4235,
      4301,
      4399,
      4441,
      4469,
      4512,
      4518,
      4529,
      4532,
      4569
    ],