{
  "entry": "Q9RA13",
  "entry_name": "AC4CH_MORMI",
  "type": "CLM",
  "prompt": "MYSCITFFQRLERSILSGNKTATIRDKSDSHYLVGQMLDACTHEDNRKMCQIEILSIEYVTFSELNRAHANAEGLPFLFMLKWIVR",
  "k": 1000,
  "original_sequence": "MYSCITFFQRLERSILSGNKTATIRDKSDSHYLVGQMLDACTHEDNRKMCQIEILSIEYVTFSELNRAHANAEGLPFLFMLKWIVRKIYPTSNDLFFISFRVVTIDIL",
  "original_ll": -2.873734474182129,
  "original_perplexity": 17.703006744384766,
  "progen3_sequence": "MYSCITFFQRLERSILSGNKTATIRDKSDSHYLVGQMLDACTHEDNRKMCQIEILSIEYVTFSELNRAHANAEGLPFLFMLKWIVRNLLEQLDADLDDNTLLSRSNVR",
  "progen3_ll": -2.705531358718872,
  "progen3_perplexity": 14.962265014648438,
  "max_sequence": "MYSCITFFQRLERSILSGNKTATIRDKSDSHYLVGQMLDACTHEDNRKMCQIEILSIEYVTFSELNRAHANAEGLPFLFMLKWIVRSIYLALLQIDLIDILLDLLLLI",
  "max_ll": -2.5934362411499023,
  "max_perplexity": 13.375655174255371,
  "max_kl": 0.002284651855006814,
  "max_nmse": 0.0008189735235646367,
  "base_sequence": "MYSCITFFQRLERSILSGNKTATIRDKSDSHYLVGQMLDACTHEDNRKMCQIEILSIEYVTFSELNRAHANAEGLPFLFMLKWIVRDFNRHYTKCCNEFFICKAEYIY",
  "base_ll": -3.079395055770874,
  "base_perplexity": 21.745243072509766,
  "base_kl": 0.11508666723966599,
  "base_nmse": 0.29417362809181213,
  "recovered_sequence": "MYSCITFFQRLERSILSGNKTATIRDKSDSHYLVGQMLDACTHEDNRKMCQIEILSIEYVTFSELNRAHANAEGLPFLFMLKWIVRGSLEQLLATLDDNTLVSRSNVR",
  "recovered_ll": -2.746791124343872,
  "recovered_perplexity": 15.592516899108887,
  "recovered_kl": 0.004597445484250784,
  "recovered_nmse": 0.0006192479049786925,
  "nodes": {
    "9": [
      12,
      34,
      52,
      117,
      162,
      184,
      263,
      381,
      407,
      414,
      456,
      466,
      478,
      538,
      603,
      734,
      746,
      760,
      763,
      957,
      967,
      994,
      1025,
      1042,
      1080,
      1184,
      1190,
      1196,
      1251,
      1302,
      1306,
      1307,
      1455,
      1491,
      1528,
      1579,
      1665,
      1724,
      1725,
      1735,
      1750,
      1782,
      1828,
      1832,
      1835,
      1844,
      1851,
      1885,
      1942,
      1957,
      2005,
      2064,
      2080,
      2105,
      2108,
      2109,
      2117,
      2126,
      2264,
      2275,
      2283,
      2287,
      2395,
      2450,
      2510,
      2523,
      2531,
      2604,
      2642,
      2715,
      2732,
      2763,
      2787,
      2909,
      2924,
      2941,
      2969,
      2975,
      2983,
      3006,
      3008,
      3040,
      3050,
      3087,
      3101,
      3105,
      3144,
      3146,
      3158,
      3162,
      3199,
      3290,
      3310,
      3372,
      3381,
      3382,
      3399,
      3426,
      3513,
      3540,
      3581,
      3624,
      3676,
      3779,
      3802,
      3821,
      3832,
      3836,
      3873,
      3880,
      3965,
      3999,
      4038,
      4129,
      4190,
      4244,
      4250,
      4288,
      4290,
      4380,
      4419,
      4421,
      4478,
      4482,
      4533,
      4544
    ],
    "8": [
      82,
      204,
      293,
      301,
      311,
      394,
      417,
      582,
      583,
      723,
      754,
      782,
      817,
      841,
      876,
      889,
      900,
      968,
      999,
      1004,
      1008,
      1013,
      1030,
      1115,
      1125,
      1201,
      1299,
      1301,
      1306,
      1309,
      1376,
      1400,
      1404,
      1408,
      1416,
      1444,
      1458,
      1486,
      1535,
      1548,
      1557,
      1560,
      1632,
      1664,
      1678,
      1711,
      1744,
      1777,
      1838,
      1867,
      1870,
      1942,
      1948,
      1954,
      1955,
      1956,
      1996,
      2030,
      2077,
      2106,
      2109,
      2112,
      2140,
      2151,
      2175,
      2199,
      2201,
      2300,
      2305,
      2361,
      2374,
      2401,
      2479,
      2490,
      2495,
      2516,
      2528,
      2564,
      2567,
      2590,
      2596,
      2605,
      2621,
      2695,
      2729,
      2743,
      2778,
      2779,
      2828,
      2849,
      2898,
      2945,
      2949,
      3005,
      3007,
      3033,
      3037,
      3119,
      3170,
      3200,
      3236,
      3263,
      3396,
      3413,
      3432,
      3449,
      3485,
      3490,
      3551,
      3595,
      3600,
      3631,
      3645,
      3653,
      3659,
      3695,
      3700,
      3711,
      3735,
      3741,
      3865,
      3874,
      3880,
      3895,
      3956,
      3960,
      3987,
      4010,
      4011,
      4026,
      4094,
      4121,
      4142,
      4167,
      4177,
      4232,
      4294,
      4310,
      4334,
      4391,
      4416,
      4471,
      4530,
      4534,
      4546,
      4559,
      4569,
      4596
    ],
    "7": [
      7,
      66,
      72,
      78,
      180,
      222,
      230,
      283,
      310,
      330,
      345,
      396,
      465,
      482,
      491,
      553,
      589,
      631,
      711,
      715,
      740,
      872,
      889,
      893,
      907,
      970,
      1010,
      1070,
      1128,
      1151,
      1256,
      1262,
      1419,
      1454,
      1502,
      1520,
      1523,
      1530,
      1544,
      1625,
      1634,
      1674,
      1709,
      1751,
      1816,
      1824,
      1826,
      1874,
      1929,
      1952,
      1969,
      2113,
      2123,
      2229,
      2263,
      2279,
      2299,
      2314,
      2352,
      2366,
      2428,
      2464,
      2476,
      2488,
      2498,
      2499,
      2513,
      2517,
      2594,
      2595,
      2640,
      2641,
      2747,
      2802,
      2812,
      2877,
      2891,
      2922,
      2977,
      2998,
      3135,
      3149,
      3216,
      3235,
      3251,
      3473,
      3487,
      3521,
      3576,
      3588,
      3619,
      3690,
      3727,
      3793,
      3825,
      3866,
      3942,
      3948,
      4055,
      4130,
      4141,
      4159,
      4183,
      4295,
      4312,
      4331,
      4421,
      4475,
      4564
    ],
    "6": [
      13,
      18,
      30,
      85,
      204,
      329,
      394,
      409,
      427,
      451,
      491,
      520,
      613,
      697,
      762,
      768,
      803,
      856,
      947,
      954,
      960,
      1068,
      1081,
      1137,
      1154,
      1155,
      1222,
      1225,
      1284,
      1346,
      1361,
      1482,
      1579,
      1584,
      1605,
      1627,
      1687,
      1692,
      1786,
      1820,
      1920,
      1987,
      1990,
      2034,
      2197,
      2207,
      2236,
      2271,
      2297,
      2303,
      2389,
      2460,
      2481,
      2495,
      2496,
      2588,
      2661,
      2717,
      2740,
      2763,
      2848,
      2874,
      2903,
      3128,
      3190,
      3301,
      3375,
      3396,
      3440,
      3459,
      3499,
      3509,
      3518,
      3531,
      3560,
      3581,
      3679,
      3697,
      3701,
      3760,
      3761,
      3764,
      3786,
      3921,
      3948,
      4026,
      4053,
      4202,
      4235,
      4335,
      4371,
      4400,
      4441,
      4466,
      4512,
      4517,
      4529,
      4537,
      4581
    ],