{
  "entry": "Q9RN59",
  "entry_name": "SNOAL_STRNO",
  "type": "GLM_1",
  "prompt": "MVSAFNTGRTDDVDEYIHPDYLNPATLEHGIHTGPKAFAQLVGWVRATFSEEARLEEVRIEERGPWVKAYLVLYGRHVGRLVGMPPTDRRFSGEQVHLMRIVDGKIRDHRDWPDFQGTLRQLGDPWPDDEGWRP[GLM]22-38-16",
  "k": 704,
  "original_sequence": "MVSAFNTGRTDDVDEYIHPDYLNPATLEHGIHTGPKAFAQLVGWVRATFSEEARLEEVRIEERGPWVKAYLVLYGRHVGRLVGMPPTDRRFSGEQVHLMRIVDGKIRDHRDWPDFQGTLRQLGDPWPDDEGWRP",
  "original_ll": -2.988677978515625,
  "original_perplexity": 19.859411239624023,
  "progen3_sequence": "MVSAFNTGRTDDVDEYIHPDYLYRRRRPNELRLYIQKLAQLVGWVRATFSEEARLEEVRIEERGPWVKAYLVLYGRHVGRLVGMPPTDRRFSGEQVHLMRIVDGKIRDHRDWPDFQGTLRQLGDPWPDDEGWRP",
  "progen3_ll": -2.8869762420654297,
  "progen3_perplexity": 17.93898582458496,
  "max_sequence": "MVSAFNTGRTDDVDEYIHPDYLPTDTVENELRLYNQKVAQLVGWVRATFSEEARLEEVRIEERGPWVKAYLVLYGRHVGRLVGMPPTDRRFSGEQVHLMRIVDGKIRDHRDWPDFQGTLRQLGDPWPDDEGWRP",
  "max_ll": -2.8563313484191895,
  "max_perplexity": 17.397584915161133,
  "max_kl": 0.18061032891273499,
  "max_nmse": 0.02512463741004467,
  "base_sequence": "MVSAFNTGRTDDVDEYIHPDYLRRRVMVVEIRRRRQREAQLVGWVRATFSEEARLEEVRIEERGPWVKAYLVLYGRHVGRLVGMPPTDRRFSGEQVHLMRIVDGKIRDHRDWPDFQGTLRQLGDPWPDDEGWRP",
  "base_ll": -2.7232890129089355,
  "base_perplexity": 15.23033332824707,
  "base_kl": 0.5899608135223389,
  "base_nmse": 0.8341389298439026,
  "recovered_sequence": "MVSAFNTGRTDDVDEYIHPDYLGREYLGVERRLYRRRLAQLVGWVRATFSEEARLEEVRIEERGPWVKAYLVLYGRHVGRLVGMPPTDRRFSGEQVHLMRIVDGKIRDHRDWPDFQGTLRQLGDPWPDDEGWRP",
  "recovered_ll": -2.6523303985595703,
  "recovered_perplexity": 14.187061309814453,
  "recovered_kl": 0.6645539999008179,
  "recovered_nmse": 0.08041436225175858,
  "nodes": {
    "9": [
      12,
      80,
      162,
      381,
      407,
      447,
      452,
      466,
      473,
      506,
      538,
      545,
      555,
      598,
      639,
      734,
      745,
      746,
      755,
      758,
      760,
      828,
      957,
      967,
      1036,
      1073,
      1086,
      1093,
      1184,
      1190,
      1217,
      1251,
      1256,
      1302,
      1307,
      1320,
      1378,
      1442,
      1483,
      1491,
      1537,
      1579,
      1584,
      1609,
      1648,
      1713,
      1725,
      1783,
      1798,
      1828,
      1832,
      1844,
      1851,
      1888,
      1942,
      1957,
      2005,
      2046,
      2094,
      2105,
      2191,
      2248,
      2283,
      2360,
      2423,
      2510,
      2511,
      2514,
      2642,
      2732,
      2736,
      2763,
      2785,
      2787,
      2791,
      2804,
      2809,
      2858,
      2865,
      3037,
      3040,
      3050,
      3101,
      3105,
      3162,
      3198,
      3199,
      3221,
      3310,
      3341,
      3372,
      3381,
      3382,
      3513,
      3526,
      3540,
      3581,
      3624,
      3649,
      3676,
      3695,
      3709,
      3765,
      3779,
      3802,
      3821,
      3832,
      3952,
      3965,
      3999,
      4103,
      4106,
      4129,
      4250,
      4370,
      4419,
      4452,
      4468,
      4478,
      4482,
      4533,
      4544,
      4603
    ],
    "8": [
      94,
      127,
      240,
      301,
      392,
      543,
      583,
      648,
      817,
      900,
      949,
      1004,
      1136,
      1258,
      1306,
      1400,
      1408,
      1444,
      1486,
      1535,
      1557,
      1664,
      1678,
      1687,
      1777,
      1842,
      1890,
      1954,
      1955,
      2054,
      2056,
      2077,
      2106,
      2109,
      2112,
      2140,
      2151,
      2201,
      2215,
      2400,
      2479,
      2540,
      2557,
      2567,
      2596,
      2605,
      2621,
      2665,
      2779,
      2903,
      2917,
      3042,
      3195,
      3236,
      3246,
      3267,
      3422,
      3567,
      3600,
      3653,
      3711,
      3846,
      3849,
      3865,
      3956,
      3960,
      4054,
      4094,
      4118,
      4276,
      4290,
      4310,
      4371,
      4391,
      4471,
      4534,
      4546
    ],
    "7": [
      7,
      11,
      66,
      78,
      198,
      230,
      330,
      362,
      372,
      482,
      491,
      589,
      689,
      715,
      872,
      889,
      907,
      968,
      1010,
      1126,
      1151,
      1244,
      1256,
      1262,
      1347,
      1366,
      1419,
      1454,
      1496,
      1520,
      1625,
      1634,
      1675,
      1709,
      1751,
      1758,
      1816,
      1824,
      1826,
      1830,
      1880,
      1929,
      1958,
      1969,
      2227,
      2256,
      2291,
      2299,
      2469,
      2513,
      2517,
      2747,
      2802,
      2877,
      2891,
      2998,
      3022,
      3135,
      3216,
      3251,
      3270,
      3315,
      3381,
      3389,
      3487,
      3588,
      3690,
      3711,
      3760,
      3825,
      3942,
      3948,
      4055,
      4141,
      4171,
      4254,
      4299,
      4421,
      4578
    ],
    "5": [
      32,
      48,
      145,
      160,
      196,
      288,
      340,
      362,
      421,
      608,
      616,
      627,
      628,
      858,
      870,
      954,
      1108,
      1165,
      1174,
      1222,
      1249,
      1273,
      1672,
      1684,
      1885,
      2018,
      2189,
      2278,
      2287,
      2346,
      2675,
      2777,
      2879,
      2921,
      2957,
      2991,
      3228,
      3244,
      3397,
      3588,
      3710,
      3945,
      3950,
      3977,
      4066,
      4108,
      4267,
      4281,
      4516
    ],
    "6": [
      13,
      18,
      85,
      139,
      167,
      391,
      394,
      447,
      479,
      484,
      520,
      524,
      609,
      634,
      762,
      856,
      883,
      891,
      898,
      947,
      954,
      960,
      1063,
      1137,
      1154,
      1155,
      1212,
      1225,
      1247,
      1305,
      1346,
      1467,
      1534,
      1549,
      1584,
      1605,
      1627,
      1641,
      1718,
      1786,
      1954,
      1987,
      1990,
      2039,
      2139,
      2207,
      2221,
      2236,
      2260,
      2297,
      2303,
      2389,
      2420,
      2426,
      2460,
      2495,
      2508,
      2516,
      2556,
      2588,
      2625,
      2664,
      2703,
      2717,
      2726,
      2740,
      2848,
      2874,
      2961,
      2978,
      2989,
      3020,
      3136,
      3170,
      3221,
      3292,
      3396,
      3435,
      3459,
      3464,
      3509,
      3546,
      3628,
      3697,
      3701,
      3834,
      3872,
      3937,
      3948,
      3981,
      4053,
      4068,
      4235,
      4335,
      4400,
      4413,
      4501,
      4512,
      4529,
      4537,
      4581,
      4598
    ],
    "4": [
      110,
      327,
      483,
      727,
      769,
      789,
      893,
      980,
      1041,
      1047,
      1071,
      1201,
      1536,
      1547,
      1551,
      1710,
      1845,
      2198,
      2271,
      2390,
      2416,
      2605,
      2642,
      2693,
      2805,
      2879,
      3126,
      3175,
      3512,
      3634,
      3811,
      3829,
      3916,
      3966,
      3980,
      4015,
      4029,
      4053,
      4088,
      4111,
      4134,
      4148,
      4241,
      4340,
      4399,
      4472,
      4599
    ],
    "3": [
      132,
      296,
      508,
      545,
      551,
      893,
      950,
      963,
      1024,
      1123,
      1254,
      1390,
      1636,
      1704,
      1922,
      2237,
      2249,
      2471,
      2513,
      2659,
      2790,
      3290,
      3483,
      3689,
      3972,
      4160,
      4164,
      4277,
      4339,
      4489
    ],