{
  "entry": "Q9RN59",
  "entry_name": "SNOAL_STRNO",
  "type": "GLM_2",
  "prompt": "MVSAFNTGRTDDVDEYIHPDYLNPATLEHGIHTGPKAFAQLVGWVRATFSEEARLEEVRIEERGPWVKAYLVLYGRHVGRLVGMPPTDRRFSGEQVHLMRIVDGKIRDHRDWPDFQGTLRQLGDPWPDDEGWRP[GLM]39-80-41",
  "k": 288,
  "original_sequence": "MVSAFNTGRTDDVDEYIHPDYLNPATLEHGIHTGPKAFAQLVGWVRATFSEEARLEEVRIEERGPWVKAYLVLYGRHVGRLVGMPPTDRRFSGEQVHLMRIVDGKIRDHRDWPDFQGTLRQLGDPWPDDEGWRP",
  "original_ll": -2.803901433944702,
  "original_perplexity": 16.508930206298828,
  "progen3_sequence": "MVSAFNTGRTDDVDEYIHPDYLNPATLEHGIHTGPKAFAPRAILSPLRDPYYIRPFGTPTVNGSRYLEFSWACSGVRGTGLVGMPPTDRRFSGEQVHLMRIVDGKIRDHRDWPDFQGTLRQLGDPWPDDEGWRP",
  "progen3_ll": -2.9259042739868164,
  "progen3_perplexity": 18.651084899902344,
  "max_sequence": "MVSAFNTGRTDDVDEYIHPDYLNPATLEHGIHTGPKAFAEYRQKTLLTLADYVQLFTPNFPASLLRRPTSGRCQSIGPTGLVGMPPTDRRFSGEQVHLMRIVDGKIRDHRDWPDFQGTLRQLGDPWPDDEGWRP",
  "max_ll": -2.8468339443206787,
  "max_perplexity": 17.23313331604004,
  "max_kl": 0.07183992117643356,
  "max_nmse": 0.010035676881670952,
  "base_sequence": "MVSAFNTGRTDDVDEYIHPDYLNPATLEHGIHTGPKAFAMMNRLDDMTEVGCVHMFMTPMRVVQVFMMQMVNRPNTVRTRLVGMPPTDRRFSGEQVHLMRIVDGKIRDHRDWPDFQGTLRQLGDPWPDDEGWRP",
  "base_ll": -3.1197056770324707,
  "base_perplexity": 22.63971519470215,
  "base_kl": 0.2614165246486664,
  "base_nmse": 2.4738218784332275,
  "recovered_sequence": "MVSAFNTGRTDDVDEYIHPDYLNPATLEHGIHTGPKAFAPRADLSPGRDPPYLRPFGGPKVVVVVWGEPRRGNSGVRGTRLVGMPPTDRRFSGEQVHLMRIVDGKIRDHRDWPDFQGTLRQLGDPWPDDEGWRP",
  "recovered_ll": -2.862679958343506,
  "recovered_perplexity": 17.508384704589844,
  "recovered_kl": 0.1701980084180832,
  "recovered_nmse": 0.289082407951355,
  "nodes": {
    "9": [
      12,
      52,
      162,
      407,
      429,
      447,
      466,
      481,
      506,
      538,
      545,
      555,
      706,
      715,
      727,
      734,
      745,
      746,
      758,
      760,
      810,
      956,
      957,
      964,
      967,
      1036,
      1048,
      1073,
      1086,
      1115,
      1139,
      1184,
      1190,
      1251,
      1302,
      1307,
      1320,
      1394,
      1483,
      1484,
      1491,
      1537,
      1579,
      1713,
      1725,
      1798,
      1828,
      1832,
      1844,
      1851,
      1906,
      1934,
      1942,
      1957,
      2005,
      2046,
      2047,
      2105,
      2134,
      2191,
      2194,
      2248,
      2264,
      2283,
      2287,
      2348,
      2423,
      2488,
      2510,
      2511,
      2524,
      2570,
      2592,
      2732,
      2739,
      2763,
      2787,
      2791,
      2809,
      2817,
      2858,
      2892,
      2941,
      2943,
      3008,
      3048,
      3050,
      3087,
      3198,
      3199,
      3259,
      3310,
      3372,
      3382,
      3408,
      3420,
      3422,
      3474,
      3510,
      3513,
      3526,
      3540,
      3624,
      3649,
      3676,
      3695,
      3723,
      3765,
      3779,
      3802,
      3821,
      3851,
      3873,
      3952,
      3965,
      3999,
      4079,
      4106,
      4129,
      4142,
      4190,
      4250,
      4260,
      4279,
      4350,
      4370,
      4419,
      4421,
      4444,
      4482,
      4526,
      4533,
      4544,
      4603
    ],
    "8": [
      94,
      174,
      188,
      240,
      392,
      583,
      643,
      817,
      900,
      1136,
      1258,
      1390,
      1408,
      1557,
      1560,
      1664,
      1678,
      1687,
      1757,
      1777,
      1838,
      2056,
      2077,
      2109,
      2112,
      2199,
      2201,
      2256,
      2401,
      2479,
      2567,
      2590,
      2596,
      2605,
      2621,
      3236,
      3567,
      3659,
      3711,
      3741,
      3846,
      3849,
      3865,
      4294,
      4310,
      4391,
      4534
    ],
    "7": [
      7,
      66,
      180,
      230,
      283,
      491,
      535,
      589,
      631,
      872,
      889,
      907,
      1010,
      1070,
      1079,
      1256,
      1454,
      1520,
      1544,
      1625,
      1709,
      1751,
      1816,
      1824,
      1929,
      1969,
      2113,
      2227,
      2263,
      2428,
      2476,
      2747,
      2802,
      2877,
      2998,
      3135,
      3251,
      3487,
      3942,
      3948,
      4024,
      4322,
      4421
    ],
    "6": [
      85,
      510,
      524,
      697,
      947,
      954,
      960,
      979,
      1247,
      1627,
      1987,
      1990,
      2317,
      2389,
      2495,
      2496,
      2512,
      2588,
      2740,
      2989,
      3136,
      3190,
      3301,
      3396,
      3459,
      3509,
      3697,
      3705,
      4235,
      4335,
      4441,
      4512,
      4529
    ],
    "0": [
      392,
      460,
      648,
      1017,
      1257,
      1297,
      1359,
      1610,
      1882,
      2968,
      2984,
      3182,
      3334,
      3581,
      4426
    ],
    "5": [
      343,
      616,
      1031,
      1249,
      1313,
      2183,
      2652,
      4108
    ],
    "3": [
      3939
    ],
    "4": [
      2,
      980,
      2605,
      3068,
      3811,
      4015
    ],
    "1": [
      3693
    ]
  }
}
