{
    "method": "clt_sequential_freeze",
    "n_train": 128,
    "k": 32,
    "sequential": true,
    "freeze_attention": true,
    "nodes": {
        "9": [
            3821,
            3624,
            1957,
            3540,
            1844,
            2417,
            3199,
            506,
            4544,
            1394,
            44,
            1081,
            957,
            224,
            3338,
            3296,
            828,
            4444,
            1184,
            706,
            3228
        ],
        "7": [
            1454,
            2227,
            66,
            1824,
            2747
        ],
        "0": [
            2692
        ],
        "8": [
            2201,
            1687,
            2112,
            2567
        ],
        "2": [
            3583
        ]
    },
    "clean_spearman": 0.4561717549105764,
    "max_spearman": 0.4584164440471794,
    "no_latents_spearman": 0.39421964296877554,
    "recovered_spearman": 0.44936862907127684
}