{
    "method": "clt_sequential_freeze",
    "n_train": 256,
    "k": 32,
    "sequential": true,
    "freeze_attention": true,
    "nodes": {
        "9": [
            3821,
            3624,
            1957,
            3540,
            1844,
            2417,
            3199,
            506,
            4544,
            1394,
            44,
            1081,
            957,
            224,
            3338,
            3296,
            4444,
            828,
            1184,
            706,
            3228
        ],
        "7": [
            1454,
            2227,
            66,
            1824,
            2747
        ],
        "0": [
            2692,
            1521
        ],
        "8": [
            2201,
            1687,
            2112
        ],
        "2": [
            3583
        ]
    },
    "clean_spearman": 0.4680856509793046,
    "max_spearman": 0.4239023178798715,
    "no_latents_spearman": 0.349894734987788,
    "recovered_spearman": 0.42961856512881363
}