{
    "method": "clt_sequential_freeze",
    "n_train": 256,
    "k": 32,
    "sequential": true,
    "freeze_attention": true,
    "nodes": {
        "9": [
            3821,
            3624,
            1957,
            3540,
            1844,
            2417,
            3199,
            506,
            4544,
            1394,
            44,
            1081,
            957,
            224,
            3338,
            3296,
            4444,
            1184,
            706,
            828,
            3228
        ],
        "7": [
            1454,
            2227,
            66,
            1824,
            2747
        ],
        "8": [
            2201,
            1687,
            2112,
            2567
        ],
        "0": [
            2692,
            1521
        ]
    },
    "clean_spearman": 0.46482984895821333,
    "max_spearman": 0.39258200807045257,
    "no_latents_spearman": 0.3747767847660705,
    "recovered_spearman": 0.42403308257037303
}