{
  "entry": "A0A023PZI4",
  "entry_name": "YH069_YEAST",
  "type": "GLM_2",
  "prompt": "MDSCSSTPFVTGVLLPSAVFSFLFCTLVSSSFGLDEFNLTTCGIRGTLKMQFLKFLENTLIFLGSGNLTAHIGILVMKNDLSNSRIWRFTGGLYGNTPDILHELINLLNFWNTGSAIFMQ[GLM]14-19-5",
  "k": 128,
  "original_sequence": "MDSCSSTPFVTGVLLPSAVFSFLFCTLVSSSFGLDEFNLTTCGIRGTLKMQFLKFLENTLIFLGSGNLTAHIGILVMKNDLSNSRIWRFTGGLYGNTPDILHELINLLNFWNTGSAIFMQ",
  "original_ll": -2.593716859817505,
  "original_perplexity": 13.379408836364746,
  "progen3_sequence": "MDSCSSTPFVTGVLIFLLTFSFLFCTLVSSSFGLDEFNLTTCGIRGTLKMQFLKFLENTLIFLGSGNLTAHIGILVMKNDLSNSRIWRFTGGLYGNTPDILHELINLLNFWNTGSAIFMQ",
  "progen3_ll": -2.5130696296691895,
  "progen3_perplexity": 12.34276008605957,
  "max_sequence": "MDSCSSTPFVTGVLLSRSLFSFLFCTLVSSSFGLDEFNLTTCGIRGTLKMQFLKFLENTLIFLGSGNLTAHIGILVMKNDLSNSRIWRFTGGLYGNTPDILHELINLLNFWNTGSAIFMQ",
  "max_ll": -2.516075611114502,
  "max_perplexity": 12.379918098449707,
  "max_kl": 0.37140604853630066,
  "max_nmse": 0.5779178142547607,
  "base_sequence": "MDSCSSTPFVTGVLPFLCLFSFLFCTLVSSSFGLDEFNLTTCGIRGTLKMQFLKFLENTLIFLGSGNLTAHIGILVMKNDLSNSRIWRFTGGLYGNTPDILHELINLLNFWNTGSAIFMQ",
  "base_ll": -2.8336594104766846,
  "base_perplexity": 17.007585525512695,
  "base_kl": 0.5400779843330383,
  "base_nmse": 0.23059487342834473,
  "recovered_sequence": "MDSCSSTPFVTGVLIFLLTFSFLFCTLVSSSFGLDEFNLTTCGIRGTLKMQFLKFLENTLIFLGSGNLTAHIGILVMKNDLSNSRIWRFTGGLYGNTPDILHELINLLNFWNTGSAIFMQ",
  "recovered_ll": -2.5130696296691895,
  "recovered_perplexity": 12.34276008605957,
  "recovered_kl": 0.5046542286872864,
  "recovered_nmse": 0.05826730653643608,
  "nodes": {
    "9": [
      1,
      7,
      76,
      233,
      255,
      419,
      467,
      506,
      601,
      671,
      694,
      729,
      813,
      902,
      907,
      940,
      963,
      1028,
      1037,
      1106,
      1234,
      1252,
      1447,
      1583,
      1748,
      1751,
      1813,
      2103,
      2174,
      2242,
      2399,
      2444,
      2613,
      2631,
      2843,
      2933,
      3037,
      3114,
      3115,
      3175,
      3194,
      3226,
      3284,
      3390,
      3692,
      3707,
      3773,
      3886,
      3963,
      4012,
      4513,
      4594
    ],
    "0": [
      47,
      48,
      218,
      253,
      524,
      531,
      565,
      667,
      890,
      967,
      1290,
      1550,
      1800,
      1813,
      1883,
      1942,
      2135,
      2176,
      2283,
      2333,
      2625,
      2810,
      2857,
      2859,
      3094,
      3572,
      3605,
      3871,
      3908,
      4057,
      4072,
      4355,
      4361
    ],
    "8": [
      274,
      799,
      869,
      963,
      1230,
      1389,
      1507,
      1582,
      1699,
      2097,
      2304,
      2614,
      2720,
      2892,
      3032,
      3169,
      3438,
      3461,
      3493,
      3847,
      3860
    ],
    "7": [
      2210,
      2299,
      2786
    ],
    "6": [
      2098,
      3761,
      4598
    ],
    "1": [
      495,
      505,
      585,
      1084,
      1154,
      1955,
      3091,
      3215,
      3865,
      4113,
      4124
    ],
    "2": [
      4577
    ],
    "4": [
      1774
    ],
    "3": [
      3197
    ],
    "5": [
      629,
      3676
    ]
  }
}
