{
  "entry": "A0A0B4J234",
  "entry_name": "TVA2_HUMAN",
  "type": "GLM_2",
  "prompt": "MALQSTLGAVWLGLLLNSLWKVAESKDQVFQPSTVASSEGAVVEIFCNHSVSNAYNFFWYLHFPGCAPRLLVKGSKPSQQGRYNMTYERFSSSLLILQVREADAAVYYCAVE[GLM]4-31-27",
  "k": 1000,
  "original_sequence": "MALQSTLGAVWLGLLLNSLWKVAESKDQVFQPSTVASSEGAVVEIFCNHSVSNAYNFFWYLHFPGCAPRLLVKGSKPSQQGRYNMTYERFSSSLLILQVREADAAVYYCAVE",
  "original_ll": -2.9155099391937256,
  "original_perplexity": 18.458223342895508,
  "progen3_sequence": "MALQRLNPCCSDFGRSEQVREVQVRLSNVRLPSTVASSEGAVVEIFCNHSVSNAYNFFWYLHFPGCAPRLLVKGSKPSQQGRYNMTYERFSSSLLILQVREADAAVYYCAVE",
  "progen3_ll": -2.9421138763427734,
  "progen3_perplexity": 18.955873489379883,
  "max_sequence": "MALQSETLDPTTVLNLVPTTQLLSGDTPGSLPSTVASSEGAVVEIFCNHSVSNAYNFFWYLHFPGCAPRLLVKGSKPSQQGRYNMTYERFSSSLLILQVREADAAVYYCAVE",
  "max_ll": -2.7191553115844727,
  "max_perplexity": 15.167505264282227,
  "max_kl": 0.3028198182582855,
  "max_nmse": 1.4969927072525024,
  "base_sequence": "MALQTYAHYTLSFPCSRCSTSTGWSTCAYRCPSTVASSEGAVVEIFCNHSVSNAYNFFWYLHFPGCAPRLLVKGSKPSQQGRYNMTYERFSSSLLILQVREADAAVYYCAVE",
  "base_ll": -2.9736056327819824,
  "base_perplexity": 19.562326431274414,
  "base_kl": 0.3778690695762634,
  "base_nmse": 0.2966679334640503,
  "recovered_sequence": "MALQCLIPYLCLFPCWVCLFCVLVMLWILWQPSTVASSEGAVVEIFCNHSVSNAYNFFWYLHFPGCAPRLLVKGSKPSQQGRYNMTYERFSSSLLILQVREADAAVYYCAVE",
  "recovered_ll": -2.9738099575042725,
  "recovered_perplexity": 19.566326141357422,
  "recovered_kl": 0.3910638391971588,
  "recovered_nmse": 0.25581520795822144,
  "nodes": {
    "9": [
      1,
      7,
      21,
      76,
      138,
      233,
      255,
      266,
      333,
      419,
      467,
      506,
      579,
      601,
      671,
      694,
      729,
      813,
      902,
      907,
      940,
      963,
      1027,
      1028,
      1037,
      1075,
      1106,
      1234,
      1252,
      1348,
      1415,
      1435,
      1447,
      1544,
      1583,
      1622,
      1740,
      1748,
      1751,
      1810,
      1813,
      1840,
      1879,
      1965,
      2103,
      2174,
      2242,
      2283,
      2390,
      2399,
      2444,
      2610,
      2613,
      2631,
      2669,
      2728,
      2843,
      2924,
      2933,
      2953,
      3037,
      3114,
      3115,
      3146,
      3175,
      3194,
      3226,
      3284,
      3365,
      3376,
      3390,
      3515,
      3692,
      3707,
      3773,
      3788,
      3886,
      3945,
      3959,
      3963,
      4005,
      4012,
      4144,
      4203,
      4252,
      4317,
      4353,
      4470,
      4513,
      4594
    ],
    "1": [
      18,
      110,
      340,
      352,
      396,
      403,
      421,
      495,
      505,
      514,
      561,
      585,
      633,
      649,
      802,
      807,
      808,
      829,
      864,
      875,
      944,
      958,
      999,
      1036,
      1054,
      1076,
      1084,
      1087,
      1154,
      1157,
      1230,
      1273,
      1274,
      1288,
      1311,
      1319,
      1321,
      1391,
      1410,
      1413,
      1441,
      1456,
      1464,
      1492,
      1528,
      1594,
      1668,
      1672,
      1728,
      1766,
      1781,
      1843,
      1900,
      1908,
      1955,
      1960,
      2034,
      2048,
      2057,
      2094,
      2104,
      2137,
      2145,
      2146,
      2184,
      2231,
      2241,
      2322,
      2376,
      2377,
      2388,
      2402,
      2410,
      2442,
      2457,
      2467,
      2649,
      2733,
      2747,
      2768,
      2775,
      2779,
      2791,
      2836,
      2890,
      2902,
      2912,
      2913,
      2917,
      2961,
      3014,
      3045,
      3091,
      3170,
      3174,
      3215,
      3294,
      3337,
      3464,
      3504,
      3530,
      3660,
      3721,
      3734,
      3841,
      3856,
      3865,
      3867,
      3904,
      3964,
      3975,
      4069,
      4095,
      4113,
      4124,
      4183,
      4261,
      4317,
      4327,
      4378,
      4408,
      4419,
      4605
    ],
    "0": [
      25,
      47,
      48,
      109,
      130,
      131,
      151,
      218,
      243,
      439,
      524,
      531,
      565,
      567,
      585,
      667,
      688,
      718,
      720,
      736,
      794,
      840,
      890,
      904,
      920,
      946,
      956,
      967,
      1058,
      1079,
      1111,
      1175,
      1182,
      1205,
      1231,
      1233,
      1290,
      1308,
      1460,
      1550,
      1574,
      1610,
      1625,
      1627,
      1644,
      1695,
      1708,
      1734,
      1786,
      1800,
      1813,
      1840,
      1883,
      1942,
      1995,
      2135,
      2136,
      2176,
      2205,
      2217,
      2245,
      2276,
      2278,
      2283,
      2369,
      2385,
      2418,
      2459,
      2510,
      2542,
      2586,
      2595,
      2625,
      2664,
      2711,
      2712,
      2716,
      2754,
      2783,
      2810,
      2823,
      2857,
      2859,
      2872,
      2964,
      3026,
      3094,
      3194,
      3217,
      3232,
      3417,
      3479,
      3492,
      3499,
      3507,
      3528,
      3553,
      3572,
      3579,
      3582,
      3583,
      3605,
      3611,
      3665,
      3741,
      3768,
      3871,
      3886,
      3908,
      3994,
      4031,
      4057,
      4072,
      4243,
      4311,
      4337,
      4355,
      4356,
      4361,
      4385,
      4389,
      4474,
      4589
    ],
    "8": [
      8,
      137,
      274,
      296,
      307,
      319,
      393,
      424,
      433,
      548,
      592,
      637,
      708,
      744,
      791,
      799,
      841,
      846,
      855,
      869,
      951,
      963,
      1003,
      1029,
      1072,
      1085,
      1154,
      1166,
      1230,
      1304,
      1333,
      1337,
      1368,
      1419,
      1507,
      1526,
      1540,
      1582,
      1619,
      1639,
      1699,
      1806,
      1890,
      1928,
      1946,
      1967,
      1970,
      1972,
      2028,
      2031,
      2097,
      2273,
      2285,
      2304,
      2327,
      2422,
      2428,
      2466,
      2523,
      2614,
      2719,
      2720,
      2729,
      2747,
      2892,
      2928,
      2964,
      2978,
      2989,
      3032,
      3070,
      3154,
      3169,
      3189,
      3210,
      3274,
      3292,
      3331,
      3438,
      3461,
      3493,
      3494,
      3516,
      3554,
      3673,
      3741,
      3847,
      3860,
      3865,
      3936,
      3940,
      3950,
      4030,
      4070,
      4094,
      4204,
      4223,
      4227,
      4281,
      4282,
      4318,
      4319,
      4368,
      4510,
      4566,
      4581
    ],
    "7": [
      102,
      414,
      602,
      668,
      727,
      764,
      1049,
      1056,
      1140,
      1318,
      1475,
      1661,
      1723,
      1840,
      1874,
      2007,
      2210,
      2274,
      2299,
      2312,
      2357,
      2786,
      2881,
      3014,
      3070,
      3273,
      3651,
      3655,
      3656,
      3990,
      4327,
      4411,
      4412,
      4416,
      4514,
      4554,
      4591
    ],