{
  "entry": "A0A125S9D9",
  "entry_name": "CEM1_CONIM",
  "type": "GLM_2",
  "prompt": "MMMRVFIAMFFLLALVEAGWPRLYDKNCKKNILRTYCSNKICGEATKNTNGELQCTMYCRCANGCFRGQYIDWPNQQTNLLFC[GLM]39-76-37",
  "k": 960,
  "original_sequence": "MMMRVFIAMFFLLALVEAGWPRLYDKNCKKNILRTYCSNKICGEATKNTNGELQCTMYCRCANGCFRGQYIDWPNQQTNLLFC",
  "original_ll": -3.0045433044433594,
  "original_perplexity": 20.176998138427734,
  "progen3_sequence": "MMMRVFIAMFFLLALVEAGWPRLYDKNCKKNILRTYCSNEPKVLEPRSEVDLLDGIYPESTNKQNNSQNIILNGQEQTNLLFC",
  "progen3_ll": -2.893749475479126,
  "progen3_perplexity": 18.060901641845703,
  "max_sequence": "MMMRVFIAMFFLLALVEAGWPRLYDKNCKKNILRTYCSNVKNLGDELGDSTVLRGFGSRATLAILCTTINRSQEICQTNLLFC",
  "max_ll": -2.878706455230713,
  "max_perplexity": 17.791244506835938,
  "max_kl": 0.1506817638874054,
  "max_nmse": 1.2951706647872925,
  "base_sequence": "MMMRVFIAMFFLLALVEAGWPRLYDKNCKKNILRTYCSNVMMCCCICLCICIFIIFLCYCCPVCVCPMCFCCCFCWQTNLLFC",
  "base_ll": -2.715369462966919,
  "base_perplexity": 15.11019229888916,
  "base_kl": 0.49409234523773193,
  "base_nmse": 0.18908949196338654,
  "recovered_sequence": "MMMRVFIAMFFLLALVEAGWPRLYDKNCKKNILRTYCSNCYCCCCWMCVCCCLICMCCIMCLCYCCCMCIICNCIIQTNLLFC",
  "recovered_ll": -2.4848265647888184,
  "recovered_perplexity": 11.999039649963379,
  "recovered_kl": 0.4223519563674927,
  "recovered_nmse": 0.27491575479507446,
  "nodes": {
    "0": [
      21,
      38,
      45,
      47,
      48,
      68,
      109,
      131,
      151,
      168,
      179,
      218,
      236,
      237,
      243,
      253,
      261,
      398,
      412,
      418,
      439,
      503,
      524,
      531,
      565,
      567,
      585,
      615,
      640,
      667,
      672,
      688,
      705,
      720,
      736,
      767,
      771,
      840,
      868,
      875,
      890,
      896,
      904,
      920,
      946,
      962,
      967,
      1045,
      1079,
      1111,
      1134,
      1182,
      1205,
      1216,
      1231,
      1233,
      1248,
      1254,
      1287,
      1290,
      1302,
      1308,
      1377,
      1411,
      1419,
      1420,
      1421,
      1427,
      1444,
      1460,
      1494,
      1519,
      1522,
      1536,
      1550,
      1567,
      1574,
      1593,
      1625,
      1705,
      1715,
      1716,
      1727,
      1750,
      1756,
      1762,
      1786,
      1800,
      1813,
      1814,
      1837,
      1840,
      1883,
      1885,
      1942,
      1980,
      1995,
      2027,
      2068,
      2077,
      2117,
      2135,
      2136,
      2176,
      2189,
      2200,
      2217,
      2256,
      2276,
      2278,
      2283,
      2304,
      2322,
      2333,
      2366,
      2369,
      2380,
      2425,
      2427,
      2449,
      2459,
      2473,
      2502,
      2510,
      2523,
      2526,
      2531,
      2535,
      2561,
      2564,
      2577,
      2599,
      2625,
      2646,
      2664,
      2669,
      2692,
      2706,
      2711,
      2716,
      2797,
      2800,
      2809,
      2810,
      2817,
      2819,
      2844,
      2857,
      2859,
      2888,
      2921,
      2945,
      2947,
      2964,
      2989,
      3005,
      3011,
      3021,
      3026,
      3094,
      3110,
      3122,
      3138,
      3150,
      3151,
      3187,
      3214,
      3217,
      3225,
      3232,
      3274,
      3287,
      3292,
      3296,
      3315,
      3344,
      3396,
      3417,
      3434,
      3469,
      3492,
      3497,
      3533,
      3542,
      3551,
      3564,
      3572,
      3574,
      3582,
      3583,
      3600,
      3605,
      3611,
      3625,
      3629,
      3637,
      3658,
      3662,
      3728,
      3741,
      3827,
      3834,
      3848,
      3871,
      3908,
      3909,
      3932,
      3947,
      3978,
      3994,
      4002,
      4046,
      4057,
      4060,
      4072,
      4084,
      4122,
      4124,
      4128,
      4142,
      4145,
      4153,
      4243,
      4251,
      4262,
      4296,
      4311,
      4334,
      4337,
      4355,
      4356,
      4361,
      4390,
      4425,
      4433,
      4436,
      4474,
      4476,
      4488,
      4523,
      4532,
      4549,
      4580,
      4589
    ],
    "9": [
      7,
      14,
      38,
      76,
      138,
      180,
      233,
      266,
      326,
      333,
      382,
      467,
      579,
      597,
      601,
      631,
      671,
      729,
      732,
      813,
      905,
      907,
      963,
      1037,
      1075,
      1106,
      1234,
      1252,
      1415,
      1447,
      1544,
      1583,
      1611,
      1748,
      1840,
      1945,
      1965,
      2103,
      2242,
      2377,
      2390,
      2399,
      2444,
      2519,
      2613,
      2669,
      2728,
      2831,
      2843,
      2914,
      2924,
      2933,
      3008,
      3107,
      3115,
      3163,
      3175,
      3194,
      3226,
      3365,
      3448,
      3692,
      3707,
      3788,
      3868,
      3886,
      3945,
      4005,
      4068,
      4144,
      4233,
      4317,
      4330,
      4345,
      4353,
      4429,
      4438,
      4513,
      4591,
      4594
    ],
    "2": [
      46,
      51,
      114,
      142,
      147,
      177,
      204,
      205,
      214,
      252,
      268,
      294,
      306,
      337,
      361,
      530,
      539,
      610,
      626,
      663,
      687,
      693,
      716,
      764,
      785,
      841,
      873,
      888,
      978,
      985,
      1061,
      1065,
      1078,
      1118,
      1138,
      1139,
      1159,
      1178,
      1190,
      1203,
      1258,
      1278,
      1323,
      1333,
      1352,
      1387,
      1420,
      1435,
      1439,
      1449,
      1470,
      1492,
      1493,
      1506,
      1634,
      1649,
      1660,
      1679,
      1683,
      1694,
      1695,
      1700,
      1702,
      1726,
      1730,
      1732,
      1799,
      1822,
      1825,
      1835,
      1865,
      1924,
      1985,
      1997,
      1999,
      2014,
      2019,
      2040,
      2046,
      2063,
      2093,
      2122,
      2161,
      2204,
      2260,
      2338,
      2343,
      2355,
      2501,
      2509,
      2516,
      2573,
      2587,
      2595,
      2689,
      2726,
      2805,
      2873,
      2876,
      2878,
      2891,
      2915,
      2916,
      2978,
      2988,
      3004,
      3019,
      3020,
      3068,
      3088,
      3093,
      3129,
      3164,
      3188,
      3214,
      3266,
      3273,
      3311,
      3322,
      3333,
      3340,
      3354,
      3373,
      3414,
      3494,
      3495,
      3532,
      3552,
      3582,
      3606,
      3621,
      3638,
      3737,
      3773,
      3797,
      3896,
      3989,
      4088,
      4201,
      4209,
      4219,
      4237,
      4263,
      4313,
      4330,
      4341,
      4360,
      4362,
      4374,
      4440,
      4443,
      4461,
      4489,
      4577,
      4580,
      4585
    ],