{
  "entry": "A5FJP5",
  "entry_name": "RL21_FLAJ1",
  "type": "GLM_1",
  "prompt": "MYAIVEIAGQQFKVSKDLKVYVHRLANEEGSKVSFDKVLLLDDNGNVTLGAPAIEGASVEAKVLQHLKGDKVIVFKKKRRKGYKKRNGHRQYLTQIVIEGITAAGGTKKAAAKKAVVAEEAAATEEVEAAPKAKKAAPKAKKEATKE[GLM]62-78-16",
  "k": 64,
  "original_sequence": "MYAIVEIAGQQFKVSKDLKVYVHRLANEEGSKVSFDKVLLLDDNGNVTLGAPAIEGASVEAKVLQHLKGDKVIVFKKKRRKGYKKRNGHRQYLTQIVIEGITAAGGTKKAAAKKAVVAEEAAATEEVEAAPKAKKAAPKAKKEATKE",
  "original_ll": -0.4829166531562805,
  "original_perplexity": 1.6207947731018066,
  "progen3_sequence": "MYAIVEIAGQQFKVSKDLKVYVHRLANEEGSKVSFDKVLLLDDNGNVTLGAPAIEGASVEAKIIDVGTEGLEILDSVRRRKGYKKRNGHRQYLTQIVIEGITAAGGTKKAAAKKAVVAEEAAATEEVEAAPKAKKAAPKAKKEATKE",
  "progen3_ll": -3.4770448207855225,
  "progen3_perplexity": 32.36393737792969,
  "max_sequence": "MYAIVEIAGQQFKVSKDLKVYVHRLANEEGSKVSFDKVLLLDDNGNVTLGAPAIEGASVEAKARKVEGEAGKADKESKRRKGYKKRNGHRQYLTQIVIEGITAAGGTKKAAAKKAVVAEEAAATEEVEAAPKAKKAAPKAKKEATKE",
  "max_ll": -2.9531548023223877,
  "max_perplexity": 19.166324615478516,
  "max_kl": 0.5301217436790466,
  "max_nmse": 0.598552942276001,
  "base_sequence": "MYAIVEIAGQQFKVSKDLKVYVHRLANEEGSKVSFDKVLLLDDNGNVTLGAPAIEGASVEAKMIPSSLMLSIVVEFSARRKGYKKRNGHRQYLTQIVIEGITAAGGTKKAAAKKAVVAEEAAATEEVEAAPKAKKAAPKAKKEATKE",
  "base_ll": -4.501262187957764,
  "base_perplexity": 90.13082122802734,
  "base_kl": 0.38460177183151245,
  "base_nmse": 0.14966660737991333,
  "recovered_sequence": "MYAIVEIAGQQFKVSKDLKVYVHRLANEEGSKVSFDKVLLLDDNGNVTLGAPAIEGASVEAKIIKVKFVELEKVVKVVRRKGYKKRNGHRQYLTQIVIEGITAAGGTKKAAAKKAVVAEEAAATEEVEAAPKAKKAAPKAKKEATKE",
  "recovered_ll": -3.1540825366973877,
  "recovered_perplexity": 23.431529998779297,
  "recovered_kl": 0.589011549949646,
  "recovered_nmse": 0.2778920829296112,
  "nodes": {
    "9": [
      138,
      180,
      255,
      467,
      506,
      601,
      963,
      1037,
      1075,
      1106,
      1234,
      1443,
      1447,
      1611,
      1751,
      1763,
      1840,
      1879,
      2103,
      2242,
      2421,
      2444,
      2613,
      2669,
      2945,
      3175,
      3365,
      3707,
      3868,
      3886,
      3935,
      3963,
      4116,
      4203,
      4233,
      4353,
      4355,
      4470,
      4513,
      4594
    ],
    "0": [
      531,
      1290,
      1813,
      1995,
      2625,
      2711,
      3605,
      3871,
      3908
    ],
    "1": [
      514,
      1087,
      1311,
      1464,
      1955,
      2457,
      3045,
      3504,
      3865,
      4069,
      4378
    ],
    "2": [
      3164
    ],
    "3": [
      3941
    ],
    "6": [
      714
    ],
    "8": [
      4030
    ]
  }
}
