{
  "entry": "C3LRY8",
  "entry_name": "SPRT_VIBCM",
  "type": "CLM",
  "prompt": "MVRFDLHCQAEQKIKQCIATASEALQRPFKLPKLNYRLRGRAAGKAYLQLGEIRLNPVLFAENVDDFLQQVIPHEIAHLITYQLYGRVRPHGVEWQQVMSQVFKLEPKTTHTFSVTSVQGKTFHYRCAC",
  "k": 256,
  "original_sequence": "MVRFDLHCQAEQKIKQCIATASEALQRPFKLPKLNYRLRGRAAGKAYLQLGEIRLNPVLFAENVDDFLQQVIPHEIAHLITYQLYGRVRPHGVEWQQVMSQVFKLEPKTTHTFSVTSVQGKTFHYRCACREYPLTIRRHNKVLRGEATYRCQSCQQNLIYQA",
  "original_ll": -2.261188268661499,
  "original_perplexity": 9.594482421875,
  "progen3_sequence": "MVRFDLHCQAEQKIKQCIATASEALQRPFKLPKLNYRLRGRAAGKAYLQLGEIRLNPVLFAENVDDFLQQVIPHEIAHLITYQLYGRVRPHGVEWQQVMSQVFKLEPKTTHTFSVTSVQGKTFHYRCACQKGLILRVVRDNKILVRRNGRKYLCKNCKTLLK",
  "progen3_ll": -1.8112975358963013,
  "progen3_perplexity": 6.118381500244141,
  "max_sequence": "MVRFDLHCQAEQKIKQCIATASEALQRPFKLPKLNYRLRGRAAGKAYLQLGEIRLNPVLFAENVDDFLQQVIPHEIAHLITYQLYGRVRPHGVEWQQVMSQVFKLEPKTTHTFSVTSVQGKTFHYRCACEALGVQQPEQQTLRLELRDFEPAVQIELLGKLM",
  "max_ll": -2.971696376800537,
  "max_perplexity": 19.525012969970703,
  "max_kl": 0.6429039835929871,
  "max_nmse": 0.09373119473457336,
  "base_sequence": "MVRFDLHCQAEQKIKQCIATASEALQRPFKLPKLNYRLRGRAAGKAYLQLGEIRLNPVLFAENVDDFLQQVIPHEIAHLITYQLYGRVRPHGVEWQQVMSQVFKLEPKTTHTFSVTSVQGKTFHYRCACCCCCCCCCCCCCCCCCCCCCCCCCCC",
  "base_ll": -1.6348050832748413,
  "base_perplexity": 5.128458499908447,
  "base_kl": 2.9368817806243896,
  "base_nmse": 3.682760238647461,
  "recovered_sequence": "MVRFDLHCQAEQKIKQCIATASEALQRPFKLPKLNYRLRGRAAGKAYLQLGEIRLNPVLFAENVDDFLQQVIPHEIAHLITYQLYGRVRPHGVEWQQVMSQVFKLEPKTTHTFSVTSVQGKTFHYRCACQLTLFLLLVCLFLIFVCMVLSLVCFLLMLLLII",
  "recovered_ll": -2.918679714202881,
  "recovered_perplexity": 18.516822814941406,
  "recovered_kl": 0.7402423620223999,
  "recovered_nmse": 0.13871002197265625,
  "nodes": {
    "9": [
      14,
      20,
      103,
      138,
      180,
      255,
      374,
      467,
      484,
      506,
      519,
      597,
      601,
      694,
      998,
      1075,
      1106,
      1183,
      1195,
      1234,
      1348,
      1435,
      1443,
      1447,
      1468,
      1565,
      1583,
      1611,
      1740,
      1751,
      1763,
      1824,
      1840,
      1879,
      2242,
      2421,
      2429,
      2444,
      2613,
      2631,
      2677,
      2728,
      2898,
      2945,
      3123,
      3226,
      3276,
      3365,
      3454,
      3515,
      3650,
      3773,
      3831,
      3959,
      4012,
      4116,
      4131,
      4203,
      4233,
      4252,
      4301,
      4330,
      4353,
      4355,
      4407,
      4470,
      4513,
      4570,
      4594
    ],
    "8": [
      83,
      95,
      308,
      508,
      511,
      579,
      791,
      974,
      1077,
      1511,
      1551,
      1620,
      1814,
      1844,
      2003,
      2290,
      2495,
      2616,
      2694,
      2893,
      2952,
      3071,
      3248,
      3434,
      3462,
      3523,
      3911,
      3992,
      4129,
      4149,
      4215,
      4360,
      4380,
      4424
    ],
    "1": [
      396,
      403,
      495,
      505,
      514,
      585,
      649,
      802,
      944,
      1084,
      1087,
      1154,
      1157,
      1311,
      1321,
      1391,
      1410,
      1413,
      1441,
      1464,
      1594,
      1668,
      1843,
      1900,
      1955,
      1960,
      2034,
      2048,
      2094,
      2104,
      2137,
      2145,
      2146,
      2376,
      2388,
      2457,
      2467,
      2649,
      2747,
      2917,
      3014,
      3045,
      3091,
      3170,
      3174,
      3215,
      3387,
      3504,
      3865,
      3867,
      3904,
      4069,
      4095,
      4113,
      4124,
      4261,
      4317,
      4327,
      4378,
      4408
    ],
    "0": [
      131,
      218,
      531,
      1290,
      1625,
      1705,
      1813,
      1840,
      1942,
      2176,
      2625,
      2711,
      2857,
      3605,
      3871,
      3908,
      4084,
      4337,
      4355
    ],
    "6": [
      29,
      714,
      1081,
      1286,
      2142,
      3435,
      3550,
      3975
    ],
    "7": [
      86,
      190,
      442,
      616,
      773,
      939,
      1238,
      1940,
      2454,
      3044,
      3348,
      3937,
      4578
    ],
    "4": [
      30,
      185,
      217,
      733,
      866,
      876,
      948,
      1144,
      1263,
      1395,
      1463,
      1584,
      1673,
      1695,
      1780,
      1798,
      2221,
      2378,
      2468,
      2522,
      2659,
      2836,
      2855,
      2961,
      3164,
      3394,
      3649,
      3654,
      3657,
      3772,
      4099,
      4132,
      4322
    ],
    "2": [
      890,
      1190,
      1317,
      3733,
      3892,
      4171,
      4237,
      4267,
      4577
    ],
    "3": [
      369,
      1108,
      1281,
      1490,
      2806,
      2949,
      3197,
      3412,
      3790,
      3884,
      4474
    ]
  }
}
