{
  "entry": "O07938",
  "entry_name": "YRDF_BACSU",
  "type": "CLM",
  "prompt": "MRKIIIDGRDFENIEVLHDDLKDKLDFPDYYGRNLDALWDCLTGWVDLPLTLVLKNFEFSNTFLGSYADDVL",
  "k": 704,
  "original_sequence": "MRKIIIDGRDFENIEVLHDDLKDKLDFPDYYGRNLDALWDCLTGWVDLPLTLVLKNFEFSNTFLGSYADDVLEVIQEAQEELKDEFKIIIE",
  "original_ll": -2.6207175254821777,
  "original_perplexity": 13.745583534240723,
  "progen3_sequence": "MRKIIIDGRDFENIEVLHDDLKDKLDFPDYYGRNLDALWDCLTGWVDLPLTLVLKNFEFSNTFLGSYADDVLFRLEEGKEIKITTDNGVKL",
  "progen3_ll": -2.5367650985717773,
  "progen3_perplexity": 12.63871955871582,
  "max_sequence": "MRKIIIDGRDFENIEVLHDDLKDKLDFPDYYGRNLDALWDCLTGWVDLPLTLVLKNFEFSNTFLGSYADDVLYGFKLKKDKKKDFITEYII",
  "max_ll": -2.6963367462158203,
  "max_perplexity": 14.825323104858398,
  "max_kl": 0.10507889837026596,
  "max_nmse": 0.2543804347515106,
  "base_sequence": "MRKIIIDGRDFENIEVLHDDLKDKLDFPDYYGRNLDALWDCLTGWVDLPLTLVLKNFEFSNTFLGSYADDVLC",
  "base_ll": -3.864070177078247,
  "base_perplexity": 47.658939361572266,
  "base_kl": 3.0342671871185303,
  "base_nmse": 4.475674152374268,
  "recovered_sequence": "MRKIIIDGRDFENIEVLHDDLKDKLDFPDYYGRNLDALWDCLTGWVDLPLTLVLKNFEFSNTFLGSYADDVLFDLELLLNKKITKDDLVVL",
  "recovered_ll": -2.5526297092437744,
  "recovered_perplexity": 12.840826988220215,
  "recovered_kl": 0.1179809421300888,
  "recovered_nmse": 0.21809448301792145,
  "nodes": {
    "9": [
      7,
      14,
      76,
      103,
      138,
      180,
      255,
      374,
      467,
      519,
      601,
      907,
      940,
      941,
      963,
      998,
      1037,
      1075,
      1106,
      1183,
      1195,
      1232,
      1234,
      1348,
      1415,
      1435,
      1443,
      1447,
      1468,
      1550,
      1583,
      1611,
      1622,
      1740,
      1751,
      1763,
      1813,
      1824,
      1840,
      1879,
      2174,
      2242,
      2421,
      2429,
      2613,
      2669,
      2677,
      2728,
      2924,
      2945,
      2953,
      2989,
      3115,
      3123,
      3175,
      3226,
      3276,
      3290,
      3365,
      3390,
      3515,
      3650,
      3692,
      3707,
      3773,
      3831,
      3868,
      3886,
      3935,
      3959,
      3963,
      4005,
      4012,
      4116,
      4203,
      4233,
      4252,
      4301,
      4330,
      4345,
      4353,
      4355,
      4407,
      4470,
      4513,
      4570,
      4594
    ],
    "0": [
      36,
      47,
      48,
      58,
      72,
      84,
      109,
      131,
      216,
      218,
      253,
      310,
      472,
      524,
      531,
      555,
      559,
      565,
      653,
      667,
      707,
      720,
      736,
      738,
      785,
      875,
      890,
      934,
      967,
      999,
      1029,
      1079,
      1104,
      1111,
      1147,
      1178,
      1205,
      1233,
      1290,
      1306,
      1308,
      1315,
      1348,
      1377,
      1408,
      1420,
      1427,
      1446,
      1460,
      1474,
      1481,
      1492,
      1516,
      1550,
      1560,
      1574,
      1589,
      1601,
      1625,
      1656,
      1705,
      1813,
      1823,
      1840,
      1875,
      1883,
      1942,
      1995,
      2027,
      2087,
      2105,
      2113,
      2117,
      2135,
      2176,
      2205,
      2278,
      2283,
      2304,
      2333,
      2439,
      2510,
      2535,
      2558,
      2587,
      2599,
      2625,
      2661,
      2664,
      2666,
      2669,
      2711,
      2810,
      2839,
      2844,
      2851,
      2857,
      2859,
      2888,
      2934,
      2954,
      2964,
      2976,
      3057,
      3076,
      3094,
      3122,
      3214,
      3232,
      3375,
      3417,
      3436,
      3492,
      3572,
      3583,
      3605,
      3611,
      3741,
      3844,
      3871,
      3877,
      3908,
      3925,
      3935,
      3948,
      3994,
      4057,
      4060,
      4072,
      4084,
      4119,
      4153,
      4329,
      4335,
      4337,
      4355,
      4356,
      4361,
      4368,
      4402,
      4425,
      4433,
      4488
    ],
    "8": [
      83,
      140,
      222,
      308,
      428,
      502,
      508,
      511,
      524,
      546,
      548,
      579,
      607,
      618,
      699,
      719,
      791,
      819,
      846,
      854,
      923,
      963,
      987,
      1000,
      1077,
      1246,
      1337,
      1368,
      1427,
      1499,
      1507,
      1511,
      1687,
      1737,
      1747,
      1814,
      1844,
      1898,
      1900,
      1969,
      2003,
      2099,
      2157,
      2218,
      2273,
      2290,
      2391,
      2422,
      2439,
      2443,
      2466,
      2495,
      2502,
      2515,
      2605,
      2614,
      2616,
      2694,
      2720,
      2747,
      2893,
      2952,
      2957,
      3071,
      3154,
      3248,
      3314,
      3415,
      3434,
      3462,
      3474,
      3523,
      3562,
      3591,
      3673,
      3741,
      3758,
      3814,
      3847,
      3911,
      3912,
      3992,
      4012,
      4013,
      4030,
      4112,
      4129,
      4149,
      4203,
      4215,
      4274,
      4360,
      4442,
      4469,
      4587
    ],
    "7": [
      86,
      190,
      258,
      442,
      478,
      616,
      732,
      751,
      773,
      783,
      911,
      939,
      1079,
      1203,
      1205,
      1207,
      1232,
      1531,
      1557,
      1590,
      1940,
      2013,
      2084,
      2445,
      2454,
      2842,
      2898,
      3019,
      3044,
      3124,
      3187,
      3302,
      3366,
      3386,
      3508,
      3683,
      3737,
      3759,
      3926,
      4116,
      4132,
      4239,
      4280,
      4569,
      4578
    ],
    "1": [
      18,
      198,
      340,
      352,
      396,
      403,
      421,
      469,
      495,
      505,
      514,
      585,
      649,
      802,
      807,
      868,
      875,
      944,
      1036,
      1054,
      1076,
      1084,
      1087,
      1154,
      1157,
      1230,
      1274,
      1311,
      1321,
      1391,
      1410,
      1413,
      1441,
      1464,
      1492,
      1594,
      1668,
      1672,
      1705,
      1728,
      1781,
      1843,
      1900,
      1955,
      1960,
      2023,
      2034,
      2048,
      2094,
      2104,
      2137,
      2145,
      2146,
      2231,
      2241,
      2322,
      2376,
      2377,
      2388,
      2402,
      2410,
      2442,
      2457,
      2467,
      2649,
      2733,
      2747,
      2775,
      2836,
      2912,
      2913,
      2917,
      2961,
      3014,
      3045,
      3091,
      3170,
      3174,
      3215,
      3294,
      3337,
      3387,
      3464,
      3504,
      3734,
      3865,
      3867,
      3904,
      3964,
      3975,
      4069,
      4095,
      4113,
      4124,
      4183,
      4261,
      4317,
      4327,
      4378,
      4408,
      4419
    ],
    "4": [
      30,
      109,
      185,
      217,
      393,
      423,
      456,
      480,
      490,
      576,
      666,
      673,
      733,
      866,
      876,
      923,
      948,
      1004,
      1038,
      1052,
      1144,
      1225,
      1263,
      1276,
      1355,
      1376,
      1395,
      1463,
      1505,
      1584,
      1626,
      1673,
      1695,
      1723,
      1774,
      1780,
      1798,
      1836,
      1860,
      2091,
      2221,
      2373,
      2378,
      2468,
      2484,
      2522,
      2659,
      2814,
      2836,
      2843,
      2855,
      2874,
      2879,
      2880,
      2885,
      2898,
      2961,
      3164,
      3207,
      3265,
      3394,
      3498,
      3592,
      3649,
      3654,
      3657,
      3710,
      3728,
      3772,
      3849,
      3893,
      4099,
      4132,
      4322,
      4381,
      4403,
      4497,
      4520,
      4544
    ],