{
  "entry": "O14330",
  "entry_name": "YB7F_SCHPO",
  "type": "GLM_1",
  "prompt": "MSASVRGNSKNPQSTSAITTLTDKLLEDISGDFETLQKQFSEKLETMSTRLDQLEESMREAMNKKSSVSPVTSTE[GLM]19-30-11",
  "k": 608,
  "original_sequence": "MSASVRGNSKNPQSTSAITTLTDKLLEDISGDFETLQKQFSEKLETMSTRLDQLEESMREAMNKKSSVSPVTSTE",
  "original_ll": -2.684187412261963,
  "original_perplexity": 14.646294593811035,
  "progen3_sequence": "MSASVRGNSKNPQSTSAITPKNLTAKVENSGDFETLQKQFSEKLETMSTRLDQLEESMREAMNKKSSVSPVTSTE",
  "progen3_ll": -2.787290573120117,
  "progen3_perplexity": 16.236967086791992,
  "max_sequence": "MSASVRGNSKNPQSTSAITTAQAAERQNELGDFETLQKQFSEKLETMSTRLDQLEESMREAMNKKSSVSPVTSTE",
  "max_ll": -2.6781997680664062,
  "max_perplexity": 14.55886173248291,
  "max_kl": 0.3538760542869568,
  "max_nmse": 0.459487646818161,
  "base_sequence": "MSASVRGNSKNPQSTSAITTMNTWSVSSSSGDFETLQKQFSEKLETMSTRLDQLEESMREAMNKKSSVSPVTSTE",
  "base_ll": -2.806511402130127,
  "base_perplexity": 16.552074432373047,
  "base_kl": 0.6136369109153748,
  "base_nmse": 0.6025679707527161,
  "recovered_sequence": "MSASVRGNSKNPQSTSAITTVSSTMSVVSSGDFETLQKQFSEKLETMSTRLDQLEESMREAMNKKSSVSPVTSTE",
  "recovered_ll": -2.53090500831604,
  "recovered_perplexity": 12.564871788024902,
  "recovered_kl": 0.41399502754211426,
  "recovered_nmse": 0.1494145691394806,
  "nodes": {
    "9": [
      1,
      7,
      76,
      138,
      180,
      233,
      255,
      266,
      374,
      419,
      467,
      506,
      579,
      601,
      671,
      729,
      732,
      813,
      902,
      905,
      907,
      940,
      963,
      1037,
      1075,
      1106,
      1234,
      1252,
      1415,
      1435,
      1447,
      1544,
      1583,
      1611,
      1622,
      1748,
      1751,
      1840,
      1879,
      1965,
      2103,
      2242,
      2390,
      2399,
      2444,
      2610,
      2613,
      2631,
      2669,
      2728,
      2843,
      2924,
      2933,
      2953,
      3037,
      3114,
      3115,
      3175,
      3194,
      3226,
      3365,
      3390,
      3448,
      3692,
      3707,
      3773,
      3788,
      3886,
      3945,
      4005,
      4012,
      4144,
      4233,
      4317,
      4353,
      4355,
      4513,
      4594
    ],
    "0": [
      15,
      47,
      109,
      131,
      171,
      218,
      388,
      408,
      412,
      524,
      531,
      565,
      567,
      667,
      718,
      720,
      736,
      780,
      829,
      869,
      920,
      965,
      967,
      1146,
      1205,
      1233,
      1286,
      1290,
      1293,
      1301,
      1308,
      1310,
      1405,
      1408,
      1410,
      1550,
      1628,
      1631,
      1671,
      1695,
      1800,
      1813,
      1814,
      1826,
      1840,
      1860,
      1883,
      1923,
      1942,
      1995,
      2017,
      2136,
      2165,
      2176,
      2205,
      2217,
      2237,
      2283,
      2356,
      2380,
      2419,
      2429,
      2497,
      2510,
      2625,
      2664,
      2711,
      2712,
      2715,
      2747,
      2844,
      2857,
      2859,
      2862,
      2927,
      2964,
      2984,
      3026,
      3094,
      3135,
      3138,
      3174,
      3427,
      3492,
      3564,
      3570,
      3572,
      3579,
      3582,
      3605,
      3611,
      3642,
      3659,
      3660,
      3685,
      3741,
      3871,
      3908,
      3966,
      3994,
      4118,
      4153,
      4241,
      4337,
      4355,
      4356,
      4361,
      4389,
      4396,
      4578,
      4600
    ],
    "1": [
      18,
      198,
      287,
      340,
      352,
      396,
      403,
      421,
      469,
      495,
      505,
      514,
      561,
      585,
      649,
      802,
      807,
      808,
      829,
      864,
      868,
      875,
      944,
      999,
      1036,
      1054,
      1076,
      1084,
      1087,
      1154,
      1157,
      1230,
      1274,
      1311,
      1321,
      1391,
      1410,
      1441,
      1464,
      1492,
      1528,
      1594,
      1668,
      1672,
      1705,
      1728,
      1766,
      1781,
      1843,
      1900,
      1955,
      1960,
      2023,
      2034,
      2048,
      2094,
      2104,
      2137,
      2145,
      2146,
      2231,
      2241,
      2322,
      2376,
      2377,
      2388,
      2402,
      2410,
      2442,
      2457,
      2467,
      2649,
      2733,
      2747,
      2780,
      2836,
      2890,
      2912,
      2913,
      2917,
      3014,
      3045,
      3091,
      3170,
      3174,
      3215,
      3294,
      3337,
      3387,
      3464,
      3504,
      3530,
      3721,
      3734,
      3841,
      3865,
      3904,
      3964,
      3975,
      4069,
      4095,
      4113,
      4124,
      4261,
      4317,
      4327,
      4378,
      4408,
      4419
    ],
    "8": [
      274,
      424,
      433,
      548,
      637,
      743,
      791,
      799,
      846,
      855,
      869,
      899,
      963,
      974,
      1072,
      1098,
      1154,
      1230,
      1337,
      1368,
      1499,
      1507,
      1540,
      1582,
      1639,
      1699,
      1806,
      1841,
      1946,
      1967,
      1970,
      2031,
      2097,
      2157,
      2273,
      2304,
      2327,
      2422,
      2466,
      2487,
      2523,
      2536,
      2614,
      2720,
      2892,
      2989,
      3032,
      3070,
      3154,
      3169,
      3415,
      3438,
      3461,
      3554,
      3741,
      3847,
      3860,
      3940,
      4030,
      4223,
      4227,
      4282,
      4319,
      4368,
      4510,
      4521
    ],
    "2": [
      18,
      75,
      228,
      402,
      403,
      477,
      1065,
      1145,
      1190,
      1323,
      1332,
      1493,
      1622,
      1709,
      2046,
      2063,
      2122,
      2363,
      2458,
      2563,
      2577,
      2623,
      2915,
      3019,
      3063,
      3145,
      3164,
      3228,
      3258,
      3273,
      3359,
      3603,
      3792,
      3868,
      3893,
      4015,
      4040,
      4149,
      4192,
      4237,
      4320,
      4354,
      4391,
      4404,
      4406,
      4418,
      4443
    ],
    "4": [
      131,
      190,
      238,
      347,
      532,
      545,
      598,
      605,
      728,
      777,
      787,
      798,
      866,
      921,
      977,
      997,
      1015,
      1072,
      1336,
      1425,
      1434,
      1437,
      1531,
      1579,
      1728,
      1774,
      1930,
      2117,
      2119,
      2131,
      2462,
      2517,
      2521,
      2616,
      2617,
      2624,
      2668,
      2690,
      2697,
      2779,
      2818,
      2944,
      2997,
      3094,
      3137,
      3151,
      3183,
      3192,
      3410,
      3434,
      3442,
      3450,
      3469,
      3491,
      3501,
      3540,
      3545,
      3711,
      3995,
      4075,
      4089,
      4227
    ],
    "3": [
      517,
      542,
      628,
      665,
      696,
      715,
      751,
      881,
      890,
      948,
      1085,
      1349,
      1371,
      1582,
      1625,
      1743,
      1833,
      1836,
      1887,
      2033,
      2172,
      2187,
      2276,
      2377,
      2445,
      2492,
      2713,
      2721,
      2722,
      2806,
      2808,
      3053,
      3083,
      3337,
      3445,
      3533,
      3570,
      3575,
      3617,
      3638,
      3654,
      3763,
      3881,
      3941,
      3944,
      4020,
      4157,
      4346,
      4418,
      4435
    ],