{
  "entry": "O27342",
  "entry_name": "Y1281_METTH",
  "type": "CLM",
  "prompt": "MAKNVLDLLMWHPKWDIERCRISYLHRGACRNLKTIRGSDIERLERGFMILRDGSSIPYHRVVK",
  "k": 1000,
  "original_sequence": "MAKNVLDLLMWHPKWDIERCRISYLHRGACRNLKTIRGSDIERLERGFMILRDGSSIPYHRVVKIVCDNSFIWKKQKKGIG",
  "original_ll": -3.020853281021118,
  "original_perplexity": 20.508785247802734,
  "progen3_sequence": "MAKNVLDLLMWHPKWDIERCRISYLHRGACRNLKTIRGSDIERLERGFMILRDGSSIPYHRVVKIPSLTDEELRERLRNSF",
  "progen3_ll": -2.476424217224121,
  "progen3_perplexity": 11.898641586303711,
  "max_sequence": "MAKNVLDLLMWHPKWDIERCRISYLHRGACRNLKTIRGSDIERLERGFMILRDGSSIPYHRVVKDGRKKKEKGSLLLRLVD",
  "max_ll": -2.6169052124023438,
  "max_perplexity": 13.693280220031738,
  "max_kl": 0.053411319851875305,
  "max_nmse": 0.04474160447716713,
  "base_sequence": "MAKNVLDLLMWHPKWDIERCRISYLHRGACRNLKTIRGSDIERLERGFMILRDGSSIPYHRVVKC",
  "base_ll": -4.18698787689209,
  "base_perplexity": 65.82421875,
  "base_kl": 4.329037189483643,
  "base_nmse": 5.2760009765625,
  "recovered_sequence": "MAKNVLDLLMWHPKWDIERCRISYLHRGACRNLKTIRGSDIERLERGFMILRDGSSIPYHRVVKIPVLHSLTRIERRRYSF",
  "recovered_ll": -2.8445677757263184,
  "recovered_perplexity": 17.19412612915039,
  "recovered_kl": 0.1673770248889923,
  "recovered_nmse": 0.050649069249629974,
  "nodes": {
    "9": [
      7,
      14,
      38,
      76,
      138,
      180,
      233,
      255,
      266,
      333,
      374,
      467,
      519,
      579,
      597,
      601,
      631,
      671,
      694,
      729,
      732,
      813,
      902,
      907,
      963,
      1037,
      1075,
      1106,
      1234,
      1252,
      1415,
      1447,
      1583,
      1611,
      1622,
      1748,
      1751,
      1840,
      1879,
      1945,
      1965,
      2103,
      2242,
      2390,
      2399,
      2429,
      2444,
      2474,
      2482,
      2613,
      2631,
      2669,
      2728,
      2831,
      2843,
      2898,
      2924,
      2933,
      2945,
      3107,
      3114,
      3115,
      3163,
      3175,
      3194,
      3226,
      3365,
      3390,
      3448,
      3692,
      3707,
      3831,
      3868,
      3886,
      3945,
      4005,
      4233,
      4252,
      4345,
      4353,
      4355,
      4438,
      4470,
      4513,
      4591,
      4594
    ],
    "0": [
      21,
      38,
      42,
      45,
      47,
      48,
      66,
      109,
      120,
      122,
      151,
      168,
      171,
      212,
      218,
      253,
      308,
      388,
      444,
      496,
      514,
      524,
      531,
      559,
      565,
      653,
      664,
      667,
      678,
      718,
      720,
      772,
      890,
      913,
      934,
      946,
      967,
      985,
      1058,
      1079,
      1111,
      1149,
      1205,
      1222,
      1233,
      1248,
      1290,
      1302,
      1308,
      1336,
      1362,
      1377,
      1397,
      1408,
      1427,
      1446,
      1460,
      1550,
      1574,
      1582,
      1601,
      1616,
      1656,
      1705,
      1718,
      1786,
      1809,
      1813,
      1840,
      1845,
      1883,
      1910,
      1942,
      1995,
      2027,
      2113,
      2117,
      2135,
      2153,
      2157,
      2176,
      2205,
      2256,
      2278,
      2283,
      2333,
      2385,
      2468,
      2510,
      2523,
      2535,
      2581,
      2594,
      2599,
      2620,
      2625,
      2645,
      2664,
      2669,
      2711,
      2714,
      2764,
      2791,
      2810,
      2844,
      2854,
      2857,
      2859,
      2862,
      2888,
      2922,
      2964,
      3011,
      3050,
      3062,
      3066,
      3094,
      3104,
      3122,
      3180,
      3217,
      3232,
      3264,
      3296,
      3334,
      3396,
      3417,
      3436,
      3441,
      3442,
      3492,
      3505,
      3539,
      3542,
      3553,
      3570,
      3572,
      3583,
      3605,
      3611,
      3645,
      3646,
      3741,
      3778,
      3847,
      3871,
      3877,
      3908,
      3935,
      3938,
      3956,
      3994,
      4002,
      4007,
      4048,
      4057,
      4072,
      4081,
      4084,
      4119,
      4120,
      4128,
      4142,
      4153,
      4281,
      4311,
      4329,
      4337,
      4355,
      4356,
      4361,
      4402,
      4433,
      4476,
      4488
    ],
    "1": [
      18,
      198,
      340,
      352,
      396,
      403,
      421,
      469,
      495,
      505,
      514,
      585,
      649,
      802,
      807,
      864,
      868,
      875,
      944,
      1036,
      1054,
      1076,
      1084,
      1087,
      1154,
      1157,
      1230,
      1274,
      1311,
      1321,
      1391,
      1410,
      1413,
      1441,
      1464,
      1492,
      1594,
      1668,
      1672,
      1705,
      1728,
      1781,
      1843,
      1900,
      1955,
      1960,
      2023,
      2034,
      2048,
      2094,
      2104,
      2137,
      2145,
      2146,
      2231,
      2241,
      2322,
      2376,
      2377,
      2388,
      2402,
      2410,
      2442,
      2457,
      2467,
      2649,
      2733,
      2747,
      2775,
      2836,
      2912,
      2913,
      2917,
      2961,
      3014,
      3045,
      3091,
      3170,
      3174,
      3215,
      3294,
      3337,
      3387,
      3464,
      3504,
      3734,
      3841,
      3865,
      3867,
      3904,
      3964,
      3975,
      4069,
      4095,
      4113,
      4124,
      4183,
      4261,
      4317,
      4327,
      4378,
      4408,
      4419
    ],
    "8": [
      8,
      91,
      226,
      232,
      265,
      268,
      294,
      307,
      311,
      428,
      433,
      502,
      524,
      530,
      548,
      581,
      592,
      604,
      637,
      791,
      799,
      825,
      846,
      855,
      869,
      963,
      974,
      1009,
      1154,
      1215,
      1225,
      1230,
      1233,
      1245,
      1265,
      1302,
      1304,
      1337,
      1368,
      1499,
      1505,
      1507,
      1530,
      1619,
      1697,
      1699,
      1742,
      1768,
      1794,
      1806,
      1814,
      1841,
      1865,
      1946,
      1987,
      2031,
      2148,
      2157,
      2269,
      2273,
      2280,
      2285,
      2304,
      2326,
      2327,
      2422,
      2439,
      2466,
      2523,
      2528,
      2614,
      2718,
      2719,
      2720,
      2726,
      2747,
      2859,
      2873,
      2882,
      2989,
      3003,
      3032,
      3076,
      3109,
      3154,
      3169,
      3209,
      3213,
      3415,
      3438,
      3461,
      3465,
      3476,
      3554,
      3591,
      3673,
      3693,
      3695,
      3741,
      3758,
      3827,
      3845,
      3847,
      3854,
      3860,
      3865,
      3912,
      3940,
      4012,
      4013,
      4025,
      4030,
      4070,
      4094,
      4138,
      4151,
      4204,
      4223,
      4282,
      4304,
      4319,
      4328,
      4368,
      4405,
      4442,
      4493,
      4510,
      4601
    ],