{
  "entry": "O81417",
  "entry_name": "SRPP_ARATH",
  "type": "CLM",
  "prompt": "MAFSRLSFAASLIVFSSLIISSVAYYGNEADPETGKLIPIAVEGIIKCKSGGKTYPIQGATARIACVKVDAYGNELVPISILSSKTDAKGYFIATIFPSQLRAGRTVTKCKTYLYKSPLADCDFPTDVNKGV",
  "k": 1000,
  "original_sequence": "MAFSRLSFAASLIVFSSLIISSVAYYGNEADPETGKLIPIAVEGIIKCKSGGKTYPIQGATARIACVKVDAYGNELVPISILSSKTDAKGYFIATIFPSQLRAGRTVTKCKTYLYKSPLADCDFPTDVNKGVRGQPLSTYRILQDKSFKLYWAGPFFYTSEPTYY",
  "original_ll": -2.98245906829834,
  "original_perplexity": 19.736289978027344,
  "progen3_sequence": "MAFSRLSFAASLIVFSSLIISSVAYYGNEADPETGKLIPIAVEGIIKCKSGGKTYPIQGATARIACVKVDAYGNELVPISILSSKTDAKGYFIATIFPSQLRAGRTVTKCKTYLYKSPLADCDFPTDVNKGVLKPIVSEPSKDGEELEEEDSSLEDDEDDDEEED",
  "progen3_ll": -2.311128616333008,
  "progen3_perplexity": 10.085801124572754,
  "max_sequence": "MAFSRLSFAASLIVFSSLIISSVAYYGNEADPETGKLIPIAVEGIIKCKSGGKTYPIQGATARIACVKVDAYGNELVPISILSSKTDAKGYFIATIFPSQLRAGRTVTKCKTYLYKSPLADCDFPTDVNKGVFVSKAIIKIKIYKKFIIVENLSIENEDIEDKEE",
  "max_ll": -2.744345188140869,
  "max_perplexity": 15.554425239562988,
  "max_kl": 0.06267400085926056,
  "max_nmse": 0.2028549462556839,
  "base_sequence": "MAFSRLSFAASLIVFSSLIISSVAYYGNEADPETGKLIPIAVEGIIKCKSGGKTYPIQGATARIACVKVDAYGNELVPISILSSKTDAKGYFIATIFPSQLRAGRTVTKCKTYLYKSPLADCDFPTDVNKGVCCCCCCCCCCCCCCCCCCCCCCCCC",
  "base_ll": -1.6158599853515625,
  "base_perplexity": 5.0322136878967285,
  "base_kl": 2.2441768646240234,
  "base_nmse": 2.339172601699829,
  "recovered_sequence": "MAFSRLSFAASLIVFSSLIISSVAYYGNEADPETGKLIPIAVEGIIKCKSGGKTYPIQGATARIACVKVDAYGNELVPISILSSKTDAKGYFIATIFPSQLRAGRTVTKCKTYLYKSPLADCDFPTDVNKGVLVPIVSFTVKAVEELEIMVVALVVLKVFLAVKV",
  "recovered_ll": -2.7923431396484375,
  "recovered_perplexity": 16.319211959838867,
  "recovered_kl": 0.26303592324256897,
  "recovered_nmse": 0.2712412476539612,
  "nodes": {
    "9": [
      7,
      14,
      76,
      103,
      138,
      180,
      255,
      326,
      333,
      374,
      467,
      484,
      506,
      519,
      597,
      601,
      905,
      907,
      940,
      941,
      963,
      1037,
      1075,
      1106,
      1183,
      1195,
      1234,
      1252,
      1415,
      1443,
      1447,
      1468,
      1583,
      1611,
      1622,
      1740,
      1751,
      1840,
      1879,
      1945,
      2103,
      2242,
      2421,
      2429,
      2444,
      2482,
      2483,
      2519,
      2613,
      2631,
      2669,
      2677,
      2728,
      2843,
      2898,
      2924,
      2945,
      2953,
      2989,
      3115,
      3123,
      3163,
      3175,
      3226,
      3276,
      3349,
      3365,
      3390,
      3515,
      3692,
      3707,
      3788,
      3831,
      3868,
      3886,
      3945,
      3959,
      3963,
      4005,
      4012,
      4144,
      4203,
      4233,
      4252,
      4264,
      4283,
      4301,
      4330,
      4345,
      4353,
      4355,
      4438,
      4470,
      4513,
      4591,
      4594
    ],
    "0": [
      38,
      44,
      45,
      47,
      48,
      86,
      109,
      112,
      120,
      131,
      136,
      168,
      171,
      212,
      218,
      236,
      253,
      257,
      317,
      318,
      398,
      420,
      439,
      514,
      524,
      527,
      531,
      559,
      565,
      567,
      627,
      667,
      720,
      736,
      770,
      772,
      780,
      851,
      875,
      890,
      904,
      967,
      1060,
      1079,
      1089,
      1106,
      1111,
      1149,
      1205,
      1233,
      1290,
      1308,
      1314,
      1336,
      1341,
      1342,
      1349,
      1351,
      1362,
      1377,
      1397,
      1419,
      1427,
      1446,
      1460,
      1550,
      1625,
      1656,
      1658,
      1705,
      1716,
      1744,
      1786,
      1788,
      1800,
      1813,
      1840,
      1845,
      1863,
      1883,
      1891,
      1942,
      1995,
      2027,
      2117,
      2135,
      2153,
      2157,
      2176,
      2205,
      2254,
      2256,
      2260,
      2276,
      2278,
      2283,
      2284,
      2299,
      2333,
      2385,
      2418,
      2425,
      2429,
      2436,
      2468,
      2510,
      2523,
      2535,
      2561,
      2575,
      2599,
      2625,
      2669,
      2711,
      2735,
      2791,
      2810,
      2857,
      2859,
      2865,
      2888,
      2938,
      2964,
      3011,
      3033,
      3050,
      3054,
      3065,
      3094,
      3122,
      3194,
      3212,
      3214,
      3232,
      3289,
      3414,
      3417,
      3436,
      3441,
      3445,
      3492,
      3507,
      3542,
      3552,
      3572,
      3600,
      3605,
      3611,
      3625,
      3667,
      3716,
      3728,
      3741,
      3804,
      3834,
      3837,
      3871,
      3908,
      3911,
      3932,
      3994,
      4055,
      4057,
      4072,
      4084,
      4119,
      4153,
      4195,
      4241,
      4290,
      4296,
      4297,
      4334,
      4337,
      4355,
      4356,
      4361,
      4368,
      4390,
      4397,
      4426,
      4433,
      4468,
      4488,
      4549,
      4551,
      4569
    ],
    "1": [
      18,
      198,
      340,
      396,
      403,
      421,
      469,
      495,
      505,
      514,
      585,
      649,
      802,
      807,
      864,
      868,
      944,
      1076,
      1084,
      1087,
      1154,
      1157,
      1230,
      1311,
      1321,
      1391,
      1410,
      1413,
      1441,
      1464,
      1492,
      1594,
      1668,
      1672,
      1705,
      1728,
      1843,
      1900,
      1955,
      1960,
      2023,
      2034,
      2048,
      2094,
      2104,
      2137,
      2145,
      2146,
      2231,
      2241,
      2322,
      2376,
      2377,
      2388,
      2402,
      2410,
      2442,
      2457,
      2467,
      2649,
      2733,
      2747,
      2775,
      2836,
      2902,
      2912,
      2913,
      2917,
      2961,
      3014,
      3045,
      3091,
      3170,
      3174,
      3215,
      3294,
      3337,
      3387,
      3464,
      3504,
      3734,
      3841,
      3865,
      3867,
      3904,
      3964,
      3975,
      4069,
      4095,
      4113,
      4124,
      4183,
      4261,
      4317,
      4327,
      4378,
      4408
    ],
    "8": [
      12,
      83,
      95,
      140,
      222,
      257,
      265,
      268,
      308,
      363,
      399,
      502,
      508,
      511,
      546,
      579,
      607,
      654,
      676,
      699,
      719,
      743,
      767,
      780,
      791,
      854,
      865,
      923,
      974,
      987,
      999,
      1000,
      1077,
      1078,
      1230,
      1246,
      1291,
      1304,
      1360,
      1499,
      1507,
      1511,
      1551,
      1620,
      1660,
      1730,
      1743,
      1761,
      1791,
      1814,
      1824,
      1844,
      1855,
      1865,
      1870,
      1898,
      1900,
      1926,
      1954,
      1970,
      2003,
      2006,
      2085,
      2106,
      2147,
      2290,
      2294,
      2373,
      2385,
      2391,
      2400,
      2418,
      2443,
      2466,
      2495,
      2515,
      2539,
      2605,
      2616,
      2640,
      2686,
      2694,
      2875,
      2893,
      2900,
      2952,
      3013,
      3071,
      3094,
      3151,
      3158,
      3292,
      3300,
      3314,
      3322,
      3415,
      3434,
      3443,
      3462,
      3474,
      3504,
      3523,
      3544,
      3562,
      3591,
      3687,
      3741,
      3814,
      3827,
      3847,
      3855,
      3892,
      3909,
      3911,
      3992,
      4030,
      4047,
      4129,
      4131,
      4149,
      4215,
      4274,
      4360,
      4376,
      4424,
      4493,
      4513
    ],