{
  "entry": "P0DQE4",
  "entry_name": "TXH1A_ETHRU",
  "type": "CLM",
  "prompt": "MKLLVFALFLQVVQLSLAQDDGKCIDMPKLLKKMQPAIDECGYKDAPTDQAKHDAVTCGLQKLGIVTQNKELVVQTYKDYLDDTILQHKTELYNALDECCPSGT",
  "k": 704,
  "original_sequence": "MKLLVFALFLQVVQLSLAQDDGKCIDMPKLLKKMQPAIDECGYKDAPTDQAKHDAVTCGLQKLGIVTQNKELVVQTYKDYLDDTILQHKTELYNALDECCPSGTCPAQDTFKCYHEKIDSVCPGDKQKPQ",
  "original_ll": -2.866447925567627,
  "original_perplexity": 17.574481964111328,
  "progen3_sequence": "MKLLVFALFLQVVQLSLAQDDGKCIDMPKLLKKMQPAIDECGYKDAPTDQAKHDAVTCGLQKLGIVTQNKELVVQTYKDYLDDTILQHKTELYNALDECCPSGTRNFDKLLARLEDLKDSAKKACK",
  "progen3_ll": -2.526733160018921,
  "progen3_perplexity": 12.51256275177002,
  "max_sequence": "MKLLVFALFLQVVQLSLAQDDGKCIDMPKLLKKMQPAIDECGYKDAPTDQAKHDAVTCGLQKLGIVTQNKELVVQTYKDYLDDTILQHKTELYNALDECCPSGTPLKNTTLYELREKLIKVKQENE",
  "max_ll": -2.6195716857910156,
  "max_perplexity": 13.729842185974121,
  "max_kl": 0.08653474599123001,
  "max_nmse": 0.12654604017734528,
  "base_sequence": "MKLLVFALFLQVVQLSLAQDDGKCIDMPKLLKKMQPAIDECGYKDAPTDQAKHDAVTCGLQKLGIVTQNKELVVQTYKDYLDDTILQHKTELYNALDECCPSGTCCCCCCCCCCCCCCCCCCCCCCC",
  "base_ll": -1.3962153196334839,
  "base_perplexity": 4.039881229400635,
  "base_kl": 2.0550901889801025,
  "base_nmse": 2.2519023418426514,
  "recovered_sequence": "MKLLVFALFLQVVQLSLAQDDGKCIDMPKLLKKMQPAIDECGYKDAPTDQAKHDAVTCGLQKLGIVTQNKELVVQTYKDYLDDTILQHKTELYNALDECCPSGTLKFTKLLIELELLLLSAKLVIV",
  "recovered_ll": -2.8294379711151123,
  "recovered_perplexity": 16.93593978881836,
  "recovered_kl": 0.15703077614307404,
  "recovered_nmse": 0.15664346516132355,
  "nodes": {
    "9": [
      7,
      14,
      20,
      103,
      138,
      180,
      255,
      333,
      374,
      467,
      506,
      519,
      597,
      601,
      716,
      813,
      902,
      905,
      907,
      940,
      963,
      998,
      1037,
      1075,
      1106,
      1183,
      1195,
      1232,
      1234,
      1252,
      1348,
      1443,
      1447,
      1550,
      1565,
      1583,
      1611,
      1622,
      1740,
      1751,
      1763,
      1840,
      1879,
      1945,
      2103,
      2242,
      2309,
      2390,
      2421,
      2429,
      2444,
      2482,
      2483,
      2613,
      2631,
      2669,
      2677,
      2728,
      2838,
      2843,
      2924,
      2945,
      2953,
      3029,
      3037,
      3163,
      3175,
      3194,
      3226,
      3258,
      3290,
      3349,
      3365,
      3390,
      3454,
      3515,
      3650,
      3692,
      3707,
      3773,
      3831,
      3868,
      3886,
      3935,
      3959,
      4005,
      4012,
      4131,
      4144,
      4203,
      4233,
      4252,
      4258,
      4301,
      4330,
      4345,
      4353,
      4355,
      4513,
      4570,
      4584,
      4591,
      4594
    ],
    "0": [
      45,
      47,
      48,
      68,
      131,
      168,
      218,
      253,
      256,
      318,
      524,
      531,
      559,
      565,
      567,
      587,
      667,
      720,
      772,
      868,
      875,
      890,
      904,
      967,
      1079,
      1149,
      1205,
      1233,
      1248,
      1290,
      1427,
      1446,
      1460,
      1481,
      1516,
      1522,
      1550,
      1593,
      1625,
      1705,
      1716,
      1750,
      1813,
      1840,
      1883,
      1885,
      1942,
      1990,
      1995,
      2113,
      2117,
      2135,
      2176,
      2205,
      2283,
      2333,
      2418,
      2523,
      2531,
      2535,
      2561,
      2599,
      2605,
      2625,
      2692,
      2706,
      2711,
      2810,
      2819,
      2857,
      2859,
      2888,
      2945,
      3005,
      3094,
      3182,
      3232,
      3441,
      3572,
      3605,
      3611,
      3637,
      3706,
      3716,
      3827,
      3871,
      3908,
      3994,
      4002,
      4057,
      4072,
      4084,
      4119,
      4153,
      4296,
      4337,
      4355,
      4361,
      4433,
      4434,
      4436,
      4476,
      4488,
      4549
    ],
    "6": [
      29,
      61,
      291,
      328,
      392,
      438,
      542,
      544,
      564,
      574,
      714,
      1081,
      1093,
      1144,
      1386,
      1687,
      1785,
      2021,
      2031,
      2051,
      2191,
      2213,
      2245,
      2494,
      2665,
      2913,
      3137,
      3138,
      3435,
      3550,
      3631,
      3633,
      3717,
      3975,
      4086,
      4194,
      4334,
      4424,
      4561
    ],
    "2": [
      46,
      163,
      192,
      242,
      294,
      403,
      657,
      705,
      764,
      841,
      895,
      912,
      1203,
      1679,
      1780,
      1791,
      1825,
      1865,
      1924,
      2000,
      2046,
      2093,
      2173,
      2258,
      2313,
      2493,
      2595,
      2624,
      2689,
      2725,
      2852,
      2870,
      3018,
      3077,
      3148,
      3164,
      3188,
      3197,
      3228,
      3273,
      3333,
      3492,
      3496,
      3526,
      3532,
      3557,
      3716,
      3737,
      3758,
      3892,
      3911,
      3942,
      4088,
      4171,
      4219,
      4237,
      4374,
      4401,
      4577,
      4586
    ],
    "1": [
      198,
      340,
      396,
      403,
      421,
      469,
      495,
      505,
      514,
      585,
      649,
      802,
      807,
      864,
      868,
      944,
      1076,
      1084,
      1087,
      1154,
      1157,
      1230,
      1311,
      1321,
      1391,
      1410,
      1413,
      1441,
      1464,
      1492,
      1594,
      1668,
      1705,
      1728,
      1843,
      1900,
      1955,
      1960,
      2023,
      2034,
      2048,
      2094,
      2104,
      2137,
      2145,
      2146,
      2241,
      2322,
      2376,
      2377,
      2388,
      2410,
      2442,
      2457,
      2467,
      2649,
      2733,
      2747,
      2775,
      2836,
      2902,
      2912,
      2913,
      2917,
      3014,
      3045,
      3091,
      3170,
      3174,
      3215,
      3294,
      3337,
      3387,
      3464,
      3504,
      3734,
      3865,
      3867,
      3904,
      3964,
      3975,
      4069,
      4095,
      4113,
      4124,
      4183,
      4261,
      4317,
      4327,
      4378,
      4408
    ],
    "4": [
      62,
      68,
      83,
      116,
      185,
      217,
      370,
      532,
      623,
      866,
      876,
      948,
      1029,
      1048,
      1050,
      1132,
      1144,
      1175,
      1229,
      1263,
      1355,
      1395,
      1463,
      1526,
      1535,
      1584,
      1602,
      1651,
      1673,
      1695,
      1774,
      1776,
      1780,
      1798,
      2221,
      2248,
      2378,
      2493,
      2507,
      2522,
      2609,
      2643,
      2659,
      2814,
      2843,
      2855,
      2931,
      2936,
      2961,
      3014,
      3085,
      3087,
      3164,
      3204,
      3338,
      3344,
      3394,
      3493,
      3592,
      3649,
      3654,
      3657,
      3893,
      4000,
      4099,
      4215,
      4403
    ],