{
  "entry": "P0DQA6",
  "entry_name": "TXC1A_SCOMO",
  "type": "GLM_2",
  "prompt": "MKCAIVTVITLFICSLIYSVETEEENHLAIPEDPYPTLPLRNYSCNNMACPIKHICGCMPTPITPETPFRDLDCGCYHEFDMMPVCAD[GLM]56-88-32",
  "k": 672,
  "original_sequence": "MKCAIVTVITLFICSLIYSVETEEENHLAIPEDPYPTLPLRNYSCNNMACPIKHICGCMPTPITPETPFRDLDCGCYHEFDMMPVCAD",
  "original_ll": -3.011230707168579,
  "original_perplexity": 20.312381744384766,
  "progen3_sequence": "MKCAIVTVITLFICSLIYSVETEEENHLAIPEDPYPTLPLRNYSCNNMACPIKHICAYEKKIDEVFYWKTSSEPWKFTYERKTFTRPY",
  "progen3_ll": -2.943112850189209,
  "progen3_perplexity": 18.974821090698242,
  "max_sequence": "MKCAIVTVITLFICSLIYSVETEEENHLAIPEDPYPTLPLRNYSCNNMACPIKHICSAGAIEDMEYLEVDECCYNNALVIKKIESSII",
  "max_ll": -2.847940444946289,
  "max_perplexity": 17.252212524414062,
  "max_kl": 0.4467104375362396,
  "max_nmse": 0.32641175389289856,
  "base_sequence": "MKCAIVTVITLFICSLIYSVETEEENHLAIPEDPYPTLPLRNYSCNNMACPIKHICCCCCICCCCCSCCCCCCCCCCCCCCSCYCCCC",
  "base_ll": -1.6687312126159668,
  "base_perplexity": 5.305431842803955,
  "base_kl": 0.9956358671188354,
  "base_nmse": 0.41198915243148804,
  "recovered_sequence": "MKCAIVTVITLFICSLIYSVETEEENHLAIPEDPYPTLPLRNYSCNNMACPIKHICTFIIKIIPYTIIITVSIIISCVIYKKILTCLI",
  "recovered_ll": -2.6011557579040527,
  "recovered_perplexity": 13.479307174682617,
  "recovered_kl": 0.5261136889457703,
  "recovered_nmse": 0.2009401023387909,
  "nodes": {
    "0": [
      45,
      47,
      48,
      90,
      109,
      168,
      179,
      218,
      253,
      310,
      398,
      514,
      524,
      531,
      565,
      642,
      667,
      719,
      720,
      868,
      890,
      910,
      920,
      967,
      994,
      1074,
      1079,
      1149,
      1205,
      1231,
      1248,
      1290,
      1294,
      1301,
      1397,
      1399,
      1419,
      1423,
      1427,
      1453,
      1460,
      1522,
      1550,
      1593,
      1601,
      1660,
      1705,
      1719,
      1750,
      1813,
      1840,
      1883,
      1942,
      1995,
      2017,
      2025,
      2027,
      2077,
      2102,
      2105,
      2135,
      2176,
      2278,
      2283,
      2312,
      2331,
      2333,
      2440,
      2535,
      2536,
      2599,
      2625,
      2639,
      2664,
      2669,
      2692,
      2706,
      2710,
      2711,
      2715,
      2737,
      2810,
      2819,
      2857,
      2859,
      2888,
      2991,
      3005,
      3011,
      3046,
      3060,
      3094,
      3102,
      3122,
      3259,
      3395,
      3434,
      3492,
      3572,
      3605,
      3630,
      3662,
      3767,
      3826,
      3827,
      3871,
      3908,
      4002,
      4057,
      4058,
      4060,
      4062,
      4072,
      4084,
      4119,
      4128,
      4194,
      4290,
      4296,
      4298,
      4337,
      4355,
      4361,
      4378,
      4426,
      4441,
      4488,
      4523,
      4551
    ],
    "9": [
      7,
      14,
      76,
      103,
      138,
      180,
      233,
      255,
      326,
      333,
      374,
      382,
      467,
      506,
      519,
      597,
      601,
      765,
      813,
      905,
      907,
      940,
      941,
      963,
      1037,
      1075,
      1106,
      1234,
      1437,
      1447,
      1565,
      1583,
      1611,
      1740,
      1751,
      1840,
      1879,
      1945,
      2103,
      2242,
      2377,
      2390,
      2399,
      2421,
      2429,
      2444,
      2482,
      2483,
      2519,
      2613,
      2669,
      2677,
      2710,
      2728,
      2843,
      2924,
      2945,
      2953,
      3008,
      3115,
      3163,
      3175,
      3226,
      3276,
      3290,
      3349,
      3365,
      3692,
      3707,
      3788,
      3831,
      3868,
      3886,
      3959,
      3963,
      4005,
      4012,
      4144,
      4203,
      4233,
      4252,
      4264,
      4301,
      4317,
      4330,
      4345,
      4353,
      4438,
      4513,
      4591,
      4594
    ],
    "8": [
      12,
      50,
      140,
      222,
      257,
      265,
      292,
      511,
      546,
      699,
      719,
      743,
      767,
      791,
      889,
      974,
      987,
      1000,
      1077,
      1152,
      1198,
      1246,
      1360,
      1397,
      1427,
      1474,
      1511,
      1551,
      1620,
      1660,
      1687,
      1708,
      1730,
      1737,
      1743,
      1761,
      1791,
      1814,
      1824,
      1844,
      1926,
      1954,
      1970,
      2106,
      2147,
      2198,
      2418,
      2443,
      2455,
      2487,
      2513,
      2515,
      2536,
      2605,
      2672,
      2694,
      2893,
      2900,
      2952,
      2960,
      3071,
      3331,
      3415,
      3434,
      3474,
      3504,
      3523,
      3687,
      3741,
      3827,
      3847,
      3911,
      3992,
      4030,
      4047,
      4129,
      4149,
      4424,
      4587
    ],
    "2": [
      36,
      46,
      237,
      252,
      258,
      340,
      361,
      393,
      403,
      510,
      764,
      912,
      985,
      1138,
      1190,
      1203,
      1242,
      1317,
      1332,
      1572,
      1660,
      1767,
      1796,
      1825,
      1835,
      1865,
      2000,
      2093,
      2173,
      2248,
      2258,
      2313,
      2363,
      2380,
      2426,
      2509,
      2595,
      2689,
      2715,
      2719,
      2725,
      2805,
      2855,
      2915,
      2988,
      3228,
      3273,
      3333,
      3340,
      3376,
      3382,
      3494,
      3712,
      3737,
      3767,
      3799,
      3892,
      3976,
      4046,
      4088,
      4219,
      4374,
      4401,
      4409,
      4440,
      4443,
      4577,
      4581,
      4586
    ],
    "1": [
      18,
      198,
      287,
      340,
      396,
      403,
      421,
      469,
      495,
      505,
      514,
      585,
      649,
      802,
      807,
      864,
      868,
      944,
      1076,
      1084,
      1087,
      1154,
      1157,
      1230,
      1311,
      1321,
      1391,
      1410,
      1441,
      1464,
      1492,
      1594,
      1668,
      1672,
      1705,
      1728,
      1843,
      1900,
      1955,
      1960,
      2023,
      2034,
      2048,
      2094,
      2104,
      2137,
      2145,
      2146,
      2231,
      2241,
      2322,
      2376,
      2377,
      2388,
      2402,
      2410,
      2442,
      2457,
      2467,
      2649,
      2733,
      2747,
      2775,
      2836,
      2902,
      2912,
      2913,
      2917,
      3014,
      3045,
      3091,
      3170,
      3174,
      3215,
      3294,
      3337,
      3387,
      3464,
      3504,
      3734,
      3865,
      3867,
      3904,
      3964,
      3975,
      4069,
      4095,
      4113,
      4124,
      4183,
      4261,
      4317,
      4327,
      4378,
      4408
    ],
    "3": [
      5,
      83,
      120,
      224,
      369,
      379,
      443,
      447,
      504,
      538,
      595,
      606,
      668,
      682,
      689,
      711,
      779,
      843,
      910,
      976,
      1108,
      1180,
      1281,
      1324,
      1408,
      1449,
      1490,
      1493,
      1499,
      1557,
      1605,
      1623,
      1646,
      1666,
      1675,
      1710,
      1735,
      1826,
      1867,
      1868,
      2014,
      2090,
      2155,
      2206,
      2258,
      2465,
      2680,
      2686,
      2692,
      2709,
      2746,
      2755,
      2806,
      2824,
      2896,
      2924,
      2949,
      3197,
      3319,
      3337,
      3412,
      3519,
      3632,
      3636,
      3642,
      3679,
      3689,
      3763,
      3790,
      3880,
      3881,
      3884,
      3928,
      4019,
      4049,
      4184,
      4435,
      4452,
      4474,
      4485,
      4535
    ],