{
  "entry": "P14225",
  "entry_name": "PSAK_CHLRE",
  "type": "GLM_2",
  "prompt": "MQALATRPSAIRPTKAARRSSVVVRADGFIGSSTNLIMVASTTATLAAARFGLAPTVKKNTTAGLKLVDSKNSAGVISNDPAGFTIVDVLAMGAAGHGLGVGIVLGLKGIGAL[GLM]31-50-19",
  "k": 960,
  "original_sequence": "MQALATRPSAIRPTKAARRSSVVVRADGFIGSSTNLIMVASTTATLAAARFGLAPTVKKNTTAGLKLVDSKNSAGVISNDPAGFTIVDVLAMGAAGHGLGVGIVLGLKGIGAL",
  "original_ll": -2.644620180130005,
  "original_perplexity": 14.078097343444824,
  "progen3_sequence": "MQALATRPSAIRPTKAARRSSVVVRADGFIGQTENRQIRTRELSLAGAGTFGLAPTVKKNTTAGLKLVDSKNSAGVISNDPAGFTIVDVLAMGAAGHGLGVGIVLGLKGIGAL",
  "progen3_ll": -2.771848678588867,
  "progen3_perplexity": 15.988164901733398,
  "max_sequence": "MQALATRPSAIRPTKAARRSSVVVRADGFIGGESALAASSLLVLAGALAYFGLAPTVKKNTTAGLKLVDSKNSAGVISNDPAGFTIVDVLAMGAAGHGLGVGIVLGLKGIGAL",
  "max_ll": -2.4442508220672607,
  "max_perplexity": 11.521915435791016,
  "max_kl": 0.2648457884788513,
  "max_nmse": 0.9912287592887878,
  "base_sequence": "MQALATRPSAIRPTKAARRSSVVVRADGFIGPLPSAAPSAAVVVTVAVRSFGLAPTVKKNTTAGLKLVDSKNSAGVISNDPAGFTIVDVLAMGAAGHGLGVGIVLGLKGIGAL",
  "base_ll": -2.381824254989624,
  "base_perplexity": 10.824631690979004,
  "base_kl": 0.3739636242389679,
  "base_nmse": 0.135261669754982,
  "recovered_sequence": "MQALATRPSAIRPTKAARRSSVVVRADGFIGVLVAFVITTVILSLFGLGAFGLAPTVKKNTTAGLKLVDSKNSAGVISNDPAGFTIVDVLAMGAAGHGLGVGIVLGLKGIGAL",
  "recovered_ll": -2.3856568336486816,
  "recovered_perplexity": 10.86619758605957,
  "recovered_kl": 0.3674299120903015,
  "recovered_nmse": 0.3481859266757965,
  "nodes": {
    "9": [
      1,
      7,
      53,
      76,
      138,
      180,
      233,
      255,
      266,
      333,
      374,
      419,
      467,
      506,
      579,
      601,
      671,
      694,
      729,
      732,
      813,
      902,
      907,
      937,
      940,
      963,
      998,
      1037,
      1075,
      1106,
      1234,
      1252,
      1415,
      1447,
      1544,
      1583,
      1611,
      1622,
      1740,
      1748,
      1751,
      1813,
      1840,
      1879,
      1965,
      2103,
      2242,
      2283,
      2390,
      2399,
      2444,
      2613,
      2631,
      2669,
      2710,
      2728,
      2831,
      2843,
      2914,
      2924,
      2933,
      3037,
      3114,
      3115,
      3175,
      3194,
      3226,
      3365,
      3376,
      3390,
      3448,
      3692,
      3707,
      3773,
      3788,
      3886,
      3935,
      3945,
      3963,
      4005,
      4012,
      4233,
      4317,
      4353,
      4355,
      4429,
      4470,
      4513,
      4591,
      4594
    ],
    "1": [
      18,
      198,
      287,
      340,
      352,
      396,
      403,
      421,
      469,
      495,
      505,
      514,
      561,
      585,
      649,
      802,
      807,
      829,
      864,
      868,
      875,
      944,
      999,
      1036,
      1076,
      1084,
      1087,
      1154,
      1157,
      1230,
      1274,
      1288,
      1311,
      1321,
      1391,
      1410,
      1413,
      1441,
      1464,
      1492,
      1528,
      1594,
      1668,
      1672,
      1705,
      1728,
      1766,
      1781,
      1843,
      1900,
      1955,
      1960,
      2023,
      2034,
      2048,
      2057,
      2094,
      2104,
      2137,
      2145,
      2146,
      2231,
      2241,
      2322,
      2376,
      2377,
      2388,
      2402,
      2410,
      2442,
      2457,
      2467,
      2649,
      2733,
      2747,
      2768,
      2775,
      2779,
      2836,
      2890,
      2902,
      2912,
      2913,
      2917,
      2961,
      3014,
      3045,
      3091,
      3170,
      3174,
      3215,
      3294,
      3337,
      3387,
      3464,
      3504,
      3530,
      3660,
      3734,
      3841,
      3865,
      3867,
      3904,
      3964,
      3975,
      4069,
      4095,
      4113,
      4124,
      4183,
      4261,
      4317,
      4327,
      4378,
      4408,
      4419
    ],
    "0": [
      47,
      48,
      109,
      117,
      151,
      212,
      218,
      253,
      257,
      269,
      281,
      293,
      412,
      418,
      420,
      438,
      524,
      531,
      547,
      565,
      567,
      576,
      614,
      627,
      667,
      688,
      705,
      718,
      720,
      736,
      742,
      751,
      767,
      783,
      840,
      851,
      868,
      890,
      958,
      967,
      970,
      1079,
      1111,
      1160,
      1166,
      1205,
      1217,
      1231,
      1251,
      1290,
      1308,
      1310,
      1349,
      1356,
      1402,
      1410,
      1432,
      1460,
      1474,
      1520,
      1550,
      1563,
      1574,
      1610,
      1616,
      1625,
      1631,
      1671,
      1705,
      1716,
      1800,
      1813,
      1840,
      1883,
      1927,
      1934,
      1942,
      1995,
      2070,
      2102,
      2135,
      2169,
      2176,
      2205,
      2244,
      2247,
      2269,
      2278,
      2280,
      2283,
      2322,
      2333,
      2360,
      2385,
      2429,
      2491,
      2510,
      2535,
      2556,
      2564,
      2595,
      2599,
      2625,
      2655,
      2669,
      2711,
      2716,
      2747,
      2758,
      2770,
      2809,
      2810,
      2823,
      2844,
      2857,
      2859,
      2862,
      2927,
      2957,
      2964,
      3011,
      3017,
      3026,
      3033,
      3094,
      3194,
      3232,
      3264,
      3307,
      3309,
      3332,
      3373,
      3417,
      3492,
      3507,
      3528,
      3542,
      3564,
      3572,
      3582,
      3605,
      3611,
      3628,
      3641,
      3642,
      3645,
      3673,
      3741,
      3841,
      3848,
      3871,
      3886,
      3908,
      3994,
      4057,
      4072,
      4084,
      4133,
      4153,
      4304,
      4337,
      4355,
      4356,
      4361,
      4374,
      4389,
      4396,
      4410,
      4421,
      4433,
      4442,
      4520,
      4541,
      4542,
      4589,
      4600
    ],
    "2": [
      15,
      22,
      33,
      47,
      100,
      169,
      210,
      214,
      237,
      277,
      294,
      304,
      323,
      403,
      457,
      573,
      610,
      615,
      631,
      736,
      750,
      789,
      795,
      876,
      890,
      1067,
      1093,
      1151,
      1190,
      1202,
      1284,
      1299,
      1323,
      1328,
      1342,
      1439,
      1444,
      1490,
      1612,
      1683,
      1706,
      1707,
      1713,
      1753,
      1806,
      1936,
      2046,
      2063,
      2122,
      2132,
      2161,
      2208,
      2230,
      2301,
      2357,
      2363,
      2407,
      2410,
      2416,
      2548,
      2619,
      2623,
      2626,
      2670,
      2719,
      2726,
      2727,
      2730,
      2746,
      2780,
      2805,
      2829,
      2873,
      2915,
      2916,
      2917,
      2944,
      2966,
      3063,
      3089,
      3093,
      3123,
      3164,
      3188,
      3228,
      3256,
      3267,
      3273,
      3307,
      3334,
      3335,
      3354,
      3431,
      3507,
      3565,
      3683,
      3699,
      3780,
      3800,
      3893,
      3903,
      3962,
      3976,
      3985,
      3994,
      4025,
      4035,
      4083,
      4135,
      4139,
      4237,
      4249,
      4267,
      4346,
      4348,
      4404,
      4418,
      4439,
      4447,
      4461,
      4586,
      4588
    ],