{
  "entry": "P20298",
  "entry_name": "YORX_PYRWO",
  "type": "GLM_2",
  "prompt": "AVTVTTMLVRIPIPASQGYLNFGDIMIMLVAVLFGPLVGGFAGGVGSALADVIGYPSWALFTLVIKGTEGVIVGWFSKGTTNYGRILLGTVLGGIVMVLGYVSVAYVLYGPGGAVAEFYNDIVQAVSGIIIGGGLGYILKKRIGPILE[GLM]87-118-31",
  "k": 992,
  "original_sequence": "AVTVTTMLVRIPIPASQGYLNFGDIMIMLVAVLFGPLVGGFAGGVGSALADVIGYPSWALFTLVIKGTEGVIVGWFSKGTTNYGRILLGTVLGGIVMVLGYVSVAYVLYGPGGAVAEFYNDIVQAVSGIIIGGGLGYILKKRIGPILE",
  "original_ll": -2.2087886333465576,
  "original_perplexity": 9.104680061340332,
  "progen3_sequence": "AVTVTTMLVRIPIPASQGYLNFGDIMIMLVAVLFGPLVGGFAGGVGSALADVIGYPSWALFTLVIKGTEGVIVGWFSKGTTNYGRILEDTLERFPRYRTPRGLRAPGRRDGELSVSGLYNDIVQAVSGIIIGGGLGYILKKRIGPILE",
  "progen3_ll": -2.8765461444854736,
  "progen3_perplexity": 17.752851486206055,
  "max_sequence": "AVTVTTMLVRIPIPASQGYLNFGDIMIMLVAVLFGPLVGGFAGGVGSALADVIGYPSWALFTLVIKGTEGVIVGWFSKGTTNYGRILALVIVFGRLYGVIPGGGPEGATRVTPILGAGYNDIVQAVSGIIIGGGLGYILKKRIGPILE",
  "max_ll": -2.745548963546753,
  "max_perplexity": 15.573160171508789,
  "max_kl": 0.26941221952438354,
  "max_nmse": 0.7539392113685608,
  "base_sequence": "AVTVTTMLVRIPIPASQGYLNFGDIMIMLVAVLFGPLVGGFAGGVGSALADVIGYPSWALFTLVIKGTEGVIVGWFSKGTTNYGRILVVTMWVWLLYPILVFFIISTPVTPMPLFPVIYNDIVQAVSGIIIGGGLGYILKKRIGPILE",
  "base_ll": -2.8524582386016846,
  "base_perplexity": 17.330331802368164,
  "base_kl": 0.4352908730506897,
  "base_nmse": 0.15163585543632507,
  "recovered_sequence": "AVTVTTMLVRIPIPASQGYLNFGDIMIMLVAVLFGPLVGGFAGGVGSALADVIGYPSWALFTLVIKGTEGVIVGWFSKGTTNYGRILMLLPLIFIIPSVYLGLFAPVILLVVLSVLFLYNDIVQAVSGIIIGGGLGYILKKRIGPILE",
  "recovered_ll": -2.638357639312744,
  "recovered_perplexity": 13.990208625793457,
  "recovered_kl": 0.33830350637435913,
  "recovered_nmse": 0.4460970461368561,
  "nodes": {
    "9": [
      1,
      7,
      76,
      103,
      138,
      180,
      255,
      326,
      333,
      374,
      426,
      467,
      506,
      519,
      601,
      671,
      694,
      765,
      813,
      902,
      907,
      940,
      963,
      1027,
      1037,
      1075,
      1106,
      1232,
      1234,
      1252,
      1435,
      1447,
      1583,
      1611,
      1622,
      1740,
      1751,
      1810,
      1813,
      1840,
      1879,
      1945,
      2103,
      2174,
      2242,
      2390,
      2399,
      2421,
      2444,
      2613,
      2631,
      2669,
      2728,
      2843,
      2924,
      2933,
      3008,
      3107,
      3114,
      3115,
      3146,
      3163,
      3226,
      3276,
      3290,
      3365,
      3692,
      3707,
      3773,
      3788,
      3831,
      3886,
      3945,
      3959,
      3963,
      4005,
      4012,
      4203,
      4233,
      4252,
      4264,
      4301,
      4317,
      4330,
      4345,
      4353,
      4355,
      4438,
      4513,
      4591,
      4594
    ],
    "0": [
      47,
      48,
      56,
      86,
      87,
      109,
      123,
      131,
      151,
      207,
      212,
      218,
      236,
      237,
      253,
      256,
      257,
      296,
      439,
      451,
      472,
      514,
      515,
      524,
      530,
      531,
      565,
      567,
      589,
      636,
      667,
      720,
      721,
      728,
      738,
      785,
      795,
      840,
      875,
      890,
      904,
      967,
      1017,
      1024,
      1079,
      1106,
      1111,
      1139,
      1148,
      1149,
      1158,
      1173,
      1175,
      1205,
      1216,
      1271,
      1290,
      1308,
      1315,
      1397,
      1408,
      1420,
      1434,
      1460,
      1494,
      1550,
      1574,
      1639,
      1656,
      1658,
      1705,
      1711,
      1715,
      1762,
      1800,
      1813,
      1840,
      1883,
      1933,
      1942,
      1975,
      1995,
      2017,
      2024,
      2027,
      2135,
      2176,
      2205,
      2278,
      2283,
      2284,
      2304,
      2333,
      2385,
      2425,
      2440,
      2473,
      2502,
      2505,
      2510,
      2535,
      2586,
      2599,
      2625,
      2636,
      2669,
      2711,
      2764,
      2775,
      2810,
      2844,
      2857,
      2859,
      2865,
      2903,
      2946,
      2964,
      2989,
      2997,
      3011,
      3021,
      3073,
      3094,
      3122,
      3148,
      3156,
      3157,
      3158,
      3159,
      3212,
      3214,
      3217,
      3227,
      3232,
      3271,
      3378,
      3417,
      3441,
      3481,
      3492,
      3526,
      3527,
      3553,
      3572,
      3583,
      3600,
      3603,
      3605,
      3611,
      3612,
      3665,
      3673,
      3709,
      3741,
      3792,
      3801,
      3835,
      3837,
      3871,
      3896,
      3901,
      3908,
      3909,
      3934,
      3947,
      3956,
      3994,
      4031,
      4042,
      4044,
      4055,
      4057,
      4072,
      4084,
      4120,
      4124,
      4153,
      4234,
      4244,
      4297,
      4298,
      4311,
      4337,
      4355,
      4356,
      4361,
      4368,
      4421,
      4425,
      4426,
      4433,
      4474,
      4515,
      4527,
      4541,
      4551,
      4580,
      4589,
      4591,
      4593
    ],
    "6": [
      277,
      392,
      684,
      714,
      755,
      880,
      1073,
      1081,
      1171,
      1424,
      2260,
      2341,
      2559,
      2718,
      2745,
      2831,
      2833,
      2990,
      3088,
      3278,
      3476,
      3572,
      3631,
      3778,
      3980,
      4186,
      4465,
      4551
    ],
    "2": [
      33,
      82,
      83,
      84,
      115,
      193,
      251,
      346,
      364,
      386,
      410,
      412,
      417,
      440,
      530,
      625,
      663,
      670,
      693,
      698,
      734,
      763,
      785,
      805,
      906,
      978,
      1004,
      1016,
      1027,
      1046,
      1070,
      1095,
      1118,
      1154,
      1187,
      1247,
      1290,
      1300,
      1302,
      1320,
      1324,
      1346,
      1348,
      1362,
      1369,
      1387,
      1452,
      1549,
      1557,
      1606,
      1618,
      1655,
      1702,
      1715,
      1725,
      1726,
      1786,
      1825,
      1827,
      1859,
      1926,
      1996,
      1997,
      1999,
      2001,
      2022,
      2046,
      2066,
      2149,
      2241,
      2265,
      2305,
      2337,
      2343,
      2347,
      2354,
      2355,
      2364,
      2404,
      2503,
      2512,
      2516,
      2538,
      2573,
      2624,
      2632,
      2718,
      2740,
      2801,
      2804,
      2824,
      2826,
      2857,
      2858,
      2863,
      2887,
      2897,
      2915,
      2925,
      3009,
      3028,
      3068,
      3109,
      3164,
      3185,
      3218,
      3228,
      3266,
      3269,
      3279,
      3285,
      3309,
      3322,
      3335,
      3360,
      3406,
      3407,
      3433,
      3458,
      3478,
      3493,
      3501,
      3552,
      3570,
      3614,
      3621,
      3644,
      3675,
      3697,
      3748,
      3769,
      3782,
      3786,
      3797,
      3814,
      3858,
      3876,
      3892,
      3896,
      3901,
      3942,
      3961,
      3966,
      3989,
      4011,
      4034,
      4138,
      4166,
      4170,
      4171,
      4220,
      4227,
      4237,
      4269,
      4274,
      4305,
      4330,
      4341,
      4374,
      4397,
      4411,
      4459,
      4489,
      4513,
      4568,
      4580
    ],