{
  "entry": "P24886",
  "entry_name": "NU4LM_CAEEL",
  "type": "CLM",
  "prompt": "MMFLFVSLFMFIFKWQRLIFILISLEFMMLSLFLKFSYVLGEMMFFYFMCFSVISSILGMV",
  "k": 160,
  "original_sequence": "MMFLFVSLFMFIFKWQRLIFILISLEFMMLSLFLKFSYVLGEMMFFYFMCFSVISSILGMVVMVGNMKFFGSDNCIF",
  "original_ll": -3.1149978637695312,
  "original_perplexity": 22.533382415771484,
  "progen3_sequence": "MMFLFVSLFMFIFKWQRLIFILISLEFMMLSLFLKFSYVLGEMMFFYFMCFSVISSILGMVLYLAALKSSRNLSQDL",
  "progen3_ll": -1.9157613515853882,
  "progen3_perplexity": 6.792108058929443,
  "max_sequence": "MMFLFVSLFMFIFKWQRLIFILISLEFMMLSLFLKFSYVLGEMMFFYFMCFSVISSILGMVLIEIFKSSLKELENLK",
  "max_ll": -2.6408772468566895,
  "max_perplexity": 14.02550220489502,
  "max_kl": 0.4065892994403839,
  "max_nmse": 0.16800114512443542,
  "base_sequence": "MMFLFVSLFMFIFKWQRLIFILISLEFMMLSLFLKFSYVLGEMMFFYFMCFSVISSILGMVCCCCCC",
  "base_ll": -4.030622959136963,
  "base_perplexity": 56.29597091674805,
  "base_kl": 2.326071262359619,
  "base_nmse": 2.731358051300049,
  "recovered_sequence": "MMFLFVSLFMFIFKWQRLIFILISLEFMMLSLFLKFSYVLGEMMFFYFMCFSVISSILGMVLFCCFFCCKIFCLIFL",
  "recovered_ll": -2.9771015644073486,
  "recovered_perplexity": 19.630836486816406,
  "recovered_kl": 0.9167985916137695,
  "recovered_nmse": 2.2537167072296143,
  "nodes": {
    "9": [
      7,
      38,
      76,
      138,
      233,
      255,
      333,
      426,
      467,
      597,
      601,
      631,
      671,
      813,
      902,
      905,
      907,
      963,
      1027,
      1037,
      1075,
      1106,
      1234,
      1252,
      1415,
      1447,
      1611,
      1622,
      1740,
      1840,
      1879,
      1945,
      2103,
      2147,
      2242,
      2613,
      2669,
      2843,
      2898,
      2924,
      2933,
      3107,
      3114,
      3115,
      3175,
      3365,
      3390,
      3692,
      3707,
      3868,
      3886,
      3945,
      3963,
      4353,
      4438,
      4470,
      4513,
      4594
    ],
    "4": [
      39,
      157,
      457,
      795,
      943,
      1136,
      1522,
      1670,
      1894,
      2001,
      2023,
      2922,
      3125,
      3447,
      3558,
      3563,
      3796,
      4039,
      4478
    ],
    "8": [
      296,
      1890,
      2273,
      2304,
      2720,
      3847,
      3860,
      3950,
      4030
    ],
    "1": [
      1311,
      1955,
      2034,
      2094,
      2145,
      2241,
      2902,
      3045,
      3091,
      3504,
      3867,
      3964,
      4124,
      4261
    ],
    "0": [
      261,
      531,
      866,
      904,
      1531,
      1705,
      1813,
      2027,
      2283,
      3289,
      3605,
      3871,
      3908,
      3926,
      4044,
      4281,
      4355
    ],
    "3": [
      1771,
      3240,
      3596,
      4274,
      4518
    ],
    "6": [
      1199,
      2477
    ],
    "2": [
      361,
      364,
      447,
      530,
      1387,
      1618,
      1999,
      2512,
      2573,
      2824,
      3009,
      3621,
      3896,
      3901,
      4538
    ],
    "7": [
      239,
      509,
      1123,
      1397,
      1490,
      1652,
      2188,
      2314,
      2835,
      3208,
      3754,
      3929,
      4314,
      4590
    ],
    "5": [
      380,
      1091,
      1326,
      1381,
      1437,
      3483,
      3527
    ]
  }
}
