{
  "entry": "P30395",
  "entry_name": "PSBI_EUGGR",
  "type": "CLM",
  "prompt": "MLILKVFVYALILIFVSLFVFGLLSNDPGRNPYDDTGELMRE",
  "k": 896,
  "original_sequence": "MLILKVFVYALILIFVSLFVFGLLSNDPGRNPYDDTGELMREVFYKDPYKGPL",
  "original_ll": -2.9707090854644775,
  "original_perplexity": 19.505746841430664,
  "progen3_sequence": "MLILKVFVYALILIFVSLFVFGLLSNDPGRNPYDDTGELMREIKGRPIFVREF",
  "progen3_ll": -2.42746901512146,
  "progen3_perplexity": 11.330169677734375,
  "max_sequence": "MLILKVFVYALILIFVSLFVFGLLSNDPGRNPYDDTGELMRELLDLGESLVIL",
  "max_ll": -2.6433255672454834,
  "max_perplexity": 14.059883117675781,
  "max_kl": 0.1588871330022812,
  "max_nmse": 0.1709297001361847,
  "base_sequence": "MLILKVFVYALILIFVSLFVFGLLSNDPGRNPYDDTGELMRECCC",
  "base_ll": -4.259581089019775,
  "base_perplexity": 70.78032684326172,
  "base_kl": 2.4986367225646973,
  "base_nmse": 3.4398696422576904,
  "recovered_sequence": "MLILKVFVYALILIFVSLFVFGLLSNDPGRNPYDDTGELMREIIGLIIGVRFI",
  "recovered_ll": -2.7361741065979004,
  "recovered_perplexity": 15.427847862243652,
  "recovered_kl": 0.22698520123958588,
  "recovered_nmse": 0.14360813796520233,
  "nodes": {
    "9": [
      1,
      7,
      14,
      76,
      138,
      180,
      233,
      255,
      266,
      333,
      374,
      419,
      467,
      506,
      519,
      597,
      601,
      671,
      729,
      732,
      813,
      905,
      907,
      940,
      963,
      1037,
      1075,
      1106,
      1234,
      1252,
      1415,
      1435,
      1447,
      1544,
      1611,
      1622,
      1748,
      1840,
      1879,
      1945,
      2103,
      2174,
      2242,
      2390,
      2399,
      2444,
      2613,
      2669,
      2831,
      2843,
      2924,
      2933,
      2953,
      3114,
      3115,
      3175,
      3194,
      3365,
      3390,
      3448,
      3692,
      3707,
      3788,
      3868,
      3886,
      3945,
      3963,
      4144,
      4233,
      4345,
      4353,
      4355,
      4438,
      4470,
      4513,
      4591,
      4594
    ],
    "1": [
      18,
      198,
      340,
      352,
      396,
      403,
      421,
      469,
      495,
      505,
      514,
      585,
      649,
      802,
      807,
      808,
      864,
      868,
      875,
      944,
      1036,
      1054,
      1076,
      1084,
      1087,
      1154,
      1157,
      1230,
      1274,
      1288,
      1311,
      1319,
      1321,
      1391,
      1410,
      1413,
      1441,
      1464,
      1492,
      1594,
      1668,
      1672,
      1705,
      1728,
      1781,
      1843,
      1900,
      1955,
      1960,
      2034,
      2048,
      2094,
      2104,
      2137,
      2145,
      2146,
      2231,
      2241,
      2322,
      2376,
      2377,
      2388,
      2402,
      2410,
      2457,
      2467,
      2649,
      2733,
      2747,
      2775,
      2836,
      2902,
      2912,
      2913,
      2917,
      3014,
      3045,
      3091,
      3170,
      3174,
      3215,
      3294,
      3387,
      3464,
      3504,
      3660,
      3734,
      3865,
      3867,
      3904,
      3964,
      3975,
      4069,
      4095,
      4113,
      4124,
      4183,
      4261,
      4317,
      4327,
      4378,
      4408,
      4419
    ],
    "8": [
      8,
      296,
      315,
      350,
      424,
      426,
      592,
      708,
      720,
      722,
      791,
      836,
      846,
      856,
      865,
      954,
      963,
      1022,
      1029,
      1128,
      1142,
      1152,
      1198,
      1226,
      1230,
      1337,
      1353,
      1389,
      1499,
      1507,
      1582,
      1639,
      1663,
      1684,
      1687,
      1774,
      1882,
      1890,
      1897,
      1946,
      1963,
      1967,
      1970,
      2273,
      2304,
      2327,
      2338,
      2373,
      2479,
      2510,
      2523,
      2609,
      2620,
      2702,
      2719,
      2720,
      2747,
      2893,
      2978,
      3032,
      3045,
      3048,
      3094,
      3154,
      3169,
      3323,
      3331,
      3415,
      3438,
      3474,
      3493,
      3554,
      3673,
      3741,
      3818,
      3827,
      3847,
      3860,
      3936,
      3940,
      3950,
      4030,
      4114,
      4130,
      4137,
      4223,
      4227,
      4422,
      4425
    ],
    "4": [
      2,
      36,
      87,
      137,
      157,
      159,
      211,
      264,
      298,
      336,
      388,
      389,
      405,
      489,
      499,
      546,
      601,
      728,
      761,
      765,
      794,
      808,
      932,
      1090,
      1106,
      1124,
      1156,
      1166,
      1170,
      1197,
      1220,
      1336,
      1358,
      1393,
      1410,
      1412,
      1449,
      1452,
      1456,
      1468,
      1483,
      1484,
      1486,
      1508,
      1524,
      1546,
      1576,
      1579,
      1587,
      1608,
      1650,
      1659,
      1691,
      1746,
      1751,
      1763,
      1774,
      1841,
      1869,
      1885,
      1907,
      2081,
      2190,
      2193,
      2215,
      2232,
      2233,
      2253,
      2280,
      2320,
      2356,
      2361,
      2394,
      2406,
      2426,
      2476,
      2520,
      2535,
      2604,
      2611,
      2613,
      2619,
      2630,
      2656,
      2696,
      2722,
      2787,
      2883,
      2893,
      2899,
      2909,
      2913,
      2914,
      3013,
      3035,
      3045,
      3126,
      3140,
      3183,
      3200,
      3456,
      3487,
      3488,
      3503,
      3514,
      3518,
      3548,
      3564,
      3581,
      3611,
      3662,
      3670,
      3682,
      3702,
      3721,
      3769,
      3794,
      3803,
      3937,
      3942,
      4016,
      4031,
      4191,
      4223,
      4225,
      4276,
      4306,
      4389,
      4392,
      4415,
      4426,
      4444,
      4527,
      4529,
      4555,
      4584
    ],
    "0": [
      47,
      48,
      109,
      218,
      236,
      253,
      261,
      439,
      524,
      531,
      565,
      639,
      667,
      720,
      866,
      890,
      904,
      920,
      967,
      1079,
      1148,
      1149,
      1182,
      1205,
      1231,
      1290,
      1419,
      1421,
      1550,
      1601,
      1609,
      1656,
      1705,
      1715,
      1813,
      1840,
      1883,
      1942,
      2027,
      2117,
      2135,
      2176,
      2276,
      2283,
      2369,
      2425,
      2535,
      2620,
      2625,
      2636,
      2664,
      2669,
      2711,
      2810,
      2857,
      2859,
      2921,
      2947,
      2964,
      3094,
      3122,
      3151,
      3214,
      3232,
      3417,
      3492,
      3572,
      3582,
      3600,
      3605,
      3611,
      3625,
      3741,
      3871,
      3896,
      3908,
      3909,
      3932,
      3956,
      3994,
      4002,
      4031,
      4046,
      4057,
      4060,
      4072,
      4084,
      4142,
      4153,
      4281,
      4337,
      4355,
      4356,
      4361,
      4474,
      4532
    ],