{
  "entry": "P32435",
  "entry_name": "MFAL2_YEAST",
  "type": "GLM_2",
  "prompt": "MKFISTFLTFILAAVSVTASSDEDIAQVPAEAIIGYLDFGGDHDIAFLPFSNATASGLLFINTTIAEAAEKEQNTTLAKREAVADAWHWLNLRPGQPMYKREANADAWHWLQLKPGQPMY[GLM]36-42-6",
  "k": 224,
  "original_sequence": "MKFISTFLTFILAAVSVTASSDEDIAQVPAEAIIGYLDFGGDHDIAFLPFSNATASGLLFINTTIAEAAEKEQNTTLAKREAVADAWHWLNLRPGQPMYKREANADAWHWLQLKPGQPMY",
  "original_ll": -2.687035322189331,
  "original_perplexity": 14.688065528869629,
  "progen3_sequence": "MKFISTFLTFILAAVSVTASSDEDIAQVPAEAIIGYDKNYMYHDIAFLPFSNATASGLLFINTTIAEAAEKEQNTTLAKREAVADAWHWLNLRPGQPMYKREANADAWHWLQLKPGQPMY",
  "progen3_ll": -3.261286497116089,
  "progen3_perplexity": 26.083070755004883,
  "max_sequence": "MKFISTFLTFILAAVSVTASSDEDIAQVPAEAIIGYGGTVLGHDIAFLPFSNATASGLLFINTTIAEAAEKEQNTTLAKREAVADAWHWLNLRPGQPMYKREANADAWHWLQLKPGQPMY",
  "max_ll": -2.538489580154419,
  "max_perplexity": 12.660533905029297,
  "max_kl": 0.560057520866394,
  "max_nmse": 0.07044936716556549,
  "base_sequence": "MKFISTFLTFILAAVSVTASSDEDIAQVPAEAIIGYSMIISSHDIAFLPFSNATASGLLFINTTIAEAAEKEQNTTLAKREAVADAWHWLNLRPGQPMYKREANADAWHWLQLKPGQPMY",
  "base_ll": -3.1234071254730225,
  "base_perplexity": 22.723669052124023,
  "base_kl": 0.5087337493896484,
  "base_nmse": 0.13414406776428223,
  "recovered_sequence": "MKFISTFLTFILAAVSVTASSDEDIAQVPAEAIIGYTFSIIIHDIAFLPFSNATASGLLFINTTIAEAAEKEQNTTLAKREAVADAWHWLNLRPGQPMYKREANADAWHWLQLKPGQPMY",
  "recovered_ll": -3.078631639480591,
  "recovered_perplexity": 21.728649139404297,
  "recovered_kl": 0.6133039593696594,
  "recovered_nmse": 0.0403977632522583,
  "nodes": {
    "9": [
      1,
      7,
      14,
      138,
      233,
      255,
      266,
      333,
      467,
      506,
      601,
      671,
      729,
      813,
      905,
      907,
      940,
      963,
      1037,
      1075,
      1106,
      1234,
      1252,
      1435,
      1447,
      1622,
      1748,
      1840,
      1879,
      1945,
      2103,
      2390,
      2399,
      2444,
      2613,
      2631,
      2669,
      2843,
      2933,
      2953,
      3115,
      3175,
      3194,
      3365,
      3390,
      3692,
      3707,
      3788,
      3886,
      3945,
      4353,
      4470,
      4513,
      4594
    ],
    "0": [
      218,
      531,
      567,
      1290,
      1813,
      1942,
      1995,
      2283,
      2711,
      2857,
      3871,
      3908,
      4084,
      4119
    ],
    "1": [
      198,
      340,
      396,
      403,
      421,
      469,
      505,
      585,
      649,
      944,
      1076,
      1084,
      1087,
      1154,
      1157,
      1230,
      1311,
      1321,
      1391,
      1441,
      1668,
      1843,
      1955,
      1960,
      2034,
      2048,
      2094,
      2137,
      2145,
      2146,
      2241,
      2322,
      2376,
      2410,
      2457,
      2467,
      2733,
      2836,
      2902,
      2912,
      2917,
      3045,
      3091,
      3174,
      3215,
      3387,
      3464,
      3504,
      3734,
      3865,
      3867,
      3904,
      3964,
      3975,
      4069,
      4095,
      4113,
      4124,
      4261,
      4378,
      4408
    ],
    "8": [
      50,
      315,
      334,
      708,
      720,
      963,
      1152,
      1230,
      1507,
      1582,
      1774,
      1963,
      1970,
      2198,
      2304,
      2373,
      2443,
      2620,
      2702,
      2893,
      2965,
      3045,
      3048,
      3323,
      3331,
      3415,
      3438,
      3741,
      3847,
      3860,
      4532
    ],
    "5": [
      298,
      361,
      629,
      2373,
      2382,
      2982,
      3692,
      3861,
      4016
    ],
    "6": [
      811,
      1014,
      1534,
      2098,
      2155,
      2549,
      2868
    ],
    "3": [
      401,
      885,
      1198,
      1710,
      3214,
      3790,
      4019,
      4351,
      4485
    ],
    "2": [
      142,
      403,
      764,
      1065,
      1493,
      1660,
      1825,
      2595,
      2649,
      3333,
      3552,
      4103,
      4237
    ],
    "4": [
      36,
      211,
      218,
      1170,
      1393,
      1412,
      1587,
      1885,
      2356,
      2361,
      2604,
      2914,
      3183,
      3391,
      3636,
      3721,
      4005,
      4031,
      4071,
      4075,
      4272,
      4444
    ],
    "7": [
      102,
      1760,
      4533,
      4551
    ]
  }
}
