{
  "entry": "P40858",
  "entry_name": "RN49_YEAST",
  "type": "CLM",
  "prompt": "MLQLKFIWPVARITPIYRPFTSHPFRNLATSSSISSTKAKTTKTDTTPLKLSNELYAIFKIHNRPYLVTEGDRVILPFKLKQAEVGDILNMTDVTTLGSRNYKLVGHPINTSLYTLKATVVGKTKRAF",
  "k": 480,
  "original_sequence": "MLQLKFIWPVARITPIYRPFTSHPFRNLATSSSISSTKAKTTKTDTTPLKLSNELYAIFKIHNRPYLVTEGDRVILPFKLKQAEVGDILNMTDVTTLGSRNYKLVGHPINTSLYTLKATVVGKTKRAFQTREVTKRRNRRVRHAKSKGDLTILRISELSMN",
  "original_ll": -2.8627843856811523,
  "original_perplexity": 17.51021385192871,
  "progen3_sequence": "MLQLKFIWPVARITPIYRPFTSHPFRNLATSSSISSTKAKTTKTDTTPLKLSNELYAIFKIHNRPYLVTEGDRVILPFKLKQAEVGDILNMTDVTTLGSRNYKLVGHPINTSLYTLKATVVGKTKRAFTTKELNNILEEESSNIDSIFRLLTIKRNERVKI",
  "progen3_ll": -2.6213576793670654,
  "progen3_perplexity": 13.754384994506836,
  "max_sequence": "MLQLKFIWPVARITPIYRPFTSHPFRNLATSSSISSTKAKTTKTDTTPLKLSNELYAIFKIHNRPYLVTEGDRVILPFKLKQAEVGDILNMTDVTTLGSRNYKLVGHPINTSLYTLKATVVGKTKRAFIKNTSIDIGNKIKKPFLLKDGLYNSPSLNTPIT",
  "max_ll": -2.7328574657440186,
  "max_perplexity": 15.376763343811035,
  "max_kl": 0.13713446259498596,
  "max_nmse": 0.31827253103256226,
  "base_sequence": "MLQLKFIWPVARITPIYRPFTSHPFRNLATSSSISSTKAKTTKTDTTPLKLSNELYAIFKIHNRPYLVTEGDRVILPFKLKQAEVGDILNMTDVTTLGSRNYKLVGHPINTSLYTLKATVVGKTKRAFCCCCCCCCCCCCSCCCCCCCCCCCCCCCC",
  "base_ll": -1.5694254636764526,
  "base_perplexity": 4.803887367248535,
  "base_kl": 1.336290955543518,
  "base_nmse": 1.6787893772125244,
  "recovered_sequence": "MLQLKFIWPVARITPIYRPFTSHPFRNLATSSSISSTKAKTTKTDTTPLKLSNELYAIFKIHNRPYLVTEGDRVILPFKLKQAEVGDILNMTDVTTLGSRNYKLVGHPINTSLYTLKATVVGKTKRAFTTKSNSNILIFLSSNIISITRLLTIKFNVSLLI",
  "recovered_ll": -2.685490131378174,
  "recovered_perplexity": 14.665387153625488,
  "recovered_kl": 0.1393410712480545,
  "recovered_nmse": 0.1593732237815857,
  "nodes": {
    "9": [
      14,
      20,
      103,
      138,
      180,
      255,
      374,
      467,
      506,
      519,
      597,
      601,
      941,
      998,
      1075,
      1106,
      1183,
      1195,
      1234,
      1348,
      1435,
      1443,
      1447,
      1468,
      1583,
      1611,
      1666,
      1698,
      1740,
      1751,
      1763,
      1824,
      1840,
      1879,
      2103,
      2242,
      2421,
      2429,
      2444,
      2483,
      2613,
      2677,
      2728,
      2898,
      2924,
      2945,
      2953,
      2989,
      3163,
      3226,
      3276,
      3290,
      3349,
      3365,
      3515,
      3650,
      3692,
      3707,
      3773,
      3831,
      3868,
      3886,
      3959,
      4005,
      4012,
      4203,
      4233,
      4252,
      4264,
      4301,
      4330,
      4345,
      4353,
      4355,
      4513,
      4594
    ],
    "6": [
      29,
      328,
      347,
      438,
      533,
      544,
      574,
      714,
      1081,
      1286,
      1925,
      2031,
      2142,
      2245,
      2494,
      2554,
      3137,
      3435,
      3497,
      3550,
      3633,
      3659,
      3717,
      3975,
      4135,
      4321,
      4473
    ],
    "0": [
      42,
      47,
      48,
      109,
      218,
      514,
      524,
      531,
      565,
      567,
      667,
      772,
      875,
      890,
      967,
      1079,
      1149,
      1205,
      1290,
      1397,
      1446,
      1550,
      1656,
      1705,
      1716,
      1813,
      1840,
      1883,
      1942,
      1995,
      2117,
      2135,
      2157,
      2176,
      2205,
      2256,
      2283,
      2599,
      2625,
      2669,
      2681,
      2711,
      2810,
      2857,
      2859,
      2938,
      3011,
      3051,
      3054,
      3094,
      3122,
      3306,
      3539,
      3572,
      3605,
      3645,
      3871,
      3908,
      4057,
      4072,
      4084,
      4241,
      4334,
      4337,
      4355,
      4361,
      4426,
      4549,
      4551
    ],
    "8": [
      83,
      95,
      140,
      222,
      257,
      308,
      444,
      496,
      508,
      511,
      546,
      676,
      767,
      791,
      930,
      963,
      974,
      987,
      1000,
      1077,
      1098,
      1507,
      1511,
      1620,
      1730,
      1844,
      2003,
      2294,
      2391,
      2422,
      2443,
      2466,
      2487,
      2495,
      2515,
      2605,
      2616,
      2694,
      2893,
      2900,
      2952,
      3071,
      3151,
      3248,
      3434,
      3462,
      3474,
      3523,
      3544,
      3591,
      3827,
      3992,
      4030,
      4129,
      4274,
      4360,
      4380,
      4513
    ],
    "1": [
      287,
      340,
      396,
      403,
      421,
      469,
      495,
      505,
      514,
      585,
      649,
      802,
      807,
      864,
      868,
      944,
      1076,
      1084,
      1087,
      1154,
      1157,
      1230,
      1311,
      1321,
      1391,
      1410,
      1413,
      1441,
      1464,
      1492,
      1594,
      1668,
      1705,
      1728,
      1843,
      1900,
      1955,
      1960,
      2023,
      2034,
      2048,
      2094,
      2104,
      2137,
      2145,
      2146,
      2231,
      2241,
      2322,
      2376,
      2377,
      2388,
      2410,
      2442,
      2457,
      2467,
      2649,
      2733,
      2747,
      2775,
      2836,
      2912,
      2913,
      2917,
      3014,
      3045,
      3091,
      3170,
      3174,
      3215,
      3294,
      3337,
      3387,
      3464,
      3504,
      3734,
      3865,
      3867,
      3904,
      3964,
      3975,
      4069,
      4095,
      4113,
      4124,
      4183,
      4261,
      4317,
      4327,
      4378,
      4408
    ],
    "2": [
      31,
      131,
      237,
      258,
      873,
      890,
      1190,
      1317,
      1572,
      2046,
      2258,
      2330,
      2581,
      2624,
      2870,
      2915,
      3093,
      3164,
      3228,
      3379,
      3892,
      3976,
      4171,
      4237,
      4267,
      4354,
      4443,
      4586
    ],
    "3": [
      5,
      224,
      264,
      369,
      447,
      504,
      595,
      682,
      689,
      711,
      1108,
      1180,
      1281,
      1490,
      1634,
      1826,
      2014,
      2033,
      2090,
      2377,
      2692,
      2746,
      2806,
      2949,
      3412,
      3570,
      3575,
      3636,
      3884,
      3941,
      4435,
      4474
    ],
    "4": [
      30,
      109,
      185,
      217,
      402,
      423,
      456,
      532,
      576,
      666,
      733,
      866,
      876,
      948,
      1038,
      1052,
      1144,
      1263,
      1276,
      1336,
      1355,
      1395,
      1463,
      1474,
      1584,
      1673,
      1683,
      1695,
      1728,
      1776,
      1780,
      1798,
      2221,
      2378,
      2468,
      2484,
      2508,
      2522,
      2609,
      2659,
      2684,
      2814,
      2836,
      2855,
      2880,
      2885,
      2898,
      2961,
      3164,
      3186,
      3265,
      3394,
      3592,
      3649,
      3654,
      3657,
      3772,
      3893,
      4000,
      4099,
      4132,
      4215,
      4322,
      4381,
      4520,
      4544
    ],
    "7": [
      86,
      190,
      442,
      478,
      616,
      939,
      1057,
      1079,
      1203,
      1649,
      1676,
      2073,
      2898,
      3037,
      3044,
      3400,
      3508,
      3640,
      4041,
      4074,
      4578
    ],
    "5": [
      297,
      533,
      729,
      969,
      1426,
      2504,
      2574,
      2771,
      3318,
      3373,
      4007,
      4176
    ]
  }
}
