{
  "entry": "P53308",
  "entry_name": "YG4U_YEAST",
  "type": "GLM_1",
  "prompt": "MLIVIFHKAIFSNSSLASSTLASSLLISFSSFLFISSVCLFTSSSFFADSVTCSFSTCSFSSTFGCFSSSFLSLSCLMSTLSALISCSACPRLSVFTVVVSASLGSVFTILTDS[GLM]76-84-8",
  "k": 32,
  "original_sequence": "MLIVIFHKAIFSNSSLASSTLASSLLISFSSFLFISSVCLFTSSSFFADSVTCSFSTCSFSSTFGCFSSSFLSLSCLMSTLSALISCSACPRLSVFTVVVSASLGSVFTILTDS",
  "original_ll": -2.5629215240478516,
  "original_perplexity": 12.973665237426758,
  "progen3_sequence": "MLIVIFHKAIFSNSSLASSTLASSLLISFSSFLFISSVCLFTSSSFFADSVTCSFSTCSFSSTFGCFSSSFLSLSCLNLLLKILISCSACPRLSVFTVVVSASLGSVFTILTDS",
  "progen3_ll": -2.541048765182495,
  "progen3_perplexity": 12.692975997924805,
  "max_sequence": "MLIVIFHKAIFSNSSLASSTLASSLLISFSSFLFISSVCLFTSSSFFADSVTCSFSTCSFSSTFGCFSSSFLSLSCSSSSSISIISCSACPRLSVFTVVVSASLGSVFTILTDS",
  "max_ll": -1.7297930717468262,
  "max_perplexity": 5.639486789703369,
  "max_kl": 1.0316989421844482,
  "max_nmse": 0.22670301795005798,
  "base_sequence": "MLIVIFHKAIFSNSSLASSTLASSLLISFSSFLFISSVCLFTSSSFFADSVTCSFSTCSFSSTFGCFSSSFLSLSCSSSSSIFSISCSACPRLSVFTVVVSASLGSVFTILTDS",
  "base_ll": -1.452885389328003,
  "base_perplexity": 4.27543306350708,
  "base_kl": 0.9526629447937012,
  "base_nmse": 0.09807535260915756,
  "recovered_sequence": "MLIVIFHKAIFSNSSLASSTLASSLLISFSSFLFISSVCLFTSSSFFADSVTCSFSTCSFSSTFGCFSSSFLSLSCLSLSSSIFISCSACPRLSVFTVVVSASLGSVFTILTDS",
  "recovered_ll": -1.7415378093719482,
  "recovered_perplexity": 5.706111907958984,
  "recovered_kl": 0.9751692414283752,
  "recovered_nmse": 0.0639641210436821,
  "nodes": {
    "9": [
      14,
      76,
      180,
      255,
      426,
      467,
      597,
      1106,
      1611,
      1769,
      1840,
      1879,
      2147,
      2429,
      2677,
      3276,
      3290,
      3650,
      3831,
      3963,
      4144,
      4264,
      4513,
      4594
    ],
    "0": [
      1705,
      1800,
      2205
    ],
    "1": [
      1668,
      2902,
      3091,
      4408
    ],
    "6": [
      714
    ]
  }
}
