{
  "entry": "P80032",
  "entry_name": "COLE_ZOPAT",
  "type": "CLM",
  "prompt": "SLQGGAPNFPQPSQQNGGWQVSPDLGRDDKGNTRGQIEIQNKGKDHDFNAGWGKVIRGP",
  "k": 128,
  "original_sequence": "SLQGGAPNFPQPSQQNGGWQVSPDLGRDDKGNTRGQIEIQNKGKDHDFNAGWGKVIRGPNKAKPTWHVGGTYRR",
  "original_ll": -3.066948175430298,
  "original_perplexity": 21.476261138916016,
  "progen3_sequence": "SLQGGAPNFPQPSQQNGGWQVSPDLGRDDKGNTRGQIEIQNKGKDHDFNAGWGKVIRGPGGAPVGASGTPVTVV",
  "progen3_ll": -2.3897297382354736,
  "progen3_perplexity": 10.910545349121094,
  "max_sequence": "SLQGGAPNFPQPSQQNGGWQVSPDLGRDDKGNTRGQIEIQNKGKDHDFNAGWGKVIRGPERGQPAPPEGTVGGR",
  "max_ll": -2.659411668777466,
  "max_perplexity": 14.287880897521973,
  "max_kl": 0.19194670021533966,
  "max_nmse": 0.020738357678055763,
  "base_sequence": "SLQGGAPNFPQPSQQNGGWQVSPDLGRDDKGNTRGQIEIQNKGKDHDFNAGWGKVIRGP",
  "base_ll": NaN,
  "base_perplexity": NaN,
  "base_kl": 8.608702659606934,
  "base_nmse": 8.935590744018555,
  "recovered_sequence": "SLQGGAPNFPQPSQQNGGWQVSPDLGRDDKGNTRGQIEIQNKGKDHDFNAGWGKVIRGPGVAPVGCQGQQPTVV",
  "recovered_ll": -2.9057891368865967,
  "recovered_perplexity": 18.2796630859375,
  "recovered_kl": 0.20193660259246826,
  "recovered_nmse": 0.3902363181114197,
  "nodes": {
    "9": [
      20,
      103,
      138,
      180,
      255,
      374,
      467,
      506,
      601,
      940,
      941,
      1075,
      1106,
      1183,
      1195,
      1234,
      1447,
      1583,
      1611,
      1751,
      1763,
      1813,
      1840,
      1879,
      2421,
      2429,
      2613,
      2677,
      2728,
      2953,
      3276,
      3365,
      3515,
      3773,
      4144,
      4203,
      4233,
      4330,
      4353,
      4513,
      4594
    ],
    "0": [
      47,
      48,
      131,
      218,
      531,
      565,
      667,
      890,
      967,
      1290,
      1550,
      1625,
      1813,
      1840,
      1883,
      1942,
      2135,
      2176,
      2625,
      2810,
      2857,
      2859,
      2964,
      3094,
      3572,
      3605,
      3871,
      3908,
      4057,
      4072,
      4084,
      4337,
      4355,
      4361
    ],
    "6": [
      714,
      1081
    ],
    "8": [
      95,
      767,
      791,
      1620,
      1844,
      2385,
      3434
    ],
    "2": [
      841,
      4237
    ],
    "1": [
      403,
      421,
      505,
      585,
      944,
      1084,
      1087,
      1154,
      1321,
      1410,
      1594,
      1960,
      2048,
      2137,
      2457,
      2747,
      2836,
      2917,
      3045,
      3170,
      3174,
      3294,
      3504,
      3865,
      3975,
      4095,
      4113,
      4124,
      4261
    ],
    "4": [
      1263,
      1584,
      1774,
      1780,
      2522,
      2659,
      3394
    ],
    "3": [
      682,
      1826,
      3475,
      3884,
      4474
    ],
    "7": [
      2898
    ]
  }
}
