{
  "entry": "Q02MN4",
  "entry_name": "Y3316_PSEAB",
  "type": "CLM",
  "prompt": "MIVRTLLIAAALLGGTAQAAESTDLCGANLQKLDDILAVRGKTSVTGARVTEVKELQAKARQDQASGDTKG",
  "k": 1000,
  "original_sequence": "MIVRTLLIAAALLGGTAQAAESTDLCGANLQKLDDILAVRGKTSVTGARVTEVKELQAKARQDQASGDTKGCITATTQALQILQNAGKK",
  "original_ll": -2.615102529525757,
  "original_perplexity": 13.668618202209473,
  "progen3_sequence": "MIVRTLLIAAALLGGTAQAAESTDLCGANLQKLDDILAVRGKTSVTGARVTEVKELQAKARQDQASGDTKGALQRYQDALKLDPTNAAA",
  "progen3_ll": -1.599307656288147,
  "progen3_perplexity": 4.949604511260986,
  "max_sequence": "MIVRTLLIAAALLGGTAQAAESTDLCGANLQKLDDILAVRGKTSVTGARVTEVKELQAKARQDQASGDTKGFLAGGSAIAAQATQTALA",
  "max_ll": -2.62277889251709,
  "max_perplexity": 13.773946762084961,
  "max_kl": 0.4470870792865753,
  "max_nmse": 0.11476559937000275,
  "base_sequence": "MIVRTLLIAAALLGGTAQAAESTDLCGANLQKLDDILAVRGKTSVTGARVTEVKELQAKARQDQASGDTKGCCCCCCCCCCC",
  "base_ll": -2.9411566257476807,
  "base_perplexity": 18.9377384185791,
  "base_kl": 2.621638536453247,
  "base_nmse": 3.255417823791504,
  "recovered_sequence": "MIVRTLLIAAALLGGTAQAAESTDLCGANLQKLDDILAVRGKTSVTGARVTEVKELQAKARQDQASGDTKGALTRTASVTLTVATVLAA",
  "recovered_ll": -2.5020720958709717,
  "recovered_perplexity": 12.207763671875,
  "recovered_kl": 0.7120774388313293,
  "recovered_nmse": 0.05340360850095749,
  "nodes": {
    "9": [
      1,
      7,
      14,
      76,
      138,
      180,
      255,
      266,
      333,
      374,
      382,
      467,
      601,
      671,
      694,
      732,
      813,
      902,
      905,
      907,
      940,
      963,
      998,
      1037,
      1075,
      1106,
      1183,
      1234,
      1252,
      1348,
      1415,
      1435,
      1443,
      1447,
      1583,
      1611,
      1622,
      1740,
      1751,
      1763,
      1840,
      1879,
      1945,
      2103,
      2242,
      2377,
      2390,
      2399,
      2421,
      2429,
      2444,
      2613,
      2669,
      2728,
      2843,
      2924,
      2933,
      2945,
      3107,
      3114,
      3115,
      3163,
      3175,
      3276,
      3349,
      3365,
      3390,
      3707,
      3788,
      3831,
      3886,
      3935,
      3945,
      3959,
      3963,
      4005,
      4012,
      4144,
      4203,
      4233,
      4252,
      4264,
      4301,
      4330,
      4345,
      4353,
      4355,
      4470,
      4513,
      4591,
      4594
    ],
    "0": [
      36,
      47,
      48,
      86,
      109,
      131,
      168,
      171,
      212,
      218,
      253,
      256,
      306,
      317,
      388,
      416,
      420,
      451,
      514,
      531,
      532,
      559,
      565,
      567,
      607,
      667,
      722,
      772,
      805,
      839,
      840,
      851,
      856,
      875,
      890,
      903,
      920,
      934,
      940,
      945,
      957,
      967,
      1079,
      1136,
      1158,
      1179,
      1205,
      1215,
      1286,
      1290,
      1341,
      1342,
      1349,
      1356,
      1444,
      1476,
      1481,
      1550,
      1574,
      1582,
      1625,
      1656,
      1676,
      1716,
      1813,
      1840,
      1867,
      1875,
      1879,
      1883,
      1942,
      1950,
      1995,
      2015,
      2016,
      2060,
      2077,
      2113,
      2135,
      2172,
      2174,
      2177,
      2205,
      2217,
      2254,
      2283,
      2338,
      2358,
      2371,
      2408,
      2469,
      2490,
      2523,
      2556,
      2604,
      2605,
      2625,
      2711,
      2747,
      2757,
      2758,
      2780,
      2810,
      2819,
      2823,
      2857,
      2859,
      2888,
      2978,
      3033,
      3037,
      3057,
      3069,
      3122,
      3128,
      3174,
      3187,
      3198,
      3200,
      3220,
      3229,
      3271,
      3278,
      3334,
      3344,
      3368,
      3378,
      3430,
      3436,
      3441,
      3478,
      3499,
      3507,
      3568,
      3605,
      3611,
      3619,
      3659,
      3673,
      3691,
      3716,
      3717,
      3768,
      3861,
      3871,
      3908,
      3978,
      4002,
      4057,
      4119,
      4228,
      4234,
      4296,
      4297,
      4337,
      4351,
      4355,
      4426,
      4488,
      4511,
      4600
    ],
    "1": [
      198,
      287,
      340,
      396,
      403,
      421,
      469,
      495,
      505,
      514,
      585,
      649,
      802,
      807,
      864,
      868,
      875,
      944,
      1036,
      1076,
      1084,
      1087,
      1154,
      1157,
      1230,
      1311,
      1321,
      1391,
      1410,
      1413,
      1441,
      1464,
      1492,
      1594,
      1668,
      1705,
      1728,
      1843,
      1900,
      1955,
      1960,
      2023,
      2034,
      2048,
      2094,
      2104,
      2137,
      2145,
      2146,
      2231,
      2241,
      2322,
      2376,
      2377,
      2388,
      2410,
      2442,
      2457,
      2467,
      2649,
      2733,
      2747,
      2775,
      2836,
      2902,
      2912,
      2913,
      2917,
      3014,
      3045,
      3091,
      3170,
      3174,
      3215,
      3294,
      3337,
      3387,
      3464,
      3504,
      3734,
      3865,
      3867,
      3904,
      3964,
      3975,
      4069,
      4095,
      4113,
      4124,
      4183,
      4261,
      4317,
      4327,
      4378,
      4408
    ],
    "2": [
      46,
      47,
      105,
      192,
      202,
      242,
      252,
      294,
      306,
      335,
      340,
      379,
      403,
      406,
      411,
      470,
      488,
      525,
      527,
      578,
      663,
      673,
      687,
      703,
      705,
      744,
      764,
      841,
      912,
      951,
      980,
      999,
      1013,
      1086,
      1166,
      1183,
      1190,
      1203,
      1299,
      1323,
      1387,
      1414,
      1493,
      1532,
      1587,
      1660,
      1679,
      1722,
      1743,
      1750,
      1767,
      1780,
      1855,
      1870,
      1886,
      1924,
      1958,
      1977,
      1985,
      1991,
      2046,
      2063,
      2072,
      2093,
      2150,
      2173,
      2200,
      2288,
      2363,
      2378,
      2400,
      2445,
      2493,
      2501,
      2505,
      2509,
      2532,
      2563,
      2581,
      2589,
      2595,
      2647,
      2649,
      2701,
      2725,
      2805,
      2852,
      2870,
      2890,
      2915,
      2916,
      2927,
      2988,
      3018,
      3020,
      3043,
      3051,
      3084,
      3139,
      3164,
      3197,
      3213,
      3224,
      3258,
      3271,
      3273,
      3333,
      3335,
      3375,
      3482,
      3490,
      3496,
      3526,
      3532,
      3552,
      3716,
      3732,
      3739,
      3758,
      3773,
      3792,
      3793,
      3800,
      3848,
      3859,
      3892,
      3893,
      3896,
      3911,
      3915,
      3918,
      3922,
      3935,
      3937,
      3975,
      4016,
      4023,
      4028,
      4044,
      4092,
      4153,
      4201,
      4202,
      4219,
      4237,
      4295,
      4315,
      4354,
      4373,
      4374,
      4401,
      4443,
      4555,
      4556,
      4559,
      4577,
      4586
    ],