{
  "entry": "Q08640",
  "entry_name": "YBGA_THEMA",
  "type": "GLM_2",
  "prompt": "MKKYFVLLLAVLLVGGLFAVKITMTSGGVGKELEVLKKQLEMFHQQYPDIEVEIIPMPDSSTERHDLYVTYFAAGETDPDVLMLDVIWPAEFAPFLED[GLM]80-95-15",
  "k": 448,
  "original_sequence": "MKKYFVLLLAVLLVGGLFAVKITMTSGGVGKELEVLKKQLEMFHQQYPDIEVEIIPMPDSSTERHDLYVTYFAAGETDPDVLMLDVIWPAEFAPFLED",
  "original_ll": -2.334974527359009,
  "original_perplexity": 10.32919692993164,
  "progen3_sequence": "MKKYFVLLLAVLLVGGLFAVKITMTSGGVGKELEVLKKQLEMFHQQYPDIEVEIIPMPDSSTERHDLYVTYFAAGETDPDFTPKYKVTYRPTSRILED",
  "progen3_ll": -3.2951903343200684,
  "progen3_perplexity": 26.9825496673584,
  "max_sequence": "MKKYFVLLLAVLLVGGLFAVKITMTSGGVGKELEVLKKQLEMFHQQYPDIEVEIIPMPDSSTERHDLYVTYFAAGETDPDVAVTEAEAAEEYEEVLED",
  "max_ll": -2.7826502323150635,
  "max_perplexity": 16.16179656982422,
  "max_kl": 0.3388778269290924,
  "max_nmse": 0.5444735288619995,
  "base_sequence": "MKKYFVLLLAVLLVGGLFAVKITMTSGGVGKELEVLKKQLEMFHQQYPDIEVEIIPMPDSSTERHDLYVTYFAAGETDPDILLCVIVPMCMVESVLED",
  "base_ll": -3.2471201419830322,
  "base_perplexity": 25.71617317199707,
  "base_kl": 0.5448988080024719,
  "base_nmse": 0.22252903878688812,
  "recovered_sequence": "MKKYFVLLLAVLLVGGLFAVKITMTSGGVGKELEVLKKQLEMFHQQYPDIEVEIIPMPDSSTERHDLYVTYFAAGETDPDFFDLYKVTVIPTKTILED",
  "recovered_ll": -3.1016716957092285,
  "recovered_perplexity": 22.235090255737305,
  "recovered_kl": 0.37921997904777527,
  "recovered_nmse": 0.3639064133167267,
  "nodes": {
    "9": [
      1,
      7,
      14,
      76,
      138,
      180,
      233,
      255,
      266,
      326,
      333,
      419,
      467,
      519,
      601,
      671,
      694,
      729,
      732,
      813,
      902,
      905,
      907,
      940,
      963,
      1037,
      1075,
      1106,
      1234,
      1252,
      1415,
      1435,
      1447,
      1583,
      1611,
      1622,
      1751,
      1840,
      1879,
      1945,
      2103,
      2242,
      2390,
      2399,
      2421,
      2444,
      2613,
      2669,
      2843,
      2924,
      2933,
      2953,
      3114,
      3115,
      3163,
      3175,
      3365,
      3390,
      3448,
      3692,
      3707,
      3868,
      3886,
      3935,
      3945,
      4144,
      4233,
      4345,
      4353,
      4355,
      4470,
      4513,
      4591,
      4594
    ],
    "0": [
      218,
      531,
      875,
      1149,
      1205,
      1290,
      1656,
      1705,
      1813,
      1942,
      1995,
      2027,
      2117,
      2176,
      2205,
      2283,
      2625,
      2711,
      2857,
      3011,
      3021,
      3605,
      3871,
      3908,
      4084,
      4119,
      4355
    ],
    "8": [
      216,
      257,
      363,
      433,
      485,
      720,
      727,
      764,
      791,
      836,
      865,
      954,
      1022,
      1128,
      1152,
      1226,
      1274,
      1280,
      1337,
      1353,
      1382,
      1389,
      1397,
      1551,
      1774,
      1814,
      1824,
      1870,
      1946,
      1954,
      1970,
      1983,
      2003,
      2198,
      2294,
      2338,
      2373,
      2378,
      2443,
      2479,
      2530,
      2620,
      2702,
      2831,
      2893,
      2953,
      2965,
      3048,
      3094,
      3108,
      3268,
      3314,
      3331,
      3415,
      3434,
      3443,
      3474,
      3605,
      3645,
      3687,
      3741,
      3827,
      3847,
      3862,
      3911,
      3940,
      4001,
      4012,
      4130,
      4204,
      4223,
      4227,
      4330,
      4376,
      4405,
      4485,
      4551,
      4576
    ],
    "1": [
      198,
      396,
      403,
      421,
      469,
      495,
      505,
      514,
      585,
      649,
      802,
      807,
      868,
      944,
      1076,
      1084,
      1087,
      1154,
      1157,
      1230,
      1311,
      1321,
      1391,
      1410,
      1413,
      1464,
      1492,
      1594,
      1668,
      1705,
      1728,
      1843,
      1900,
      1955,
      1960,
      2034,
      2048,
      2094,
      2104,
      2137,
      2145,
      2146,
      2241,
      2322,
      2376,
      2377,
      2388,
      2410,
      2442,
      2457,
      2467,
      2649,
      2733,
      2747,
      2775,
      2836,
      2902,
      2912,
      2913,
      2917,
      3014,
      3045,
      3091,
      3170,
      3174,
      3215,
      3294,
      3387,
      3464,
      3504,
      3734,
      3865,
      3867,
      3904,
      3964,
      3975,
      4069,
      4095,
      4113,
      4124,
      4183,
      4261,
      4317,
      4327,
      4378,
      4408
    ],
    "7": [
      147,
      322,
      329,
      580,
      916,
      1200,
      1495,
      1630,
      1823,
      1840,
      2136,
      2147,
      2256,
      2374,
      2528,
      2688,
      2734,
      3647,
      4020,
      4025,
      4130,
      4132,
      4150,
      4441,
      4471,
      4495,
      4507,
      4533
    ],
    "2": [
      36,
      142,
      192,
      252,
      403,
      411,
      742,
      764,
      912,
      1139,
      1154,
      1387,
      2512,
      2595,
      2740,
      2988,
      3164,
      3203,
      3228,
      3333,
      3353,
      3492,
      3526,
      3716,
      3767,
      3896,
      4009,
      4201,
      4219,
      4237,
      4270,
      4330,
      4374,
      4489
    ],
    "4": [
      12,
      265,
      462,
      483,
      508,
      621,
      635,
      747,
      761,
      765,
      833,
      920,
      1092,
      1166,
      1175,
      1350,
      1417,
      1429,
      1486,
      1488,
      1546,
      1705,
      1725,
      1774,
      1778,
      1917,
      2102,
      2371,
      2412,
      2556,
      2611,
      2643,
      2890,
      2931,
      3288,
      3690,
      3721,
      3838,
      3860,
      3973,
      4000,
      4033,
      4223,
      4464,
      4527
    ],
    "5": [
      57,
      146,
      406,
      442,
      470,
      989,
      1131,
      1215,
      1282,
      1546,
      1618,
      1847,
      2033,
      2081,
      2387,
      2464,
      2564,
      2603,
      2927,
      3027,
      3452,
      3571,
      3648,
      3672,
      3797,
      3811,
      4337
    ],
    "3": [
      49,
      125,
      140,
      443,
      606,
      668,
      843,
      875,
      1038,
      1060,
      1487,
      1512,
      1868,
      2090,
      2114,
      2367,
      2411,
      2724,
      2944,
      2956,
      3101,
      3623,
      3763,
      3790,
      3921,
      4207,
      4275,
      4446,
      4452,
      4485
    ],
    "6": [
      333,
      542,
      632,
      714,
      1026,
      1441,
      1462,
      1534,
      2051,
      2092,
      2273,
      2498,
      2584,
      2590,
      2840,
      2994,
      3460,
      3918,
      3996
    ]
  }
}
