{
  "entry": "Q21QM3",
  "entry_name": "YIDD_ALBFT",
  "type": "CLM",
  "prompt": "MIRDVLVGIVKGYRLLLSPWLGSSCRFEPTCSAYSLQALQTHGAAAGSYLTLTRLARCHPWCAGGSDPVPSEKPR",
  "k": 1000,
  "original_sequence": "MIRDVLVGIVKGYRLLLSPWLGSSCRFEPTCSAYSLQALQTHGAAAGSYLTLTRLARCHPWCAGGSDPVPSEKPRFKSQLFTQLIHPSSEKKSS",
  "original_ll": -2.9798412322998047,
  "original_perplexity": 19.6846923828125,
  "progen3_sequence": "MIRDVLVGIVKGYRLLLSPWLGSSCRFEPTCSAYSLQALQTHGAAAGSYLTLTRLARCHPWCAGGSDPVPSEKPRERVVRLPPPEGADRRRRGR",
  "progen3_ll": -2.461169719696045,
  "progen3_perplexity": 11.718511581420898,
  "max_sequence": "MIRDVLVGIVKGYRLLLSPWLGSSCRFEPTCSAYSLQALQTHGAAAGSYLTLTRLARCHPWCAGGSDPVPSEKPRLSRAAAAALPGSLAVPAGG",
  "max_ll": -2.367419719696045,
  "max_perplexity": 10.669825553894043,
  "max_kl": 0.1973317563533783,
  "max_nmse": 0.20466335117816925,
  "base_sequence": "MIRDVLVGIVKGYRLLLSPWLGSSCRFEPTCSAYSLQALQTHGAAAGSYLTLTRLARCHPWCAGGSDPVPSEKPRCCCCCCCCC",
  "base_ll": -2.5423388481140137,
  "base_perplexity": 12.709362030029297,
  "base_kl": 3.216034173965454,
  "base_nmse": 3.920090675354004,
  "recovered_sequence": "MIRDVLVGIVKGYRLLLSPWLGSSCRFEPTCSAYSLQALQTHGAAAGSYLTLTRLARCHPWCAGGSDPVPSEKPREAVVCLAPLLGAARGRRGS",
  "recovered_ll": -2.716017007827759,
  "recovered_perplexity": 15.119978904724121,
  "recovered_kl": 0.29748091101646423,
  "recovered_nmse": 0.09162221848964691,
  "nodes": {
    "9": [
      7,
      14,
      38,
      53,
      76,
      138,
      180,
      216,
      233,
      255,
      333,
      374,
      426,
      467,
      492,
      579,
      597,
      601,
      631,
      694,
      732,
      813,
      907,
      963,
      1027,
      1037,
      1075,
      1106,
      1232,
      1234,
      1252,
      1447,
      1544,
      1583,
      1611,
      1740,
      1769,
      1840,
      1879,
      1945,
      2103,
      2147,
      2242,
      2245,
      2429,
      2444,
      2519,
      2613,
      2710,
      2728,
      2831,
      2843,
      2898,
      2924,
      3008,
      3107,
      3115,
      3146,
      3163,
      3175,
      3226,
      3276,
      3365,
      3448,
      3692,
      3707,
      3788,
      3831,
      3886,
      3963,
      4005,
      4012,
      4068,
      4116,
      4144,
      4203,
      4233,
      4252,
      4317,
      4330,
      4345,
      4353,
      4355,
      4438,
      4513,
      4594
    ],
    "0": [
      45,
      47,
      48,
      90,
      130,
      131,
      151,
      168,
      218,
      243,
      253,
      293,
      388,
      524,
      531,
      565,
      567,
      598,
      667,
      718,
      720,
      736,
      772,
      840,
      851,
      875,
      878,
      881,
      890,
      904,
      920,
      946,
      967,
      979,
      1002,
      1079,
      1111,
      1149,
      1182,
      1205,
      1216,
      1231,
      1233,
      1248,
      1254,
      1290,
      1308,
      1341,
      1427,
      1444,
      1460,
      1509,
      1522,
      1550,
      1574,
      1589,
      1625,
      1660,
      1705,
      1716,
      1717,
      1750,
      1786,
      1797,
      1813,
      1840,
      1883,
      1910,
      1927,
      1939,
      1942,
      1995,
      2070,
      2117,
      2123,
      2126,
      2135,
      2172,
      2176,
      2205,
      2278,
      2283,
      2333,
      2360,
      2366,
      2369,
      2385,
      2425,
      2440,
      2449,
      2470,
      2523,
      2535,
      2556,
      2561,
      2599,
      2625,
      2669,
      2681,
      2692,
      2706,
      2711,
      2712,
      2716,
      2735,
      2758,
      2791,
      2810,
      2857,
      2859,
      2869,
      2888,
      2964,
      2991,
      3005,
      3026,
      3066,
      3094,
      3217,
      3227,
      3232,
      3259,
      3264,
      3273,
      3320,
      3378,
      3396,
      3397,
      3417,
      3436,
      3441,
      3453,
      3474,
      3492,
      3527,
      3542,
      3572,
      3582,
      3605,
      3611,
      3658,
      3659,
      3660,
      3708,
      3709,
      3717,
      3741,
      3871,
      3908,
      3909,
      3938,
      3994,
      4002,
      4057,
      4063,
      4072,
      4084,
      4103,
      4119,
      4153,
      4160,
      4243,
      4270,
      4298,
      4311,
      4334,
      4336,
      4355,
      4356,
      4361,
      4402,
      4410,
      4421,
      4425,
      4426,
      4433,
      4474,
      4476,
      4523,
      4589
    ],
    "1": [
      18,
      110,
      198,
      287,
      340,
      352,
      396,
      403,
      421,
      469,
      495,
      505,
      514,
      561,
      585,
      633,
      649,
      802,
      807,
      808,
      829,
      864,
      868,
      875,
      944,
      958,
      999,
      1036,
      1054,
      1076,
      1084,
      1087,
      1154,
      1157,
      1230,
      1273,
      1274,
      1288,
      1311,
      1319,
      1321,
      1391,
      1410,
      1413,
      1441,
      1456,
      1464,
      1492,
      1528,
      1594,
      1668,
      1670,
      1672,
      1705,
      1728,
      1766,
      1781,
      1843,
      1900,
      1908,
      1955,
      1960,
      2023,
      2034,
      2048,
      2057,
      2094,
      2104,
      2137,
      2145,
      2146,
      2184,
      2231,
      2241,
      2322,
      2376,
      2377,
      2388,
      2402,
      2410,
      2442,
      2457,
      2467,
      2649,
      2733,
      2747,
      2768,
      2775,
      2791,
      2836,
      2890,
      2902,
      2912,
      2913,
      2917,
      2961,
      3014,
      3045,
      3091,
      3170,
      3174,
      3215,
      3294,
      3337,
      3387,
      3464,
      3504,
      3530,
      3660,
      3734,
      3856,
      3865,
      3867,
      3904,
      3964,
      3975,
      4069,
      4095,
      4113,
      4124,
      4183,
      4261,
      4317,
      4327,
      4378,
      4408,
      4419,
      4605
    ],
    "6": [
      61,
      208,
      234,
      317,
      351,
      392,
      445,
      542,
      653,
      714,
      822,
      931,
      1041,
      1081,
      1085,
      1230,
      1240,
      1317,
      1326,
      1441,
      1689,
      1743,
      1756,
      1798,
      1846,
      1865,
      1910,
      1944,
      2051,
      2098,
      2245,
      2259,
      2481,
      2486,
      2549,
      2628,
      2833,
      2913,
      3088,
      3153,
      3158,
      3171,
      3461,
      3544,
      3627,
      3633,
      3659,
      3803,
      3986,
      4062,
      4121,
      4174,
      4235,
      4280,
      4319,
      4334,
      4353,
      4469,
      4586
    ],