{
  "entry": "Q2FJB8",
  "entry_name": "CTSR_STAA3",
  "type": "GLM_1",
  "prompt": "MHNMSDIIEQYIKRLFEESNEDVVEIQRANIAQRFDCVPSQLNYVIKTRFTNEHGYEIESKRGGGGYIRITKIENKDATGYINHLLQLIGPSISQQQAYYIIDGLLDKMLINEREAKMIQAVIDRETLSMDMVSRDIIRANILKRLLPVINYY[GLM]27-37-10",
  "k": 416,
  "original_sequence": "MHNMSDIIEQYIKRLFEESNEDVVEIQRANIAQRFDCVPSQLNYVIKTRFTNEHGYEIESKRGGGGYIRITKIENKDATGYINHLLQLIGPSISQQQAYYIIDGLLDKMLINEREAKMIQAVIDRETLSMDMVSRDIIRANILKRLLPVINYY",
  "original_ll": -3.1158604621887207,
  "original_perplexity": 22.552827835083008,
  "progen3_sequence": "MHNMSDIIEQYIKRLFEESNEDVVEIQDIKRIDVPVVVPSQLNYVIKTRFTNEHGYEIESKRGGGGYIRITKIENKDATGYINHLLQLIGPSISQQQAYYIIDGLLDKMLINEREAKMIQAVIDRETLSMDMVSRDIIRANILKRLLPVINYY",
  "progen3_ll": -2.7712512016296387,
  "progen3_perplexity": 15.978614807128906,
  "max_sequence": "MHNMSDIIEQYIKRLFEESNEDVVEIQEIVELFKVERVPSQLNYVIKTRFTNEHGYEIESKRGGGGYIRITKIENKDATGYINHLLQLIGPSISQQQAYYIIDGLLDKMLINEREAKMIQAVIDRETLSMDMVSRDIIRANILKRLLPVINYY",
  "max_ll": -2.6483449935913086,
  "max_perplexity": 14.130633354187012,
  "max_kl": 1.0581926107406616,
  "max_nmse": 0.40847650170326233,
  "base_sequence": "MHNMSDIIEQYIKRLFEESNEDVVEIQYIIIIIIIYSVPSQLNYVIKTRFTNEHGYEIESKRGGGGYIRITKIENKDATGYINHLLQLIGPSISQQQAYYIIDGLLDKMLINEREAKMIQAVIDRETLSMDMVSRDIIRANILKRLLPVINYY",
  "base_ll": -2.781663417816162,
  "base_perplexity": 16.145856857299805,
  "base_kl": 1.2719452381134033,
  "base_nmse": 0.19776339828968048,
  "recovered_sequence": "MHNMSDIIEQYIKRLFEESNEDVVEIQIIIIIMFIIYVPSQLNYVIKTRFTNEHGYEIESKRGGGGYIRITKIENKDATGYINHLLQLIGPSISQQQAYYIIDGLLDKMLINEREAKMIQAVIDRETLSMDMVSRDIIRANILKRLLPVINYY",
  "recovered_ll": -2.804548978805542,
  "recovered_perplexity": 16.519622802734375,
  "recovered_kl": 1.4468399286270142,
  "recovered_nmse": 0.08935727924108505,
  "nodes": {
    "9": [
      7,
      76,
      138,
      233,
      255,
      266,
      419,
      467,
      506,
      601,
      671,
      729,
      732,
      813,
      902,
      907,
      940,
      963,
      1037,
      1075,
      1106,
      1234,
      1252,
      1415,
      1447,
      1622,
      1748,
      1813,
      1840,
      1879,
      2103,
      2174,
      2242,
      2283,
      2390,
      2399,
      2444,
      2613,
      2631,
      2669,
      2843,
      2924,
      2933,
      3037,
      3114,
      3115,
      3175,
      3194,
      3226,
      3365,
      3376,
      3390,
      3448,
      3692,
      3707,
      3773,
      3868,
      3886,
      3935,
      3945,
      4005,
      4233,
      4353,
      4355,
      4429,
      4470,
      4513,
      4594
    ],
    "8": [
      8,
      178,
      274,
      294,
      307,
      390,
      393,
      428,
      433,
      524,
      581,
      592,
      799,
      846,
      855,
      869,
      937,
      963,
      1154,
      1230,
      1233,
      1337,
      1368,
      1540,
      1582,
      1639,
      1697,
      1699,
      1794,
      1806,
      1887,
      1928,
      1946,
      2028,
      2031,
      2157,
      2273,
      2285,
      2304,
      2327,
      2422,
      2614,
      2719,
      2720,
      2747,
      2892,
      2978,
      3101,
      3109,
      3154,
      3169,
      3213,
      3331,
      3415,
      3438,
      3461,
      3465,
      3493,
      3673,
      3741,
      3847,
      3860,
      4012,
      4030,
      4094,
      4204,
      4223,
      4227,
      4282,
      4319,
      4368,
      4581
    ],
    "0": [
      109,
      120,
      131,
      218,
      408,
      531,
      585,
      688,
      718,
      753,
      771,
      920,
      946,
      967,
      1251,
      1287,
      1290,
      1302,
      1567,
      1625,
      1705,
      1786,
      1813,
      1830,
      1840,
      1883,
      1942,
      1980,
      1995,
      2189,
      2217,
      2283,
      2535,
      2577,
      2625,
      2664,
      2857,
      2984,
      3122,
      3138,
      3150,
      3232,
      3497,
      3542,
      3551,
      3563,
      3572,
      3579,
      3605,
      3629,
      4057,
      4060,
      4337,
      4356
    ],
    "1": [
      340,
      352,
      403,
      421,
      514,
      585,
      649,
      808,
      868,
      875,
      944,
      1036,
      1054,
      1084,
      1087,
      1230,
      1274,
      1288,
      1311,
      1321,
      1391,
      1410,
      1413,
      1441,
      1464,
      1668,
      1781,
      1843,
      1955,
      1960,
      2034,
      2048,
      2094,
      2137,
      2145,
      2146,
      2241,
      2377,
      2388,
      2457,
      2467,
      2733,
      2747,
      2836,
      2912,
      3014,
      3045,
      3091,
      3170,
      3174,
      3215,
      3294,
      3337,
      3504,
      3660,
      3865,
      3867,
      3904,
      4069,
      4095,
      4113,
      4124,
      4183,
      4261,
      4378,
      4408
    ],
    "6": [
      266,
      469,
      715,
      1203,
      1240,
      1344,
      1399,
      1756,
      1869,
      1889,
      2008,
      2098,
      2259,
      2486,
      2628,
      2926,
      3051,
      3171,
      3522,
      3844,
      3920,
      4353,
      4378,
      4598
    ],
    "2": [
      124,
      403,
      492,
      841,
      903,
      1065,
      1190,
      1202,
      1323,
      1493,
      1987,
      2063,
      2233,
      2326,
      2726,
      2727,
      2797,
      3089,
      3129,
      3273,
      3333,
      3809,
      4192,
      4355,
      4418,
      4443,
      4586
    ],
    "5": [
      238,
      311,
      657,
      732,
      761,
      878,
      902,
      1184,
      1432,
      1564,
      1758,
      1787,
      1840,
      2007,
      2514,
      3017,
      3086,
      3097,
      3185,
      3320,
      3668,
      3955,
      3959,
      3961,
      4015,
      4031,
      4330,
      4572
    ],
    "4": [
      20,
      116,
      153,
      332,
      428,
      512,
      579,
      634,
      740,
      1172,
      1193,
      1385,
      1523,
      1648,
      1860,
      2623,
      2743,
      2820,
      2944,
      2968,
      3406,
      3422,
      3471,
      3582,
      3815,
      3831,
      3905,
      4043,
      4075,
      4473,
      4497
    ],
    "3": [
      56,
      108,
      412,
      455,
      889,
      1676,
      1784,
      1817,
      1834,
      1922,
      2099,
      2201,
      2240,
      2377,
      2806,
      3161,
      3232,
      3280,
      3512,
      3711,
      4042,
      4310,
      4485,
      4516
    ],
    "7": [
      102,
      312,
      387,
      710,
      826,
      829,
      859,
      878,
      1086,
      1230,
      1497,
      1543,
      1712,
      1869,
      2257,
      2299,
      2471,
      3395,
      3548,
      4005,
      4122,
      4333
    ]
  }
}
