{
  "entry": "Q2V4N5",
  "entry_name": "DF288_ARATH",
  "type": "CLM",
  "prompt": "MSNLRLTIAVFLAALFQTLWWKPRGKRPQSNFHAKRIRTVLQTLLVMLCTDYRCDKGLCKCH",
  "k": 640,
  "original_sequence": "MSNLRLTIAVFLAALFQTLWWKPRGKRPQSNFHAKRIRTVLQTLLVMLCTDYRCDKGLCKCHGFGGEKENPTAAPLTA",
  "original_ll": -2.842383861541748,
  "original_perplexity": 17.156614303588867,
  "progen3_sequence": "MSNLRLTIAVFLAALFQTLWWKPRGKRPQSNFHAKRIRTVLQTLLVMLCTDYRCDKGLCKCHRTGARGKKRTGEGTHQ",
  "progen3_ll": -2.8399312496185303,
  "progen3_perplexity": 17.114587783813477,
  "max_sequence": "MSNLRLTIAVFLAALFQTLWWKPRGKRPQSNFHAKRIRTVLQTLLVMLCTDYRCDKGLCKCHVLILSLRPLIPLAVGD",
  "max_ll": -2.812638998031616,
  "max_perplexity": 16.653810501098633,
  "max_kl": 0.06513524800539017,
  "max_nmse": 0.06008975952863693,
  "base_sequence": "MSNLRLTIAVFLAALFQTLWWKPRGKRPQSNFHAKRIRTVLQTLLVMLCTDYRCDKGLCKCHCCCCC",
  "base_ll": -2.1552021503448486,
  "base_perplexity": 8.629634857177734,
  "base_kl": 3.273099184036255,
  "base_nmse": 4.069697380065918,
  "recovered_sequence": "MSNLRLTIAVFLAALFQTLWWKPRGKRPQSNFHAKRIRTVLQTLLVMLCTDYRCDKGLCKCHSTSACGLLLTCEGTHQ",
  "recovered_ll": -2.938466787338257,
  "recovered_perplexity": 18.88686752319336,
  "recovered_kl": 0.06114380806684494,
  "recovered_nmse": 0.021928749978542328,
  "nodes": {
    "0": [
      21,
      37,
      45,
      47,
      48,
      109,
      112,
      131,
      168,
      179,
      218,
      253,
      257,
      388,
      418,
      463,
      524,
      527,
      531,
      565,
      567,
      606,
      667,
      701,
      720,
      736,
      772,
      795,
      840,
      851,
      875,
      890,
      920,
      934,
      967,
      998,
      1002,
      1079,
      1089,
      1147,
      1148,
      1160,
      1173,
      1205,
      1216,
      1226,
      1233,
      1248,
      1254,
      1290,
      1419,
      1432,
      1434,
      1460,
      1494,
      1508,
      1522,
      1538,
      1550,
      1582,
      1625,
      1644,
      1705,
      1750,
      1800,
      1813,
      1840,
      1845,
      1883,
      1885,
      1910,
      1942,
      1995,
      2027,
      2103,
      2117,
      2135,
      2174,
      2176,
      2200,
      2205,
      2278,
      2283,
      2322,
      2330,
      2333,
      2352,
      2360,
      2369,
      2408,
      2418,
      2449,
      2502,
      2510,
      2523,
      2535,
      2542,
      2561,
      2581,
      2599,
      2625,
      2636,
      2646,
      2664,
      2669,
      2692,
      2706,
      2711,
      2712,
      2715,
      2791,
      2810,
      2839,
      2857,
      2859,
      2888,
      2964,
      2976,
      3005,
      3013,
      3026,
      3062,
      3074,
      3094,
      3180,
      3214,
      3225,
      3232,
      3287,
      3307,
      3417,
      3492,
      3527,
      3564,
      3572,
      3574,
      3605,
      3611,
      3637,
      3645,
      3708,
      3741,
      3768,
      3871,
      3877,
      3908,
      3994,
      4002,
      4046,
      4057,
      4072,
      4084,
      4119,
      4124,
      4153,
      4262,
      4284,
      4311,
      4337,
      4355,
      4356,
      4361,
      4390,
      4425,
      4433,
      4455,
      4476,
      4532,
      4549,
      4589
    ],
    "9": [
      7,
      14,
      38,
      76,
      138,
      154,
      180,
      216,
      233,
      333,
      382,
      467,
      597,
      601,
      631,
      671,
      694,
      732,
      813,
      907,
      963,
      1037,
      1075,
      1106,
      1234,
      1252,
      1447,
      1544,
      1611,
      1748,
      1840,
      1945,
      2242,
      2245,
      2377,
      2390,
      2399,
      2429,
      2519,
      2613,
      2710,
      2728,
      2831,
      2843,
      2898,
      2914,
      2924,
      3115,
      3175,
      3226,
      3365,
      3448,
      3692,
      3707,
      3773,
      3788,
      3886,
      3945,
      4005,
      4068,
      4144,
      4233,
      4330,
      4345,
      4353,
      4429,
      4438,
      4513,
      4591,
      4594
    ],
    "1": [
      18,
      198,
      287,
      340,
      352,
      396,
      403,
      421,
      469,
      495,
      505,
      514,
      585,
      633,
      649,
      802,
      807,
      808,
      864,
      868,
      875,
      944,
      958,
      1036,
      1054,
      1076,
      1084,
      1087,
      1154,
      1157,
      1230,
      1273,
      1274,
      1288,
      1311,
      1319,
      1321,
      1391,
      1410,
      1413,
      1441,
      1456,
      1464,
      1492,
      1594,
      1668,
      1670,
      1672,
      1705,
      1728,
      1781,
      1843,
      1900,
      1908,
      1955,
      1960,
      2023,
      2034,
      2048,
      2057,
      2094,
      2104,
      2137,
      2145,
      2146,
      2184,
      2231,
      2241,
      2322,
      2376,
      2377,
      2388,
      2410,
      2442,
      2457,
      2467,
      2649,
      2733,
      2747,
      2775,
      2791,
      2836,
      2902,
      2912,
      2913,
      2917,
      2961,
      3014,
      3045,
      3091,
      3170,
      3174,
      3215,
      3294,
      3337,
      3387,
      3464,
      3504,
      3660,
      3734,
      3856,
      3865,
      3867,
      3904,
      3964,
      3975,
      4069,
      4095,
      4113,
      4124,
      4183,
      4261,
      4317,
      4327,
      4378,
      4408,
      4419
    ],
    "2": [
      84,
      114,
      147,
      252,
      286,
      294,
      361,
      403,
      530,
      539,
      663,
      693,
      785,
      873,
      890,
      980,
      1036,
      1061,
      1065,
      1190,
      1324,
      1362,
      1387,
      1420,
      1435,
      1470,
      1493,
      1513,
      1568,
      1634,
      1660,
      1700,
      1702,
      1725,
      1726,
      1730,
      1769,
      1825,
      1835,
      1865,
      1941,
      1961,
      1999,
      2019,
      2029,
      2093,
      2122,
      2161,
      2293,
      2355,
      2573,
      2595,
      2689,
      2805,
      2915,
      2988,
      3009,
      3020,
      3164,
      3214,
      3228,
      3273,
      3294,
      3340,
      3373,
      3494,
      3505,
      3623,
      3737,
      3748,
      3953,
      4088,
      4170,
      4219,
      4237,
      4250,
      4263,
      4269,
      4305,
      4330,
      4341,
      4362,
      4374,
      4434,
      4440,
      4577,
      4586
    ],
    "3": [
      76,
      142,
      375,
      703,
      722,
      810,
      837,
      851,
      941,
      975,
      1060,
      1198,
      1201,
      1277,
      1281,
      1345,
      1369,
      1451,
      1499,
      1565,
      1641,
      1666,
      1685,
      1710,
      1789,
      1826,
      1868,
      2083,
      2090,
      2110,
      2128,
      2321,
      2540,
      2584,
      2731,
      2797,
      2824,
      2834,
      2934,
      3197,
      3575,
      3639,
      3775,
      3782,
      3790,
      3825,
      3884,
      3941,
      4005,
      4010,
      4274,
      4397,
      4434,
      4485
    ],
    "4": [
      15,
      39,
      64,
      87,
      292,
      356,
      545,
      623,
      747,
      901,
      1168,
      1170,
      1263,
      1358,
      1373,
      1441,
      1452,
      1587,
      1601,
      1639,
      1740,
      1774,
      1869,
      1898,
      2045,
      2154,
      2181,
      2232,
      2259,
      2261,
      2318,
      2320,
      2524,
      2611,
      2661,
      2883,
      2923,
      3016,
      3157,
      3201,
      3235,
      3312,
      3448,
      3637,
      3840,
      4076,
      4155,
      4223,
      4225,
      4425,
      4435,
      4575
    ],