{
  "entry": "Q30KK3",
  "entry_name": "DB125_PANTR",
  "type": "GLM_2",
  "prompt": "MNILMLTFIICGLLTQVTKGSFEPQKCWKNNIGHCRRRCLDTERYILLCRNKLSCCISLIISQEYTRRPAFPVIHLEDITFDYSDVDSFTGSPVSMLNDLITFDTTKFGETMTPETNTPETTMPPPETTTPETTMPPSETATSETMPPPSQRALTHN[GLM]126-131-5",
  "k": 192,
  "original_sequence": "MNILMLTFIICGLLTQVTKGSFEPQKCWKNNIGHCRRRCLDTERYILLCRNKLSCCISLIISQEYTRRPAFPVIHLEDITFDYSDVDSFTGSPVSMLNDLITFDTTKFGETMTPETNTPETTMPPPETTTPETTMPPSETATSETMPPPSQRALTHN",
  "original_ll": -1.2042251825332642,
  "original_perplexity": 3.334174633026123,
  "progen3_sequence": "MNILMLTFIICGLLTQVTKGSFEPQKCWKNNIGHCRRRCLDTERYILLCRNKLSCCISLIISQEYTRRPAFPVIHLEDITFDYSDVDSFTGSPVSMLNDLITFDTTKFGETMTPETNTPETTMPPPKRPDPETTMPPSETATSETMPPPSQRALTHN",
  "progen3_ll": -2.9785943031311035,
  "progen3_perplexity": 19.6601619720459,
  "max_sequence": "MNILMLTFIICGLLTQVTKGSFEPQKCWKNNIGHCRRRCLDTERYILLCRNKLSCCISLIISQEYTRRPAFPVIHLEDITFDYSDVDSFTGSPVSMLNDLITFDTTKFGETMTPETNTPETTMPPPTTAPDETTMPPSETATSETMPPPSQRALTHN",
  "max_ll": -2.196387529373169,
  "max_perplexity": 8.992469787597656,
  "max_kl": 1.3465505838394165,
  "max_nmse": 0.1452815681695938,
  "base_sequence": "MNILMLTFIICGLLTQVTKGSFEPQKCWKNNIGHCRRRCLDTERYILLCRNKLSCCISLIISQEYTRRPAFPVIHLEDITFDYSDVDSFTGSPVSMLNDLITFDTTKFGETMTPETNTPETTMPPPCCCCCETTMPPSETATSETMPPPSQRALTHN",
  "base_ll": -3.208615779876709,
  "base_perplexity": 24.744810104370117,
  "base_kl": 2.1580188274383545,
  "base_nmse": 0.49141010642051697,
  "recovered_sequence": "MNILMLTFIICGLLTQVTKGSFEPQKCWKNNIGHCRRRCLDTERYILLCRNKLSCCISLIISQEYTRRPAFPVIHLEDITFDYSDVDSFTGSPVSMLNDLITFDTTKFGETMTPETNTPETTMPPPTTTSSETTMPPSETATSETMPPPSQRALTHN",
  "recovered_ll": -1.906834363937378,
  "recovered_perplexity": 6.73174524307251,
  "recovered_kl": 1.4638497829437256,
  "recovered_nmse": 0.37512415647506714,
  "nodes": {
    "0": [
      45,
      218,
      531,
      1149,
      1290,
      1453,
      1716,
      1942,
      2283,
      2625,
      2711,
      3605,
      3826,
      4119,
      4290,
      4337,
      4355,
      4426
    ],
    "9": [
      14,
      103,
      138,
      180,
      255,
      374,
      492,
      506,
      519,
      597,
      601,
      765,
      941,
      1075,
      1106,
      1274,
      1348,
      1437,
      1443,
      1447,
      1583,
      1611,
      1740,
      1751,
      1769,
      1840,
      1879,
      2421,
      2429,
      2677,
      2728,
      2898,
      2945,
      2953,
      3276,
      3290,
      3349,
      3515,
      3773,
      3831,
      3868,
      3959,
      4012,
      4116,
      4203,
      4233,
      4264,
      4301,
      4330,
      4353,
      4513,
      4594
    ],
    "1": [
      198,
      287,
      403,
      421,
      469,
      495,
      505,
      514,
      585,
      802,
      807,
      868,
      944,
      1084,
      1087,
      1154,
      1157,
      1321,
      1391,
      1410,
      1594,
      1668,
      1843,
      2034,
      2048,
      2094,
      2104,
      2137,
      2145,
      2146,
      2241,
      2322,
      2377,
      2388,
      2457,
      2467,
      2649,
      2780,
      2836,
      2913,
      2917,
      3014,
      3045,
      3091,
      3174,
      3215,
      3504,
      3865,
      3975,
      4069,
      4095,
      4113,
      4124,
      4261,
      4317,
      4327,
      4378,
      4408
    ],
    "6": [
      714,
      1081,
      2245,
      4473
    ],
    "8": [
      257,
      699,
      767,
      791,
      1660,
      1730,
      1791,
      1844,
      2515,
      2694,
      3015,
      3071,
      3151,
      3474,
      3741,
      4129
    ],
    "3": [
      5,
      369,
      595,
      682,
      689,
      1826,
      2258,
      2746,
      3457,
      4402,
      4435
    ],
    "4": [
      109,
      185,
      673,
      866,
      876,
      1355,
      1395,
      1626,
      1673,
      1774,
      1798,
      1953,
      1992,
      2378,
      2455,
      2484,
      2961,
      3186,
      3649,
      4393,
      4544
    ],
    "2": [
      258,
      1572,
      2915,
      3228,
      3333,
      3799,
      4354
    ],
    "7": [
      442,
      751,
      1203,
      1978,
      2073
    ]
  }
}
