{
  "entry": "Q30KK3",
  "entry_name": "DB125_PANTR",
  "type": "GLM_1",
  "prompt": "MNILMLTFIICGLLTQVTKGSFEPQKCWKNNIGHCRRRCLDTERYILLCRNKLSCCISLIISQEYTRRPAFPVIHLEDITFDYSDVDSFTGSPVSMLNDLITFDTTKFGETMTPETNTPETTMPPPETTTPETTMPPSETATSETMPPPSQRALTHN[GLM]85-93-8",
  "k": 160,
  "original_sequence": "MNILMLTFIICGLLTQVTKGSFEPQKCWKNNIGHCRRRCLDTERYILLCRNKLSCCISLIISQEYTRRPAFPVIHLEDITFDYSDVDSFTGSPVSMLNDLITFDTTKFGETMTPETNTPETTMPPPETTTPETTMPPSETATSETMPPPSQRALTHN",
  "original_ll": -2.884903907775879,
  "original_perplexity": 17.90184783935547,
  "progen3_sequence": "MNILMLTFIICGLLTQVTKGSFEPQKCWKNNIGHCRRRCLDTERYILLCRNKLSCCISLIISQEYTRRPAFPVIHLEDITFDYSDPRLFSILEVSMLNDLITFDTTKFGETMTPETNTPETTMPPPETTTPETTMPPSETATSETMPPPSQRALTHN",
  "progen3_ll": -2.6789653301239014,
  "progen3_perplexity": 14.570011138916016,
  "max_sequence": "MNILMLTFIICGLLTQVTKGSFEPQKCWKNNIGHCRRRCLDTERYILLCRNKLSCCISLIISQEYTRRPAFPVIHLEDITFDYSDTTNAGTRVVSMLNDLITFDTTKFGETMTPETNTPETTMPPPETTTPETTMPPSETATSETMPPPSQRALTHN",
  "max_ll": -2.948107957839966,
  "max_perplexity": 19.069839477539062,
  "max_kl": 1.5247119665145874,
  "max_nmse": 0.18791012465953827,
  "base_sequence": "MNILMLTFIICGLLTQVTKGSFEPQKCWKNNIGHCRRRCLDTERYILLCRNKLSCCISLIISQEYTRRPAFPVIHLEDITFDYSDCCCCCCCCVSMLNDLITFDTTKFGETMTPETNTPETTMPPPETTTPETTMPPSETATSETMPPPSQRALTHN",
  "base_ll": -2.6928558349609375,
  "base_perplexity": 14.773807525634766,
  "base_kl": 1.9799728393554688,
  "base_nmse": 0.23876351118087769,
  "recovered_sequence": "MNILMLTFIICGLLTQVTKGSFEPQKCWKNNIGHCRRRCLDTERYILLCRNKLSCCISLIISQEYTRRPAFPVIHLEDITFDYSDCLCCCICCVSMLNDLITFDTTKFGETMTPETNTPETTMPPPETTTPETTMPPSETATSETMPPPSQRALTHN",
  "recovered_ll": -3.0023961067199707,
  "recovered_perplexity": 20.13372039794922,
  "recovered_kl": 1.7744693756103516,
  "recovered_nmse": 0.15406660735607147,
  "nodes": {
    "9": [
      14,
      38,
      76,
      138,
      180,
      233,
      255,
      326,
      467,
      519,
      597,
      601,
      631,
      905,
      907,
      963,
      1075,
      1106,
      1234,
      1583,
      1611,
      1740,
      1840,
      1879,
      2429,
      2444,
      2669,
      2710,
      2728,
      2843,
      2924,
      2953,
      3163,
      3175,
      3226,
      3692,
      3707,
      3831,
      3868,
      4144,
      4317,
      4330,
      4345,
      4353,
      4513,
      4594
    ],
    "1": [
      396,
      421,
      469,
      495,
      505,
      514,
      585,
      649,
      802,
      807,
      944,
      1084,
      1087,
      1154,
      1157,
      1230,
      1311,
      1321,
      1391,
      1413,
      1441,
      1464,
      1594,
      1668,
      1843,
      1900,
      1955,
      1960,
      2034,
      2048,
      2094,
      2104,
      2137,
      2145,
      2146,
      2241,
      2376,
      2377,
      2388,
      2410,
      2442,
      2457,
      2467,
      2649,
      2733,
      2747,
      2902,
      2912,
      2917,
      3045,
      3091,
      3170,
      3215,
      3337,
      3387,
      3464,
      3504,
      3734,
      3865,
      3964,
      3975,
      4069,
      4095,
      4113,
      4261,
      4317,
      4327,
      4378,
      4408
    ],
    "0": [
      45,
      47,
      48,
      168,
      218,
      531,
      565,
      667,
      890,
      1205,
      1290,
      1705,
      1813,
      1840,
      1883,
      1942,
      2027,
      2135,
      2283,
      2625,
      2664,
      2711,
      2810,
      2857,
      2859,
      2964,
      3605,
      3871,
      3908,
      4057,
      4084,
      4337,
      4355
    ],
    "8": [
      1970,
      3415,
      3474,
      4030
    ],
    "6": [
      714
    ],
    "3": [
      3763
    ],
    "2": [
      403,
      1190,
      1835,
      2046,
      3164,
      4374
    ]
  }
}
