{
  "entry": "Q53078",
  "entry_name": "PUP1_RHOER",
  "type": "CLM",
  "prompt": "MAQEQTKRTGGGDEDDTPGGDGAAGQERREKLAEDTDDLLDEIDDVLEENA",
  "k": 96,
  "original_sequence": "MAQEQTKRTGGGDEDDTPGGDGAAGQERREKLAEDTDDLLDEIDDVLEENAEDFVRAYVQKGGQ",
  "original_ll": -0.7115984559059143,
  "original_perplexity": 2.037245273590088,
  "progen3_sequence": "MAQEQTKRTGGGDEDDTPGGDGAAGQERREKLAEDTDDLLDEIDDVLEENAEEFVREYVQKGGE",
  "progen3_ll": -0.32722532749176025,
  "progen3_perplexity": 1.3871139287948608,
  "max_sequence": "MAQEQTKRTGGGDEDDTPGGDGAAGQERREKLAEDTDDLLDEIDDVLEENADAVEEIVEEEKGG",
  "max_ll": -2.8950624465942383,
  "max_perplexity": 18.08462905883789,
  "max_kl": 2.029994249343872,
  "max_nmse": 0.3161892592906952,
  "base_sequence": "MAQEQTKRTGGGDEDDTPGGDGAAGQERREKLAEDTDDLLDEIDDVLEENA",
  "base_ll": NaN,
  "base_perplexity": NaN,
  "base_kl": 11.859962463378906,
  "base_nmse": 9.307646751403809,
  "recovered_sequence": "MAQEQTKRTGGGDEDDTPGGDGAAGQERREKLAEDTDDLLDEIDDVLEENAVEVVDVMMMEEDE",
  "recovered_ll": -2.96614670753479,
  "recovered_perplexity": 19.416955947875977,
  "recovered_kl": 2.2709310054779053,
  "recovered_nmse": 2.117509126663208,
  "nodes": {
    "9": [
      7,
      76,
      138,
      255,
      467,
      519,
      601,
      694,
      907,
      937,
      963,
      1037,
      1075,
      1106,
      1232,
      1234,
      1435,
      1447,
      1611,
      1622,
      1740,
      1751,
      1763,
      1813,
      1840,
      1879,
      2242,
      2421,
      2613,
      2669,
      2677,
      2728,
      2924,
      3115,
      3163,
      3175,
      3365,
      3390,
      3773,
      3831,
      3886,
      3935,
      4116,
      4233,
      4330,
      4353,
      4355,
      4513,
      4570,
      4594
    ],
    "0": [
      513,
      531,
      1048,
      1290,
      1813,
      1995,
      2625,
      2711,
      3605,
      3758,
      3871,
      4355,
      4560
    ],
    "1": [
      396,
      403,
      585,
      649,
      1157,
      1391,
      1413,
      1441,
      1955,
      2094,
      2146,
      2457,
      2467,
      2747,
      2836,
      3045,
      3174,
      3215,
      3504,
      3865,
      4069,
      4095,
      4124,
      4261
    ],
    "6": [
      714
    ],
    "2": [
      403,
      3333,
      4586
    ],
    "8": [
      579,
      819
    ],
    "3": [
      1108,
      3763,
      4485
    ]
  }
}
