{
  "entry": "Q54FX7",
  "entry_name": "Y9576_DICDI",
  "type": "GLM_1",
  "prompt": "MNGPRYAHSNYGGNKGGPSNSTSGVFAGDIRCQVSNKSIMLISLKITNSPNSNSRGSSSSSSTSKSSSKTSFTQ[GLM]39-59-20",
  "k": 224,
  "original_sequence": "MNGPRYAHSNYGGNKGGPSNSTSGVFAGDIRCQVSNKSIMLISLKITNSPNSNSRGSSSSSSTSKSSSKTSFTQ",
  "original_ll": -2.7065646648406982,
  "original_perplexity": 14.97773265838623,
  "progen3_sequence": "MNGPRYAHSNYGGNKGGPSNSTSGVFAGDIRCQVSNKSIRINGGSNQSVQPCLNVLLNLSSSTSKSSSKTSFTQ",
  "progen3_ll": -2.8354129791259766,
  "progen3_perplexity": 17.03743553161621,
  "max_sequence": "MNGPRYAHSNYGGNKGGPSNSTSGVFAGDIRCQVSNKSISSSKPTTKNSNSGSVNNNATSSSTSKSSSKTSFTQ",
  "max_ll": -2.480084180831909,
  "max_perplexity": 11.942269325256348,
  "max_kl": 0.2739531695842743,
  "max_nmse": 1.0888311862945557,
  "base_sequence": "MNGPRYAHSNYGGNKGGPSNSTSGVFAGDIRCQVSNKSISTWSSCMSSISTTMWMSNSDSSSTSKSSSKTSFTQ",
  "base_ll": -2.9250693321228027,
  "base_perplexity": 18.63551902770996,
  "base_kl": 0.4106666147708893,
  "base_nmse": 0.41633743047714233,
  "recovered_sequence": "MNGPRYAHSNYGGNKGGPSNSTSGVFAGDIRCQVSNKSIIINCISIFSVFIISNVSNNTSSSTSKSSSKTSFTQ",
  "recovered_ll": -2.7379939556121826,
  "recovered_perplexity": 15.455948829650879,
  "recovered_kl": 0.32518693804740906,
  "recovered_nmse": 0.0723271444439888,
  "nodes": {
    "9": [
      7,
      14,
      38,
      76,
      138,
      180,
      233,
      266,
      333,
      382,
      467,
      506,
      579,
      597,
      601,
      732,
      813,
      907,
      940,
      963,
      1037,
      1106,
      1234,
      1415,
      1447,
      1544,
      1611,
      1748,
      1840,
      1879,
      1945,
      1965,
      2103,
      2242,
      2377,
      2399,
      2444,
      2613,
      2669,
      2710,
      2728,
      2831,
      2843,
      2898,
      2914,
      2924,
      2933,
      3115,
      3175,
      3194,
      3226,
      3365,
      3448,
      3692,
      3707,
      3773,
      3788,
      3831,
      3868,
      3886,
      3945,
      3963,
      4005,
      4068,
      4144,
      4353,
      4429,
      4513,
      4591,
      4594
    ],
    "0": [
      109,
      171,
      218,
      253,
      531,
      736,
      967,
      1205,
      1290,
      1336,
      1628,
      1658,
      1840,
      1942,
      1980,
      2008,
      2136,
      2176,
      2205,
      2283,
      2429,
      2625,
      2664,
      2711,
      2857,
      3011,
      3579,
      3871,
      3908,
      3928,
      3994,
      4084,
      4337,
      4356
    ],
    "1": [
      18,
      198,
      287,
      340,
      396,
      403,
      421,
      495,
      505,
      514,
      585,
      649,
      802,
      807,
      864,
      944,
      1084,
      1087,
      1154,
      1157,
      1230,
      1311,
      1321,
      1391,
      1441,
      1594,
      1668,
      1672,
      1705,
      1843,
      1900,
      1955,
      1960,
      2023,
      2034,
      2048,
      2094,
      2104,
      2137,
      2145,
      2146,
      2231,
      2241,
      2322,
      2376,
      2377,
      2388,
      2402,
      2410,
      2442,
      2457,
      2467,
      2649,
      2733,
      2747,
      2836,
      2912,
      2913,
      2917,
      3045,
      3091,
      3170,
      3174,
      3215,
      3294,
      3464,
      3504,
      3734,
      3865,
      3904,
      3964,
      3975,
      4069,
      4095,
      4113,
      4124,
      4261,
      4317,
      4327,
      4378,
      4408,
      4419
    ],
    "8": [
      548,
      637,
      963,
      1337,
      1582,
      1970,
      2273,
      2422,
      2466,
      2614,
      2720,
      2747,
      3292,
      3415,
      3847,
      3860,
      3865,
      4030,
      4380,
      4510
    ],
    "2": [
      1145,
      1190,
      2046,
      3164,
      3532,
      4237,
      4418,
      4443,
      4577
    ],
    "3": [
      2377,
      2806,
      3197,
      3570,
      3941
    ],
    "6": [
      714,
      2098
    ],
    "4": [
      1774
    ],
    "5": [
      3355
    ]
  }
}
