{
  "entry": "Q54TW3",
  "entry_name": "RL29_DICDI",
  "type": "GLM_1",
  "prompt": "MAKSKNHSTHHKNRKDHRNGIKKAVVHKKTSSKGVELGFARNQRYARIGTEIKRYVRGDMQEVKAHKNPRQPLKTIVAAAKAKLAAKKAAAKK[GLM]52-81-29",
  "k": 320,
  "original_sequence": "MAKSKNHSTHHKNRKDHRNGIKKAVVHKKTSSKGVELGFARNQRYARIGTEIKRYVRGDMQEVKAHKNPRQPLKTIVAAAKAKLAAKKAAAKK",
  "original_ll": -2.830758571624756,
  "original_perplexity": 16.95832061767578,
  "progen3_sequence": "MAKSKNHSTHHKNRKDHRNGIKKAVVHKKTSSKGVELGFARNQRYARIGTEIWIGGFEPNAERYSWYAKPANEEILNKELLAKLAAKKAAAKK",
  "progen3_ll": -2.901183605194092,
  "progen3_perplexity": 18.195669174194336,
  "max_sequence": "MAKSKNHSTHHKNRKDHRNGIKKAVVHKKTSSKGVELGFARNQRYARIGTEIRSKKRRRGRTRLAKVGRKRTRRERLNKELAKLAAKKAAAKK",
  "max_ll": -2.6199324131011963,
  "max_perplexity": 13.734795570373535,
  "max_kl": 0.8408842086791992,
  "max_nmse": 2.071338415145874,
  "base_sequence": "MAKSKNHSTHHKNRKDHRNGIKKAVVHKKTSSKGVELGFARNQRYARIGTEIIMISSSSSIWSKISTNSSISISSLIMAKLAAKKAAAKK",
  "base_ll": -2.810713291168213,
  "base_perplexity": 16.62177085876465,
  "base_kl": 1.0435343980789185,
  "base_nmse": 0.2458219677209854,
  "recovered_sequence": "MAKSKNHSTHHKNRKDHRNGIKKAVVHKKTSSKGVELGFARNQRYARIGTEISIVKTKTVSIIKKKKAKKKKIKIKKKKVIAKLAAKKAAAKK",
  "recovered_ll": -2.2810423374176025,
  "recovered_perplexity": 9.786876678466797,
  "recovered_kl": 0.9859141111373901,
  "recovered_nmse": 0.6329053044319153,
  "nodes": {
    "9": [
      7,
      76,
      138,
      180,
      233,
      255,
      333,
      374,
      467,
      484,
      601,
      671,
      729,
      732,
      813,
      907,
      963,
      1037,
      1075,
      1106,
      1234,
      1252,
      1415,
      1435,
      1447,
      1611,
      1622,
      1748,
      1751,
      1840,
      1879,
      1945,
      1965,
      2103,
      2242,
      2390,
      2399,
      2444,
      2613,
      2631,
      2669,
      2728,
      2831,
      2843,
      2898,
      2924,
      2933,
      3114,
      3115,
      3163,
      3175,
      3194,
      3365,
      3390,
      3448,
      3707,
      3773,
      3831,
      3868,
      3886,
      3935,
      3945,
      4005,
      4233,
      4345,
      4353,
      4355,
      4470,
      4513,
      4594
    ],
    "0": [
      42,
      109,
      218,
      318,
      371,
      438,
      531,
      667,
      736,
      920,
      967,
      985,
      1070,
      1146,
      1205,
      1290,
      1622,
      1813,
      1840,
      1942,
      1946,
      1967,
      1995,
      2117,
      2157,
      2176,
      2205,
      2247,
      2360,
      2543,
      2664,
      2711,
      2763,
      2791,
      2857,
      3011,
      3138,
      3373,
      3442,
      3449,
      3605,
      3667,
      3781,
      3848,
      3871,
      3908,
      4081,
      4084,
      4241,
      4337,
      4355,
      4541,
      4549,
      4578
    ],
    "1": [
      198,
      287,
      340,
      396,
      403,
      421,
      469,
      495,
      505,
      514,
      585,
      649,
      802,
      807,
      864,
      944,
      1084,
      1087,
      1154,
      1157,
      1230,
      1311,
      1321,
      1391,
      1410,
      1413,
      1441,
      1464,
      1492,
      1594,
      1668,
      1705,
      1843,
      1900,
      1955,
      1960,
      2023,
      2034,
      2048,
      2094,
      2104,
      2137,
      2145,
      2146,
      2231,
      2241,
      2322,
      2376,
      2377,
      2388,
      2410,
      2442,
      2457,
      2467,
      2649,
      2733,
      2747,
      2780,
      2836,
      2912,
      2913,
      2917,
      3014,
      3045,
      3091,
      3170,
      3174,
      3215,
      3294,
      3337,
      3387,
      3464,
      3504,
      3734,
      3865,
      3904,
      3975,
      4069,
      4095,
      4113,
      4124,
      4183,
      4261,
      4317,
      4327,
      4378,
      4408
    ],
    "8": [
      307,
      428,
      530,
      581,
      791,
      799,
      825,
      963,
      974,
      1147,
      1230,
      1337,
      1697,
      1742,
      1865,
      1946,
      1987,
      2273,
      2327,
      2422,
      2720,
      2747,
      3169,
      3415,
      3454,
      3519,
      3554,
      3619,
      3741,
      3847,
      3860,
      3940,
      4012,
      4030,
      4304,
      4319,
      4442,
      4510
    ],
    "2": [
      52,
      131,
      657,
      703,
      1190,
      1323,
      1428,
      1559,
      1698,
      2086,
      2132,
      2458,
      2805,
      2916,
      2917,
      2966,
      2973,
      3164,
      3273,
      3326,
      3333,
      3348,
      3874,
      4237,
      4418,
      4586
    ],
    "3": [
      61,
      509,
      803,
      921,
      976,
      1108,
      1198,
      1299,
      1523,
      1582,
      1969,
      2058,
      2112,
      2168,
      2806,
      3941,
      4010,
      4418
    ],
    "4": [
      45,
      50,
      85,
      258,
      598,
      867,
      1015,
      2155,
      2323,
      2993,
      3137,
      3260,
      3566,
      3831,
      3987
    ],
    "6": [
      714,
      1889,
      3493
    ],
    "5": [
      183,
      1276,
      2549,
      3502,
      4007,
      4089,
      4339
    ],
    "7": [
      442,
      3293
    ]
  }
}
