{
  "entry": "Q58177",
  "entry_name": "Y767_METJA",
  "type": "GLM_2",
  "prompt": "MVNVERISISFPKFLLKEIDEVVKKKGYSSRSELIRDAVRKYVLENNPLNKNETVSGIIIVVYNPTKEALEKMSKLYFEHNKVIKSLNQAYVTTSCGKNAKVEIFVVEGNSKDISKFYEEIEKINGKIYDKVIIF[GLM]71-94-23",
  "k": 736,
  "original_sequence": "MVNVERISISFPKFLLKEIDEVVKKKGYSSRSELIRDAVRKYVLENNPLNKNETVSGIIIVVYNPTKEALEKMSKLYFEHNKVIKSLNQAYVTTSCGKNAKVEIFVVEGNSKDISKFYEEIEKINGKIYDKVIIF",
  "original_ll": -2.949249505996704,
  "original_perplexity": 19.09161949157715,
  "progen3_sequence": "MVNVERISISFPKFLLKEIDEVVKKKGYSSRSELIRDAVRKYVLENNPLNKNETVSGIIIVVYNPTKEALEIDLFKLKFKKIDVKDNFITKFEKSCGKNAKVEIFVVEGNSKDISKFYEEIEKINGKIYDKVIIF",
  "progen3_ll": -3.0695693492889404,
  "progen3_perplexity": 21.532629013061523,
  "max_sequence": "MVNVERISISFPKFLLKEIDEVVKKKGYSSRSELIRDAVRKYVLENNPLNKNETVSGIIIVVYNPTKEALEYFEIDEKSNRILEIIEILTKKNISCGKNAKVEIFVVEGNSKDISKFYEEIEKINGKIYDKVIIF",
  "max_ll": -2.5115880966186523,
  "max_perplexity": 12.32448673248291,
  "max_kl": 0.6529154777526855,
  "max_nmse": 0.28216424584388733,
  "base_sequence": "MVNVERISISFPKFLLKEIDEVVKKKGYSSRSELIRDAVRKYVLENNPLNKNETVSGIIIVVYNPTKEALEINIISIIYNIIYISSSIYSIIIFSCGKNAKVEIFVVEGNSKDISKFYEEIEKINGKIYDKVIIF",
  "base_ll": -3.0382699966430664,
  "base_perplexity": 20.869108200073242,
  "base_kl": 0.8431503772735596,
  "base_nmse": 0.3290519416332245,
  "recovered_sequence": "MVNVERISISFPKFLLKEIDEVVKKKGYSSRSELIRDAVRKYVLENNPLNKNETVSGIIIVVYNPTKEALEIISFIKFKISIIKYIIFIIKFIKSCGKNAKVEIFVVEGNSKDISKFYEEIEKINGKIYDKVIIF",
  "recovered_ll": -2.8781721591949463,
  "recovered_perplexity": 17.781742095947266,
  "recovered_kl": 0.7553387880325317,
  "recovered_nmse": 0.09402056783437729,
  "nodes": {
    "9": [
      7,
      76,
      138,
      233,
      255,
      266,
      333,
      374,
      467,
      506,
      519,
      597,
      601,
      631,
      671,
      729,
      732,
      813,
      902,
      907,
      963,
      998,
      1037,
      1075,
      1106,
      1183,
      1195,
      1232,
      1234,
      1252,
      1415,
      1435,
      1447,
      1611,
      1622,
      1751,
      1824,
      1840,
      1879,
      1945,
      2103,
      2242,
      2283,
      2390,
      2399,
      2444,
      2474,
      2613,
      2631,
      2669,
      2831,
      2843,
      2924,
      2933,
      2945,
      3037,
      3114,
      3115,
      3163,
      3175,
      3194,
      3290,
      3365,
      3376,
      3390,
      3448,
      3692,
      3707,
      3868,
      3886,
      3935,
      3945,
      4233,
      4252,
      4274,
      4345,
      4353,
      4355,
      4470,
      4513,
      4594
    ],
    "0": [
      47,
      48,
      72,
      109,
      112,
      120,
      131,
      171,
      218,
      253,
      276,
      318,
      388,
      412,
      418,
      514,
      524,
      531,
      559,
      565,
      636,
      653,
      667,
      718,
      720,
      875,
      890,
      913,
      920,
      965,
      967,
      985,
      1079,
      1111,
      1205,
      1233,
      1290,
      1308,
      1342,
      1357,
      1397,
      1446,
      1460,
      1519,
      1550,
      1616,
      1625,
      1656,
      1705,
      1786,
      1788,
      1813,
      1840,
      1883,
      1942,
      1980,
      1995,
      2117,
      2125,
      2135,
      2136,
      2176,
      2205,
      2256,
      2278,
      2283,
      2333,
      2385,
      2459,
      2468,
      2517,
      2535,
      2543,
      2561,
      2585,
      2599,
      2625,
      2664,
      2669,
      2711,
      2718,
      2810,
      2844,
      2857,
      2859,
      2888,
      3011,
      3094,
      3095,
      3096,
      3122,
      3232,
      3271,
      3272,
      3417,
      3492,
      3539,
      3542,
      3563,
      3572,
      3583,
      3605,
      3611,
      3612,
      3641,
      3871,
      3908,
      3935,
      3994,
      4057,
      4072,
      4084,
      4119,
      4153,
      4241,
      4334,
      4337,
      4355,
      4356,
      4361,
      4390,
      4421,
      4425,
      4433,
      4488,
      4541,
      4549,
      4551
    ],
    "8": [
      3,
      8,
      91,
      178,
      226,
      294,
      428,
      456,
      502,
      524,
      530,
      548,
      566,
      581,
      592,
      637,
      655,
      791,
      799,
      825,
      835,
      846,
      937,
      963,
      974,
      1009,
      1042,
      1132,
      1154,
      1215,
      1230,
      1233,
      1245,
      1291,
      1302,
      1304,
      1337,
      1368,
      1389,
      1393,
      1507,
      1540,
      1697,
      1754,
      1768,
      1771,
      1806,
      1841,
      1865,
      1946,
      2007,
      2068,
      2157,
      2184,
      2195,
      2269,
      2273,
      2280,
      2285,
      2304,
      2422,
      2439,
      2466,
      2523,
      2614,
      2720,
      2726,
      2747,
      2873,
      2882,
      3032,
      3076,
      3101,
      3108,
      3109,
      3154,
      3169,
      3189,
      3197,
      3209,
      3213,
      3274,
      3415,
      3438,
      3454,
      3461,
      3465,
      3476,
      3493,
      3494,
      3519,
      3673,
      3741,
      3758,
      3793,
      3827,
      3845,
      3847,
      3854,
      3860,
      3865,
      3880,
      3912,
      3932,
      3938,
      3940,
      4012,
      4025,
      4030,
      4109,
      4136,
      4138,
      4204,
      4227,
      4301,
      4319,
      4328,
      4368,
      4405,
      4442,
      4471,
      4477,
      4510,
      4581
    ],
    "1": [
      18,
      198,
      340,
      352,
      396,
      403,
      421,
      469,
      495,
      505,
      514,
      585,
      649,
      802,
      807,
      808,
      864,
      868,
      875,
      944,
      1036,
      1054,
      1076,
      1084,
      1087,
      1154,
      1157,
      1230,
      1274,
      1288,
      1311,
      1319,
      1321,
      1391,
      1410,
      1413,
      1441,
      1464,
      1492,
      1594,
      1668,
      1672,
      1705,
      1728,
      1781,
      1843,
      1900,
      1955,
      1960,
      2023,
      2034,
      2048,
      2057,
      2094,
      2104,
      2137,
      2145,
      2146,
      2231,
      2241,
      2322,
      2376,
      2377,
      2388,
      2402,
      2410,
      2442,
      2457,
      2467,
      2649,
      2733,
      2747,
      2775,
      2836,
      2902,
      2912,
      2913,
      2917,
      2961,
      3014,
      3045,
      3091,
      3170,
      3174,
      3215,
      3294,
      3337,
      3387,
      3464,
      3504,
      3660,
      3734,
      3865,
      3867,
      3904,
      3964,
      3975,
      4069,
      4095,
      4113,
      4124,
      4183,
      4261,
      4317,
      4327,
      4378,
      4408,
      4419
    ],
    "2": [
      33,
      137,
      156,
      294,
      457,
      644,
      657,
      703,
      903,
      1190,
      1202,
      1252,
      1253,
      1479,
      1762,
      1806,
      1825,
      1855,
      1908,
      1924,
      1987,
      2046,
      2132,
      2161,
      2193,
      2211,
      2330,
      2458,
      2512,
      2624,
      2716,
      2730,
      2828,
      2829,
      2973,
      2996,
      3019,
      3089,
      3147,
      3164,
      3167,
      3181,
      3228,
      3273,
      3307,
      3333,
      3480,
      4031,
      4171,
      4237,
      4355,
      4400,
      4443,
      4586
    ],