{
  "entry": "Q58753",
  "entry_name": "Y1358_METJA",
  "type": "CLM",
  "prompt": "MGVVFAFGFYLIFIKLTGLKLMDYFPRFKENRLKMIFSILSVILAFLINWLIMKNFSFLIEIIHPIASVWIFIILIYLLLRFLFLKRVPLSNYEKKFMGNMSAIAIFLELLKIIEYVDEHN",
  "k": 544,
  "original_sequence": "MGVVFAFGFYLIFIKLTGLKLMDYFPRFKENRLKMIFSILSVILAFLINWLIMKNFSFLIEIIHPIASVWIFIILIYLLLRFLFLKRVPLSNYEKKFMGNMSAIAIFLELLKIIEYVDEHNIASPITVALVFFIPVVVFFNCKYFYEMELSS",
  "original_ll": -2.7335383892059326,
  "original_perplexity": 15.387237548828125,
  "progen3_sequence": "MGVVFAFGFYLIFIKLTGLKLMDYFPRFKENRLKMIFSILSVILAFLINWLIMKNFSFLIEIIHPIASVWIFIILIYLLLRFLFLKRVPLSNYEKKFMGNMSAIAIFLELLKIIEYVDEHNPLIFVSFFVIFILIAISFIYSIKKSKSINKI",
  "progen3_ll": -2.2150559425354004,
  "progen3_perplexity": 9.161922454833984,
  "max_sequence": "MGVVFAFGFYLIFIKLTGLKLMDYFPRFKENRLKMIFSILSVILAFLINWLIMKNFSFLIEIIHPIASVWIFIILIYLLLRFLFLKRVPLSNYEKKFMGNMSAIAIFLELLKIIEYVDEHNIFKLSSGLLLFLIILLLFLYALGKLKYLLLY",
  "max_ll": -2.338646650314331,
  "max_perplexity": 10.367197036743164,
  "max_kl": 0.07457391172647476,
  "max_nmse": 0.058230359107255936,
  "base_sequence": "MGVVFAFGFYLIFIKLTGLKLMDYFPRFKENRLKMIFSILSVILAFLINWLIMKNFSFLIEIIHPIASVWIFIILIYLLLRFLFLKRVPLSNYEKKFMGNMSAIAIFLELLKIIEYVDEHNCCCC",
  "base_ll": -4.062103271484375,
  "base_perplexity": 58.096378326416016,
  "base_kl": 2.152808427810669,
  "base_nmse": 3.0297558307647705,
  "recovered_sequence": "MGVVFAFGFYLIFIKLTGLKLMDYFPRFKENRLKMIFSILSVILAFLINWLIMKNFSFLIEIIHPIASVWIFIILIYLLLRFLFLKRVPLSNYEKKFMGNMSAIAIFLELLKIIEYVDEHNIIIFVSFFSIFILIIIFFIIFISFFFFIFFI",
  "recovered_ll": -2.2335963249206543,
  "recovered_perplexity": 9.33337116241455,
  "recovered_kl": 0.5067436099052429,
  "recovered_nmse": 0.8617376685142517,
  "nodes": {
    "9": [
      1,
      7,
      76,
      138,
      233,
      255,
      333,
      419,
      467,
      519,
      597,
      601,
      671,
      729,
      813,
      902,
      905,
      907,
      940,
      963,
      1027,
      1037,
      1075,
      1106,
      1232,
      1234,
      1252,
      1415,
      1447,
      1611,
      1622,
      1810,
      1840,
      1879,
      1945,
      2103,
      2174,
      2242,
      2390,
      2399,
      2444,
      2474,
      2613,
      2669,
      2843,
      2924,
      2933,
      3107,
      3114,
      3115,
      3175,
      3194,
      3365,
      3390,
      3692,
      3707,
      3868,
      3886,
      3945,
      3963,
      4233,
      4345,
      4353,
      4470,
      4513,
      4594
    ],
    "1": [
      340,
      403,
      495,
      505,
      514,
      585,
      802,
      944,
      1076,
      1084,
      1087,
      1154,
      1157,
      1230,
      1311,
      1391,
      1413,
      1464,
      1594,
      1668,
      1728,
      1843,
      1960,
      2034,
      2048,
      2094,
      2104,
      2137,
      2145,
      2146,
      2241,
      2388,
      2410,
      2442,
      2457,
      2467,
      2733,
      2902,
      2917,
      3045,
      3091,
      3170,
      3215,
      3504,
      3734,
      3865,
      3867,
      3904,
      3964,
      4069,
      4113,
      4124,
      4183,
      4408
    ],
    "0": [
      47,
      48,
      87,
      218,
      236,
      439,
      524,
      531,
      565,
      667,
      726,
      866,
      875,
      890,
      904,
      967,
      1091,
      1397,
      1419,
      1550,
      1705,
      1813,
      1840,
      1883,
      1942,
      2027,
      2135,
      2176,
      2283,
      2614,
      2625,
      2711,
      2810,
      2857,
      2859,
      3011,
      3122,
      3214,
      3289,
      3605,
      3871,
      3896,
      3908,
      3926,
      4044,
      4057,
      4084,
      4337,
      4355
    ],
    "8": [
      296,
      333,
      361,
      426,
      433,
      592,
      652,
      720,
      791,
      836,
      856,
      903,
      954,
      963,
      1003,
      1078,
      1230,
      1389,
      1448,
      1507,
      1566,
      1639,
      1677,
      1882,
      2167,
      2198,
      2208,
      2273,
      2279,
      2304,
      2323,
      2422,
      2428,
      2446,
      2543,
      2740,
      2892,
      3108,
      3274,
      3323,
      3415,
      3428,
      3438,
      3499,
      3503,
      3673,
      3743,
      3789,
      3827,
      3847,
      3855,
      3860,
      3909,
      3936,
      4016,
      4030,
      4151,
      4227,
      4321,
      4601
    ],
    "4": [
      39,
      46,
      77,
      110,
      157,
      193,
      269,
      285,
      435,
      457,
      489,
      660,
      744,
      928,
      943,
      998,
      1136,
      1157,
      1252,
      1433,
      1442,
      1481,
      1483,
      1522,
      1529,
      1564,
      1659,
      1740,
      1894,
      2001,
      2006,
      2023,
      2232,
      2252,
      2318,
      2661,
      2750,
      2755,
      2875,
      2922,
      3034,
      3139,
      3209,
      3235,
      3334,
      3447,
      3494,
      3555,
      3567,
      3577,
      3602,
      3637,
      3640,
      3665,
      3678,
      3707,
      3720,
      3840,
      3868,
      3906,
      3970,
      4073,
      4179,
      4225,
      4387,
      4389,
      4441,
      4478,
      4547,
      4552,
      4575
    ],
    "6": [
      76,
      333,
      390,
      601,
      639,
      684,
      755,
      871,
      895,
      955,
      972,
      1027,
      1147,
      1199,
      1257,
      1424,
      1486,
      1637,
      1815,
      2041,
      2267,
      2333,
      2341,
      2450,
      2477,
      2493,
      2718,
      2831,
      3074,
      3075,
      3078,
      3088,
      3108,
      3278,
      3512,
      3572,
      3778,
      3807,
      4016,
      4186,
      4374
    ],
    "7": [
      2,
      106,
      198,
      204,
      230,
      239,
      304,
      752,
      762,
      891,
      1129,
      1490,
      1498,
      1535,
      1598,
      2046,
      2066,
      2236,
      2247,
      2295,
      2314,
      2593,
      2697,
      2835,
      2938,
      3048,
      3208,
      3248,
      3632,
      3693,
      3761,
      3929,
      4150,
      4168,
      4301,
      4314,
      4390,
      4422,
      4501,
      4514,
      4554,
      4590
    ],
    "5": [
      16,
      107,
      122,
      206,
      232,
      237,
      349,
      380,
      486,
      594,
      679,
      718,
      842,
      1059,
      1196,
      1243,
      1307,
      1326,
      1437,
      1538,
      2063,
      2090,
      2243,
      2402,
      2555,
      2559,
      2708,
      2734,
      2805,
      2848,
      2864,
      2984,
      2985,
      3064,
      3073,
      3132,
      3190,
      3304,
      3471,
      3527,
      3671,
      3683,
      3706,
      3945,
      3969,
      4198,
      4199,
      4370,
      4475,
      4495,
      4569
    ],
    "2": [
      84,
      252,
      355,
      364,
      412,
      417,
      447,
      530,
      539,
      625,
      663,
      698,
      763,
      785,
      1026,
      1324,
      1387,
      1702,
      1725,
      1726,
      1742,
      1999,
      2019,
      2293,
      2348,
      2355,
      2512,
      2516,
      2538,
      2573,
      2595,
      2632,
      2718,
      2740,
      2824,
      3009,
      3028,
      3068,
      3164,
      3214,
      3279,
      3373,
      3407,
      3433,
      3458,
      3505,
      3570,
      3621,
      3641,
      3748,
      3797,
      3896,
      3901,
      3961,
      3989,
      4062,
      4166,
      4170,
      4209,
      4330,
      4334,
      4362,
      4374,
      4411,
      4489,
      4580
    ],