{
  "entry": "Q6T6C2",
  "entry_name": "THMAC_THETS",
  "type": "GLM_1",
  "prompt": "MELKSGLSILLCFGICIAVINAGCFEDWSRCSPSTSRGTGVLWRDCDSYCKVCFKADRGECFDSPSLNCPQRLPNNKQCRCINARTAKDNRNPTCWA[GLM]29-79-50",
  "k": 992,
  "original_sequence": "MELKSGLSILLCFGICIAVINAGCFEDWSRCSPSTSRGTGVLWRDCDSYCKVCFKADRGECFDSPSLNCPQRLPNNKQCRCINARTAKDNRNPTCWA",
  "original_ll": -2.9242520332336426,
  "original_perplexity": 18.62029457092285,
  "progen3_sequence": "MELKSGLSILLCFGICIAVINAGCFEDWSLKPDRRAYIKEKDTARLRYRFGKDNGYNIYKISLKVYLLIFPVITANEVSRCINARTAKDNRNPTCWA",
  "progen3_ll": -2.8862085342407227,
  "progen3_perplexity": 17.92521858215332,
  "max_sequence": "MELKSGLSILLCFGICIAVINAGCFEDWSCDCDVAPRGNCRETTAKDSKDVPKTSNSYSINGLGGSASTKPGNTGKNRMRCINARTAKDNRNPTCWA",
  "max_ll": -2.906648874282837,
  "max_perplexity": 18.295385360717773,
  "max_kl": 0.15325607359409332,
  "max_nmse": 1.0687812566757202,
  "base_sequence": "MELKSGLSILLCFGICIAVINAGCFEDWSCCCCCCICCCCCCCMCCCSCSCCCCCCCCSSCCCCCCCCCCICCCCISCCRCINARTAKDNRNPTCWA",
  "base_ll": -1.4935375452041626,
  "base_perplexity": 4.45281982421875,
  "base_kl": 0.6391661167144775,
  "base_nmse": 0.2173488587141037,
  "recovered_sequence": "MELKSGLSILLCFGICIAVINAGCFEDWSCCCCCCCFICNCICACCRCICCCCCCYFCYLICYCCTCCIFSCSCCCCCCRCINARTAKDNRNPTCWA",
  "recovered_ll": -2.181887626647949,
  "recovered_perplexity": 8.863020896911621,
  "recovered_kl": 0.2785239815711975,
  "recovered_nmse": 0.38298362493515015,
  "nodes": {
    "9": [
      1,
      7,
      14,
      38,
      76,
      138,
      180,
      233,
      255,
      266,
      326,
      333,
      382,
      426,
      467,
      506,
      519,
      579,
      597,
      601,
      631,
      671,
      694,
      813,
      905,
      907,
      940,
      963,
      1027,
      1037,
      1075,
      1106,
      1234,
      1252,
      1447,
      1544,
      1583,
      1611,
      1622,
      1740,
      1769,
      1840,
      1879,
      1945,
      2103,
      2242,
      2377,
      2390,
      2399,
      2429,
      2444,
      2482,
      2519,
      2613,
      2669,
      2710,
      2728,
      2831,
      2843,
      2898,
      2924,
      2933,
      2953,
      3008,
      3107,
      3115,
      3146,
      3163,
      3175,
      3226,
      3365,
      3448,
      3692,
      3707,
      3788,
      3831,
      3886,
      3945,
      3963,
      4005,
      4012,
      4144,
      4317,
      4330,
      4345,
      4353,
      4429,
      4438,
      4513,
      4591,
      4594
    ],
    "0": [
      44,
      45,
      47,
      48,
      68,
      109,
      115,
      120,
      131,
      168,
      218,
      236,
      253,
      256,
      261,
      412,
      418,
      430,
      472,
      514,
      524,
      531,
      565,
      631,
      640,
      648,
      667,
      672,
      718,
      719,
      720,
      803,
      840,
      868,
      869,
      890,
      904,
      910,
      920,
      956,
      967,
      1047,
      1060,
      1079,
      1111,
      1158,
      1175,
      1182,
      1205,
      1216,
      1231,
      1233,
      1248,
      1254,
      1290,
      1302,
      1308,
      1361,
      1377,
      1408,
      1411,
      1419,
      1421,
      1427,
      1443,
      1444,
      1457,
      1460,
      1519,
      1522,
      1550,
      1574,
      1593,
      1614,
      1656,
      1705,
      1727,
      1734,
      1750,
      1762,
      1786,
      1800,
      1813,
      1840,
      1845,
      1883,
      1885,
      1927,
      1942,
      1995,
      2027,
      2056,
      2135,
      2176,
      2205,
      2217,
      2276,
      2278,
      2283,
      2300,
      2322,
      2333,
      2366,
      2369,
      2385,
      2425,
      2510,
      2523,
      2531,
      2535,
      2542,
      2599,
      2625,
      2631,
      2636,
      2646,
      2655,
      2669,
      2692,
      2706,
      2711,
      2716,
      2758,
      2809,
      2810,
      2819,
      2839,
      2857,
      2859,
      2888,
      2921,
      2945,
      2964,
      3005,
      3026,
      3074,
      3094,
      3122,
      3214,
      3220,
      3232,
      3327,
      3396,
      3397,
      3417,
      3434,
      3452,
      3469,
      3481,
      3492,
      3542,
      3564,
      3572,
      3574,
      3582,
      3583,
      3603,
      3605,
      3611,
      3637,
      3709,
      3728,
      3741,
      3827,
      3834,
      3860,
      3871,
      3887,
      3908,
      3932,
      3978,
      3994,
      4002,
      4057,
      4072,
      4084,
      4122,
      4153,
      4253,
      4296,
      4311,
      4337,
      4355,
      4356,
      4361,
      4425,
      4433,
      4474,
      4476,
      4523,
      4535,
      4580,
      4589
    ],
    "8": [
      8,
      157,
      257,
      265,
      274,
      324,
      393,
      424,
      546,
      592,
      676,
      708,
      719,
      744,
      791,
      869,
      903,
      1152,
      1198,
      1230,
      1246,
      1274,
      1321,
      1337,
      1397,
      1419,
      1474,
      1551,
      1582,
      1639,
      1699,
      1724,
      1806,
      1814,
      1824,
      1890,
      1926,
      1946,
      1967,
      1970,
      2147,
      2198,
      2273,
      2304,
      2351,
      2455,
      2513,
      2614,
      2720,
      2893,
      2900,
      2960,
      2978,
      2989,
      3032,
      3169,
      3210,
      3323,
      3331,
      3415,
      3438,
      3443,
      3474,
      3493,
      3673,
      3687,
      3818,
      3827,
      3847,
      3860,
      3911,
      4030,
      4114,
      4223,
      4227,
      4376,
      4424,
      4510
    ],
    "2": [
      46,
      142,
      147,
      149,
      177,
      196,
      252,
      268,
      306,
      337,
      361,
      403,
      484,
      510,
      525,
      539,
      663,
      693,
      695,
      764,
      849,
      868,
      895,
      912,
      1004,
      1065,
      1078,
      1118,
      1138,
      1139,
      1154,
      1183,
      1190,
      1203,
      1214,
      1221,
      1258,
      1323,
      1333,
      1346,
      1409,
      1420,
      1492,
      1493,
      1506,
      1540,
      1613,
      1649,
      1660,
      1679,
      1725,
      1726,
      1730,
      1769,
      1796,
      1825,
      1829,
      1835,
      1865,
      1985,
      1986,
      1997,
      2014,
      2040,
      2046,
      2072,
      2092,
      2093,
      2173,
      2191,
      2221,
      2355,
      2501,
      2509,
      2512,
      2571,
      2592,
      2595,
      2642,
      2652,
      2689,
      2691,
      2725,
      2804,
      2824,
      2835,
      2868,
      2915,
      2945,
      2963,
      3019,
      3020,
      3029,
      3088,
      3159,
      3164,
      3209,
      3214,
      3221,
      3228,
      3254,
      3266,
      3273,
      3294,
      3325,
      3333,
      3335,
      3340,
      3347,
      3354,
      3414,
      3479,
      3570,
      3606,
      3621,
      3638,
      3737,
      3742,
      3757,
      3767,
      3792,
      3896,
      3911,
      3999,
      4035,
      4046,
      4088,
      4103,
      4162,
      4201,
      4209,
      4219,
      4227,
      4237,
      4263,
      4270,
      4330,
      4362,
      4374,
      4440,
      4443,
      4461,
      4568,
      4577,
      4580,
      4585
    ],