{
  "entry": "Q748D0",
  "entry_name": "FTSL_GEOSL",
  "type": "CLM",
  "prompt": "MAQARTEFSKVAAPRKLEEMYAQRGDLFPYLLAVLVLLTLVSVFHVWSRVRVVDLNLEVAEVARQLKVAQEEQNRLKLEVASLKTPAR",
  "k": 992,
  "original_sequence": "MAQARTEFSKVAAPRKLEEMYAQRGDLFPYLLAVLVLLTLVSVFHVWSRVRVVDLNLEVAEVARQLKVAQEEQNRLKLEVASLKTPARIEAVAKGELGMALPTDQQVVVVK",
  "original_ll": -1.6086097955703735,
  "original_perplexity": 4.995861053466797,
  "progen3_sequence": "MAQARTEFSKVAAPRKLEEMYAQRGDLFPYLLAVLVLLTLVSVFHVWSRVRVVDLNLEVAEVARQLKVAQEEQNRLKLEVASLKTPARIERLAREELGLVKPGETVVRVAP",
  "progen3_ll": -0.9674083590507507,
  "progen3_perplexity": 2.6311166286468506,
  "max_sequence": "MAQARTEFSKVAAPRKLEEMYAQRGDLFPYLLAVLVLLTLVSVFHVWSRVRVVDLNLEVAEVARQLKVAQEEQNRLKLEVASLKTPARAEGLAKELLLALAVIATVTILGG",
  "max_ll": -3.030604839324951,
  "max_perplexity": 20.709754943847656,
  "max_kl": 1.1196812391281128,
  "max_nmse": 0.5412143468856812,
  "base_sequence": "MAQARTEFSKVAAPRKLEEMYAQRGDLFPYLLAVLVLLTLVSVFHVWSRVRVVDLNLEVAEVARQLKVAQEEQNRLKLEVASLKTPARCCCCCCCCC",
  "base_ll": -3.3511993885040283,
  "base_perplexity": 28.536941528320312,
  "base_kl": 3.649731159210205,
  "base_nmse": 3.4271275997161865,
  "recovered_sequence": "MAQARTEFSKVAAPRKLEEMYAQRGDLFPYLLAVLVLLTLVSVFHVWSRVRVVDLNLEVAEVARQLKVAQEEQNRLKLEVASLKTPARILIALWFVVLLVVVVLVWVVAAL",
  "recovered_ll": -3.0318799018859863,
  "recovered_perplexity": 20.736177444458008,
  "recovered_kl": 1.3936419486999512,
  "recovered_nmse": 0.4882536232471466,
  "nodes": {
    "9": [
      1,
      7,
      14,
      38,
      76,
      138,
      180,
      233,
      255,
      266,
      326,
      333,
      374,
      467,
      597,
      601,
      631,
      671,
      694,
      732,
      813,
      905,
      907,
      937,
      963,
      1037,
      1075,
      1106,
      1232,
      1234,
      1252,
      1415,
      1435,
      1443,
      1447,
      1583,
      1611,
      1622,
      1740,
      1751,
      1763,
      1813,
      1840,
      1879,
      1945,
      2103,
      2242,
      2421,
      2613,
      2669,
      2677,
      2710,
      2728,
      2831,
      2838,
      2843,
      2898,
      2924,
      2933,
      2945,
      3107,
      3114,
      3115,
      3146,
      3163,
      3175,
      3365,
      3390,
      3448,
      3650,
      3692,
      3707,
      3773,
      3788,
      3831,
      3886,
      3935,
      3945,
      3959,
      3963,
      4005,
      4012,
      4116,
      4144,
      4233,
      4258,
      4330,
      4345,
      4353,
      4355,
      4407,
      4438,
      4470,
      4513,
      4591,
      4594
    ],
    "0": [
      47,
      48,
      84,
      131,
      212,
      218,
      253,
      256,
      418,
      524,
      531,
      559,
      565,
      567,
      667,
      720,
      772,
      851,
      875,
      890,
      909,
      967,
      1079,
      1149,
      1205,
      1290,
      1349,
      1362,
      1550,
      1589,
      1625,
      1656,
      1705,
      1813,
      1840,
      1883,
      1942,
      1995,
      2098,
      2135,
      2172,
      2176,
      2205,
      2283,
      2352,
      2469,
      2490,
      2625,
      2669,
      2711,
      2764,
      2810,
      2857,
      2859,
      2964,
      2976,
      3033,
      3094,
      3272,
      3287,
      3332,
      3436,
      3507,
      3539,
      3572,
      3587,
      3605,
      3611,
      3871,
      3908,
      4002,
      4057,
      4072,
      4084,
      4119,
      4298,
      4355,
      4361,
      4541,
      4542
    ],
    "6": [
      1,
      20,
      61,
      108,
      234,
      279,
      333,
      352,
      425,
      469,
      529,
      537,
      542,
      574,
      714,
      758,
      766,
      822,
      951,
      1026,
      1035,
      1061,
      1081,
      1132,
      1144,
      1160,
      1181,
      1219,
      1234,
      1260,
      1373,
      1396,
      1399,
      1441,
      1458,
      1462,
      1534,
      1542,
      1580,
      1581,
      1657,
      1698,
      1756,
      1805,
      2021,
      2051,
      2098,
      2213,
      2245,
      2283,
      2334,
      2385,
      2628,
      2634,
      2913,
      2966,
      3080,
      3232,
      3253,
      3263,
      3333,
      3453,
      3633,
      3803,
      3821,
      3857,
      3972,
      4062,
      4121,
      4194,
      4220,
      4418,
      4586
    ],
    "2": [
      33,
      36,
      142,
      192,
      252,
      361,
      412,
      440,
      530,
      626,
      644,
      670,
      687,
      698,
      703,
      716,
      764,
      841,
      903,
      951,
      1139,
      1190,
      1317,
      1387,
      1634,
      1725,
      1742,
      1806,
      1825,
      1924,
      1941,
      1985,
      1999,
      2019,
      2038,
      2132,
      2256,
      2348,
      2400,
      2416,
      2512,
      2595,
      2642,
      2726,
      2740,
      2988,
      3089,
      3101,
      3164,
      3181,
      3219,
      3228,
      3247,
      3260,
      3273,
      3333,
      3398,
      3494,
      3505,
      3538,
      3552,
      3621,
      3674,
      3733,
      3892,
      3896,
      3970,
      4009,
      4028,
      4062,
      4166,
      4170,
      4192,
      4219,
      4237,
      4267,
      4273,
      4330,
      4354,
      4362,
      4374,
      4384,
      4461,
      4489,
      4545,
      4560,
      4580,
      4586
    ],
    "8": [
      12,
      83,
      95,
      140,
      200,
      257,
      268,
      308,
      315,
      363,
      399,
      485,
      502,
      505,
      546,
      579,
      676,
      678,
      699,
      722,
      727,
      767,
      791,
      846,
      954,
      963,
      974,
      987,
      1000,
      1022,
      1040,
      1058,
      1060,
      1152,
      1198,
      1226,
      1230,
      1337,
      1342,
      1397,
      1511,
      1663,
      1774,
      1814,
      1824,
      1844,
      1865,
      1870,
      1898,
      1946,
      1954,
      1963,
      1970,
      2003,
      2006,
      2162,
      2198,
      2290,
      2294,
      2338,
      2373,
      2378,
      2418,
      2422,
      2443,
      2479,
      2495,
      2515,
      2640,
      2686,
      2875,
      2893,
      2942,
      2952,
      2953,
      2978,
      3013,
      3039,
      3045,
      3094,
      3108,
      3128,
      3151,
      3158,
      3248,
      3268,
      3397,
      3415,
      3434,
      3443,
      3462,
      3474,
      3491,
      3519,
      3523,
      3544,
      3562,
      3591,
      3605,
      3687,
      3741,
      3827,
      3847,
      3862,
      3909,
      3911,
      3940,
      3958,
      3992,
      4012,
      4047,
      4114,
      4129,
      4130,
      4137,
      4200,
      4215,
      4223,
      4227,
      4274,
      4360,
      4376,
      4405,
      4424,
      4471,
      4485,
      4513,
      4537,
      4551,
      4576,
      4587
    ],