{
  "entry": "Q8FEY4",
  "entry_name": "PAST_ECOL6",
  "type": "CLM",
  "prompt": "MILFVGFLLMEIVMPQISRTALVPYSAEQMYQLVNDVQSYPQFLPGCTGSRILESTPGQMTAAVDVSKAGISKTFTTRNQLTSNQSILMSLVDGPFKKLIGGWKFTPLSQDACRIEFHLDFEFTNK",
  "k": 288,
  "original_sequence": "MILFVGFLLMEIVMPQISRTALVPYSAEQMYQLVNDVQSYPQFLPGCTGSRILESTPGQMTAAVDVSKAGISKTFTTRNQLTSNQSILMSLVDGPFKKLIGGWKFTPLSQDACRIEFHLDFEFTNKLIELAFGRVFKELAANMVQAFTVRAKEVYSAR",
  "original_ll": -2.5169897079467773,
  "original_perplexity": 12.391240119934082,
  "progen3_sequence": "MILFVGFLLMEIVMPQISRTALVPYSAEQMYQLVNDVQSYPQFLPGCTGSRILESTPGQMTAAVDVSKAGISKTFTTRNQLTSNQSILMSLVDGPFKKLIGGWKFTPLSQDACRIEFHLDFEFTNKFLQLFPPVRSLLDNIVVKPILAKLAELSEQAR",
  "progen3_ll": -2.3301937580108643,
  "progen3_perplexity": 10.279932975769043,
  "max_sequence": "MILFVGFLLMEIVMPQISRTALVPYSAEQMYQLVNDVQSYPQFLPGCTGSRILESTPGQMTAAVDVSKAGISKTFTTRNQLTSNQSILMSLVDGPFKKLIGGWKFTPLSQDACRIEFHLDFEFTNKNLENGKSSTKNKTFESAPVIPQAGCEIVLKPI",
  "max_ll": -3.0892436504364014,
  "max_perplexity": 21.96046257019043,
  "max_kl": 0.25130704045295715,
  "max_nmse": 0.19233505427837372,
  "base_sequence": "MILFVGFLLMEIVMPQISRTALVPYSAEQMYQLVNDVQSYPQFLPGCTGSRILESTPGQMTAAVDVSKAGISKTFTTRNQLTSNQSILMSLVDGPFKKLIGGWKFTPLSQDACRIEFHLDFEFTNKCCCCCCCCCCCCCCCCCCCCCCC",
  "base_ll": -1.5926934480667114,
  "base_perplexity": 4.9169745445251465,
  "base_kl": 1.7098678350448608,
  "base_nmse": 1.8698557615280151,
  "recovered_sequence": "MILFVGFLLMEIVMPQISRTALVPYSAEQMYQLVNDVQSYPQFLPGCTGSRILESTPGQMTAAVDVSKAGISKTFTTRNQLTSNQSILMSLVDGPFKKLIGGWKFTPLSQDACRIEFHLDFEFTNKSIQLFNPVQSLLYNIVVIPITLLITLLSVQAI",
  "recovered_ll": -2.814822196960449,
  "recovered_perplexity": 16.690208435058594,
  "recovered_kl": 0.2720779776573181,
  "recovered_nmse": 0.1866697072982788,
  "nodes": {
    "9": [
      14,
      103,
      138,
      180,
      255,
      374,
      467,
      506,
      519,
      597,
      601,
      940,
      941,
      1037,
      1075,
      1106,
      1183,
      1195,
      1232,
      1234,
      1443,
      1447,
      1550,
      1583,
      1611,
      1740,
      1751,
      1763,
      1824,
      1840,
      1879,
      2103,
      2242,
      2421,
      2429,
      2444,
      2613,
      2631,
      2669,
      2677,
      2728,
      2838,
      2945,
      2953,
      3123,
      3163,
      3226,
      3276,
      3365,
      3454,
      3515,
      3650,
      3692,
      3707,
      3831,
      3868,
      3886,
      3935,
      3959,
      4005,
      4012,
      4203,
      4233,
      4252,
      4258,
      4330,
      4345,
      4353,
      4355,
      4470,
      4513,
      4570,
      4594
    ],
    "6": [
      714,
      1081,
      3550,
      3717,
      3975,
      4334
    ],
    "0": [
      47,
      131,
      218,
      531,
      567,
      667,
      772,
      875,
      1149,
      1205,
      1290,
      1625,
      1656,
      1705,
      1813,
      1840,
      1883,
      1942,
      1995,
      2205,
      2283,
      2625,
      2669,
      2711,
      2857,
      3011,
      3605,
      3871,
      3908,
      4084,
      4119,
      4337,
      4355
    ],
    "8": [
      83,
      308,
      579,
      676,
      767,
      791,
      974,
      987,
      999,
      1000,
      1511,
      1551,
      1620,
      1814,
      1831,
      1844,
      1954,
      2003,
      2106,
      2294,
      2391,
      2443,
      2495,
      2515,
      2605,
      2616,
      2694,
      2952,
      3013,
      3071,
      3248,
      3434,
      3462,
      3474,
      3523,
      3591,
      3855,
      4047,
      4129,
      4149,
      4360
    ],
    "1": [
      340,
      396,
      403,
      421,
      495,
      505,
      514,
      585,
      649,
      802,
      807,
      868,
      944,
      1076,
      1084,
      1087,
      1154,
      1157,
      1230,
      1311,
      1321,
      1391,
      1410,
      1413,
      1441,
      1464,
      1492,
      1594,
      1668,
      1705,
      1728,
      1843,
      1900,
      1955,
      1960,
      2034,
      2048,
      2094,
      2104,
      2137,
      2145,
      2146,
      2241,
      2376,
      2377,
      2388,
      2410,
      2442,
      2457,
      2467,
      2649,
      2747,
      2775,
      2902,
      2912,
      2913,
      2917,
      3014,
      3045,
      3091,
      3170,
      3174,
      3215,
      3337,
      3387,
      3464,
      3504,
      3734,
      3865,
      3867,
      3904,
      3964,
      3975,
      4069,
      4095,
      4113,
      4124,
      4183,
      4261,
      4317,
      4327,
      4378,
      4408
    ],
    "3": [
      1198,
      1512,
      3412,
      3790,
      3884,
      3941,
      4474,
      4485
    ],
    "4": [
      185,
      217,
      532,
      666,
      866,
      948,
      1263,
      1355,
      1395,
      1463,
      1584,
      1695,
      1774,
      1798,
      2231,
      2378,
      2522,
      2659,
      2814,
      2855,
      2961,
      3164,
      3394,
      3657,
      3893,
      4000,
      4132
    ],
    "2": [
      33,
      764,
      1317,
      2046,
      3164,
      3228,
      3333,
      3892,
      4171,
      4237,
      4586
    ],
    "7": [
      86,
      442,
      616,
      4074,
      4578
    ],
    "5": [
      1426
    ]
  }
}
