{
  "entry": "Q8K1L6",
  "entry_name": "CP074_MOUSE",
  "type": "GLM_2",
  "prompt": "MTPAAHGCKRVAWCPSRPPASAPSAPQEAARRGDAMGLKPSCLKGFKMCVSSSNNNHDEAPVLNDKHLSVPNIIITPPTPTGMGLSRDSNKQVWMDELGSYQDDGELEPEA[GLM]91-95-4",
  "k": 352,
  "original_sequence": "MTPAAHGCKRVAWCPSRPPASAPSAPQEAARRGDAMGLKPSCLKGFKMCVSSSNNNHDEAPVLNDKHLSVPNIIITPPTPTGMGLSRDSNKQVWMDELGSYQDDGELEPEA",
  "original_ll": -3.649080276489258,
  "original_perplexity": 38.439292907714844,
  "progen3_sequence": "MTPAAHGCKRVAWCPSRPPASAPSAPQEAARRGDAMGLKPSCLKGFKMCVSSSNNNHDEAPVLNDKHLSVPNIIITPPTPTGMGLSRDSNKDRRPDELGSYQDDGELEPEA",
  "progen3_ll": -2.7773373126983643,
  "progen3_perplexity": 16.07615852355957,
  "max_sequence": "MTPAAHGCKRVAWCPSRPPASAPSAPQEAARRGDAMGLKPSCLKGFKMCVSSSNNNHDEAPVLNDKHLSVPNIIITPPTPTGMGLSRDSNKLGLRDELGSYQDDGELEPEA",
  "max_ll": -2.733611583709717,
  "max_perplexity": 15.3883638381958,
  "max_kl": 0.15973928570747375,
  "max_nmse": 1.7893035411834717,
  "base_sequence": "MTPAAHGCKRVAWCPSRPPASAPSAPQEAARRGDAMGLKPSCLKGFKMCVSSSNNNHDEAPVLNDKHLSVPNIIITPPTPTGMGLSRDSNKWCPSDELGSYQDDGELEPEA",
  "base_ll": -3.346492290496826,
  "base_perplexity": 28.402929306030273,
  "base_kl": 0.5730446577072144,
  "base_nmse": 0.19390055537223816,
  "recovered_sequence": "MTPAAHGCKRVAWCPSRPPASAPSAPQEAARRGDAMGLKPSCLKGFKMCVSSSNNNHDEAPVLNDKHLSVPNIIITPPTPTGMGLSRDSNKLWRGDELGSYQDDGELEPEA",
  "recovered_ll": -3.171006679534912,
  "recovered_perplexity": 23.831462860107422,
  "recovered_kl": 0.17448702454566956,
  "recovered_nmse": 0.6501931548118591,
  "nodes": {
    "9": [
      14,
      38,
      76,
      103,
      138,
      180,
      255,
      467,
      519,
      597,
      601,
      813,
      963,
      1037,
      1075,
      1106,
      1234,
      1348,
      1447,
      1583,
      1611,
      1740,
      1751,
      1763,
      1769,
      1813,
      1840,
      1879,
      2242,
      2421,
      2429,
      2613,
      2677,
      2728,
      2843,
      2898,
      2924,
      2953,
      3175,
      3226,
      3276,
      3290,
      3365,
      3390,
      3692,
      3707,
      3773,
      3788,
      3831,
      3886,
      3959,
      3963,
      4005,
      4144,
      4203,
      4233,
      4252,
      4301,
      4330,
      4353,
      4355,
      4513,
      4594
    ],
    "0": [
      45,
      47,
      48,
      109,
      131,
      145,
      218,
      524,
      531,
      565,
      567,
      667,
      868,
      890,
      967,
      1149,
      1205,
      1290,
      1550,
      1750,
      1813,
      1840,
      1883,
      1942,
      1995,
      2135,
      2136,
      2176,
      2205,
      2283,
      2535,
      2599,
      2625,
      2664,
      2681,
      2706,
      2711,
      2810,
      2857,
      2859,
      2964,
      3094,
      3417,
      3572,
      3605,
      3871,
      3908,
      4036,
      4057,
      4072,
      4194,
      4337,
      4355,
      4361,
      4480,
      4578
    ],
    "6": [
      347,
      544,
      574,
      714,
      1081,
      1286,
      1925,
      2245,
      2739,
      3137,
      3226,
      3550,
      3633,
      3717
    ],
    "1": [
      198,
      287,
      340,
      396,
      403,
      421,
      469,
      495,
      505,
      514,
      585,
      649,
      802,
      807,
      864,
      868,
      944,
      1076,
      1084,
      1087,
      1154,
      1157,
      1230,
      1311,
      1321,
      1391,
      1410,
      1441,
      1464,
      1492,
      1594,
      1668,
      1705,
      1843,
      1900,
      1955,
      1960,
      2023,
      2034,
      2048,
      2094,
      2104,
      2137,
      2145,
      2146,
      2241,
      2322,
      2376,
      2377,
      2388,
      2410,
      2442,
      2457,
      2467,
      2649,
      2733,
      2747,
      2775,
      2836,
      2912,
      2913,
      2917,
      3014,
      3045,
      3091,
      3170,
      3174,
      3215,
      3294,
      3337,
      3387,
      3464,
      3504,
      3734,
      3865,
      3904,
      3964,
      3975,
      4069,
      4095,
      4113,
      4124,
      4183,
      4261,
      4317,
      4327,
      4378,
      4408
    ],
    "3": [
      5,
      62,
      350,
      377,
      504,
      595,
      614,
      682,
      689,
      711,
      1108,
      1281,
      1375,
      1490,
      1806,
      1826,
      1866,
      1867,
      2317,
      2377,
      2692,
      2806,
      2808,
      2932,
      2949,
      3053,
      3177,
      3197,
      3320,
      3412,
      3570,
      3613,
      3636,
      3689,
      3884,
      3941,
      4346,
      4397,
      4418,
      4474
    ],
    "8": [
      546,
      676,
      791,
      974,
      1000,
      1077,
      1098,
      1511,
      1620,
      1844,
      1926,
      2515,
      2875,
      2893,
      2900,
      2952,
      3071,
      3434,
      3462,
      3474,
      3523,
      4151,
      4360,
      4424
    ],
    "7": [
      86,
      190,
      442,
      1203
    ],
    "2": [
      237,
      258,
      294,
      393,
      403,
      1190,
      2046,
      2161,
      2730,
      2805,
      2873,
      3093,
      3164,
      3228,
      3273,
      3431,
      3758,
      3799,
      4237,
      4443,
      4577
    ],
    "4": [
      15,
      30,
      109,
      185,
      532,
      623,
      866,
      876,
      1263,
      1355,
      1395,
      1474,
      1584,
      1673,
      1695,
      1728,
      1774,
      1776,
      1780,
      2378,
      2484,
      2659,
      2814,
      2836,
      2885,
      2961,
      3164,
      3394,
      3649,
      3654,
      3657,
      3772,
      4099,
      4132,
      4215,
      4227,
      4322,
      4520
    ],
    "5": [
      1545,
      1753,
      2771,
      2916
    ]
  }
}
