{
  "entry": "Q96FQ7",
  "entry_name": "CR018_HUMAN",
  "type": "GLM_2",
  "prompt": "MSHSYKKAISDEALRPFQMDYFGGLPPGQYATRMTGQVHGSGCHLRSAPCDLGASQRKLSSNFSEIDAGLFSQGKSAAYTDIGATKPVEQRETAS[GLM]52-66-14",
  "k": 576,
  "original_sequence": "MSHSYKKAISDEALRPFQMDYFGGLPPGQYATRMTGQVHGSGCHLRSAPCDLGASQRKLSSNFSEIDAGLFSQGKSAAYTDIGATKPVEQRETAS",
  "original_ll": -2.8993072509765625,
  "original_perplexity": 18.16156005859375,
  "progen3_sequence": "MSHSYKKAISDEALRPFQMDYFGGLPPGQYATRMTGQVHGSGCHLRSAPCDLVLAAVQAAYSLGPPDAGLFSQGKSAAYTDIGATKPVEQRETAS",
  "progen3_ll": -2.7351138591766357,
  "progen3_perplexity": 15.411498069763184,
  "max_sequence": "MSHSYKKAISDEALRPFQMDYFGGLPPGQYATRMTGQVHGSGCHLRSAPCDLAGKGGGGARADGRYDAGLFSQGKSAAYTDIGATKPVEQRETAS",
  "max_ll": -2.6699936389923096,
  "max_perplexity": 14.4398775100708,
  "max_kl": 0.13447974622249603,
  "max_nmse": 2.524277925491333,
  "base_sequence": "MSHSYKKAISDEALRPFQMDYFGGLPPGQYATRMTGQVHGSGCHLRSAPCDLWPWWAMTWSLMASSDAGLFSQGKSAAYTDIGATKPVEQRETAS",
  "base_ll": -3.1671698093414307,
  "base_perplexity": 23.74020004272461,
  "base_kl": 0.3346913456916809,
  "base_nmse": 0.30538132786750793,
  "recovered_sequence": "MSHSYKKAISDEALRPFQMDYFGGLPPGQYATRMTGQVHGSGCHLRSAPCDLVLACVMAACTLAVPDAGLFSQGKSAAYTDIGATKPVEQRETAS",
  "recovered_ll": -2.783696413040161,
  "recovered_perplexity": 16.178712844848633,
  "recovered_kl": 0.2871815860271454,
  "recovered_nmse": 2.020090103149414,
  "nodes": {
    "9": [
      7,
      38,
      76,
      138,
      154,
      216,
      233,
      266,
      333,
      467,
      579,
      601,
      631,
      671,
      694,
      729,
      732,
      813,
      907,
      963,
      1037,
      1106,
      1234,
      1252,
      1415,
      1447,
      1544,
      1611,
      1748,
      1840,
      1945,
      1965,
      2103,
      2242,
      2245,
      2390,
      2399,
      2444,
      2613,
      2631,
      2831,
      2843,
      2868,
      2898,
      2914,
      2924,
      2933,
      3107,
      3114,
      3115,
      3175,
      3194,
      3226,
      3365,
      3390,
      3448,
      3692,
      3707,
      3788,
      3886,
      3945,
      4068,
      4233,
      4353,
      4355,
      4429,
      4513,
      4525,
      4591,
      4594
    ],
    "0": [
      45,
      47,
      48,
      54,
      131,
      171,
      218,
      253,
      372,
      398,
      412,
      438,
      524,
      531,
      565,
      585,
      667,
      720,
      736,
      851,
      868,
      890,
      920,
      962,
      967,
      986,
      1079,
      1111,
      1149,
      1205,
      1233,
      1290,
      1444,
      1460,
      1522,
      1550,
      1574,
      1625,
      1705,
      1716,
      1727,
      1750,
      1813,
      1837,
      1840,
      1883,
      1942,
      1995,
      2008,
      2102,
      2135,
      2176,
      2205,
      2278,
      2283,
      2333,
      2385,
      2535,
      2625,
      2669,
      2706,
      2711,
      2810,
      2857,
      2859,
      3026,
      3094,
      3122,
      3148,
      3190,
      3214,
      3225,
      3232,
      3264,
      3396,
      3414,
      3417,
      3434,
      3441,
      3446,
      3492,
      3542,
      3570,
      3572,
      3579,
      3582,
      3583,
      3605,
      3611,
      3673,
      3691,
      3709,
      3719,
      3741,
      3767,
      3827,
      3871,
      3908,
      3994,
      4057,
      4072,
      4084,
      4153,
      4160,
      4194,
      4243,
      4296,
      4355,
      4356,
      4361,
      4421,
      4488,
      4523
    ],
    "1": [
      18,
      198,
      287,
      340,
      352,
      396,
      403,
      421,
      469,
      495,
      505,
      514,
      585,
      633,
      649,
      802,
      807,
      808,
      864,
      868,
      875,
      944,
      1036,
      1054,
      1076,
      1084,
      1087,
      1154,
      1157,
      1230,
      1274,
      1288,
      1311,
      1319,
      1321,
      1391,
      1410,
      1413,
      1441,
      1464,
      1492,
      1594,
      1668,
      1672,
      1705,
      1728,
      1781,
      1843,
      1900,
      1955,
      1960,
      2023,
      2034,
      2048,
      2057,
      2094,
      2104,
      2137,
      2145,
      2146,
      2231,
      2241,
      2322,
      2376,
      2377,
      2388,
      2402,
      2410,
      2442,
      2457,
      2467,
      2649,
      2733,
      2747,
      2775,
      2836,
      2912,
      2913,
      2917,
      2961,
      3014,
      3045,
      3091,
      3170,
      3174,
      3215,
      3294,
      3337,
      3387,
      3464,
      3504,
      3660,
      3734,
      3841,
      3856,
      3865,
      3867,
      3904,
      3964,
      3975,
      4069,
      4095,
      4113,
      4124,
      4183,
      4261,
      4317,
      4327,
      4378,
      4408,
      4419
    ],
    "2": [
      15,
      130,
      156,
      457,
      529,
      657,
      841,
      895,
      903,
      986,
      1036,
      1151,
      1190,
      1195,
      1253,
      1683,
      1806,
      1825,
      2044,
      2046,
      2208,
      2256,
      2294,
      2326,
      2689,
      2695,
      2726,
      2829,
      2870,
      2915,
      2933,
      3019,
      3063,
      3089,
      3164,
      3228,
      3254,
      3256,
      3273,
      3295,
      3335,
      3347,
      3398,
      3430,
      3431,
      3623,
      3674,
      3701,
      3710,
      3780,
      3848,
      4066,
      4088,
      4192,
      4194,
      4237,
      4249,
      4346,
      4358,
      4418,
      4439,
      4453,
      4521,
      4577,
      4603
    ],
    "6": [
      86,
      317,
      729,
      764,
      931,
      1203,
      1240,
      1335,
      1573,
      1681,
      1758,
      2030,
      2050,
      2098,
      2498,
      2621,
      2628,
      3544,
      3673,
      3844,
      3920,
      4054,
      4062,
      4250,
      4274,
      4598
    ],
    "3": [
      42,
      205,
      264,
      350,
      482,
      783,
      953,
      976,
      1300,
      1523,
      1676,
      1837,
      1984,
      2036,
      2123,
      2367,
      2394,
      2711,
      2806,
      2862,
      3060,
      3172,
      3197,
      3280,
      3475,
      3570,
      3653,
      3711,
      3763,
      3775,
      3891,
      3941,
      3967,
      3980,
      4182,
      4434
    ],
    "8": [
      30,
      178,
      274,
      294,
      307,
      311,
      424,
      426,
      524,
      530,
      548,
      581,
      592,
      744,
      791,
      825,
      855,
      937,
      963,
      974,
      1009,
      1228,
      1230,
      1233,
      1265,
      1302,
      1337,
      1389,
      1530,
      1540,
      1582,
      1639,
      1669,
      1699,
      1777,
      1794,
      1806,
      1928,
      1935,
      1946,
      1967,
      2031,
      2157,
      2195,
      2273,
      2285,
      2304,
      2327,
      2422,
      2439,
      2466,
      2523,
      2528,
      2614,
      2719,
      2720,
      2747,
      2978,
      3032,
      3076,
      3109,
      3154,
      3169,
      3189,
      3210,
      3213,
      3377,
      3415,
      3438,
      3461,
      3493,
      3624,
      3673,
      3695,
      3818,
      3847,
      3860,
      3891,
      3940,
      4012,
      4030,
      4109,
      4138,
      4204,
      4227,
      4282,
      4319,
      4328,
      4347,
      4368,
      4380,
      4510
    ],
    "5": [
      732,
      1282,
      1533,
      1758,
      1831,
      1900,
      1979,
      2026,
      2072,
      2235,
      2300,
      2407,
      2981,
      3012,
      3027,
      3088,
      3255,
      3260,
      3703,
      3822,
      3970,
      4339,
      4494
    ],