{
  "entry": "Q99547",
  "entry_name": "MPH6_HUMAN",
  "type": "CLM",
  "prompt": "MAAERKTRLSKNLLRMKFMQRGLDSETKKQLEEEEKKIISEEHWYLDLPELKEKESFIIEEQSFLLCEDLLYGRMSFRGFNPEVEKLMLQMNAKHKAEEVEDETVELDVSDEEMARRYETLVGTIGKK",
  "k": 288,
  "original_sequence": "MAAERKTRLSKNLLRMKFMQRGLDSETKKQLEEEEKKIISEEHWYLDLPELKEKESFIIEEQSFLLCEDLLYGRMSFRGFNPEVEKLMLQMNAKHKAEEVEDETVELDVSDEEMARRYETLVGTIGKKFARKRDHANYEEDENGDITPIKAKKMFLKPQD",
  "original_ll": -2.9200007915496826,
  "original_perplexity": 18.541301727294922,
  "progen3_sequence": "MAAERKTRLSKNLLRMKFMQRGLDSETKKQLEEEEKKIISEEHWYLDLPELKEKESFIIEEQSFLLCEDLLYGRMSFRGFNPEVEKLMLQMNAKHKAEEVEDETVELDVSDEEMARRYETLVGTIGKKVPERFKKLLSEGKSAFDSILEAFGDLEKDHFT",
  "progen3_ll": -2.61954927444458,
  "progen3_perplexity": 13.729534149169922,
  "max_sequence": "MAAERKTRLSKNLLRMKFMQRGLDSETKKQLEEEEKKIISEEHWYLDLPELKEKESFIIEEQSFLLCEDLLYGRMSFRGFNPEVEKLMLQMNAKHKAEEVEDETVELDVSDEEMARRYETLVGTIGKKKKILIKEKEEKEKKKYEFEEFEIKSVKGEEYE",
  "max_ll": -2.429983377456665,
  "max_perplexity": 11.35869312286377,
  "max_kl": 0.16743743419647217,
  "max_nmse": 0.31755557656288147,
  "base_sequence": "MAAERKTRLSKNLLRMKFMQRGLDSETKKQLEEEEKKIISEEHWYLDLPELKEKESFIIEEQSFLLCEDLLYGRMSFRGFNPEVEKLMLQMNAKHKAEEVEDETVELDVSDEEMARRYETLVGTIGKKCCCCCCCCCCC",
  "base_ll": -2.218327760696411,
  "base_perplexity": 9.191946983337402,
  "base_kl": 2.4795355796813965,
  "base_nmse": 3.9277567863464355,
  "recovered_sequence": "MAAERKTRLSKNLLRMKFMQRGLDSETKKQLEEEEKKIISEEHWYLDLPELKEKESFIIEEQSFLLCEDLLYGRMSFRGFNPEVEKLMLQMNAKHKAEEVEDETVELDVSDEEMARRYETLVGTIGKKVEEEFKEEESEGKSEFEEEEEEFCELEKEEFA",
  "recovered_ll": -2.370635509490967,
  "recovered_perplexity": 10.704192161560059,
  "recovered_kl": 0.18048156797885895,
  "recovered_nmse": 0.056570496410131454,
  "nodes": {
    "9": [
      7,
      76,
      138,
      255,
      266,
      467,
      519,
      597,
      601,
      813,
      907,
      963,
      1037,
      1075,
      1106,
      1234,
      1252,
      1415,
      1443,
      1447,
      1583,
      1611,
      1740,
      1751,
      1813,
      1840,
      1879,
      2103,
      2242,
      2421,
      2613,
      2631,
      2669,
      2728,
      2843,
      2898,
      2924,
      2945,
      3115,
      3163,
      3175,
      3226,
      3365,
      3390,
      3707,
      3773,
      3831,
      3868,
      3886,
      3935,
      3959,
      4005,
      4012,
      4116,
      4233,
      4330,
      4345,
      4353,
      4355,
      4513,
      4570,
      4594
    ],
    "0": [
      47,
      48,
      218,
      531,
      559,
      565,
      667,
      890,
      967,
      1205,
      1290,
      1446,
      1550,
      1625,
      1705,
      1813,
      1840,
      1883,
      1942,
      1995,
      2027,
      2117,
      2135,
      2176,
      2283,
      2352,
      2625,
      2711,
      2810,
      2857,
      2859,
      3011,
      3094,
      3539,
      3587,
      3605,
      3847,
      3871,
      3908,
      4057,
      4084,
      4241,
      4355
    ],
    "1": [
      198,
      340,
      396,
      403,
      421,
      469,
      495,
      505,
      514,
      585,
      649,
      802,
      807,
      864,
      868,
      944,
      1076,
      1084,
      1087,
      1154,
      1157,
      1230,
      1311,
      1321,
      1391,
      1410,
      1413,
      1441,
      1464,
      1492,
      1594,
      1668,
      1705,
      1728,
      1843,
      1900,
      1955,
      1960,
      2023,
      2034,
      2048,
      2094,
      2104,
      2137,
      2145,
      2146,
      2241,
      2322,
      2376,
      2377,
      2388,
      2410,
      2442,
      2457,
      2467,
      2649,
      2733,
      2747,
      2775,
      2836,
      2912,
      2917,
      3014,
      3045,
      3091,
      3170,
      3174,
      3215,
      3294,
      3337,
      3387,
      3464,
      3504,
      3734,
      3865,
      3867,
      3904,
      3975,
      4069,
      4095,
      4113,
      4124,
      4183,
      4261,
      4317,
      4327,
      4378,
      4408
    ],
    "2": [
      294,
      403,
      644,
      657,
      1190,
      1439,
      2161,
      2211,
      2805,
      3093,
      3164,
      3333,
      3733,
      4237,
      4354,
      4413,
      4586
    ],
    "3": [
      504,
      1108,
      1281,
      1490,
      1789,
      1826,
      2389,
      2806,
      2932,
      3763,
      3790,
      3884,
      3941,
      4474,
      4485
    ],
    "6": [
      714,
      1081,
      2021,
      3550
    ],
    "8": [
      579,
      767,
      791,
      846,
      974,
      987,
      1000,
      1337,
      1499,
      1511,
      1620,
      1831,
      1844,
      1970,
      2391,
      2422,
      2495,
      2515,
      2605,
      2893,
      3076,
      3434,
      3474,
      3519,
      3591,
      3741,
      3855,
      4030,
      4360
    ],
    "4": [
      30,
      185,
      217,
      480,
      666,
      866,
      876,
      1355,
      1395,
      1584,
      1673,
      1695,
      1774,
      1776,
      1780,
      2378,
      2484,
      2609,
      2814,
      2836,
      3164,
      3265,
      3394,
      3654,
      3657,
      4322
    ],
    "7": [
      86,
      442,
      1590,
      4578
    ]
  }
}
