{
  "entry": "Q9BTD1",
  "entry_name": "SHAS3_HUMAN",
  "type": "GLM_2",
  "prompt": "MAQLPSAQMPAPRTQPDLILVHPVLALSGRAPSILCSVPWDACELLATAMWWKTRILWGVFLISRTRPPAPMQILILTLDPSEGEVCCKKRKPGQTGRNRVRMTTATCKPGGEASGETSPGTP[GLM]8-15-7",
  "k": 1000,
  "original_sequence": "MAQLPSAQMPAPRTQPDLILVHPVLALSGRAPSILCSVPWDACELLATAMWWKTRILWGVFLISRTRPPAPMQILILTLDPSEGEVCCKKRKPGQTGRNRVRMTTATCKPGGEASGETSPGTP",
  "original_ll": -2.917943239212036,
  "original_perplexity": 18.503190994262695,
  "progen3_sequence": "MAQLPSAQPPTVRSQPDLILVHPVLALSGRAPSILCSVPWDACELLATAMWWKTRILWGVFLISRTRPPAPMQILILTLDPSEGEVCCKKRKPGQTGRNRVRMTTATCKPGGEASGETSPGTP",
  "progen3_ll": -2.7181503772735596,
  "progen3_perplexity": 15.152270317077637,
  "max_sequence": "MAQLPSAQLPAPLPVPDLILVHPVLALSGRAPSILCSVPWDACELLATAMWWKTRILWGVFLISRTRPPAPMQILILTLDPSEGEVCCKKRKPGQTGRNRVRMTTATCKPGGEASGETSPGTP",
  "max_ll": -2.334223508834839,
  "max_perplexity": 10.321442604064941,
  "max_kl": 0.2745758295059204,
  "max_nmse": 0.34899836778640747,
  "base_sequence": "MAQLPSAQCCVPSSWPDLILVHPVLALSGRAPSILCSVPWDACELLATAMWWKTRILWGVFLISRTRPPAPMQILILTLDPSEGEVCCKKRKPGQTGRNRVRMTTATCKPGGEASGETSPGTP",
  "base_ll": -3.348823070526123,
  "base_perplexity": 28.469207763671875,
  "base_kl": 0.47312596440315247,
  "base_nmse": 0.07871469855308533,
  "recovered_sequence": "MAQLPSAQPPLVLCQPDLILVHPVLALSGRAPSILCSVPWDACELLATAMWWKTRILWGVFLISRTRPPAPMQILILTLDPSEGEVCCKKRKPGQTGRNRVRMTTATCKPGGEASGETSPGTP",
  "recovered_ll": -2.975040912628174,
  "recovered_perplexity": 19.590425491333008,
  "recovered_kl": 0.45111215114593506,
  "recovered_nmse": 0.11373212188482285,
  "nodes": {
    "9": [
      1,
      7,
      20,
      21,
      53,
      138,
      180,
      233,
      255,
      266,
      374,
      419,
      467,
      506,
      579,
      601,
      671,
      694,
      729,
      813,
      905,
      907,
      937,
      940,
      963,
      1028,
      1037,
      1075,
      1106,
      1234,
      1348,
      1415,
      1435,
      1447,
      1544,
      1583,
      1748,
      1751,
      1813,
      1840,
      1965,
      2103,
      2242,
      2390,
      2399,
      2444,
      2610,
      2613,
      2631,
      2669,
      2710,
      2728,
      2843,
      2924,
      2933,
      2953,
      3115,
      3175,
      3194,
      3226,
      3284,
      3365,
      3390,
      3515,
      3692,
      3707,
      3773,
      3788,
      3886,
      3945,
      4005,
      4012,
      4203,
      4317,
      4353,
      4513,
      4594
    ],
    "0": [
      6,
      47,
      48,
      131,
      151,
      189,
      218,
      253,
      412,
      418,
      495,
      503,
      524,
      531,
      565,
      567,
      614,
      667,
      688,
      718,
      720,
      736,
      742,
      767,
      772,
      794,
      840,
      851,
      890,
      940,
      942,
      956,
      967,
      1012,
      1079,
      1094,
      1205,
      1217,
      1227,
      1233,
      1290,
      1302,
      1308,
      1343,
      1356,
      1406,
      1411,
      1460,
      1470,
      1476,
      1550,
      1563,
      1567,
      1574,
      1581,
      1625,
      1786,
      1800,
      1813,
      1840,
      1883,
      1942,
      1995,
      2076,
      2098,
      2102,
      2122,
      2135,
      2165,
      2176,
      2205,
      2217,
      2245,
      2259,
      2269,
      2278,
      2283,
      2333,
      2385,
      2419,
      2429,
      2510,
      2535,
      2595,
      2599,
      2625,
      2639,
      2668,
      2699,
      2711,
      2712,
      2716,
      2792,
      2810,
      2823,
      2844,
      2857,
      2859,
      2872,
      2882,
      2888,
      2903,
      2927,
      2982,
      2983,
      2984,
      3023,
      3026,
      3094,
      3110,
      3138,
      3149,
      3194,
      3195,
      3232,
      3274,
      3284,
      3309,
      3417,
      3427,
      3479,
      3482,
      3492,
      3497,
      3533,
      3536,
      3542,
      3551,
      3564,
      3572,
      3582,
      3583,
      3605,
      3611,
      3627,
      3677,
      3691,
      3741,
      3841,
      3871,
      3886,
      3922,
      3966,
      3994,
      4057,
      4072,
      4083,
      4084,
      4156,
      4350,
      4351,
      4355,
      4356,
      4361,
      4374,
      4389,
      4425,
      4433,
      4455,
      4520,
      4523
    ],
    "1": [
      18,
      198,
      287,
      340,
      352,
      396,
      403,
      421,
      469,
      495,
      505,
      514,
      585,
      649,
      802,
      807,
      808,
      864,
      868,
      875,
      944,
      1036,
      1054,
      1076,
      1084,
      1087,
      1154,
      1157,
      1230,
      1274,
      1288,
      1319,
      1321,
      1391,
      1410,
      1441,
      1464,
      1492,
      1594,
      1668,
      1672,
      1705,
      1781,
      1843,
      1900,
      1955,
      1960,
      2023,
      2034,
      2048,
      2094,
      2104,
      2137,
      2145,
      2146,
      2231,
      2241,
      2322,
      2376,
      2377,
      2388,
      2402,
      2410,
      2442,
      2457,
      2467,
      2649,
      2733,
      2747,
      2779,
      2780,
      2836,
      2912,
      2913,
      2917,
      2961,
      3014,
      3045,
      3091,
      3170,
      3174,
      3215,
      3294,
      3337,
      3387,
      3464,
      3504,
      3660,
      3721,
      3734,
      3841,
      3856,
      3865,
      3904,
      3964,
      3975,
      4069,
      4095,
      4113,
      4124,
      4183,
      4261,
      4317,
      4327,
      4378,
      4408,
      4419
    ],
    "4": [
      6,
      88,
      117,
      131,
      132,
      190,
      208,
      238,
      271,
      287,
      347,
      357,
      413,
      416,
      422,
      437,
      477,
      532,
      561,
      579,
      656,
      673,
      721,
      728,
      734,
      921,
      977,
      997,
      1003,
      1015,
      1125,
      1150,
      1230,
      1263,
      1264,
      1291,
      1367,
      1373,
      1393,
      1434,
      1440,
      1450,
      1459,
      1507,
      1518,
      1579,
      1584,
      1637,
      1774,
      1848,
      1870,
      2027,
      2045,
      2103,
      2117,
      2131,
      2180,
      2258,
      2289,
      2302,
      2347,
      2476,
      2517,
      2521,
      2527,
      2542,
      2616,
      2630,
      2646,
      2659,
      2775,
      2779,
      2837,
      2870,
      2899,
      2944,
      3094,
      3148,
      3183,
      3192,
      3348,
      3354,
      3410,
      3434,
      3469,
      3499,
      3503,
      3540,
      3545,
      3813,
      3831,
      4056,
      4074,
      4075,
      4089,
      4109,
      4113,
      4120,
      4155,
      4227,
      4257,
      4313,
      4371,
      4438,
      4477,
      4585
    ],
    "8": [
      137,
      178,
      272,
      274,
      290,
      306,
      424,
      433,
      436,
      581,
      605,
      633,
      678,
      743,
      777,
      791,
      799,
      869,
      974,
      1072,
      1154,
      1230,
      1263,
      1333,
      1337,
      1389,
      1507,
      1540,
      1582,
      1603,
      1699,
      1806,
      1967,
      1970,
      2005,
      2014,
      2031,
      2057,
      2097,
      2160,
      2273,
      2287,
      2304,
      2327,
      2422,
      2466,
      2523,
      2536,
      2614,
      2720,
      2729,
      2738,
      2764,
      2892,
      2893,
      3070,
      3169,
      3210,
      3312,
      3332,
      3461,
      3493,
      3516,
      3547,
      3554,
      3609,
      3741,
      3847,
      3860,
      3921,
      3940,
      3978,
      4063,
      4082,
      4086,
      4094,
      4156,
      4199,
      4223,
      4282,
      4344,
      4347,
      4368,
      4508,
      4510,
      4521
    ],