{
    "method": "clt_sequential_freeze",
    "n_train": 256,
    "k": 32,
    "sequential": true,
    "freeze_attention": true,
    "nodes": {
        "9": [
            3624,
            3821,
            1957,
            3199,
            3540,
            1844,
            967,
            162,
            1491,
            1277,
            1184,
            2975,
            4544,
            407,
            957,
            3779,
            2854,
            1134
        ],
        "8": [
            4471,
            372,
            2621
        ],
        "7": [
            1079,
            3760,
            889,
            3389,
            1454,
            4149,
            1625,
            1824
        ],
        "0": [
            4596,
            3963,
            2984
        ]
    },
    "clean_spearman": 0.40464024049081354,
    "max_spearman": 0.37833549503562486,
    "no_latents_spearman": 0.31859873353784235,
    "recovered_spearman": 0.34837388936656605
}