{
    "method": "clt_direct",
    "n_train": 128,
    "k": 32,
    "sequential": false,
    "freeze_attention": true,
    "nodes": {
        "9": [
            3624,
            4079,
            3821,
            4206,
            3540,
            1957,
            1844,
            1491,
            745,
            967,
            957,
            2287,
            162,
            4544,
            3516,
            2123,
            407,
            3199,
            1184,
            1579,
            4279,
            325,
            3841,
            631,
            3372,
            2542,
            57,
            3779,
            2559,
            464
        ],
        "8": [
            2567,
            3648
        ]
    },
    "clean_spearman": 0.4738410143701527,
    "max_spearman": 0.4354078805514462,
    "no_latents_spearman": 0.39201514142350485,
    "recovered_spearman": 0.4258587388017724
}