{
    "method": "clt_direct",
    "n_train": 128,
    "k": 32,
    "sequential": false,
    "freeze_attention": true,
    "nodes": {
        "9": [
            3624,
            4079,
            3821,
            4206,
            3540,
            1957,
            1844,
            1491,
            745,
            967,
            957,
            2287,
            162,
            4544,
            3516,
            407,
            2123,
            3199,
            1184,
            1579,
            4279,
            325,
            631,
            3841,
            2559,
            3372,
            2542,
            464,
            3779,
            57
        ],
        "8": [
            2567,
            3648
        ]
    },
    "clean_spearman": 0.491480667903994,
    "max_spearman": 0.42804878518537065,
    "no_latents_spearman": 0.39757177714992314,
    "recovered_spearman": 0.42066274644871127
}