{
    "method": "clt_direct",
    "n_train": 128,
    "k": 32,
    "sequential": false,
    "freeze_attention": true,
    "nodes": {
        "9": [
            3624,
            4079,
            3821,
            4206,
            3540,
            1957,
            1844,
            1491,
            745,
            967,
            957,
            2287,
            162,
            4544,
            3516,
            407,
            3199,
            2123,
            1184,
            1579,
            4279,
            325,
            631,
            3841,
            3372,
            2542,
            2559,
            57,
            464,
            3779
        ],
        "8": [
            2567,
            3648
        ]
    },
    "clean_spearman": 0.5257971776841353,
    "max_spearman": 0.46783506965960603,
    "no_latents_spearman": 0.4339485911559743,
    "recovered_spearman": 0.44453278920078104
}