{
    "method": "clt_direct",
    "n_train": 256,
    "k": 32,
    "sequential": false,
    "freeze_attention": true,
    "nodes": {
        "9": [
            3624,
            4079,
            4206,
            3821,
            3540,
            1957,
            1844,
            1491,
            745,
            967,
            2287,
            957,
            162,
            4544,
            3516,
            407,
            2123,
            1184,
            3199,
            1579,
            4279,
            325,
            3841,
            631,
            3372,
            2542,
            2559,
            464,
            3779,
            2376
        ],
        "8": [
            2567,
            3648
        ]
    },
    "clean_spearman": 0.4792002755130781,
    "max_spearman": 0.44315266047049245,
    "no_latents_spearman": 0.4352617344848753,
    "recovered_spearman": 0.4486314926691762
}