{
    "method": "clt_direct",
    "n_train": 256,
    "k": 32,
    "sequential": false,
    "freeze_attention": true,
    "nodes": {
        "9": [
            3624,
            4079,
            3821,
            4206,
            3540,
            1957,
            1844,
            1491,
            745,
            967,
            957,
            2287,
            162,
            4544,
            3516,
            407,
            2123,
            1184,
            3199,
            1579,
            4279,
            325,
            3841,
            631,
            3372,
            2542,
            2559,
            57,
            2376,
            3779
        ],
        "8": [
            2567,
            3648
        ]
    },
    "clean_spearman": 0.5061860932232098,
    "max_spearman": 0.44596849064430155,
    "no_latents_spearman": 0.4313234337932853,
    "recovered_spearman": 0.45479573688889857
}