{
    "method": "clt_direct",
    "n_train": 128,
    "k": 32,
    "sequential": false,
    "freeze_attention": true,
    "nodes": {
        "9": [
            3624,
            3821,
            1957,
            3540,
            3199,
            967,
            1844,
            162,
            1491,
            1184,
            1277,
            2975,
            4544,
            407,
            957,
            3779,
            2854,
            12,
            1134,
            1851,
            1302,
            269,
            4145
        ],
        "8": [
            372,
            4471,
            2621
        ],
        "7": [
            1079,
            3760,
            4149,
            1454,
            889
        ],
        "6": [
            947
        ]
    },
    "clean_spearman": 0.3990825530641562,
    "max_spearman": 0.4063130625067906,
    "no_latents_spearman": 0.40254288715463654,
    "recovered_spearman": 0.4020772852587057
}