{
    "method": "clt_direct",
    "n_train": 256,
    "k": 32,
    "sequential": false,
    "freeze_attention": true,
    "nodes": {
        "9": [
            3624,
            3821,
            1957,
            3540,
            3199,
            967,
            1844,
            162,
            1491,
            1184,
            1277,
            2975,
            4544,
            407,
            957,
            3779,
            2854,
            12,
            1134,
            1851,
            1302,
            269
        ],
        "8": [
            372,
            4471,
            2621
        ],
        "7": [
            1079,
            3760,
            4149,
            889,
            1454,
            3389
        ],
        "6": [
            947
        ]
    },
    "clean_spearman": 0.34681803303165626,
    "max_spearman": 0.32914714084573543,
    "no_latents_spearman": 0.3400758597029148,
    "recovered_spearman": 0.3374042356973411
}