{
    "method": "plt_sequential_unfreeze",
    "n_train": 128,
    "k": 32,
    "sequential": true,
    "freeze_attention": false,
    "nodes": {
        "9": [
            4594,
            4513,
            1106,
            467,
            138,
            1840,
            963,
            3707,
            601,
            4233,
            2613,
            1075,
            7,
            4345,
            1447,
            1611,
            2444,
            907,
            3886,
            2843,
            233,
            3115,
            3365,
            2399,
            1234,
            1037,
            729,
            3175,
            3935,
            732,
            1622
        ],
        "0": [
            3605
        ]
    },
    "clean_spearman": 0.463442141768567,
    "max_spearman": 0.05646886723072174,
    "no_latents_spearman": 0.3236769107076428,
    "recovered_spearman": 0.20681804327217307
}