{
    "method": "plt_sequential_unfreeze",
    "n_train": 128,
    "k": 32,
    "sequential": true,
    "freeze_attention": false,
    "nodes": {
        "9": [
            4594,
            4513,
            1106,
            467,
            138,
            1840,
            963,
            3707,
            601,
            4233,
            1075,
            2613,
            7,
            4345,
            1447,
            2444,
            1611,
            907,
            3886,
            2843,
            233,
            3115,
            2399,
            3365,
            1234,
            1037,
            729,
            3175,
            3935,
            732,
            1622,
            2390
        ]
    },
    "clean_spearman": 0.5200810243240973,
    "max_spearman": 0.19509630038520154,
    "no_latents_spearman": 0.4032594050376201,
    "recovered_spearman": 0.36036912147648587
}