{
    "method": "plt_sequential_unfreeze",
    "n_train": 256,
    "k": 32,
    "sequential": true,
    "freeze_attention": false,
    "nodes": {
        "9": [
            4594,
            4513,
            1106,
            467,
            138,
            1840,
            963,
            3707,
            601,
            1075,
            4233,
            2613,
            7,
            4345,
            1447,
            1611,
            2444,
            907,
            3886,
            233,
            2843,
            3115,
            3365,
            2399,
            1234,
            729,
            1037,
            3175,
            3935,
            732,
            2390
        ],
        "0": [
            3605
        ]
    },
    "clean_spearman": 0.4792002755130781,
    "max_spearman": 0.18027259551750224,
    "no_latents_spearman": 0.3761620335474919,
    "recovered_spearman": 0.25337867841922257
}