{
    "method": "clt_direct",
    "n_train": 128,
    "k": 32,
    "sequential": false,
    "freeze_attention": true,
    "nodes": {
        "9": [
            3624,
            3821,
            1957,
            3540,
            3199,
            957,
            162,
            1844,
            967,
            4544,
            1184,
            1302,
            3382,
            407,
            2975,
            1491,
            3050,
            3802,
            1851,
            3779,
            1579,
            497,
            2005,
            12,
            1832,
            545,
            3999
        ],
        "8": [
            372,
            4471
        ],
        "7": [
            3389,
            2261,
            1454
        ]
    },
    "clean_spearman": 0.35165143073969407,
    "max_spearman": 0.28615733264704457,
    "no_latents_spearman": 0.24566680704282726,
    "recovered_spearman": 0.22886570988216348
}