{
    "method": "clt_direct",
    "n_train": 128,
    "k": 32,
    "sequential": false,
    "freeze_attention": true,
    "nodes": {
        "9": [
            3624,
            3821,
            1957,
            3540,
            3199,
            957,
            162,
            1844,
            967,
            4544,
            1184,
            3382,
            1302,
            407,
            2975,
            1491,
            3050,
            3802,
            1851,
            3779,
            1579,
            497,
            2005,
            12,
            1832,
            545,
            3999
        ],
        "8": [
            372,
            4471
        ],
        "7": [
            3389,
            2261,
            1454
        ]
    },
    "clean_spearman": 0.3295278801853895,
    "max_spearman": 0.2892922938182613,
    "no_latents_spearman": 0.23752293903771002,
    "recovered_spearman": 0.23403681163178133
}