{
    "method": "plt_sequential_unfreeze",
    "n_train": 128,
    "k": 32,
    "sequential": true,
    "freeze_attention": false,
    "nodes": {
        "9": [
            4594,
            4513,
            1106,
            601,
            1840,
            138,
            467,
            4233,
            1879,
            180,
            1611,
            1075,
            1447,
            255,
            2728,
            3365
        ],
        "6": [
            714,
            1081
        ],
        "0": [
            1942,
            3908,
            1290,
            4084,
            3871,
            2711
        ],
        "8": [
            1844,
            767,
            791
        ],
        "1": [
            4095,
            3045,
            514,
            1087,
            495
        ]
    },
    "clean_spearman": 0.16201636350741808,
    "max_spearman": 0.18387445356274915,
    "no_latents_spearman": 0.05906106966174434,
    "recovered_spearman": -0.003528974285287907
}