{
    "method": "plt_sequential_unfreeze",
    "n_train": 256,
    "k": 64,
    "sequential": true,
    "freeze_attention": false,
    "nodes": {
        "9": [
            4594,
            4513,
            1106,
            601,
            1840,
            138,
            467,
            4233,
            1879,
            180,
            1611,
            1075,
            1447,
            255,
            2728,
            3365,
            1234,
            2421,
            1740,
            2613,
            940,
            4570,
            4353,
            694,
            3515,
            3454
        ],
        "6": [
            714,
            1081,
            3550,
            1925
        ],
        "0": [
            1942,
            3908,
            1290,
            4084,
            2711,
            3871,
            1840,
            2964,
            4337,
            218,
            3605
        ],
        "8": [
            1844,
            767,
            791,
            3434
        ],
        "1": [
            4095,
            3045,
            514,
            1087,
            495,
            1668,
            3865,
            2649,
            2467,
            1391,
            1464,
            1960,
            2457,
            1594,
            198,
            1321,
            802,
            944
        ],
        "2": [
            4237
        ]
    },
    "clean_spearman": 0.21198253660933206,
    "max_spearman": 0.1607235834739741,
    "no_latents_spearman": 0.1401640653124328,
    "recovered_spearman": 0.13975100100876
}