{
    "method": "clt_direct",
    "n_train": 128,
    "k": 32,
    "sequential": false,
    "freeze_attention": true,
    "nodes": {
        "9": [
            3821,
            3624,
            3540,
            1957,
            1374,
            3199,
            967,
            4079,
            957,
            1184,
            1537,
            162,
            3779,
            2097,
            4206,
            1844,
            1267,
            407,
            1491,
            506,
            2376,
            4544,
            12,
            1081,
            1007,
            3245
        ],
        "7": [
            2261,
            66
        ],
        "6": [
            947,
            4213
        ],
        "5": [
            1689
        ],
        "8": [
            372
        ]
    },
    "clean_spearman": 0.2186592264126099,
    "max_spearman": 0.23791416701253462,
    "no_latents_spearman": 0.21096530519059678,
    "recovered_spearman": 0.184090372137796
}