{
    "method": "clt_direct",
    "n_train": 128,
    "k": 96,
    "sequential": false,
    "freeze_attention": true,
    "nodes": {
        "9": [
            3821,
            3624,
            3540,
            1957,
            1374,
            3199,
            967,
            4079,
            957,
            1184,
            1537,
            162,
            3779,
            2097,
            4206,
            1844,
            407,
            1267,
            1491,
            2376,
            506,
            4544,
            12,
            1081,
            1007,
            3245,
            4232,
            2005,
            1092,
            4069,
            3382,
            4495,
            2151,
            4026,
            3802,
            2559,
            538,
            2405,
            4460,
            2191,
            2906,
            2423,
            760,
            1647,
            2854,
            512,
            3516,
            2367,
            139,
            2974,
            4003,
            2787,
            791,
            2243,
            767,
            3140,
            1484,
            745,
            2087,
            3272,
            2826,
            1959,
            508,
            3972
        ],
        "7": [
            2261,
            66,
            3151,
            3227,
            1625,
            3389,
            1830,
            3487,
            59,
            1454,
            2489,
            1824,
            3541,
            3706,
            1069,
            889
        ],
        "6": [
            947,
            4213,
            2460,
            3701,
            762
        ],
        "5": [
            1689,
            4329
        ],
        "8": [
            372,
            2112,
            4471,
            3648,
            4140,
            1842
        ],
        "2": [
            3605
        ],
        "3": [
            2392,
            3679
        ]
    },
    "clean_spearman": 0.1792311821991151,
    "max_spearman": 0.179338401813519,
    "no_latents_spearman": 0.14508578040593026,
    "recovered_spearman": 0.10912552114885624
}