{
    "method": "clt_sequential_freeze",
    "n_train": 128,
    "k": 32,
    "sequential": true,
    "freeze_attention": true,
    "nodes": {
        "9": [
            3624,
            3821,
            3199,
            3540,
            1957,
            957,
            3802,
            3382,
            1844,
            2005,
            967,
            447,
            4544,
            3513,
            1184,
            3050,
            1491,
            3779,
            162,
            1579,
            407,
            734,
            1851,
            3372,
            538
        ],
        "8": [
            2201,
            2112,
            240,
            1664
        ],
        "7": [
            1824,
            1454,
            2227
        ]
    },
    "clean_spearman": 0.06829199275050453,
    "max_spearman": 0.10176699943061145,
    "no_latents_spearman": 0.152054969704289,
    "recovered_spearman": 0.11090955690230103
}