{
    "method": "clt_sequential_freeze",
    "n_train": 256,
    "k": 32,
    "sequential": true,
    "freeze_attention": true,
    "nodes": {
        "9": [
            3624,
            3821,
            3540,
            3199,
            1957,
            957,
            3802,
            3382,
            1844,
            2005,
            967,
            447,
            4544,
            3513,
            1184,
            3050,
            1491,
            3779,
            1579,
            162,
            407,
            734,
            1851,
            3372,
            538
        ],
        "8": [
            2201,
            2112,
            240,
            1664
        ],
        "7": [
            1824,
            1454,
            2227
        ]
    },
    "clean_spearman": 0.08798496636056047,
    "max_spearman": 0.06904435690855455,
    "no_latents_spearman": 0.10500289183796994,
    "recovered_spearman": 0.07842020124332853
}