{
    "method": "plt_sequential_freeze",
    "n_train": 128,
    "k": 32,
    "sequential": true,
    "freeze_attention": true,
    "nodes": {
        "9": [
            1106,
            4594,
            4513,
            601,
            1840,
            467,
            138,
            1611,
            1879,
            963,
            2103,
            3707,
            76,
            2728,
            2843,
            732,
            1075,
            333,
            4345,
            1234,
            1037,
            180,
            4353,
            3365,
            7,
            1751,
            326,
            255,
            2924,
            4233,
            907,
            2444
        ]
    },
    "clean_spearman": 0.07859326025927929,
    "max_spearman": 0.018131496961143773,
    "no_latents_spearman": 0.10231524862769266,
    "recovered_spearman": -0.01490900542510246
}