{
    "method": "clt_sequential_unfreeze",
    "n_train": 128,
    "k": 32,
    "sequential": true,
    "freeze_attention": false,
    "nodes": {
        "0": [
            3963,
            4596,
            4426,
            2984,
            4488,
            933,
            2692,
            460,
            2991,
            2722,
            3057,
            200,
            694,
            2594
        ],
        "3": [
            3440,
            545
        ],
        "9": [
            3624,
            3821,
            1957,
            3540,
            3199
        ],
        "6": [
            947
        ],
        "8": [
            3960
        ],
        "4": [
            2522,
            1323,
            678,
            3985,
            1891,
            4252
        ],
        "7": [
            3464,
            2261,
            2986
        ]
    },
    "clean_spearman": 0.052347672928756854,
    "max_spearman": -0.07350547978605067,
    "no_latents_spearman": -0.01848905084367781,
    "recovered_spearman": -0.02367705527647044
}