{
    "method": "clt_sequential_unfreeze",
    "n_train": 256,
    "k": 32,
    "sequential": true,
    "freeze_attention": false,
    "nodes": {
        "0": [
            3963,
            4596,
            4426,
            2984,
            4488,
            933,
            2692,
            460,
            2991,
            2722,
            200,
            3057,
            694
        ],
        "3": [
            3440,
            545
        ],
        "9": [
            3624,
            3821,
            1957,
            3540,
            3199
        ],
        "6": [
            947
        ],
        "8": [
            3960,
            141
        ],
        "4": [
            2522,
            1323,
            678,
            3985,
            1891,
            4252
        ],
        "7": [
            3464,
            2261,
            2986
        ]
    },
    "clean_spearman": 0.062212827519296916,
    "max_spearman": -0.07015577257670721,
    "no_latents_spearman": 0.05988412314168974,
    "recovered_spearman": 0.01473741900269255
}