{
    "method": "clt_sequential_unfreeze",
    "n_train": 128,
    "k": 32,
    "sequential": true,
    "freeze_attention": false,
    "nodes": {
        "9": [
            3624,
            3821,
            3540,
            1957,
            957,
            3199,
            1844,
            4544,
            1184,
            967
        ],
        "0": [
            3853,
            1178,
            4426,
            1706,
            460,
            4050,
            3963,
            401,
            3648,
            200,
            1475,
            588,
            2968,
            4488,
            2031,
            4596,
            4000
        ],
        "3": [
            3440,
            545,
            4418
        ],
        "2": [
            3094
        ],
        "4": [
            2295
        ]
    },
    "clean_spearman": 0.5519407810097029,
    "max_spearman": 0.5402925261371253,
    "no_latents_spearman": 0.2913628664295922,
    "recovered_spearman": 0.38995625718397897
}