{
    "method": "clt_sequential_unfreeze",
    "n_train": 128,
    "k": 32,
    "sequential": true,
    "freeze_attention": false,
    "nodes": {
        "9": [
            3624,
            3821,
            3540,
            1957,
            957,
            3199,
            1844,
            4544,
            967,
            1184
        ],
        "0": [
            3853,
            1178,
            4426,
            460,
            1706,
            4050,
            3963,
            401,
            3648,
            200,
            2968,
            1475,
            588,
            4488,
            2031,
            4596,
            4000
        ],
        "3": [
            3440,
            545,
            4418
        ],
        "2": [
            3094
        ],
        "4": [
            2295
        ]
    },
    "clean_spearman": 0.4984316536889746,
    "max_spearman": 0.4800498472417815,
    "no_latents_spearman": 0.2884916248902986,
    "recovered_spearman": 0.409511679875
}