{
  "entry": "A0A0B4J234",
  "entry_name": "TVA2_HUMAN",
  "type": "GLM_2",
  "prompt": "MALQSTLGAVWLGLLLNSLWKVAESKDQVFQPSTVASSEGAVVEIFCNHSVSNAYNFFWYLHFPGCAPRLLVKGSKPSQQGRYNMTYERFSSSLLILQVREADAAVYYCAVE[GLM]4-31-27",
  "k": 704,
  "original_sequence": "MALQSTLGAVWLGLLLNSLWKVAESKDQVFQPSTVASSEGAVVEIFCNHSVSNAYNFFWYLHFPGCAPRLLVKGSKPSQQGRYNMTYERFSSSLLILQVREADAAVYYCAVE",
  "original_ll": -2.9155099391937256,
  "original_perplexity": 18.458223342895508,
  "progen3_sequence": "MALQRLNPCCSDFGRSEQVREVQVRLSNVRLPSTVASSEGAVVEIFCNHSVSNAYNFFWYLHFPGCAPRLLVKGSKPSQQGRYNMTYERFSSSLLILQVREADAAVYYCAVE",
  "progen3_ll": -2.9421138763427734,
  "progen3_perplexity": 18.955873489379883,
  "max_sequence": "MALQLETLDAAAVLNLVVITQAYSGDTVGSLPSTVASSEGAVVEIFCNHSVSNAYNFFWYLHFPGCAPRLLVKGSKPSQQGRYNMTYERFSSSLLILQVREADAAVYYCAVE",
  "max_ll": -2.7793350219726562,
  "max_perplexity": 16.108306884765625,
  "max_kl": 0.31831374764442444,
  "max_nmse": 2.023496150970459,
  "base_sequence": "MALQCCCCCCCCCCCCCCCCCCCCPSTVASSEGAVVEIFCNHSVSNAYNFFWYLHFPGCAPRLLVKGSKPSQQGRYNMTYERFSSSLLILQVREADAAVYYCAVE",
  "base_ll": -1.7849611043930054,
  "base_perplexity": 5.959348201751709,
  "base_kl": 3.1635258197784424,
  "base_nmse": 2.3883848190307617,
  "recovered_sequence": "MALQCCCCCACCCCCCCCCCCVCCCCCACCCPSTVASSEGAVVEIFCNHSVSNAYNFFWYLHFPGCAPRLLVKGSKPSQQGRYNMTYERFSSSLLILQVREADAAVYYCAVE",
  "recovered_ll": -1.6921709775924683,
  "recovered_perplexity": 5.4312591552734375,
  "recovered_kl": 0.6856099367141724,
  "recovered_nmse": 0.4577397406101227,
  "nodes": {
    "9": [
      12,
      52,
      101,
      191,
      407,
      466,
      619,
      654,
      696,
      734,
      760,
      767,
      818,
      957,
      967,
      1004,
      1073,
      1176,
      1184,
      1217,
      1251,
      1352,
      1394,
      1530,
      1579,
      1648,
      1725,
      1844,
      1851,
      1872,
      1946,
      1957,
      2005,
      2015,
      2134,
      2191,
      2212,
      2264,
      2376,
      2423,
      2427,
      2438,
      2467,
      2510,
      2732,
      2787,
      2812,
      2937,
      2941,
      2982,
      3004,
      3050,
      3192,
      3199,
      3314,
      3382,
      3414,
      3422,
      3513,
      3526,
      3540,
      3624,
      3747,
      3779,
      3821,
      3836,
      3893,
      3952,
      3972,
      4106,
      4122,
      4250,
      4350,
      4370,
      4419,
      4544,
      4603
    ],
    "3": [
      0,
      37,
      138,
      159,
      285,
      334,
      339,
      396,
      476,
      511,
      545,
      546,
      746,
      867,
      874,
      988,
      1005,
      1212,
      1255,
      1278,
      1369,
      1394,
      1420,
      1767,
      1793,
      1940,
      2014,
      2019,
      2047,
      2114,
      2132,
      2193,
      2260,
      2276,
      2335,
      2486,
      2521,
      2559,
      2596,
      2625,
      2642,
      2691,
      2774,
      2824,
      2905,
      3031,
      3206,
      3243,
      3246,
      3349,
      3500,
      3593,
      3671,
      3912,
      3925,
      4043,
      4108,
      4208,
      4431,
      4478,
      4586,
      4606
    ],
    "0": [
      34,
      97,
      127,
      168,
      189,
      200,
      221,
      222,
      228,
      244,
      253,
      267,
      272,
      401,
      416,
      460,
      531,
      546,
      574,
      587,
      588,
      595,
      628,
      657,
      694,
      727,
      735,
      746,
      761,
      783,
      795,
      804,
      970,
      973,
      993,
      1009,
      1014,
      1018,
      1107,
      1137,
      1178,
      1231,
      1241,
      1286,
      1297,
      1303,
      1344,
      1430,
      1475,
      1511,
      1521,
      1589,
      1706,
      1719,
      1777,
      1805,
      1821,
      1847,
      1908,
      1914,
      1921,
      1931,
      2011,
      2020,
      2031,
      2041,
      2057,
      2073,
      2095,
      2106,
      2117,
      2166,
      2195,
      2224,
      2236,
      2242,
      2273,
      2282,
      2299,
      2313,
      2406,
      2445,
      2470,
      2626,
      2694,
      2698,
      2722,
      2779,
      2782,
      2789,
      2790,
      2797,
      2879,
      2892,
      2896,
      2961,
      2984,
      2991,
      2993,
      3002,
      3006,
      3012,
      3130,
      3171,
      3184,
      3200,
      3202,
      3211,
      3248,
      3251,
      3274,
      3373,
      3395,
      3467,
      3481,
      3493,
      3496,
      3499,
      3558,
      3623,
      3643,
      3648,
      3690,
      3692,
      3698,
      3761,
      3789,
      3818,
      3821,
      3838,
      3853,
      3866,
      3875,
      3899,
      3950,
      3963,
      3966,
      3987,
      4000,
      4035,
      4040,
      4050,
      4062,
      4111,
      4116,
      4129,
      4174,
      4242,
      4271,
      4279,
      4294,
      4296,
      4394,
      4416,
      4426,
      4440,
      4462,
      4473,
      4487,
      4488,
      4540,
      4560,
      4571,
      4596,
      4602,
      4607
    ],
    "5": [
      34,
      37,
      148,
      186,
      203,
      240,
      249,
      285,
      367,
      425,
      556,
      692,
      703,
      878,
      976,
      1143,
      1161,
      1167,
      1209,
      1244,
      1249,
      1448,
      1463,
      1466,
      1508,
      1525,
      1936,
      1994,
      2096,
      2102,
      2250,
      2262,
      2286,
      2321,
      2327,
      2434,
      2514,
      2540,
      2573,
      2606,
      2680,
      2777,
      2816,
      3064,
      3139,
      3186,
      3194,
      3196,
      3319,
      3393,
      3421,
      3521,
      3576,
      3654,
      3732,
      3745,
      3775,
      3884,
      3913,
      4079,
      4122,
      4200,
      4336,
      4582
    ],
    "4": [
      16,
      49,
      82,
      85,
      366,
      376,
      414,
      452,
      471,
      473,
      474,
      529,
      540,
      550,
      551,
      562,
      674,
      803,
      807,
      919,
      939,
      945,
      985,
      988,
      990,
      1067,
      1115,
      1178,
      1191,
      1194,
      1258,
      1268,
      1300,
      1307,
      1367,
      1379,
      1446,
      1466,
      1483,
      1513,
      1527,
      1597,
      1646,
      1649,
      1658,
      1665,
      1687,
      1772,
      1783,
      1861,
      1982,
      2027,
      2042,
      2154,
      2175,
      2231,
      2257,
      2290,
      2293,
      2294,
      2328,
      2360,
      2469,
      2535,
      2657,
      2679,
      2682,
      2683,
      2705,
      2799,
      2803,
      2853,
      2859,
      2910,
      2914,
      2953,
      2970,
      3006,
      3061,
      3112,
      3206,
      3233,
      3250,
      3275,
      3298,
      3333,
      3387,
      3464,
      3497,
      3512,
      3664,
      3685,
      3735,
      3783,
      3802,
      3811,
      3815,
      3817,
      3829,
      4034,
      4049,
      4054,
      4078,
      4136,
      4152,
      4173,
      4200,
      4250,
      4342,
      4525,
      4545,
      4584,
      4592
    ],