{
  "entry": "C0HLR0",
  "entry_name": "RBS_CHAMQ",
  "type": "CLM",
  "prompt": "MRLTQGAFSYLPDLTD",
  "k": 160,
  "original_sequence": "MRLTQGAFSYLPDLTDAQII",
  "original_ll": -1.9476954936981201,
  "original_perplexity": 7.012508392333984,
  "progen3_sequence": "MRLTQGAFSYLPDLTDEQIR",
  "progen3_ll": -0.5592849254608154,
  "progen3_perplexity": 1.7494211196899414,
  "max_sequence": "MRLTQGAFSYLPDLTDDLGG",
  "max_ll": -4.76088285446167,
  "max_perplexity": 116.84905242919922,
  "max_kl": 1.313363790512085,
  "max_nmse": 1.172670602798462,
  "base_sequence": "MRLTQGAFSYLPDLTD",
  "base_ll": NaN,
  "base_perplexity": NaN,
  "base_kl": 15.468429565429688,
  "base_nmse": 17.550363540649414,
  "recovered_sequence": "MRLTQGAFSYLPDLTDQPLV",
  "recovered_ll": -3.9158546924591064,
  "recovered_perplexity": 50.191951751708984,
  "recovered_kl": 1.5574090480804443,
  "recovered_nmse": 0.5568920373916626,
  "nodes": {
    "9": [
      52,
      407,
      555,
      654,
      734,
      760,
      957,
      967,
      1184,
      1251,
      1352,
      1394,
      1483,
      1579,
      1648,
      1725,
      1844,
      1851,
      1957,
      2191,
      2264,
      2423,
      2427,
      2510,
      2511,
      2732,
      2858,
      2982,
      3050,
      3199,
      3513,
      3526,
      3540,
      3624,
      3779,
      3821,
      3952,
      4122,
      4250,
      4370,
      4452,
      4544,
      4603
    ],
    "3": [
      511,
      545,
      1145,
      2276,
      2486,
      2710,
      3818
    ],
    "0": [
      189,
      200,
      228,
      297,
      401,
      546,
      574,
      588,
      694,
      795,
      933,
      1107,
      1178,
      1344,
      1475,
      1706,
      1800,
      1908,
      2031,
      2106,
      2117,
      2220,
      2224,
      2299,
      2692,
      2700,
      2722,
      2782,
      2797,
      2991,
      3046,
      3057,
      3130,
      3171,
      3211,
      3261,
      3334,
      3373,
      3558,
      3853,
      3875,
      3954,
      3963,
      4000,
      4050,
      4174,
      4242,
      4271,
      4426,
      4473,
      4560
    ],
    "5": [
      196,
      1165,
      1249,
      1847,
      2372,
      2777
    ],
    "1": [
      72,
      93,
      255,
      599,
      678,
      879,
      937,
      946,
      1000,
      1076,
      1163,
      1294,
      1433,
      1443,
      1709,
      2271,
      2298,
      2785,
      3320,
      3419,
      3490,
      3582,
      3621,
      3942,
      4441,
      4584
    ],
    "2": [
      942,
      1031,
      1458,
      1667,
      1694,
      1784,
      2227,
      2362,
      2574,
      2710,
      4030
    ],
    "4": [
      851,
      1547,
      1649,
      1725,
      3206,
      3333,
      3811,
      4094,
      4599
    ],
    "7": [
      907,
      2877
    ],
    "8": [
      1083,
      3263,
      3653
    ],
    "6": [
      2389,
      4598
    ]
  }
}
