{
  "entry": "C0QBV4",
  "entry_name": "RS6_DESAH",
  "type": "GLM_2",
  "prompt": "MRMYETIFITDPDLQDEVRNTLFDRFKGILEQEGGILANFDDWGNKKLAYEIAKKPRGHYVCMTYGGTGTLVTELERNFRLDDKILKYMTILLEKDIDPEALKLQIDAEAAAKSEADAAKAEADAARVEAEAKKAETDETDETVDAETPENEEEN[GLM]33-60-27",
  "k": 96,
  "original_sequence": "MRMYETIFITDPDLQDEVRNTLFDRFKGILEQEGGILANFDDWGNKKLAYEIAKKPRGHYVCMTYGGTGTLVTELERNFRLDDKILKYMTILLEKDIDPEALKLQIDAEAAAKSEADAAKAEADAARVEAEAKKAETDETDETVDAETPENEEEN",
  "original_ll": -1.5867682695388794,
  "original_perplexity": 4.887927055358887,
  "progen3_sequence": "MRMYETIFITDPDLQDEVRNTLFDRFKGILEQEMMVLRDIQVAVVYPVLPINEEIFVNYRVCMTYGGTGTLVTELERNFRLDDKILKYMTILLEKDIDPEALKLQIDAEAAAKSEADAAKAEADAARVEAEAKKAETDETDETVDAETPENEEEN",
  "progen3_ll": -3.399526357650757,
  "progen3_perplexity": 29.949909210205078,
  "max_sequence": "MRMYETIFITDPDLQDEVRNTLFDRFKGILEQEETEEELTEEEEEELEVVEAVEEQEIERVCMTYGGTGTLVTELERNFRLDDKILKYMTILLEKDIDPEALKLQIDAEAAAKSEADAAKAEADAARVEAEAKKAETDETDETVDAETPENEEEN",
  "max_ll": -2.935852289199829,
  "max_perplexity": 18.83755111694336,
  "max_kl": 0.39496129751205444,
  "max_nmse": 0.5996641516685486,
  "base_sequence": "MRMYETIFITDPDLQDEVRNTLFDRFKGILEQECCCCCCCCCCCCCCCCCCCCCCCVCMTYGGTGTLVTELERNFRLDDKILKYMTILLEKDIDPEALKLQIDAEAAAKSEADAAKAEADAARVEAEAKKAETDETDETVDAETPENEEEN",
  "base_ll": -2.3272688388824463,
  "base_perplexity": 10.249909400939941,
  "base_kl": 2.9290788173675537,
  "base_nmse": 2.2022979259490967,
  "recovered_sequence": "MRMYETIFITDPDLQDEVRNTLFDRFKGILEQEMCVAEYPVCDVVAPVLPTDEMSRVDCRVCMTYGGTGTLVTELERNFRLDDKILKYMTILLEKDIDPEALKLQIDAEAAAKSEADAAKAEADAARVEAEAKKAETDETDETVDAETPENEEEN",
  "recovered_ll": -3.4166667461395264,
  "recovered_perplexity": 30.467689514160156,
  "recovered_kl": 0.42459481954574585,
  "recovered_nmse": 0.23066915571689606,
  "nodes": {
    "9": [
      12,
      52,
      101,
      407,
      466,
      654,
      746,
      760,
      957,
      967,
      994,
      1073,
      1081,
      1184,
      1251,
      1352,
      1483,
      1579,
      1648,
      1725,
      1828,
      1835,
      1844,
      1851,
      1946,
      1957,
      2134,
      2191,
      2264,
      2423,
      2510,
      2511,
      2626,
      2732,
      2787,
      2809,
      2941,
      3004,
      3050,
      3139,
      3199,
      3314,
      3372,
      3513,
      3540,
      3624,
      3695,
      3779,
      3802,
      3821,
      3972,
      4079,
      4106,
      4122,
      4250,
      4370,
      4419,
      4482,
      4494,
      4544,
      4603
    ],
    "0": [
      228,
      276,
      694,
      933,
      1026,
      1297,
      1521,
      1821,
      2299,
      2594,
      2692,
      2968,
      2984,
      2991,
      3853,
      3963,
      4426,
      4488,
      4596
    ],
    "3": [
      545,
      3681
    ],
    "2": [
      1317,
      1784,
      2866
    ],
    "8": [
      643,
      835,
      1083,
      1299,
      2891,
      3009
    ],
    "6": [
      2512
    ],
    "4": [
      2540,
      4518
    ],
    "7": [
      1948,
      1969
    ]
  }
}
