{
  "entry": "C5B2R8",
  "entry_name": "DMRA_METEA",
  "type": "GLM_1",
  "prompt": "MIDVRCICAIGQRGQLGLNGHLPWEGNTDPLFVEDVTRFFALTMGHVLIAGPKTVASVPEFAFKDRTIDVIRSHEDPEAVLKRYPGRRIFVGGGIAVWNVYAKYIQHWDVTRLPYDGEADRWFDPAWLVGGPLRS[GLM]107-115-8",
  "k": 256,
  "original_sequence": "MIDVRCICAIGQRGQLGLNGHLPWEGNTDPLFVEDVTRFFALTMGHVLIAGPKTVASVPEFAFKDRTIDVIRSHEDPEAVLKRYPGRRIFVGGGIAVWNVYAKYIQHWDVTRLPYDGEADRWFDPAWLVGGPLRS",
  "original_ll": -2.939150094985962,
  "original_perplexity": 18.899776458740234,
  "progen3_sequence": "MIDVRCICAIGQRGQLGLNGHLPWEGNTDPLFVEDVTRFFALTMGHVLIAGPKTVASVPEFAFKDRTIDVIRSHEDPEAVLKRYPGRRIFVGGGIAVWNVYAKYIQHIDQLDLEMDGEADRWFDPAWLVGGPLRS",
  "progen3_ll": -2.916688919067383,
  "progen3_perplexity": 18.479997634887695,
  "max_sequence": "MIDVRCICAIGQRGQLGLNGHLPWEGNTDPLFVEDVTRFFALTMGHVLIAGPKTVASVPEFAFKDRTIDVIRSHEDPEAVLKRYPGRRIFVGGGIAVWNVYAKYIQHSALILVGSDGEADRWFDPAWLVGGPLRS",
  "max_ll": -2.6505227088928223,
  "max_perplexity": 14.161438941955566,
  "max_kl": 0.9699879884719849,
  "max_nmse": 0.20298045873641968,
  "base_sequence": "MIDVRCICAIGQRGQLGLNGHLPWEGNTDPLFVEDVTRFFALTMGHVLIAGPKTVASVPEFAFKDRTIDVIRSHEDPEAVLKRYPGRRIFVGGGIAVWNVYAKYIQHCCCCCCDGEADRWFDPAWLVGGPLRS",
  "base_ll": -3.4048924446105957,
  "base_perplexity": 30.11105728149414,
  "base_kl": 4.590297698974609,
  "base_nmse": 3.315162181854248,
  "recovered_sequence": "MIDVRCICAIGQRGQLGLNGHLPWEGNTDPLFVEDVTRFFALTMGHVLIAGPKTVASVPEFAFKDRTIDVIRSHEDPEAVLKRYPGRRIFVGGGIAVWNVYAKYIQHCACCCCPSDGEADRWFDPAWLVGGPLRS",
  "recovered_ll": -3.380837917327881,
  "recovered_perplexity": 29.3953914642334,
  "recovered_kl": 1.1197631359100342,
  "recovered_nmse": 0.09497063606977463,
  "nodes": {
    "0": [
      97,
      116,
      129,
      189,
      200,
      253,
      272,
      276,
      401,
      460,
      546,
      588,
      694,
      753,
      933,
      951,
      1017,
      1026,
      1031,
      1244,
      1297,
      1344,
      1521,
      1544,
      1706,
      1751,
      1800,
      1921,
      2031,
      2117,
      2142,
      2224,
      2273,
      2299,
      2511,
      2594,
      2692,
      2722,
      2727,
      2888,
      2968,
      2972,
      2984,
      2991,
      2993,
      3002,
      3057,
      3171,
      3182,
      3256,
      3489,
      3499,
      3648,
      3692,
      3698,
      3704,
      3794,
      3853,
      3888,
      3963,
      4000,
      4050,
      4111,
      4116,
      4150,
      4271,
      4279,
      4426,
      4466,
      4488,
      4540,
      4596
    ],
    "9": [
      12,
      162,
      224,
      407,
      506,
      538,
      545,
      598,
      760,
      957,
      967,
      1184,
      1352,
      1394,
      1491,
      1537,
      1579,
      1844,
      1851,
      1875,
      1957,
      2510,
      2592,
      2704,
      2787,
      2923,
      3050,
      3199,
      3382,
      3513,
      3540,
      3624,
      3779,
      3802,
      3821,
      4232,
      4250,
      4313,
      4544
    ],
    "3": [
      457,
      511,
      545,
      1221,
      1300,
      1537,
      1909,
      2343,
      3246,
      3349,
      3426,
      3440,
      3471,
      3638,
      3818,
      3939,
      4038,
      4243
    ],
    "6": [
      32,
      947,
      1137,
      1657,
      2089,
      2460,
      2717,
      3509
    ],
    "2": [
      49,
      198,
      242,
      284,
      393,
      454,
      558,
      650,
      694,
      876,
      926,
      959,
      1074,
      1084,
      1224,
      1261,
      1331,
      1431,
      1523,
      1707,
      1778,
      1852,
      2158,
      2173,
      2178,
      2311,
      3094,
      3095,
      3387,
      3849,
      3863,
      3866,
      3913,
      4107,
      4177,
      4213,
      4457,
      4560
    ],
    "4": [
      325,
      446,
      600,
      771,
      1187,
      1208,
      1323,
      1891,
      2464,
      2859,
      2909,
      3228,
      3551,
      3985,
      4015,
      4155,
      4252
    ],
    "7": [
      66,
      509,
      933,
      1454,
      1625,
      1824,
      1856,
      1931,
      2261,
      3227,
      3389,
      3948,
      4055,
      4331,
      4367
    ],
    "8": [
      114,
      528,
      584,
      1301,
      1368,
      1511,
      1581,
      1747,
      1781,
      2077,
      2112,
      3019,
      3284,
      3500,
      3659,
      3960,
      4471
    ],
    "1": [
      234,
      319,
      536,
      698,
      808,
      836,
      966,
      1402,
      1426,
      1847,
      1972,
      1997,
      2253,
      2318,
      2332,
      2333,
      2516,
      2924,
      3167,
      3231,
      3237,
      3397,
      3525,
      3819,
      3973,
      4184,
      4379
    ],
    "5": [
      1027,
      1031,
      1226,
      4016,
      4039
    ]
  }
}
