{
  "entry": "D6GRK6",
  "entry_name": "CAS2_FILAD",
  "type": "GLM_1",
  "prompt": "MRIIVFFDLPTITLEDKRDYRDFRKFLIKKGFLMMQESVYCKLVLNQTVASSVLSSIRKHKPKSGLVQMIMVTEKQFAKMEYLCGEKRSNVVDSDDRLVIL[GLM]31-40-9",
  "k": 480,
  "original_sequence": "MRIIVFFDLPTITLEDKRDYRDFRKFLIKKGFLMMQESVYCKLVLNQTVASSVLSSIRKHKPKSGLVQMIMVTEKQFAKMEYLCGEKRSNVVDSDDRLVIL",
  "original_ll": -2.765188455581665,
  "original_perplexity": 15.88203239440918,
  "progen3_sequence": "MRIIVFFDLPTITLEDKRDYRDFRKFLIKKGYNPFLKAKKCKLVLNQTVASSVLSSIRKHKPKSGLVQMIMVTEKQFAKMEYLCGEKRSNVVDSDDRLVIL",
  "progen3_ll": -2.710603952407837,
  "progen3_perplexity": 15.038355827331543,
  "max_sequence": "MRIIVFFDLPTITLEDKRDYRDFRKFLIKKGNLFSVMEIECKLVLNQTVASSVLSSIRKHKPKSGLVQMIMVTEKQFAKMEYLCGEKRSNVVDSDDRLVIL",
  "max_ll": -3.1596367359161377,
  "max_perplexity": 23.562034606933594,
  "max_kl": 0.29761797189712524,
  "max_nmse": 0.9046522974967957,
  "base_sequence": "MRIIVFFDLPTITLEDKRDYRDFRKFLIKKGCCCCCCCCCKLVLNQTVASSVLSSIRKHKPKSGLVQMIMVTEKQFAKMEYLCGEKRSNVVDSDDRLVIL",
  "base_ll": -3.1583569049835205,
  "base_perplexity": 23.53190040588379,
  "base_kl": 2.8477823734283447,
  "base_nmse": 1.8660423755645752,
  "recovered_sequence": "MRIIVFFDLPTITLEDKRDYRDFRKFLIKKGEVCRLMAKCCKLVLNQTVASSVLSSIRKHKPKSGLVQMIMVTEKQFAKMEYLCGEKRSNVVDSDDRLVIL",
  "recovered_ll": -3.4805221557617188,
  "recovered_perplexity": 32.47667694091797,
  "recovered_kl": 0.35036611557006836,
  "recovered_nmse": 0.8137600421905518,
  "nodes": {
    "9": [
      12,
      52,
      101,
      162,
      407,
      429,
      466,
      545,
      654,
      760,
      957,
      967,
      994,
      1073,
      1081,
      1184,
      1251,
      1394,
      1491,
      1579,
      1648,
      1725,
      1793,
      1828,
      1832,
      1835,
      1844,
      1851,
      1942,
      1957,
      2005,
      2109,
      2264,
      2287,
      2423,
      2467,
      2510,
      2511,
      2592,
      2626,
      2732,
      2787,
      2941,
      3004,
      3050,
      3199,
      3382,
      3513,
      3540,
      3624,
      3695,
      3713,
      3747,
      3779,
      3802,
      3821,
      3999,
      4250,
      4370,
      4419,
      4452,
      4482,
      4544,
      4603
    ],
    "0": [
      26,
      67,
      97,
      172,
      185,
      189,
      200,
      206,
      222,
      272,
      306,
      365,
      401,
      460,
      487,
      546,
      574,
      587,
      588,
      605,
      656,
      694,
      703,
      753,
      771,
      783,
      795,
      803,
      875,
      896,
      933,
      937,
      962,
      973,
      1009,
      1026,
      1107,
      1141,
      1158,
      1178,
      1241,
      1265,
      1270,
      1344,
      1394,
      1412,
      1430,
      1475,
      1486,
      1511,
      1521,
      1646,
      1706,
      1719,
      1821,
      1858,
      1871,
      1914,
      1921,
      1934,
      1964,
      2002,
      2004,
      2011,
      2117,
      2195,
      2224,
      2254,
      2273,
      2282,
      2299,
      2313,
      2376,
      2445,
      2470,
      2511,
      2594,
      2638,
      2667,
      2668,
      2692,
      2694,
      2722,
      2727,
      2728,
      2782,
      2789,
      2797,
      2806,
      2809,
      2879,
      2907,
      2950,
      2961,
      2968,
      2980,
      2984,
      2991,
      2993,
      3006,
      3171,
      3182,
      3200,
      3202,
      3211,
      3256,
      3261,
      3278,
      3395,
      3401,
      3430,
      3499,
      3559,
      3560,
      3573,
      3588,
      3626,
      3642,
      3648,
      3733,
      3751,
      3761,
      3789,
      3818,
      3866,
      3949,
      3963,
      4000,
      4035,
      4050,
      4116,
      4129,
      4174,
      4195,
      4242,
      4268,
      4270,
      4271,
      4279,
      4351,
      4416,
      4426,
      4466,
      4473,
      4487,
      4488,
      4540,
      4560,
      4596
    ],
    "6": [
      32,
      324,
      483,
      947,
      1137,
      1292,
      1467,
      1546,
      1657,
      2089,
      2460,
      3295,
      3396,
      3509,
      3835,
      3849,
      4596
    ],
    "3": [
      90,
      112,
      457,
      495,
      511,
      545,
      626,
      635,
      855,
      867,
      940,
      1207,
      1221,
      1390,
      1399,
      1400,
      1537,
      1568,
      1651,
      1701,
      2014,
      2168,
      2249,
      2276,
      2316,
      2343,
      2486,
      2828,
      3206,
      3246,
      3426,
      3440,
      3638,
      3818,
      3872,
      4456
    ],
    "8": [
      311,
      323,
      528,
      835,
      1083,
      1747,
      1870,
      2077,
      2112,
      2151,
      2199,
      2605,
      2891,
      3409,
      3659,
      3741,
      3960,
      4534,
      4563
    ],
    "4": [
      60,
      446,
      514,
      524,
      562,
      600,
      678,
      682,
      705,
      749,
      771,
      1187,
      1208,
      1272,
      1304,
      1323,
      1332,
      1353,
      1574,
      1649,
      1721,
      1891,
      2134,
      2212,
      2214,
      2464,
      2522,
      2538,
      2777,
      2807,
      2879,
      3206,
      3228,
      3268,
      3409,
      3438,
      3512,
      3582,
      3672,
      3757,
      3811,
      3865,
      3907,
      3954,
      3984,
      3985,
      4027,
      4076,
      4155,
      4162,
      4252,
      4325,
      4475,
      4575
    ],
    "1": [
      87,
      163,
      227,
      240,
      268,
      279,
      289,
      333,
      347,
      494,
      526,
      576,
      603,
      637,
      669,
      692,
      816,
      871,
      879,
      944,
      1024,
      1224,
      1294,
      1315,
      1349,
      1415,
      1433,
      1486,
      1574,
      1718,
      1732,
      1736,
      1770,
      1804,
      1849,
      1909,
      1955,
      1956,
      2094,
      2195,
      2265,
      2273,
      2343,
      2373,
      2543,
      2583,
      2893,
      2944,
      2958,
      2988,
      3017,
      3083,
      3231,
      3389,
      3395,
      3397,
      3536,
      3582,
      3693,
      3723,
      3733,
      3841,
      3866,
      3912,
      3913,
      3917,
      3946,
      4006,
      4271,
      4294,
      4441,
      4448,
      4514,
      4532
    ],
    "5": [
      330,
      518,
      600,
      1031,
      1078,
      1249,
      1448,
      1870,
      2372,
      2456,
      2642,
      2777,
      2829,
      3126,
      3615,
      4208
    ],
    "2": [
      2,
      9,
      100,
      288,
      511,
      750,
      869,
      952,
      1074,
      1078,
      1115,
      1224,
      1431,
      1538,
      1778,
      1802,
      2284,
      2480,
      2481,
      2537,
      2669,
      2782,
      2784,
      2835,
      2844,
      2852,
      3032,
      3094,
      3132,
      3207,
      3259,
      3591,
      3618,
      3913,
      4129,
      4232,
      4247,
      4368,
      4565
    ],
    "7": [
      66,
      245,
      1454,
      1824,
      1969,
      2261,
      2747,
      2877,
      3389,
      3825,
      3948,
      4331
    ]
  }
}
