{
  "entry": "O31873",
  "entry_name": "YOSU_BACSU",
  "type": "GLM_1",
  "prompt": "MRKILKIVSLLILLLLLVYSFFSPNSQLFVFVQLIIIAFLIGFGINCFVKKERYQGTLYFVIAICNITINLDKINELIQSI[GLM]57-80-23",
  "k": 672,
  "original_sequence": "MRKILKIVSLLILLLLLVYSFFSPNSQLFVFVQLIIIAFLIGFGINCFVKKERYQGTLYFVIAICNITINLDKINELIQSI",
  "original_ll": -2.771665573120117,
  "original_perplexity": 15.985237121582031,
  "progen3_sequence": "MRKILKIVSLLILLLLLVYSFFSPNSQLFVFVQLIIIAFLIGFGINCFVKKERYQGTYKVNFQLTDVTKLLDINLKLTNTI",
  "progen3_ll": -2.7826955318450928,
  "progen3_perplexity": 16.16252899169922,
  "max_sequence": "MRKILKIVSLLILLLLLVYSFFSPNSQLFVFVQLIIIAFLIGFGINCFVKKERYQGTILFNIIYIIEVIILLFILIYIKKI",
  "max_ll": -2.320258617401123,
  "max_perplexity": 10.178306579589844,
  "max_kl": 0.4772704541683197,
  "max_nmse": 0.0656973198056221,
  "base_sequence": "MRKILKIVSLLILLLLLVYSFFSPNSQLFVFVQLIIIAFLIGFGINCFVKKERYQGTCCCCCCCCCCCCCCCCCCCCCI",
  "base_ll": -1.4508140087127686,
  "base_perplexity": 4.266585826873779,
  "base_kl": 3.4865567684173584,
  "base_nmse": 2.7371468544006348,
  "recovered_sequence": "MRKILKIVSLLILLLLLVYSFFSPNSQLFVFVQLIIIAFLIGFGINCFVKKERYQGTFKLFFLLFFIFCLLLFILFLLNLI",
  "recovered_ll": -2.173386335372925,
  "recovered_perplexity": 8.787993431091309,
  "recovered_kl": 0.8862541913986206,
  "recovered_nmse": 0.08540471643209457,
  "nodes": {
    "9": [
      12,
      191,
      226,
      280,
      407,
      466,
      512,
      672,
      701,
      746,
      760,
      767,
      818,
      868,
      873,
      957,
      967,
      1038,
      1062,
      1080,
      1081,
      1092,
      1184,
      1291,
      1394,
      1438,
      1579,
      1725,
      1789,
      1793,
      1828,
      1844,
      1872,
      1942,
      1946,
      1957,
      2005,
      2040,
      2176,
      2191,
      2405,
      2423,
      2467,
      2510,
      2511,
      2626,
      2633,
      2787,
      2844,
      3004,
      3050,
      3082,
      3198,
      3199,
      3308,
      3382,
      3473,
      3513,
      3540,
      3624,
      3779,
      3821,
      3836,
      3972,
      4079,
      4106,
      4250,
      4358,
      4370,
      4457,
      4544,
      4603
    ],
    "0": [
      136,
      200,
      222,
      253,
      276,
      401,
      431,
      459,
      460,
      574,
      628,
      694,
      738,
      795,
      875,
      890,
      933,
      1017,
      1026,
      1083,
      1173,
      1178,
      1270,
      1344,
      1370,
      1412,
      1504,
      1583,
      1706,
      1751,
      1911,
      2011,
      2031,
      2076,
      2117,
      2122,
      2299,
      2330,
      2387,
      2397,
      2470,
      2495,
      2511,
      2594,
      2692,
      2722,
      2782,
      2844,
      2968,
      2984,
      2991,
      2993,
      3057,
      3062,
      3075,
      3171,
      3194,
      3248,
      3421,
      3510,
      3573,
      3588,
      3646,
      3648,
      3837,
      3853,
      3875,
      3908,
      3922,
      3963,
      3988,
      4000,
      4111,
      4398,
      4424,
      4426,
      4473,
      4488,
      4507,
      4540,
      4577,
      4596,
      4607
    ],
    "5": [
      0,
      34,
      37,
      153,
      186,
      203,
      312,
      338,
      373,
      400,
      473,
      476,
      500,
      521,
      547,
      556,
      603,
      692,
      703,
      870,
      926,
      1082,
      1159,
      1167,
      1173,
      1209,
      1244,
      1374,
      1427,
      1481,
      1570,
      1610,
      1631,
      1790,
      1817,
      1883,
      1994,
      2042,
      2096,
      2102,
      2105,
      2127,
      2134,
      2250,
      2424,
      2434,
      2513,
      2514,
      2540,
      2777,
      2817,
      2858,
      2950,
      3035,
      3064,
      3071,
      3115,
      3185,
      3359,
      3388,
      3393,
      3446,
      3597,
      3654,
      3745,
      3775,
      3913,
      3915,
      4018,
      4122,
      4246,
      4336,
      4360,
      4434
    ],
    "3": [
      59,
      65,
      111,
      125,
      181,
      184,
      310,
      325,
      334,
      374,
      487,
      511,
      545,
      546,
      559,
      561,
      622,
      724,
      726,
      866,
      879,
      919,
      925,
      1000,
      1040,
      1160,
      1184,
      1186,
      1219,
      1264,
      1496,
      1563,
      1652,
      1696,
      1767,
      1832,
      1841,
      1917,
      1918,
      2112,
      2132,
      2149,
      2180,
      2200,
      2210,
      2247,
      2276,
      2299,
      2383,
      2521,
      2625,
      2633,
      2651,
      2662,
      2691,
      2717,
      2774,
      2777,
      3031,
      3049,
      3091,
      3099,
      3122,
      3166,
      3168,
      3206,
      3240,
      3246,
      3261,
      3362,
      3431,
      3463,
      3551,
      3644,
      3653,
      3935,
      3958,
      4139,
      4180,
      4185,
      4281,
      4375,
      4537,
      4583,
      4591
    ],
    "8": [
      94,
      277,
      651,
      950,
      1044,
      1083,
      1299,
      1301,
      1548,
      1626,
      1986,
      2077,
      2112,
      2151,
      2201,
      2253,
      2408,
      2460,
      2479,
      2516,
      2609,
      2819,
      2891,
      2917,
      2927,
      3019,
      3042,
      3263,
      3315,
      3409,
      3490,
      3648,
      3659,
      3960
    ],
    "7": [
      66,
      79,
      98,
      133,
      321,
      334,
      371,
      652,
      822,
      1224,
      1257,
      1563,
      1614,
      1670,
      1824,
      1960,
      2004,
      2023,
      2142,
      2258,
      2310,
      2349,
      2371,
      2450,
      2462,
      2614,
      2832,
      2870,
      2877,
      3002,
      3025,
      3057,
      3167,
      3457,
      3651,
      3784,
      4166,
      4179,
      4196,
      4444,
      4589
    ],
    "1": [
      39,
      126,
      187,
      194,
      214,
      255,
      385,
      565,
      673,
      690,
      701,
      764,
      948,
      1038,
      1320,
      1399,
      1469,
      1650,
      1697,
      1711,
      1988,
      2121,
      2140,
      2282,
      3070,
      3110,
      3147,
      3167,
      3446,
      3532,
      3535,
      3562,
      3680,
      3693,
      3815,
      3817,
      3846,
      3869,
      4126,
      4140,
      4157,
      4173,
      4235,
      4308,
      4405,
      4494,
      4567
    ],
    "2": [
      132,
      250,
      258,
      326,
      364,
      438,
      596,
      815,
      849,
      869,
      896,
      930,
      990,
      1002,
      1020,
      1075,
      1096,
      1209,
      1254,
      1383,
      1442,
      1467,
      1511,
      1724,
      1752,
      1784,
      1830,
      1860,
      1943,
      2023,
      2104,
      2146,
      2204,
      2273,
      2287,
      2305,
      2335,
      2357,
      2372,
      2404,
      2435,
      2772,
      2775,
      2868,
      2925,
      3082,
      3191,
      3213,
      3258,
      3277,
      3317,
      3344,
      3353,
      3354,
      3491,
      3591,
      3677,
      3799,
      3841,
      3979,
      4114,
      4188,
      4249,
      4274,
      4315,
      4326,
      4361,
      4409,
      4426,
      4566,
      4607
    ],