{
  "entry": "O34702",
  "entry_name": "YOTC_BACSU",
  "type": "GLM_1",
  "prompt": "MENEVVFFCRKCNHHLFAKNPMINTLKVISEMDCPNCGEEGYHNWILSHIGDSEKEKENYNWK[GLM]21-37-16",
  "k": 864,
  "original_sequence": "MENEVVFFCRKCNHHLFAKNPMINTLKVISEMDCPNCGEEGYHNWILSHIGDSEKEKENYNWK",
  "original_ll": -2.7720022201538086,
  "original_perplexity": 15.990619659423828,
  "progen3_sequence": "MENEVVFFCRKCNHHLFAKNPSRSELLSEEELNDQLYGEEGYHNWILSHIGDSEKEKENYNWK",
  "progen3_ll": -2.6972556114196777,
  "progen3_perplexity": 14.83895206451416,
  "max_sequence": "MENEVVFFCRKCNHHLFAKNPKYESVVYEEIELYEEEGEEGYHNWILSHIGDSEKEKENYNWK",
  "max_ll": -2.7519278526306152,
  "max_perplexity": 15.672818183898926,
  "max_kl": 0.22589939832687378,
  "max_nmse": 1.9329155683517456,
  "base_sequence": "MENEVVFFCRKCNHHLFAKNPGEEGYHNWILSHIGDSEKEKENYNWK",
  "base_ll": -3.0251989364624023,
  "base_perplexity": 20.598102569580078,
  "base_kl": 6.118390083312988,
  "base_nmse": 6.100650310516357,
  "recovered_sequence": "MENEVVFFCRKCNHHLFAKNPCCSCLCCKCILKDICMGEEGYHNWILSHIGDSEKEKENYNWK",
  "recovered_ll": -3.178823709487915,
  "recovered_perplexity": 24.018484115600586,
  "recovered_kl": 0.2621660828590393,
  "recovered_nmse": 0.43231120705604553,
  "nodes": {
    "0": [
      3,
      61,
      97,
      155,
      172,
      177,
      197,
      200,
      222,
      228,
      267,
      272,
      276,
      376,
      394,
      400,
      401,
      460,
      471,
      518,
      546,
      574,
      580,
      587,
      588,
      591,
      598,
      648,
      675,
      694,
      753,
      758,
      771,
      783,
      795,
      859,
      875,
      885,
      892,
      933,
      953,
      973,
      990,
      999,
      1009,
      1026,
      1050,
      1069,
      1089,
      1107,
      1135,
      1143,
      1178,
      1203,
      1265,
      1297,
      1303,
      1344,
      1356,
      1370,
      1394,
      1430,
      1477,
      1483,
      1485,
      1521,
      1548,
      1583,
      1602,
      1604,
      1646,
      1657,
      1663,
      1706,
      1719,
      1735,
      1751,
      1759,
      1788,
      1821,
      1841,
      1871,
      1912,
      1914,
      1921,
      1934,
      1991,
      2003,
      2011,
      2020,
      2057,
      2076,
      2106,
      2117,
      2175,
      2195,
      2197,
      2214,
      2222,
      2224,
      2273,
      2299,
      2313,
      2337,
      2378,
      2406,
      2423,
      2445,
      2511,
      2527,
      2566,
      2575,
      2594,
      2645,
      2659,
      2692,
      2707,
      2722,
      2782,
      2789,
      2797,
      2888,
      2892,
      2919,
      2926,
      2937,
      2943,
      2961,
      2991,
      2993,
      3054,
      3110,
      3130,
      3162,
      3202,
      3211,
      3248,
      3251,
      3256,
      3261,
      3288,
      3292,
      3327,
      3357,
      3373,
      3374,
      3395,
      3405,
      3441,
      3448,
      3499,
      3536,
      3537,
      3554,
      3555,
      3558,
      3559,
      3573,
      3588,
      3590,
      3621,
      3648,
      3670,
      3733,
      3751,
      3789,
      3813,
      3818,
      3819,
      3853,
      3866,
      3875,
      3899,
      3917,
      3918,
      3922,
      3928,
      3938,
      3949,
      3950,
      3963,
      4000,
      4035,
      4038,
      4052,
      4053,
      4059,
      4062,
      4088,
      4116,
      4129,
      4145,
      4150,
      4151,
      4185,
      4195,
      4201,
      4234,
      4271,
      4279,
      4294,
      4301,
      4336,
      4348,
      4402,
      4426,
      4466,
      4473,
      4487,
      4488,
      4501,
      4520,
      4523,
      4540,
      4560,
      4561,
      4571,
      4607
    ],
    "3": [
      50,
      154,
      196,
      253,
      305,
      318,
      352,
      354,
      429,
      438,
      466,
      478,
      511,
      545,
      550,
      627,
      896,
      901,
      933,
      955,
      981,
      1048,
      1112,
      1163,
      1171,
      1172,
      1212,
      1221,
      1254,
      1270,
      1292,
      1303,
      1318,
      1324,
      1364,
      1383,
      1392,
      1436,
      1441,
      1508,
      1552,
      1623,
      1663,
      1690,
      1759,
      1793,
      1808,
      1819,
      1914,
      1925,
      1943,
      1948,
      2088,
      2140,
      2165,
      2170,
      2192,
      2276,
      2286,
      2288,
      2336,
      2412,
      2596,
      2616,
      2629,
      2663,
      2665,
      2697,
      2805,
      2824,
      2876,
      2930,
      3108,
      3224,
      3246,
      3296,
      3314,
      3445,
      3450,
      3458,
      3473,
      3590,
      3658,
      3702,
      3845,
      3859,
      3987,
      4003,
      4033,
      4043,
      4157,
      4160,
      4165,
      4170,
      4213,
      4249,
      4252,
      4371,
      4388,
      4427,
      4463,
      4482,
      4507,
      4595
    ],
    "9": [
      12,
      52,
      101,
      407,
      466,
      497,
      512,
      622,
      696,
      746,
      767,
      957,
      967,
      994,
      1004,
      1073,
      1081,
      1093,
      1176,
      1184,
      1251,
      1394,
      1483,
      1579,
      1725,
      1844,
      1851,
      1957,
      2005,
      2094,
      2196,
      2264,
      2427,
      2510,
      2514,
      2592,
      2642,
      2652,
      2732,
      2787,
      2790,
      2791,
      2829,
      2937,
      2941,
      3004,
      3050,
      3199,
      3310,
      3382,
      3513,
      3540,
      3624,
      3672,
      3695,
      3723,
      3779,
      3802,
      3821,
      3965,
      3999,
      4250,
      4370,
      4419,
      4482,
      4490,
      4494,
      4526,
      4544,
      4603
    ],
    "4": [
      134,
      186,
      210,
      228,
      229,
      369,
      430,
      456,
      562,
      662,
      688,
      812,
      829,
      906,
      1023,
      1038,
      1054,
      1065,
      1164,
      1258,
      1307,
      1364,
      1385,
      1388,
      1493,
      1519,
      1591,
      1649,
      1652,
      1671,
      1684,
      1710,
      1832,
      1937,
      1968,
      2094,
      2096,
      2110,
      2316,
      2416,
      2472,
      2613,
      2647,
      2657,
      2940,
      3054,
      3062,
      3132,
      3165,
      3175,
      3206,
      3289,
      3333,
      3337,
      3387,
      3438,
      3500,
      3559,
      3580,
      3587,
      3619,
      3646,
      3708,
      3714,
      3730,
      3759,
      3773,
      3783,
      3811,
      3885,
      3985,
      3989,
      4015,
      4034,
      4049,
      4111,
      4218,
      4377,
      4387,
      4449,
      4496,
      4516,
      4579
    ],
    "5": [
      31,
      35,
      41,
      51,
      148,
      197,
      207,
      256,
      271,
      293,
      387,
      418,
      439,
      774,
      831,
      995,
      1031,
      1125,
      1249,
      1448,
      1551,
      1712,
      1847,
      2202,
      2262,
      2268,
      2294,
      2372,
      2431,
      2456,
      2462,
      2566,
      2611,
      2670,
      2692,
      2746,
      2776,
      2777,
      2881,
      3127,
      3174,
      3328,
      3343,
      3430,
      3564,
      3590,
      3893,
      4021,
      4093,
      4137,
      4181,
      4348,
      4525
    ],