{
  "entry": "O34763",
  "entry_name": "YKOL_BACSU",
  "type": "GLM_1",
  "prompt": "MSNLLKSALEKERRHYSEKLYQIGVYNKEVMNKMTISELRKEYAYFFRSITNHKNYPYTR[GLM]42-50-8",
  "k": 768,
  "original_sequence": "MSNLLKSALEKERRHYSEKLYQIGVYNKEVMNKMTISELRKEYAYFFRSITNHKNYPYTR",
  "original_ll": -3.027411937713623,
  "original_perplexity": 20.643735885620117,
  "progen3_sequence": "MSNLLKSALEKERRHYSEKLYQIGVYNKEVMNKMTISELRKENTLVELLNTNHKNYPYTR",
  "progen3_ll": -2.770171642303467,
  "progen3_perplexity": 15.961374282836914,
  "max_sequence": "MSNLLKSALEKERRHYSEKLYQIGVYNKEVMNKMTISELRKEKYYEEKNYTNHKNYPYTR",
  "max_ll": -2.9288792610168457,
  "max_perplexity": 18.70665168762207,
  "max_kl": 0.2787543535232544,
  "max_nmse": 0.5521742105484009,
  "base_sequence": "MSNLLKSALEKERRHYSEKLYQIGVYNKEVMNKMTISELRKECTNHKNYPYTR",
  "base_ll": -3.3375473022460938,
  "base_perplexity": 28.14999771118164,
  "base_kl": 5.124670028686523,
  "base_nmse": 4.546985149383545,
  "recovered_sequence": "MSNLLKSALEKERRHYSEKLYQIGVYNKEVMNKMTISELRKECCLCCLCCTNHKNYPYTR",
  "recovered_ll": -3.23213791847229,
  "recovered_perplexity": 25.333759307861328,
  "recovered_kl": 0.5429868698120117,
  "recovered_nmse": 0.4574655294418335,
  "nodes": {
    "9": [
      12,
      52,
      407,
      429,
      466,
      654,
      745,
      760,
      957,
      964,
      967,
      994,
      1004,
      1062,
      1073,
      1081,
      1184,
      1251,
      1271,
      1352,
      1374,
      1483,
      1491,
      1523,
      1579,
      1648,
      1725,
      1835,
      1844,
      1851,
      1946,
      1957,
      2191,
      2264,
      2423,
      2510,
      2511,
      2592,
      2626,
      2732,
      2739,
      2787,
      2791,
      2941,
      2946,
      3004,
      3050,
      3199,
      3310,
      3314,
      3372,
      3513,
      3540,
      3624,
      3649,
      3695,
      3713,
      3747,
      3779,
      3802,
      3821,
      4079,
      4106,
      4122,
      4250,
      4288,
      4370,
      4419,
      4482,
      4495,
      4544,
      4603
    ],
    "0": [
      4,
      26,
      97,
      168,
      189,
      200,
      213,
      222,
      228,
      244,
      272,
      276,
      294,
      327,
      401,
      460,
      538,
      546,
      574,
      587,
      595,
      648,
      656,
      694,
      733,
      753,
      771,
      783,
      795,
      798,
      831,
      875,
      933,
      957,
      962,
      972,
      973,
      982,
      984,
      990,
      993,
      999,
      1009,
      1026,
      1071,
      1107,
      1158,
      1166,
      1178,
      1205,
      1207,
      1238,
      1241,
      1250,
      1259,
      1265,
      1281,
      1297,
      1303,
      1344,
      1394,
      1412,
      1430,
      1475,
      1509,
      1521,
      1567,
      1583,
      1652,
      1706,
      1719,
      1721,
      1751,
      1768,
      1777,
      1805,
      1821,
      1908,
      1910,
      1914,
      1921,
      1935,
      2003,
      2011,
      2031,
      2057,
      2076,
      2106,
      2117,
      2160,
      2179,
      2195,
      2205,
      2224,
      2257,
      2273,
      2282,
      2299,
      2313,
      2385,
      2406,
      2423,
      2445,
      2502,
      2523,
      2566,
      2594,
      2638,
      2659,
      2722,
      2727,
      2776,
      2779,
      2782,
      2789,
      2797,
      2841,
      2879,
      2903,
      2911,
      2919,
      2950,
      2961,
      2968,
      2980,
      2991,
      2993,
      3044,
      3057,
      3171,
      3178,
      3182,
      3200,
      3202,
      3211,
      3248,
      3278,
      3347,
      3373,
      3374,
      3395,
      3439,
      3461,
      3481,
      3484,
      3499,
      3501,
      3505,
      3559,
      3570,
      3588,
      3648,
      3690,
      3698,
      3707,
      3709,
      3720,
      3732,
      3761,
      3789,
      3799,
      3818,
      3837,
      3840,
      3853,
      3866,
      3879,
      3899,
      3903,
      3908,
      3918,
      3930,
      3963,
      4000,
      4035,
      4050,
      4062,
      4065,
      4081,
      4116,
      4129,
      4135,
      4174,
      4195,
      4242,
      4250,
      4270,
      4279,
      4282,
      4296,
      4388,
      4403,
      4416,
      4426,
      4440,
      4463,
      4466,
      4473,
      4487,
      4488,
      4507,
      4520,
      4540,
      4560,
      4569,
      4571,
      4590,
      4607
    ],
    "8": [
      311,
      337,
      369,
      801,
      835,
      1083,
      1197,
      1299,
      1301,
      1417,
      1495,
      1557,
      2077,
      2112,
      2151,
      2183,
      2199,
      2234,
      2516,
      2562,
      2695,
      2717,
      2729,
      2891,
      3042,
      3236,
      3257,
      3263,
      3297,
      3490,
      3531,
      3636,
      3659,
      3701,
      3741,
      3906,
      3960,
      4184,
      4534,
      4605
    ],
    "3": [
      21,
      122,
      148,
      199,
      213,
      320,
      339,
      408,
      545,
      593,
      714,
      792,
      808,
      812,
      1221,
      1390,
      1479,
      1517,
      1537,
      1575,
      1588,
      1592,
      1636,
      1704,
      1755,
      1793,
      1804,
      2092,
      2327,
      2343,
      2390,
      2434,
      2464,
      2548,
      2710,
      2840,
      2876,
      3147,
      3153,
      3179,
      3340,
      3349,
      3440,
      3469,
      3471,
      3638,
      3666,
      3689,
      3791,
      3818,
      3883,
      3933,
      3951,
      4044,
      4160,
      4249,
      4259,
      4277
    ],
    "2": [
      2,
      14,
      19,
      26,
      34,
      39,
      100,
      131,
      137,
      140,
      167,
      177,
      182,
      253,
      281,
      315,
      360,
      389,
      406,
      408,
      415,
      428,
      505,
      525,
      605,
      670,
      687,
      727,
      758,
      801,
      876,
      899,
      952,
      971,
      977,
      986,
      1080,
      1097,
      1110,
      1165,
      1182,
      1227,
      1231,
      1240,
      1309,
      1317,
      1370,
      1413,
      1473,
      1479,
      1494,
      1523,
      1563,
      1579,
      1669,
      1686,
      1707,
      1784,
      1810,
      1818,
      1852,
      1925,
      2015,
      2032,
      2077,
      2124,
      2199,
      2242,
      2246,
      2276,
      2333,
      2362,
      2413,
      2489,
      2491,
      2515,
      2579,
      2619,
      2691,
      2758,
      2824,
      2866,
      2919,
      3054,
      3094,
      3095,
      3107,
      3234,
      3259,
      3265,
      3269,
      3301,
      3309,
      3362,
      3387,
      3415,
      3461,
      3465,
      3565,
      3574,
      3591,
      3608,
      3638,
      3651,
      3902,
      3913,
      3921,
      3945,
      3977,
      4004,
      4008,
      4016,
      4054,
      4068,
      4243,
      4272,
      4356,
      4476
    ],