{
  "entry": "O46200",
  "entry_name": "A63F_DROME",
  "type": "GLM_2",
  "prompt": "MKAIIVFILFISSVHAMSKCNQAIYLNLDPHCGILPDCNLDGPNPSYLKRVSCERKENGKPGFIELIPGKCLHGKPRCSLK[GLM]61-81-20",
  "k": 544,
  "original_sequence": "MKAIIVFILFISSVHAMSKCNQAIYLNLDPHCGILPDCNLDGPNPSYLKRVSCERKENGKPGFIELIPGKCLHGKPRCSLK",
  "original_ll": -2.803767442703247,
  "original_perplexity": 16.506717681884766,
  "progen3_sequence": "MKAIIVFILFISSVHAMSKCNQAIYLNLDPHCGILPDCNLDGPNPSYLKRVSCERKENGKPYIKETQETLAMDPLLKKTVE",
  "progen3_ll": -2.900646209716797,
  "progen3_perplexity": 18.18589210510254,
  "max_sequence": "MKAIIVFILFISSVHAMSKCNQAIYLNLDPHCGILPDCNLDGPNPSYLKRVSCERKENGKPIVDKINYLQEKKGNCDTDPN",
  "max_ll": -2.7610697746276855,
  "max_perplexity": 15.816754341125488,
  "max_kl": 0.5515620112419128,
  "max_nmse": 0.23525074124336243,
  "base_sequence": "MKAIIVFILFISSVHAMSKCNQAIYLNLDPHCGILPDCNLDGPNPSYLKRVSCERKENGKPCCCCCCCC",
  "base_ll": -2.5923476219177246,
  "base_perplexity": 13.361101150512695,
  "base_kl": 4.4166579246521,
  "base_nmse": 3.785219192504883,
  "recovered_sequence": "MKAIIVFILFISSVHAMSKCNQAIYLNLDPHCGILPDCNLDGPNPSYLKRVSCERKENGKPSIKKCICCLKCCICLCCKVE",
  "recovered_ll": -2.9993555545806885,
  "recovered_perplexity": 20.07259750366211,
  "recovered_kl": 0.5954799056053162,
  "recovered_nmse": 0.1748838573694229,
  "nodes": {
    "0": [
      97,
      104,
      120,
      149,
      155,
      173,
      177,
      189,
      200,
      222,
      229,
      253,
      272,
      276,
      401,
      460,
      463,
      478,
      526,
      546,
      587,
      588,
      591,
      622,
      694,
      753,
      771,
      795,
      815,
      933,
      952,
      962,
      974,
      982,
      1026,
      1069,
      1135,
      1156,
      1178,
      1253,
      1265,
      1297,
      1365,
      1387,
      1406,
      1430,
      1475,
      1483,
      1521,
      1646,
      1652,
      1683,
      1706,
      1719,
      1751,
      1765,
      1841,
      1849,
      1921,
      1932,
      1983,
      2011,
      2106,
      2117,
      2172,
      2273,
      2299,
      2313,
      2445,
      2511,
      2528,
      2594,
      2692,
      2722,
      2747,
      2782,
      2797,
      2888,
      2926,
      2943,
      2956,
      2968,
      2972,
      2984,
      3057,
      3130,
      3182,
      3327,
      3373,
      3395,
      3414,
      3440,
      3494,
      3499,
      3536,
      3537,
      3554,
      3558,
      3559,
      3573,
      3588,
      3600,
      3648,
      3692,
      3698,
      3789,
      3813,
      3819,
      3823,
      3853,
      3875,
      3881,
      3922,
      3949,
      3963,
      4033,
      4050,
      4059,
      4081,
      4111,
      4168,
      4174,
      4195,
      4279,
      4426,
      4466,
      4488,
      4540,
      4596
    ],
    "9": [
      12,
      162,
      407,
      506,
      537,
      545,
      598,
      734,
      749,
      828,
      957,
      967,
      1081,
      1143,
      1184,
      1251,
      1352,
      1394,
      1491,
      1579,
      1648,
      1828,
      1832,
      1835,
      1844,
      1851,
      1957,
      2005,
      2105,
      2213,
      2287,
      2548,
      2592,
      2642,
      2704,
      2732,
      2787,
      2809,
      2874,
      2975,
      2983,
      3050,
      3199,
      3367,
      3382,
      3513,
      3540,
      3624,
      3695,
      3779,
      3802,
      3808,
      3821,
      3999,
      4250,
      4419,
      4442,
      4493,
      4525,
      4526,
      4544,
      4603
    ],
    "8": [
      94,
      114,
      274,
      311,
      528,
      584,
      611,
      800,
      1033,
      1083,
      1192,
      1200,
      1400,
      1511,
      1581,
      1687,
      1747,
      1781,
      1842,
      1920,
      1954,
      2077,
      2112,
      2151,
      2199,
      2516,
      2578,
      2829,
      2891,
      2917,
      3019,
      3024,
      3042,
      3653,
      3846,
      3960,
      4102,
      4125,
      4371,
      4471,
      4534,
      4546,
      4563,
      4585,
      4594
    ],
    "6": [
      32,
      391,
      762,
      947,
      1137,
      1467,
      1657,
      1701,
      2074,
      2089,
      2260,
      2460,
      2592,
      2689,
      2717,
      3509,
      3628,
      4117,
      4513
    ],
    "3": [
      285,
      309,
      334,
      335,
      352,
      366,
      429,
      476,
      511,
      545,
      635,
      855,
      1018,
      1254,
      1278,
      1399,
      1608,
      1701,
      1954,
      2132,
      2286,
      2785,
      2859,
      3091,
      3115,
      3207,
      3246,
      3426,
      3440,
      3458,
      3498,
      4003,
      4043,
      4075,
      4172,
      4184,
      4252,
      4289,
      4324,
      4431,
      4436,
      4587
    ],
    "2": [
      1,
      2,
      24,
      56,
      100,
      135,
      184,
      196,
      201,
      213,
      279,
      286,
      292,
      414,
      455,
      530,
      550,
      565,
      603,
      604,
      828,
      846,
      852,
      878,
      893,
      912,
      983,
      991,
      1001,
      1054,
      1119,
      1157,
      1186,
      1201,
      1224,
      1243,
      1257,
      1330,
      1401,
      1406,
      1431,
      1483,
      1529,
      1721,
      1778,
      1806,
      1866,
      2031,
      2139,
      2158,
      2168,
      2224,
      2226,
      2274,
      2287,
      2305,
      2311,
      2335,
      2350,
      2445,
      2482,
      2542,
      2775,
      2871,
      2928,
      3018,
      3021,
      3042,
      3094,
      3098,
      3122,
      3193,
      3213,
      3267,
      3275,
      3314,
      3356,
      3399,
      3441,
      3448,
      3455,
      3459,
      3533,
      3635,
      3723,
      3913,
      3991,
      4002,
      4005,
      4039,
      4115,
      4120,
      4179,
      4249,
      4274,
      4304,
      4309,
      4348,
      4361,
      4560,
      4579,
      4593
    ],
    "7": [
      66,
      509,
      889,
      933,
      1151,
      1454,
      1625,
      1629,
      1709,
      1824,
      1931,
      2147,
      2227,
      2261,
      2279,
      2595,
      2877,
      2922,
      3227,
      3389,
      3464,
      3541,
      3948,
      4055,
      4331,
      4558
    ],
    "4": [
      224,
      321,
      325,
      446,
      562,
      682,
      783,
      971,
      1200,
      1208,
      1272,
      1323,
      1353,
      1385,
      1547,
      1591,
      1621,
      1749,
      1759,
      1891,
      2019,
      2134,
      2464,
      2538,
      2807,
      2879,
      2891,
      2909,
      2963,
      3206,
      3268,
      3433,
      3678,
      3820,
      3984,
      3985,
      4112,
      4218,
      4327
    ],
    "1": [
      40,
      57,
      241,
      447,
      617,
      638,
      792,
      808,
      895,
      1109,
      1111,
      1180,
      1320,
      1339,
      1402,
      1438,
      1440,
      1453,
      1571,
      1597,
      1618,
      1649,
      1683,
      1850,
      1869,
      1929,
      1988,
      2161,
      2181,
      2262,
      2429,
      2504,
      2516,
      2706,
      2738,
      2895,
      2958,
      2963,
      3008,
      3062,
      3167,
      3254,
      3257,
      3327,
      3397,
      3470,
      3499,
      3502,
      3600,
      3620,
      3729,
      3810,
      3919,
      3963,
      3977,
      4011,
      4118,
      4131,
      4174,
      4262,
      4279,
      4451,
      4509,
      4520,
      4570
    ],
    "5": [
      231,
      386,
      420,
      432,
      1861,
      2110,
      2451,
      2724,
      2777,
      2851,
      3223,
      3456,
      3949,
      4039,
      4066
    ]
  }
}
