{
  "entry": "O46200",
  "entry_name": "A63F_DROME",
  "type": "GLM_1",
  "prompt": "MKAIIVFILFISSVHAMSKCNQAIYLNLDPHCGILPDCNLDGPNPSYLKRVSCERKENGKPGFIELIPGKCLHGKPRCSLK[GLM]26-55-29",
  "k": 128,
  "original_sequence": "MKAIIVFILFISSVHAMSKCNQAIYLNLDPHCGILPDCNLDGPNPSYLKRVSCERKENGKPGFIELIPGKCLHGKPRCSLK",
  "original_ll": -2.98175048828125,
  "original_perplexity": 19.72231101989746,
  "progen3_sequence": "MKAIIVFILFISSVHAMSKCNQAIYLMDIKKVVEKVKIIPERTPRLPGGNGLENNKENGKPGFIELIPGKCLHGKPRCSLK",
  "progen3_ll": -2.885406017303467,
  "progen3_perplexity": 17.910837173461914,
  "max_sequence": "MKAIIVFILFISSVHAMSKCNQAIYLLDLCGCVIIKFEETPFYKSFRGRKTKYGSKENGKPGFIELIPGKCLHGKPRCSLK",
  "max_ll": -3.0185389518737793,
  "max_perplexity": 20.461374282836914,
  "max_kl": 0.1361636072397232,
  "max_nmse": 1.5536177158355713,
  "base_sequence": "MKAIIVFILFISSVHAMSKCNQAIYLCCCCCCCCCCCCCCCKENGKPGFIELIPGKCLHGKPRCSLK",
  "base_ll": -2.379915952682495,
  "base_perplexity": 10.803995132446289,
  "base_kl": 3.722801923751831,
  "base_nmse": 3.0555191040039062,
  "recovered_sequence": "MKAIIVFILFISSVHAMSKCNQAIYLFKICKKKKKKKIIKINKKKKKKCKKKCNKKENGKPGFIELIPGKCLHGKPRCSLK",
  "recovered_ll": -2.1853525638580322,
  "recovered_perplexity": 8.893783569335938,
  "recovered_kl": 0.4365677833557129,
  "recovered_nmse": 1.4549288749694824,
  "nodes": {
    "0": [
      200,
      228,
      276,
      546,
      588,
      694,
      795,
      952,
      1069,
      1156,
      1178,
      1475,
      1706,
      2011,
      2020,
      2117,
      2299,
      2594,
      2692,
      2722,
      2797,
      2984,
      2993,
      3171,
      3327,
      3559,
      3648,
      3853,
      3922,
      3963,
      4000,
      4059,
      4426,
      4488,
      4540,
      4596
    ],
    "9": [
      12,
      407,
      734,
      749,
      957,
      967,
      1036,
      1184,
      1251,
      1579,
      1725,
      1832,
      1844,
      1851,
      1957,
      2005,
      2105,
      2153,
      2177,
      2637,
      2642,
      2652,
      2732,
      2763,
      2787,
      2983,
      3050,
      3199,
      3382,
      3513,
      3540,
      3624,
      3779,
      3802,
      3808,
      3821,
      3999,
      4250,
      4544,
      4603
    ],
    "3": [
      429,
      511,
      545,
      2596,
      3246,
      3498,
      4003
    ],
    "8": [
      800,
      1083,
      2112,
      2891
    ],
    "5": [
      432,
      2110,
      2372
    ],
    "2": [
      292,
      565,
      604,
      893,
      1001,
      1401,
      1529,
      2244,
      2866,
      2871,
      3098,
      3275,
      3356,
      3448,
      3459,
      3723,
      4005
    ],
    "1": [
      603,
      1294,
      1339,
      1988,
      2161,
      2202,
      2331,
      2895,
      2958
    ],
    "4": [
      224,
      562,
      1621,
      3206,
      4112
    ],
    "7": [
      1824,
      3227,
      3389,
      4055
    ],
    "6": [
      947,
      1410,
      2389
    ]
  }
}
