{
  "entry": "O64497",
  "entry_name": "TOM91_ARATH",
  "type": "GLM_1",
  "prompt": "MAPKKIGAGKGDSSILAKISNYDIVSQGRRAACDAVYVSKKLLKSTGKAAWIAGTTFLILAVPLILELEQDHRLGEIDFEQASLLGTPPVGAML[GLM]46-66-20",
  "k": 512,
  "original_sequence": "MAPKKIGAGKGDSSILAKISNYDIVSQGRRAACDAVYVSKKLLKSTGKAAWIAGTTFLILAVPLILELEQDHRLGEIDFEQASLLGTPPVGAML",
  "original_ll": -2.6090989112854004,
  "original_perplexity": 13.58680248260498,
  "progen3_sequence": "MAPKKIGAGKGDSSILAKISNYDIVSQGRRAACDAVYVSKKLLKSTSKPEMLKNKEQGPILKARGKELEQDHRLGEIDFEQASLLGTPPVGAML",
  "progen3_ll": -2.8459904193878174,
  "progen3_perplexity": 17.218605041503906,
  "max_sequence": "MAPKKIGAGKGDSSILAKISNYDIVSQGRRAACDAVYVSKKLLKSTELALELAKISKALGLEEERKELEQDHRLGEIDFEQASLLGTPPVGAML",
  "max_ll": -2.533050060272217,
  "max_perplexity": 12.591853141784668,
  "max_kl": 0.2962901294231415,
  "max_nmse": 4.91008186340332,
  "base_sequence": "MAPKKIGAGKGDSSILAKISNYDIVSQGRRAACDAVYVSKKLLKSTCCELEQDHRLGEIDFEQASLLGTPPVGAML",
  "base_ll": -3.045283555984497,
  "base_perplexity": 21.015989303588867,
  "base_kl": 4.51171875,
  "base_nmse": 4.008486270904541,
  "recovered_sequence": "MAPKKIGAGKGDSSILAKISNYDIVSQGRRAACDAVYVSKKLLKSTSLTVMLLSVVLMKILCAMLKELEQDHRLGEIDFEQASLLGTPPVGAML",
  "recovered_ll": -2.867128372192383,
  "recovered_perplexity": 17.586444854736328,
  "recovered_kl": 0.33070072531700134,
  "recovered_nmse": 2.3220314979553223,
  "nodes": {
    "9": [
      12,
      52,
      226,
      407,
      466,
      654,
      746,
      760,
      767,
      957,
      967,
      994,
      1073,
      1080,
      1081,
      1092,
      1184,
      1217,
      1318,
      1333,
      1579,
      1725,
      1828,
      1844,
      1851,
      1957,
      2005,
      2143,
      2264,
      2427,
      2510,
      2570,
      2732,
      2763,
      2787,
      2791,
      2983,
      3049,
      3050,
      3199,
      3382,
      3473,
      3513,
      3540,
      3624,
      3713,
      3779,
      3802,
      3821,
      3965,
      3972,
      3999,
      4106,
      4129,
      4250,
      4370,
      4419,
      4494,
      4544,
      4603
    ],
    "0": [
      67,
      97,
      100,
      108,
      116,
      126,
      164,
      189,
      200,
      218,
      222,
      262,
      272,
      276,
      327,
      374,
      401,
      460,
      546,
      557,
      574,
      587,
      588,
      662,
      694,
      744,
      763,
      771,
      783,
      795,
      817,
      933,
      982,
      1009,
      1017,
      1026,
      1093,
      1265,
      1281,
      1303,
      1344,
      1354,
      1475,
      1513,
      1521,
      1528,
      1557,
      1652,
      1706,
      1719,
      1729,
      1751,
      1774,
      1777,
      1781,
      1800,
      1821,
      1824,
      1848,
      1914,
      1921,
      1942,
      2032,
      2117,
      2160,
      2195,
      2211,
      2224,
      2273,
      2278,
      2282,
      2299,
      2313,
      2352,
      2406,
      2445,
      2450,
      2511,
      2571,
      2587,
      2594,
      2692,
      2700,
      2722,
      2782,
      2789,
      2806,
      2879,
      2911,
      2919,
      2933,
      2937,
      2962,
      2968,
      2972,
      2984,
      2987,
      2991,
      2993,
      3056,
      3057,
      3082,
      3129,
      3166,
      3171,
      3202,
      3205,
      3211,
      3256,
      3261,
      3351,
      3373,
      3379,
      3395,
      3493,
      3494,
      3499,
      3505,
      3523,
      3573,
      3627,
      3648,
      3676,
      3692,
      3697,
      3698,
      3789,
      3840,
      3853,
      3875,
      3889,
      3890,
      3898,
      3899,
      3900,
      3918,
      3937,
      3963,
      4000,
      4035,
      4050,
      4062,
      4093,
      4111,
      4116,
      4123,
      4129,
      4150,
      4209,
      4242,
      4270,
      4271,
      4368,
      4388,
      4394,
      4426,
      4458,
      4464,
      4467,
      4473,
      4488,
      4507,
      4511,
      4520,
      4539,
      4540,
      4552,
      4560,
      4585,
      4592,
      4596
    ],
    "3": [
      334,
      511,
      545,
      848,
      867,
      1221,
      1463,
      1535,
      1575,
      1917,
      2114,
      2132,
      2349,
      2390,
      2596,
      3031,
      3246,
      3349,
      3370,
      3707,
      3818,
      3939,
      4160
    ],
    "1": [
      2,
      136,
      163,
      167,
      180,
      240,
      289,
      325,
      331,
      341,
      378,
      418,
      437,
      508,
      541,
      545,
      565,
      576,
      594,
      595,
      669,
      693,
      770,
      836,
      853,
      859,
      1008,
      1089,
      1101,
      1121,
      1233,
      1255,
      1260,
      1289,
      1305,
      1308,
      1320,
      1433,
      1535,
      1551,
      1552,
      1569,
      1574,
      1609,
      1613,
      1653,
      1733,
      1743,
      1749,
      1752,
      1836,
      1871,
      1933,
      1978,
      2079,
      2154,
      2181,
      2215,
      2217,
      2237,
      2268,
      2285,
      2336,
      2343,
      2347,
      2351,
      2469,
      2502,
      2516,
      2523,
      2542,
      2548,
      2597,
      2598,
      2599,
      2619,
      2637,
      2656,
      2679,
      2778,
      2798,
      2821,
      2823,
      2933,
      2943,
      3017,
      3051,
      3083,
      3121,
      3159,
      3193,
      3237,
      3241,
      3282,
      3323,
      3368,
      3374,
      3389,
      3391,
      3400,
      3483,
      3577,
      3601,
      3613,
      3673,
      3680,
      3693,
      3742,
      3788,
      3796,
      3851,
      3939,
      3968,
      4031,
      4085,
      4109,
      4173,
      4219,
      4238,
      4240,
      4371,
      4416,
      4459,
      4460,
      4464,
      4540,
      4587
    ],
    "2": [
      2,
      20,
      187,
      252,
      352,
      394,
      408,
      516,
      537,
      558,
      602,
      689,
      751,
      814,
      952,
      1074,
      1110,
      1148,
      1152,
      1169,
      1178,
      1197,
      1261,
      1317,
      1398,
      1494,
      1523,
      1673,
      1744,
      1784,
      1810,
      1852,
      1980,
      2015,
      2020,
      2061,
      2178,
      2275,
      2342,
      2481,
      2489,
      2521,
      2585,
      2697,
      2742,
      2796,
      2820,
      2866,
      2957,
      3025,
      3040,
      3071,
      3095,
      3133,
      3163,
      3330,
      3387,
      3612,
      3667,
      3705,
      3804,
      3886,
      3905,
      3945,
      4107,
      4130,
      4177,
      4200,
      4213,
      4261,
      4447,
      4457
    ],
    "8": [
      174,
      643,
      835,
      1299,
      1301,
      1421,
      2077,
      2112,
      2151,
      2479,
      2717,
      2891,
      3042,
      3236,
      3531,
      3741,
      4184
    ],
    "5": [
      37,
      285,
      521,
      556,
      767,
      1031,
      1249,
      2262,
      2372,
      2434,
      2456,
      2777,
      3064,
      3466,
      3732,
      3884
    ],
    "4": [
      199,
      363,
      474,
      919,
      1491,
      1590,
      1658,
      1710,
      2230,
      2822,
      2983,
      3100,
      3466,
      3677,
      3780,
      3811,
      3829,
      4015,
      4342,
      4394,
      4584
    ],
    "7": [
      631,
      1816,
      1824,
      2877
    ],
    "6": [
      947
    ]
  }
}
