{
  "entry": "P11698",
  "entry_name": "GGI2_STAHA",
  "type": "GLM_2",
  "prompt": "MEKIANAVKSAIEAGQNQDWTKLGTSILDIVSNGVTELSKIFGF[GLM]15-42-27",
  "k": 800,
  "original_sequence": "MEKIANAVKSAIEAGQNQDWTKLGTSILDIVSNGVTELSKIFGF",
  "original_ll": -2.830639123916626,
  "original_perplexity": 16.956295013427734,
  "progen3_sequence": "MEKIANAVKSAIEAGFIESGVIIDKLMIVNNMIINENEVINKGF",
  "progen3_ll": -2.7921905517578125,
  "progen3_perplexity": 16.316722869873047,
  "max_sequence": "MEKIANAVKSAIEAGKADMKKENGNENEYQKEKLDNDMDIDNGF",
  "max_ll": -2.8334622383117676,
  "max_perplexity": 17.00423240661621,
  "max_kl": 0.2527904808521271,
  "max_nmse": 0.13697265088558197,
  "base_sequence": "MEKIANAVKSAIEAGGF",
  "base_ll": -3.1223015785217285,
  "base_perplexity": 22.698562622070312,
  "base_kl": 6.448678016662598,
  "base_nmse": 5.792593002319336,
  "recovered_sequence": "MEKIANAVKSAIEAGKGKMGMICDKKMIMKKMIKNKKEVIKKGF",
  "recovered_ll": -2.830988883972168,
  "recovered_perplexity": 16.96222686767578,
  "recovered_kl": 0.3711370825767517,
  "recovered_nmse": 0.05834617838263512,
  "nodes": {
    "9": [
      12,
      52,
      101,
      407,
      429,
      466,
      654,
      696,
      734,
      746,
      760,
      767,
      957,
      967,
      994,
      1004,
      1073,
      1081,
      1184,
      1251,
      1256,
      1352,
      1374,
      1394,
      1397,
      1483,
      1579,
      1648,
      1725,
      1828,
      1844,
      1851,
      1946,
      1957,
      2005,
      2015,
      2191,
      2264,
      2376,
      2423,
      2510,
      2511,
      2592,
      2732,
      2787,
      2791,
      2858,
      2941,
      3004,
      3050,
      3169,
      3199,
      3314,
      3510,
      3513,
      3540,
      3624,
      3695,
      3713,
      3779,
      3821,
      3881,
      3893,
      3952,
      3972,
      3999,
      4079,
      4106,
      4122,
      4232,
      4250,
      4288,
      4370,
      4419,
      4452,
      4469,
      4482,
      4494,
      4544,
      4603
    ],
    "0": [
      18,
      26,
      97,
      114,
      116,
      168,
      189,
      200,
      204,
      214,
      222,
      228,
      238,
      244,
      267,
      272,
      276,
      367,
      401,
      460,
      513,
      531,
      546,
      574,
      587,
      588,
      598,
      615,
      648,
      662,
      694,
      746,
      771,
      783,
      795,
      820,
      875,
      947,
      962,
      973,
      982,
      993,
      999,
      1009,
      1026,
      1107,
      1169,
      1178,
      1207,
      1216,
      1259,
      1265,
      1273,
      1297,
      1303,
      1344,
      1356,
      1394,
      1412,
      1436,
      1475,
      1477,
      1502,
      1511,
      1515,
      1517,
      1521,
      1531,
      1588,
      1706,
      1719,
      1740,
      1751,
      1768,
      1774,
      1781,
      1800,
      1805,
      1821,
      1824,
      1830,
      1848,
      1908,
      1914,
      1921,
      2003,
      2020,
      2031,
      2032,
      2066,
      2085,
      2102,
      2106,
      2117,
      2144,
      2166,
      2195,
      2199,
      2224,
      2236,
      2257,
      2269,
      2273,
      2282,
      2299,
      2313,
      2365,
      2406,
      2423,
      2445,
      2511,
      2513,
      2594,
      2622,
      2658,
      2685,
      2686,
      2692,
      2722,
      2779,
      2782,
      2789,
      2797,
      2806,
      2844,
      2879,
      2917,
      2919,
      2923,
      2930,
      2943,
      2950,
      2953,
      2961,
      2984,
      2991,
      2993,
      3130,
      3150,
      3171,
      3200,
      3202,
      3211,
      3220,
      3227,
      3248,
      3256,
      3261,
      3288,
      3316,
      3347,
      3353,
      3373,
      3395,
      3435,
      3481,
      3489,
      3494,
      3499,
      3505,
      3558,
      3559,
      3588,
      3648,
      3652,
      3661,
      3690,
      3698,
      3707,
      3709,
      3786,
      3789,
      3818,
      3819,
      3837,
      3848,
      3853,
      3866,
      3875,
      3889,
      3899,
      3922,
      3925,
      3930,
      3940,
      3950,
      3963,
      4000,
      4035,
      4050,
      4062,
      4065,
      4079,
      4093,
      4105,
      4116,
      4129,
      4154,
      4169,
      4174,
      4195,
      4219,
      4242,
      4270,
      4271,
      4279,
      4294,
      4360,
      4376,
      4416,
      4426,
      4450,
      4458,
      4462,
      4473,
      4487,
      4488,
      4507,
      4520,
      4540,
      4560,
      4571,
      4585,
      4596,
      4607
    ],
    "3": [
      37,
      220,
      223,
      485,
      511,
      544,
      545,
      555,
      704,
      792,
      844,
      954,
      971,
      1079,
      1088,
      1110,
      1221,
      1283,
      1312,
      1390,
      1542,
      1592,
      1646,
      1732,
      1755,
      1789,
      1793,
      2058,
      2132,
      2193,
      2276,
      2327,
      2335,
      2343,
      2404,
      2486,
      2577,
      2582,
      2596,
      2814,
      2828,
      2891,
      2930,
      3020,
      3230,
      3248,
      3286,
      3297,
      3340,
      3349,
      3471,
      3485,
      3704,
      3752,
      3818,
      3951,
      3956,
      3961,
      3993,
      4104,
      4136,
      4160,
      4230,
      4277,
      4328,
      4432,
      4437,
      4514
    ],
    "2": [
      2,
      65,
      68,
      94,
      140,
      177,
      182,
      219,
      246,
      253,
      269,
      348,
      360,
      405,
      406,
      408,
      428,
      502,
      568,
      591,
      602,
      625,
      652,
      667,
      727,
      801,
      832,
      869,
      952,
      954,
      986,
      1080,
      1110,
      1161,
      1165,
      1182,
      1227,
      1262,
      1288,
      1290,
      1317,
      1337,
      1357,
      1395,
      1396,
      1494,
      1496,
      1527,
      1563,
      1628,
      1674,
      1686,
      1726,
      1773,
      1784,
      1802,
      1827,
      1852,
      1873,
      1925,
      1954,
      2020,
      2187,
      2199,
      2333,
      2526,
      2563,
      2748,
      2758,
      2780,
      2798,
      2809,
      2827,
      2836,
      2866,
      2930,
      2981,
      3024,
      3094,
      3166,
      3259,
      3309,
      3328,
      3368,
      3387,
      3465,
      3542,
      3565,
      3574,
      3591,
      3643,
      3712,
      3718,
      3767,
      3840,
      3856,
      3899,
      3902,
      3951,
      4030,
      4063,
      4068,
      4081,
      4087,
      4130,
      4171,
      4176,
      4239,
      4243,
      4262,
      4264,
      4308,
      4325,
      4390,
      4412,
      4479,
      4535
    ],
    "8": [
      174,
      301,
      337,
      723,
      801,
      835,
      859,
      863,
      1069,
      1083,
      1197,
      1299,
      1323,
      1870,
      2056,
      2077,
      2112,
      2151,
      2183,
      2199,
      2346,
      2516,
      2619,
      2717,
      2891,
      2917,
      3042,
      3236,
      3257,
      3263,
      3358,
      3490,
      3567,
      3568,
      3659,
      3726,
      3960,
      4184,
      4534,
      4605
    ],