{
  "entry": "P14945",
  "entry_name": "LZ8_GANLU",
  "type": "CLM",
  "prompt": "MSDTALIFRLAWDVKKLSFDYTPNWGRGNPNNFIDTVTFPKVLTDKAYTYRVAVSGRNLGVKPSYAVESDGSQKVNFLEYNSGYGIAD",
  "k": 224,
  "original_sequence": "MSDTALIFRLAWDVKKLSFDYTPNWGRGNPNNFIDTVTFPKVLTDKAYTYRVAVSGRNLGVKPSYAVESDGSQKVNFLEYNSGYGIADTNTIQVFVVDPDTNNDFIIAQWN",
  "original_ll": -2.845266819000244,
  "original_perplexity": 17.20615005493164,
  "progen3_sequence": "MSDTALIFRLAWDVKKLSFDYTPNWGRGNPNNFIDTVTFPKVLTDKAYTYRVAVSGRNLGVKPSYAVESDGSQKVNFLEYNSGYGIADLTFGQIVLNNPKAVADYAVQIAN",
  "progen3_ll": -2.7057697772979736,
  "progen3_perplexity": 14.965831756591797,
  "max_sequence": "MSDTALIFRLAWDVKKLSFDYTPNWGRGNPNNFIDTVTFPKVLTDKAYTYRVAVSGRNLGVKPSYAVESDGSQKVNFLEYNSGYGIADKSGTSKVGKGKSANTSYIKAGKK",
  "max_ll": -2.7456352710723877,
  "max_perplexity": 15.574504852294922,
  "max_kl": 0.09047064930200577,
  "max_nmse": 0.14034056663513184,
  "base_sequence": "MSDTALIFRLAWDVKKLSFDYTPNWGRGNPNNFIDTVTFPKVLTDKAYTYRVAVSGRNLGVKPSYAVESDGSQKVNFLEYNSGYGIAD",
  "base_ll": NaN,
  "base_perplexity": NaN,
  "base_kl": 10.355308532714844,
  "base_nmse": 12.096634864807129,
  "recovered_sequence": "MSDTALIFRLAWDVKKLSFDYTPNWGRGNPNNFIDTVTFPKVLTDKAYTYRVAVSGRNLGVKPSYAVESDGSQKVNFLEYNSGYGIADCAAGVVVLSLFKAVADYGVCIAP",
  "recovered_ll": -2.9058260917663574,
  "recovered_perplexity": 18.280338287353516,
  "recovered_kl": 0.09520511329174042,
  "recovered_nmse": 0.27641794085502625,
  "nodes": {
    "0": [
      97,
      116,
      189,
      200,
      222,
      228,
      276,
      401,
      460,
      588,
      694,
      933,
      1017,
      1521,
      1652,
      1706,
      1719,
      1751,
      1921,
      2011,
      2031,
      2117,
      2273,
      2445,
      2511,
      2594,
      2692,
      2722,
      2782,
      2844,
      2937,
      2943,
      2968,
      2984,
      2991,
      3054,
      3057,
      3182,
      3211,
      3256,
      3373,
      3570,
      3573,
      3588,
      3648,
      3853,
      3922,
      3963,
      4000,
      4050,
      4114,
      4271,
      4426,
      4466,
      4488,
      4540,
      4596
    ],
    "9": [
      12,
      44,
      407,
      506,
      957,
      967,
      1048,
      1184,
      1491,
      1537,
      1844,
      1957,
      2704,
      2787,
      2809,
      3122,
      3199,
      3382,
      3513,
      3540,
      3624,
      3779,
      3821,
      4232,
      4250,
      4544
    ],
    "3": [
      511,
      545,
      855,
      1221,
      1254,
      3349,
      3440,
      4324
    ],
    "7": [
      66,
      509,
      933,
      1264,
      1338,
      1392,
      1625,
      1824,
      1931,
      2261,
      2782,
      2986,
      3389,
      3464,
      3948,
      4055,
      4076,
      4331
    ],
    "6": [
      32,
      483,
      947,
      1072,
      1137,
      1292,
      1467,
      1546,
      1657,
      1804,
      2089,
      2455,
      2460,
      2488,
      2592,
      2614,
      2717,
      2794,
      3284,
      3507,
      3509,
      4117,
      4138,
      4139,
      4358,
      4513
    ],
    "4": [
      325,
      446,
      514,
      524,
      600,
      678,
      682,
      771,
      1187,
      1208,
      1272,
      1323,
      1332,
      1891,
      2134,
      2212,
      2214,
      2415,
      2464,
      2522,
      2538,
      2777,
      2807,
      3342,
      3409,
      3433,
      3954,
      3984,
      3985,
      4144,
      4155,
      4252,
      4475,
      4575
    ],
    "8": [
      141,
      274,
      311,
      528,
      611,
      772,
      813,
      859,
      1301,
      1338,
      1511,
      1581,
      1747,
      1781,
      1870,
      2077,
      2112,
      2151,
      2199,
      2516,
      2764,
      3019,
      3246,
      3500,
      3659,
      3846,
      3960,
      4471,
      4534,
      4546
    ],
    "2": [
      22,
      100,
      393,
      959,
      1201,
      1224,
      1257,
      1431,
      1523,
      1707,
      1778,
      2158,
      2178,
      2537
    ],
    "5": [
      149,
      231,
      420,
      1362,
      1861,
      4039
    ],
    "1": [
      1349,
      2151,
      2740,
      3939,
      4030
    ]
  }
}
