{
  "entry": "P32475",
  "entry_name": "YG3Z_YEAST",
  "type": "CLM",
  "prompt": "MHRLRAYCVISALSDTLLAFCTSSAELYEGPLRQYRIKATQIRRWFGRRACRTIPIRHDPVECPEPRSCPCSYHSRLWSKRLGRTQISRRLQ",
  "k": 544,
  "original_sequence": "MHRLRAYCVISALSDTLLAFCTSSAELYEGPLRQYRIKATQIRRWFGRRACRTIPIRHDPVECPEPRSCPCSYHSRLWSKRLGRTQISRRLQTARRLNPERSTAWSYLARQVLYY",
  "original_ll": -2.866062641143799,
  "original_perplexity": 17.567710876464844,
  "progen3_sequence": "MHRLRAYCVISALSDTLLAFCTSSAELYEGPLRQYRIKATQIRRWFGRRACRTIPIRHDPVECPEPRSCPCSYHSRLWSKRLGRTQISRRLQAQVAAGRSADIPPVRSSRSCGAS",
  "progen3_ll": -2.588948965072632,
  "progen3_perplexity": 13.315768241882324,
  "max_sequence": "MHRLRAYCVISALSDTLLAFCTSSAELYEGPLRQYRIKATQIRRWFGRRACRTIPIRHDPVECPEPRSCPCSYHSRLWSKRLGRTQISRRLQPRLRRAAQVPDASRRRGLAVRAL",
  "max_ll": -2.4209320545196533,
  "max_perplexity": 11.256345748901367,
  "max_kl": 0.0843915119767189,
  "max_nmse": 0.38260146975517273,
  "base_sequence": "MHRLRAYCVISALSDTLLAFCTSSAELYEGPLRQYRIKATQIRRWFGRRACRTIPIRHDPVECPEPRSCPCSYHSRLWSKRLGRTQISRRLQC",
  "base_ll": -3.570327043533325,
  "base_perplexity": 35.5282096862793,
  "base_kl": 8.000811576843262,
  "base_nmse": 11.973857879638672,
  "recovered_sequence": "MHRLRAYCVISALSDTLLAFCTSSAELYEGPLRQYRIKATQIRRWFGRRACRTIPIRHDPVECPEPRSCPCSYHSRLWSKRLGRTQISRRLQRQVRRRRSADSPPVRSELRCGRS",
  "recovered_ll": -2.5145087242126465,
  "recovered_perplexity": 12.36053466796875,
  "recovered_kl": 0.10047983378171921,
  "recovered_nmse": 1.0832237005233765,
  "nodes": {
    "0": [
      4,
      92,
      94,
      97,
      116,
      129,
      164,
      189,
      192,
      195,
      200,
      222,
      229,
      239,
      253,
      272,
      276,
      380,
      401,
      460,
      463,
      514,
      587,
      588,
      641,
      694,
      753,
      787,
      795,
      933,
      982,
      1038,
      1106,
      1156,
      1183,
      1184,
      1205,
      1238,
      1244,
      1250,
      1251,
      1252,
      1297,
      1344,
      1387,
      1475,
      1521,
      1530,
      1652,
      1706,
      1719,
      1777,
      1800,
      1921,
      1959,
      2001,
      2011,
      2031,
      2106,
      2113,
      2117,
      2123,
      2148,
      2198,
      2212,
      2256,
      2273,
      2299,
      2313,
      2445,
      2511,
      2553,
      2571,
      2594,
      2692,
      2700,
      2722,
      2727,
      2728,
      2741,
      2749,
      2782,
      2797,
      2879,
      2888,
      2968,
      2972,
      2984,
      2991,
      2993,
      3057,
      3119,
      3130,
      3139,
      3171,
      3182,
      3196,
      3202,
      3211,
      3373,
      3395,
      3494,
      3499,
      3536,
      3588,
      3599,
      3648,
      3698,
      3789,
      3794,
      3853,
      3939,
      3963,
      3994,
      4000,
      4035,
      4049,
      4050,
      4059,
      4108,
      4116,
      4121,
      4129,
      4145,
      4174,
      4195,
      4360,
      4426,
      4466,
      4473,
      4488,
      4507,
      4519,
      4540,
      4560,
      4567,
      4575,
      4596
    ],
    "3": [
      90,
      112,
      155,
      174,
      208,
      309,
      495,
      497,
      511,
      545,
      635,
      728,
      753,
      855,
      1148,
      1207,
      1221,
      1399,
      1400,
      1479,
      1511,
      1537,
      1568,
      1605,
      1701,
      1835,
      2081,
      2343,
      2627,
      2828,
      3349,
      3388,
      3426,
      3438,
      3440,
      3738,
      3818,
      3836,
      3997,
      4105,
      4160,
      4219,
      4248,
      4324,
      4374
    ],
    "9": [
      12,
      162,
      407,
      534,
      706,
      760,
      957,
      967,
      1184,
      1251,
      1302,
      1394,
      1491,
      1579,
      1824,
      1844,
      1851,
      1875,
      1957,
      2047,
      2087,
      2287,
      2408,
      2510,
      2642,
      2732,
      2787,
      2854,
      2975,
      2983,
      3050,
      3197,
      3199,
      3338,
      3382,
      3414,
      3540,
      3624,
      3685,
      3779,
      3821,
      4129,
      4144,
      4544
    ],
    "6": [
      18,
      32,
      120,
      483,
      625,
      797,
      872,
      947,
      973,
      1050,
      1072,
      1137,
      1292,
      1382,
      1465,
      1467,
      1504,
      1546,
      1657,
      1701,
      1785,
      1804,
      2089,
      2247,
      2260,
      2455,
      2460,
      2473,
      2592,
      2614,
      2717,
      2794,
      2845,
      3078,
      3186,
      3187,
      3284,
      3455,
      3484,
      3507,
      3509,
      3539,
      3628,
      3706,
      3880,
      4117,
      4138,
      4139,
      4192,
      4358,
      4513,
      4601
    ],
    "7": [
      54,
      66,
      166,
      179,
      280,
      509,
      624,
      655,
      873,
      917,
      933,
      1264,
      1299,
      1392,
      1446,
      1454,
      1467,
      1625,
      1643,
      1713,
      1751,
      1820,
      1824,
      2066,
      2151,
      2180,
      2261,
      2265,
      2396,
      2747,
      2782,
      2803,
      2837,
      2922,
      2986,
      3371,
      3389,
      3441,
      3464,
      3754,
      3760,
      3830,
      3937,
      3948,
      3949,
      4055,
      4082,
      4144,
      4195,
      4271,
      4331,
      4548,
      4558
    ],
    "2": [
      1,
      22,
      100,
      135,
      279,
      415,
      537,
      558,
      576,
      689,
      1021,
      1157,
      1169,
      1224,
      1257,
      1431,
      1523,
      1707,
      1778,
      1852,
      2276,
      2537,
      2559,
      2697,
      2748,
      2866,
      3042,
      3094,
      3120,
      3174,
      3284,
      3371,
      3430,
      3442,
      3506,
      3700,
      3913,
      4083,
      4130,
      4292
    ],
    "4": [
      446,
      464,
      514,
      524,
      562,
      600,
      652,
      678,
      682,
      705,
      771,
      902,
      971,
      1049,
      1092,
      1187,
      1208,
      1250,
      1272,
      1304,
      1323,
      1332,
      1353,
      1648,
      1660,
      1721,
      1891,
      1936,
      2134,
      2201,
      2212,
      2214,
      2415,
      2464,
      2492,
      2522,
      2538,
      2543,
      2592,
      2731,
      2752,
      2777,
      2807,
      2909,
      3041,
      3144,
      3206,
      3228,
      3268,
      3342,
      3409,
      3471,
      3582,
      3757,
      3888,
      3893,
      3907,
      3954,
      3984,
      3985,
      4076,
      4117,
      4155,
      4252,
      4280,
      4475,
      4575
    ],
    "8": [
      50,
      141,
      301,
      311,
      372,
      528,
      584,
      813,
      859,
      1192,
      1301,
      1400,
      1581,
      1651,
      1747,
      1954,
      2077,
      2151,
      2199,
      2329,
      2401,
      2516,
      2596,
      2605,
      2769,
      3042,
      3415,
      3500,
      3600,
      3653,
      3659,
      3741,
      3846,
      3960,
      4294,
      4471,
      4534,
      4546
    ],
    "5": [
      149,
      231,
      420,
      1027,
      1031,
      1212,
      1249,
      1861,
      2297,
      2477,
      2777,
      3161,
      3522,
      3665,
      3680,
      3778,
      4016,
      4239,
      4446,
      4542
    ],