{
  "entry": "P40031",
  "entry_name": "SPO73_YEAST",
  "type": "GLM_1",
  "prompt": "MGKNHFLKDFSALPEDVLIENERGITLLGYPLFSPKILLPHVDPPQFQRLNTENGSLIALSKNTISNFIELYPIDLSTERTAGSSSSQMTKWFVLMDYKEKYDIDDQGWCYSWNFNNSRWKSKNGLVRRRVWVRLPTTSHGLD[GLM]38-46-8",
  "k": 96,
  "original_sequence": "MGKNHFLKDFSALPEDVLIENERGITLLGYPLFSPKILLPHVDPPQFQRLNTENGSLIALSKNTISNFIELYPIDLSTERTAGSSSSQMTKWFVLMDYKEKYDIDDQGWCYSWNFNNSRWKSKNGLVRRRVWVRLPTTSHGLD",
  "original_ll": -3.141782283782959,
  "original_perplexity": 23.14508056640625,
  "progen3_sequence": "MGKNHFLKDFSALPEDVLIENERGITLLGYPLFSPKILIIIEQQNLFQRLNTENGSLIALSKNTISNFIELYPIDLSTERTAGSSSSQMTKWFVLMDYKEKYDIDDQGWCYSWNFNNSRWKSKNGLVRRRVWVRLPTTSHGLD",
  "progen3_ll": -3.025376796722412,
  "progen3_perplexity": 20.60176658630371,
  "max_sequence": "MGKNHFLKDFSALPEDVLIENERGITLLGYPLFSPKILENKEKEVDFQRLNTENGSLIALSKNTISNFIELYPIDLSTERTAGSSSSQMTKWFVLMDYKEKYDIDDQGWCYSWNFNNSRWKSKNGLVRRRVWVRLPTTSHGLD",
  "max_ll": -2.762629270553589,
  "max_perplexity": 15.841439247131348,
  "max_kl": 0.8805137872695923,
  "max_nmse": 0.2946421504020691,
  "base_sequence": "MGKNHFLKDFSALPEDVLIENERGITLLGYPLFSPKILCCFQRLNTENGSLIALSKNTISNFIELYPIDLSTERTAGSSSSQMTKWFVLMDYKEKYDIDDQGWCYSWNFNNSRWKSKNGLVRRRVWVRLPTTSHGLD",
  "base_ll": -3.300692558288574,
  "base_perplexity": 27.131423950195312,
  "base_kl": 4.4833269119262695,
  "base_nmse": 3.576024055480957,
  "recovered_sequence": "MGKNHFLKDFSALPEDVLIENERGITLLGYPLFSPKILKNLMIMNCFQRLNTENGSLIALSKNTISNFIELYPIDLSTERTAGSSSSQMTKWFVLMDYKEKYDIDDQGWCYSWNFNNSRWKSKNGLVRRRVWVRLPTTSHGLD",
  "recovered_ll": -3.1857993602752686,
  "recovered_perplexity": 24.186614990234375,
  "recovered_kl": 0.7231634855270386,
  "recovered_nmse": 0.10826432704925537,
  "nodes": {
    "0": [
      97,
      189,
      200,
      222,
      228,
      276,
      401,
      460,
      574,
      587,
      588,
      694,
      795,
      1178,
      1297,
      1344,
      1412,
      1475,
      1706,
      1719,
      1821,
      1914,
      1921,
      2224,
      2273,
      2299,
      2313,
      2445,
      2511,
      2594,
      2692,
      2722,
      2782,
      2789,
      2797,
      2972,
      2984,
      2991,
      3171,
      3202,
      3211,
      3395,
      3499,
      3588,
      3648,
      3789,
      3899,
      3922,
      3963,
      4000,
      4035,
      4050,
      4116,
      4129,
      4174,
      4279,
      4426,
      4473,
      4488,
      4540,
      4560,
      4596
    ],
    "9": [
      957,
      1081,
      1844,
      1946,
      1957,
      2005,
      2511,
      2732,
      3199,
      3382,
      3513,
      3540,
      3624,
      3802,
      3821,
      3972,
      4370,
      4544
    ],
    "3": [
      511,
      545
    ],
    "8": [
      1299,
      2112,
      3267,
      3653
    ],
    "2": [
      1080,
      1317
    ],
    "1": [
      576,
      808,
      1956,
      2343,
      3231,
      3397
    ],
    "4": [
      1547,
      3811
    ]
  }
}
