{
  "entry": "P53308",
  "entry_name": "YG4U_YEAST",
  "type": "GLM_2",
  "prompt": "MLIVIFHKAIFSNSSLASSTLASSLLISFSSFLFISSVCLFTSSSFFADSVTCSFSTCSFSSTFGCFSSSFLSLSCLMSTLSALISCSACPRLSVFTVVVSASLGSVFTILTDS[GLM]95-104-9",
  "k": 352,
  "original_sequence": "MLIVIFHKAIFSNSSLASSTLASSLLISFSSFLFISSVCLFTSSSFFADSVTCSFSTCSFSSTFGCFSSSFLSLSCLMSTLSALISCSACPRLSVFTVVVSASLGSVFTILTDS",
  "original_ll": -2.395693063735962,
  "original_perplexity": 10.975802421569824,
  "progen3_sequence": "MLIVIFHKAIFSNSSLASSTLASSLLISFSSFLFISSVCLFTSSSFFADSVTCSFSTCSFSSTFGCFSSSFLSLSCLMSTLSALISCSACPRLSVPNVIMLQLKGSVFTILTDS",
  "progen3_ll": -3.1703202724456787,
  "progen3_perplexity": 23.81511116027832,
  "max_sequence": "MLIVIFHKAIFSNSSLASSTLASSLLISFSSFLFISSVCLFTSSSFFADSVTCSFSTCSFSSTFGCFSSSFLSLSCLMSTLSALISCSACPRLSVSFPSITVSGGSVFTILTDS",
  "max_ll": -2.474393367767334,
  "max_perplexity": 11.87450122833252,
  "max_kl": 0.8861801624298096,
  "max_nmse": 0.8138782978057861,
  "base_sequence": "MLIVIFHKAIFSNSSLASSTLASSLLISFSSFLFISSVCLFTSSSFFADSVTCSFSTCSFSSTFGCFSSSFLSLSCLMSTLSALISCSACPRLSVCCCCCCCCCGSVFTILTDS",
  "base_ll": -2.118302345275879,
  "base_perplexity": 8.31700611114502,
  "base_kl": 3.2264316082000732,
  "base_nmse": 1.3293312788009644,
  "recovered_sequence": "MLIVIFHKAIFSNSSLASSTLASSLLISFSSFLFISSVCLFTSSSFFADSVTCSFSTCSFSSTFGCFSSSFLSLSCLMSTLSALISCSACPRLSVSSSSSLTSSGSVFTILTDS",
  "recovered_ll": -1.5438380241394043,
  "recovered_perplexity": 4.682527542114258,
  "recovered_kl": 1.0340297222137451,
  "recovered_nmse": 1.4949450492858887,
  "nodes": {
    "0": [
      97,
      136,
      186,
      200,
      229,
      376,
      401,
      460,
      464,
      524,
      588,
      694,
      721,
      753,
      795,
      933,
      970,
      1135,
      1178,
      1217,
      1328,
      1344,
      1401,
      1407,
      1479,
      1551,
      1672,
      1824,
      1878,
      1921,
      1930,
      1949,
      2011,
      2088,
      2117,
      2120,
      2214,
      2224,
      2273,
      2281,
      2299,
      2356,
      2387,
      2553,
      2594,
      2693,
      2722,
      2749,
      2797,
      2844,
      2857,
      2991,
      2992,
      3054,
      3075,
      3171,
      3182,
      3202,
      3222,
      3272,
      3306,
      3499,
      3503,
      3536,
      3558,
      3559,
      3573,
      3648,
      3730,
      3853,
      3875,
      3963,
      3985,
      4000,
      4015,
      4050,
      4107,
      4111,
      4116,
      4129,
      4150,
      4174,
      4208,
      4271,
      4329,
      4345,
      4354,
      4426,
      4473,
      4488,
      4511,
      4533,
      4540,
      4560,
      4602
    ],
    "9": [
      12,
      63,
      162,
      381,
      407,
      484,
      539,
      687,
      734,
      760,
      763,
      957,
      967,
      1184,
      1302,
      1491,
      1626,
      1799,
      1828,
      1832,
      1844,
      1851,
      1942,
      1957,
      2109,
      2264,
      2287,
      2376,
      2395,
      2661,
      2800,
      2975,
      2983,
      3050,
      3199,
      3221,
      3382,
      3399,
      3445,
      3475,
      3540,
      3603,
      3624,
      3664,
      3779,
      3821,
      3999,
      4129,
      4544
    ],
    "7": [
      66,
      509,
      631,
      872,
      933,
      1454,
      1625,
      1824,
      2053,
      2261,
      3100,
      3135,
      3259,
      3389,
      3464,
      3948,
      4331,
      4564
    ],
    "6": [
      18,
      32,
      483,
      507,
      872,
      947,
      1072,
      1137,
      1292,
      1382,
      1467,
      1504,
      1546,
      1657,
      1785,
      1804,
      2089,
      2094,
      2247,
      2260,
      2455,
      2460,
      2592,
      2614,
      2659,
      2717,
      2794,
      2845,
      3016,
      3284,
      3509,
      3628,
      3706,
      3880,
      4117,
      4138,
      4139,
      4192,
      4513
    ],
    "2": [
      1,
      22,
      472,
      656,
      896,
      1145,
      1523,
      1619,
      1707,
      1756,
      1907,
      1961,
      2204,
      2287,
      2481,
      2494,
      2711,
      2714,
      2925,
      3055,
      3120,
      3440,
      4461,
      4489,
      4606
    ],
    "4": [
      49,
      446,
      464,
      562,
      600,
      902,
      1134,
      1250,
      1258,
      1272,
      1649,
      1660,
      1721,
      1771,
      1891,
      2339,
      2389,
      2543,
      2592,
      2777,
      2816,
      3041,
      3206,
      3342,
      3369,
      3512,
      3631,
      3664,
      3829,
      3893,
      3907,
      4161,
      4342,
      4584
    ],
    "1": [
      21,
      104,
      134,
      1308,
      1509,
      1546,
      1692,
      2173,
      2446,
      2896,
      2978,
      3167,
      3422,
      3693
    ],
    "3": [
      23,
      131,
      309,
      335,
      340,
      366,
      495,
      545,
      635,
      728,
      753,
      855,
      1091,
      1108,
      1212,
      1266,
      1309,
      1392,
      1399,
      1400,
      1533,
      1557,
      1568,
      1608,
      1711,
      1835,
      2037,
      2081,
      2591,
      2594,
      2627,
      2634,
      3075,
      3334,
      3346,
      3440,
      3449,
      3458,
      3485,
      3667,
      3836,
      3874,
      3997,
      4105,
      4138,
      4157,
      4248,
      4324,
      4482
    ],
    "8": [
      50,
      311,
      372,
      697,
      811,
      813,
      1201,
      1301,
      1376,
      1511,
      1535,
      1744,
      1747,
      1954,
      2151,
      2401,
      2762,
      3042,
      3659,
      4167,
      4471
    ],
    "5": [
      814,
      1249,
      1968,
      2190,
      3626,
      4066,
      4150,
      4455
    ]
  }
}
