{
  "entry": "P54195",
  "entry_name": "OB28A_DROME",
  "type": "CLM",
  "prompt": "MQSTPIILVAIVLLGAALVRAFDEKEALAKLMESAESCMPEVGATDADLQEMVKKQPASTYAGKCLRACVMKNIGILDANGKLDTEAGHEKAKQYTGNDPAKLKIALEIGDTCA",
  "k": 224,
  "original_sequence": "MQSTPIILVAIVLLGAALVRAFDEKEALAKLMESAESCMPEVGATDADLQEMVKKQPASTYAGKCLRACVMKNIGILDANGKLDTEAGHEKAKQYTGNDPAKLKIALEIGDTCAAITVPDDHCEAAEAYGTCFRGEAKKHGLL",
  "original_ll": -2.8351197242736816,
  "original_perplexity": 17.032440185546875,
  "progen3_sequence": "MQSTPIILVAIVLLGAALVRAFDEKEALAKLMESAESCMPEVGATDADLQEMVKKQPASTYAGKCLRACVMKNIGILDANGKLDTEAGHEKAKQYTGNDPAKLKIALEIGDTCAASSAGAVTDDCAELFKGAKAVAEAVASAP",
  "progen3_ll": -2.5281572341918945,
  "progen3_perplexity": 12.530393600463867,
  "max_sequence": "MQSTPIILVAIVLLGAALVRAFDEKEALAKLMESAESCMPEVGATDADLQEMVKKQPASTYAGKCLRACVMKNIGILDANGKLDTEAGHEKAKQYTGNDPAKLKIALEIGDTCAYEVGKDADVAGVALARKGKGGEKAGGKED",
  "max_ll": -2.643122673034668,
  "max_perplexity": 14.05703067779541,
  "max_kl": 0.10398793965578079,
  "max_nmse": 0.1864275485277176,
  "base_sequence": "MQSTPIILVAIVLLGAALVRAFDEKEALAKLMESAESCMPEVGATDADLQEMVKKQPASTYAGKCLRACVMKNIGILDANGKLDTEAGHEKAKQYTGNDPAKLKIALEIGDTCA",
  "base_ll": NaN,
  "base_perplexity": NaN,
  "base_kl": 9.432692527770996,
  "base_nmse": 11.66284465789795,
  "recovered_sequence": "MQSTPIILVAIVLLGAALVRAFDEKEALAKLMESAESCMPEVGATDADLQEMVKKQPASTYAGKCLRACVMKNIGILDANGKLDTEAGHEKAKQYTGNDPAKLKIALEIGDTCAASSAGGVGCLCIECVYCAGAVAEAVCSSL",
  "recovered_ll": -2.7726640701293945,
  "recovered_perplexity": 16.001205444335938,
  "recovered_kl": 0.12097100168466568,
  "recovered_nmse": 0.21506547927856445,
  "nodes": {
    "0": [
      90,
      97,
      189,
      200,
      276,
      401,
      460,
      588,
      648,
      694,
      823,
      933,
      1135,
      1178,
      1297,
      1475,
      1583,
      1652,
      1706,
      1719,
      1777,
      1921,
      2031,
      2117,
      2299,
      2337,
      2594,
      2692,
      2722,
      2776,
      2888,
      2968,
      2984,
      2991,
      3057,
      3171,
      3182,
      3256,
      3588,
      3648,
      3848,
      3853,
      3963,
      4000,
      4050,
      4426,
      4466,
      4488,
      4596
    ],
    "6": [
      32,
      483,
      762,
      947,
      1137,
      1292,
      1467,
      1657,
      1701,
      1804,
      2089,
      2247,
      2460,
      2488,
      2592,
      2717,
      3507,
      3509,
      4117,
      4358,
      4513
    ],
    "9": [
      12,
      162,
      407,
      457,
      506,
      745,
      957,
      967,
      1184,
      1394,
      1491,
      1537,
      1579,
      1844,
      1875,
      1957,
      2067,
      2213,
      2243,
      2642,
      2739,
      2787,
      2974,
      3057,
      3199,
      3513,
      3540,
      3624,
      3713,
      3779,
      3821,
      4232,
      4250,
      4525,
      4544
    ],
    "3": [
      457,
      545,
      1221,
      3440,
      3818,
      4161
    ],
    "7": [
      66,
      509,
      889,
      933,
      1069,
      1256,
      1454,
      1625,
      1824,
      1830,
      1856,
      1929,
      2261,
      3227,
      3389,
      3464,
      3541,
      4055,
      4331
    ],
    "8": [
      141,
      274,
      372,
      391,
      528,
      584,
      611,
      772,
      800,
      813,
      1200,
      1214,
      1258,
      1400,
      1511,
      1581,
      1747,
      1870,
      1954,
      2077,
      2151,
      2199,
      2356,
      2516,
      3042,
      3409,
      3500,
      3653,
      3659,
      3846,
      3912,
      3960,
      4152,
      4294,
      4471,
      4534,
      4594
    ],
    "2": [
      19,
      100,
      493,
      912,
      1054,
      1186,
      1224,
      1431,
      1707,
      2158,
      2537,
      2700,
      2871,
      3094,
      3098,
      3441,
      3448,
      3854,
      4005,
      4130,
      4249,
      4348,
      4593
    ],
    "4": [
      325,
      446,
      514,
      600,
      678,
      682,
      771,
      1049,
      1187,
      1208,
      1272,
      1323,
      1891,
      2134,
      2212,
      2214,
      2464,
      2522,
      2538,
      2807,
      2909,
      3984,
      3985,
      4155,
      4252
    ],
    "5": [
      231,
      420,
      1861,
      2724,
      2777
    ],
    "1": [
      1339,
      2470,
      3337,
      3802
    ]
  }
}
