{
  "entry": "P71365",
  "entry_name": "Y1050_HAEIN",
  "type": "GLM_1",
  "prompt": "MKKLCTALLLSLFAISFAHANETKQIVLKVKEMNCQLCAYLVNKELRNINGVISTKASIKDGLVTVVEDPNVTNQQLFDAIHKLKYTAEVVN[GLM]57-72-15",
  "k": 608,
  "original_sequence": "MKKLCTALLLSLFAISFAHANETKQIVLKVKEMNCQLCAYLVNKELRNINGVISTKASIKDGLVTVVEDPNVTNQQLFDAIHKLKYTAEVVN",
  "original_ll": -2.4050610065460205,
  "original_perplexity": 11.079106330871582,
  "progen3_sequence": "MKKLCTALLLSLFAISFAHANETKQIVLKVKEMNCQLCAYLVNKELRNINGVISTKAAVKLPKTSNAQIEEKTNQQLFDAIHKLKYTAEVVN",
  "progen3_ll": -2.9036061763763428,
  "progen3_perplexity": 18.23980140686035,
  "max_sequence": "MKKLCTALLLSLFAISFAHANETKQIVLKVKEMNCQLCAYLVNKELRNINGVISTKANQIVGVIIVAALIQITNQQLFDAIHKLKYTAEVVN",
  "max_ll": -3.4793763160705566,
  "max_perplexity": 32.439483642578125,
  "max_kl": 0.1582871824502945,
  "max_nmse": 2.284193515777588,
  "base_sequence": "MKKLCTALLLSLFAISFAHANETKQIVLKVKEMNCQLCAYLVNKELRNINGVISTKACCCCCCCCCCCCCCTNQQLFDAIHKLKYTAEVVN",
  "base_ll": -3.5361862182617188,
  "base_perplexity": 34.33572006225586,
  "base_kl": 4.075098991394043,
  "base_nmse": 2.8839800357818604,
  "recovered_sequence": "MKKLCTALLLSLFAISFAHANETKQIVLKVKEMNCQLCAYLVNKELRNINGVISTKANVKLIKTSCNQILCKTNQQLFDAIHKLKYTAEVVN",
  "recovered_ll": -3.205143451690674,
  "recovered_perplexity": 24.65903663635254,
  "recovered_kl": 0.33418309688568115,
  "recovered_nmse": 0.9697331786155701,
  "nodes": {
    "9": [
      12,
      52,
      80,
      126,
      407,
      425,
      466,
      545,
      654,
      676,
      760,
      957,
      967,
      994,
      1004,
      1073,
      1081,
      1155,
      1176,
      1184,
      1204,
      1233,
      1251,
      1271,
      1401,
      1579,
      1648,
      1725,
      1844,
      1851,
      1946,
      1957,
      2005,
      2191,
      2264,
      2423,
      2427,
      2510,
      2511,
      2533,
      2570,
      2592,
      2732,
      2787,
      2791,
      2858,
      2892,
      2941,
      3004,
      3050,
      3134,
      3199,
      3310,
      3314,
      3325,
      3382,
      3474,
      3513,
      3540,
      3624,
      3695,
      3713,
      3802,
      3808,
      3821,
      3952,
      3999,
      4052,
      4106,
      4129,
      4250,
      4370,
      4419,
      4482,
      4526,
      4544,
      4603
    ],
    "0": [
      97,
      177,
      200,
      222,
      229,
      276,
      296,
      376,
      401,
      460,
      574,
      588,
      694,
      758,
      795,
      859,
      875,
      933,
      1017,
      1026,
      1135,
      1156,
      1178,
      1183,
      1241,
      1265,
      1297,
      1344,
      1370,
      1475,
      1485,
      1604,
      1706,
      1751,
      1792,
      1921,
      1942,
      2020,
      2031,
      2075,
      2106,
      2117,
      2160,
      2254,
      2273,
      2299,
      2313,
      2337,
      2423,
      2470,
      2511,
      2594,
      2692,
      2700,
      2722,
      2844,
      2937,
      2943,
      2984,
      2991,
      3054,
      3082,
      3130,
      3132,
      3256,
      3292,
      3322,
      3453,
      3499,
      3555,
      3619,
      3648,
      3659,
      3698,
      3837,
      3853,
      3922,
      3963,
      4035,
      4050,
      4059,
      4081,
      4095,
      4116,
      4129,
      4150,
      4151,
      4174,
      4195,
      4279,
      4301,
      4348,
      4354,
      4426,
      4466,
      4488,
      4507,
      4596
    ],
    "4": [
      2,
      15,
      135,
      156,
      210,
      213,
      338,
      401,
      408,
      430,
      497,
      611,
      630,
      653,
      688,
      880,
      915,
      1206,
      1261,
      1295,
      1385,
      1388,
      1543,
      1591,
      1629,
      1635,
      1749,
      1762,
      1822,
      1827,
      1929,
      1941,
      1967,
      2029,
      2047,
      2101,
      2141,
      2191,
      2280,
      2330,
      2366,
      2472,
      2566,
      2617,
      2647,
      2659,
      2661,
      2740,
      2754,
      2779,
      2800,
      2940,
      2966,
      3397,
      3410,
      3428,
      3430,
      3438,
      3476,
      3569,
      3604,
      3646,
      3708,
      3734,
      3945,
      3968,
      4218,
      4264,
      4273,
      4304,
      4395,
      4461,
      4493
    ],
    "6": [
      77,
      155,
      661,
      844,
      947,
      954,
      1146,
      1379,
      1577,
      1581,
      1775,
      1781,
      1982,
      2050,
      2268,
      2574,
      2635,
      2641,
      2856,
      2874,
      2897,
      3269,
      3279,
      3317,
      3466,
      3754,
      3870,
      4216,
      4279
    ],
    "8": [
      107,
      221,
      232,
      347,
      469,
      512,
      536,
      546,
      554,
      638,
      660,
      795,
      827,
      835,
      879,
      901,
      956,
      963,
      977,
      1083,
      1095,
      1175,
      1187,
      1240,
      1252,
      1257,
      1299,
      1300,
      1332,
      1352,
      1356,
      1435,
      1513,
      1666,
      1719,
      1737,
      1794,
      1802,
      1843,
      1849,
      1925,
      1935,
      2001,
      2033,
      2077,
      2112,
      2151,
      2153,
      2199,
      2288,
      2380,
      2483,
      2487,
      2505,
      2516,
      2535,
      2537,
      2538,
      2676,
      2750,
      2769,
      2829,
      2853,
      2871,
      2891,
      2918,
      2939,
      3009,
      3302,
      3360,
      3465,
      3569,
      3642,
      3663,
      3683,
      3803,
      3837,
      3846,
      3859,
      3960,
      3998,
      4061,
      4099,
      4115,
      4161,
      4241,
      4294,
      4332,
      4354,
      4449,
      4489,
      4534,
      4589
    ],
    "3": [
      167,
      457,
      545,
      564,
      599,
      650,
      820,
      896,
      1048,
      1076,
      1079,
      1099,
      1114,
      1203,
      1221,
      1254,
      1270,
      1284,
      1318,
      1336,
      1441,
      1508,
      1535,
      1537,
      1552,
      1636,
      1663,
      1746,
      2165,
      2170,
      2242,
      2286,
      2519,
      2911,
      2930,
      3108,
      3282,
      3371,
      3408,
      3498,
      3607,
      3775,
      3818,
      3899,
      4184,
      4213,
      4249,
      4308,
      4310,
      4341,
      4427
    ],
    "2": [
      1,
      2,
      24,
      135,
      196,
      228,
      286,
      341,
      385,
      414,
      481,
      493,
      496,
      530,
      548,
      565,
      582,
      595,
      604,
      754,
      765,
      792,
      842,
      885,
      893,
      912,
      983,
      1001,
      1023,
      1054,
      1120,
      1186,
      1246,
      1326,
      1330,
      1401,
      1419,
      1462,
      1483,
      1570,
      1680,
      1721,
      1784,
      1990,
      2000,
      2091,
      2168,
      2193,
      2305,
      2335,
      2445,
      2482,
      2627,
      2629,
      2853,
      2866,
      2928,
      2972,
      2978,
      3243,
      3356,
      3377,
      3391,
      3399,
      3441,
      3448,
      3455,
      3459,
      3513,
      3533,
      3586,
      3619,
      3635,
      3647,
      3695,
      3813,
      3854,
      3938,
      4002,
      4130,
      4157,
      4222,
      4225,
      4249,
      4268,
      4270,
      4271,
      4277,
      4281,
      4294,
      4399,
      4547,
      4593
    ],