{
  "entry": "Q00948",
  "entry_name": "TOXK_CYBSA",
  "type": "GLM_2",
  "prompt": "MKVSLVYGLTCFLDATSSALPSAMAAANSESSALEKRNDGYLVMCKNCDPNSGSCDWKQNWNTCVGIGSNVHWMVTGESNGQQGCAIIWEGSGCTGRSTTMCCPGDTCCNINTGFYIRSYRRVE[GLM]53-73-20",
  "k": 192,
  "original_sequence": "MKVSLVYGLTCFLDATSSALPSAMAAANSESSALEKRNDGYLVMCKNCDPNSGSCDWKQNWNTCVGIGSNVHWMVTGESNGQQGCAIIWEGSGCTGRSTTMCCPGDTCCNINTGFYIRSYRRVE",
  "original_ll": -3.109464168548584,
  "original_perplexity": 22.409034729003906,
  "progen3_sequence": "MKVSLVYGLTCFLDATSSALPSAMAAANSESSALEKRNDGYLVMCKNCDPNSGLTKRRGSTSPPRGSLANRTVMVTGESNGQQGCAIIWEGSGCTGRSTTMCCPGDTCCNINTGFYIRSYRRVE",
  "progen3_ll": -2.801544427871704,
  "progen3_perplexity": 16.470064163208008,
  "max_sequence": "MKVSLVYGLTCFLDATSSALPSAMAAANSESSALEKRNDGYLVMCKNCDPNSGLLGCITGVIVCVRVLLCSTRMVTGESNGQQGCAIIWEGSGCTGRSTTMCCPGDTCCNINTGFYIRSYRRVE",
  "max_ll": -2.939823865890503,
  "max_perplexity": 18.912513732910156,
  "max_kl": 0.19371327757835388,
  "max_nmse": 0.6307240128517151,
  "base_sequence": "MKVSLVYGLTCFLDATSSALPSAMAAANSESSALEKRNDGYLVMCKNCDPNSGCCCCCCCCCCCCCMVTGESNGQQGCAIIWEGSGCTGRSTTMCCPGDTCCNINTGFYIRSYRRVE",
  "base_ll": -2.278769016265869,
  "base_perplexity": 9.764653205871582,
  "base_kl": 4.238168239593506,
  "base_nmse": 3.5857508182525635,
  "recovered_sequence": "MKVSLVYGLTCFLDATSSALPSAMAAANSESSALEKRNDGYLVMCKNCDPNSGLTLCCCSTCCCLCSLCGCCCMVTGESNGQQGCAIIWEGSGCTGRSTTMCCPGDTCCNINTGFYIRSYRRVE",
  "recovered_ll": -2.6723899841308594,
  "recovered_perplexity": 14.47452163696289,
  "recovered_kl": 0.4280422627925873,
  "recovered_nmse": 0.37780505418777466,
  "nodes": {
    "0": [
      3,
      90,
      155,
      156,
      179,
      189,
      200,
      213,
      222,
      276,
      376,
      401,
      460,
      491,
      546,
      588,
      591,
      694,
      758,
      771,
      859,
      933,
      1122,
      1135,
      1156,
      1170,
      1178,
      1281,
      1344,
      1407,
      1485,
      1521,
      1604,
      1657,
      1719,
      1824,
      1914,
      1921,
      2042,
      2117,
      2197,
      2217,
      2240,
      2273,
      2282,
      2299,
      2313,
      2337,
      2352,
      2445,
      2462,
      2472,
      2692,
      2722,
      2941,
      2984,
      2991,
      3057,
      3130,
      3171,
      3274,
      3292,
      3499,
      3536,
      3554,
      3559,
      3648,
      3823,
      3853,
      3875,
      3902,
      3963,
      4050,
      4053,
      4059,
      4116,
      4151,
      4174,
      4301,
      4426,
      4473,
      4488,
      4511,
      4560,
      4596,
      4607
    ],
    "3": [
      196,
      429,
      511,
      545,
      855,
      896,
      1203,
      1436,
      1552,
      2071,
      2286,
      2596,
      3246,
      3440,
      4252
    ],
    "9": [
      162,
      407,
      497,
      734,
      957,
      967,
      1036,
      1184,
      1579,
      1832,
      1844,
      1851,
      1957,
      2105,
      2213,
      2637,
      2642,
      2763,
      2874,
      2975,
      3050,
      3199,
      3382,
      3513,
      3540,
      3624,
      3723,
      3779,
      3802,
      3821,
      3999,
      4250,
      4419,
      4544
    ],
    "8": [
      800,
      4471
    ],
    "2": [
      302,
      582,
      1029,
      1257,
      1419,
      1489,
      1784,
      2866,
      3243,
      3377,
      3409,
      3459,
      3619,
      3813,
      3913,
      4005,
      4172,
      4268,
      4294,
      4547
    ],
    "1": [
      223,
      318,
      421,
      1245,
      1320,
      1546,
      1618,
      1853,
      1966,
      2353,
      2373,
      2375,
      2516,
      2554,
      2958,
      3197,
      3704,
      3873,
      4017,
      4142,
      4167,
      4217,
      4357,
      4512
    ],
    "7": [
      3227,
      3389,
      4055,
      4331
    ],
    "4": [
      562,
      1649,
      2280,
      3773,
      3829
    ],
    "6": [
      947
    ],
    "5": [
      4348
    ]
  }
}
