{
  "entry": "Q08640",
  "entry_name": "YBGA_THEMA",
  "type": "GLM_1",
  "prompt": "MKKYFVLLLAVLLVGGLFAVKITMTSGGVGKELEVLKKQLEMFHQQYPDIEVEIIPMPDSSTERHDLYVTYFAAGETDPDVLMLDVIWPAEFAPFLED[GLM]0-34-34",
  "k": 704,
  "original_sequence": "MKKYFVLLLAVLLVGGLFAVKITMTSGGVGKELEVLKKQLEMFHQQYPDIEVEIIPMPDSSTERHDLYVTYFAAGETDPDVLMLDVIWPAEFAPFLED",
  "original_ll": -2.328967809677124,
  "original_perplexity": 10.267337799072266,
  "progen3_sequence": "EINIQNYELKKKLREVLFFENKNIFQDEIEIQIQVLKKQLEMFHQQYPDIEVEIIPMPDSSTERHDLYVTYFAAGETDPDVLMLDVIWPAEFAPFLED",
  "progen3_ll": -2.8994059562683105,
  "progen3_perplexity": 18.163352966308594,
  "max_sequence": "KELQLIYEEEDSTEQELLKEEFLFLLKEYIILYKVLKKQLEMFHQQYPDIEVEIIPMPDSSTERHDLYVTYFAAGETDPDVLMLDVIWPAEFAPFLED",
  "max_ll": -2.8795723915100098,
  "max_perplexity": 17.806657791137695,
  "max_kl": 0.19020669162273407,
  "max_nmse": 0.5102944374084473,
  "base_sequence": "CCCCCCCCCCCCCCCCCCCCCCCCCCCCVLKKQLEMFHQQYPDIEVEIIPMPDSSTERHDLYVTYFAAGETDPDVLMLDVIWPAEFAPFLED",
  "base_ll": -1.7009458541870117,
  "base_perplexity": 5.479127407073975,
  "base_kl": 3.1433446407318115,
  "base_nmse": 2.9360592365264893,
  "recovered_sequence": "CCCCCCCCCCTCCLLCLCMCMKCMCCCCCCCCCHVLKKQLEMFHQQYPDIEVEIIPMPDSSTERHDLYVTYFAAGETDPDVLMLDVIWPAEFAPFLED",
  "recovered_ll": -2.576848268508911,
  "recovered_perplexity": 13.155610084533691,
  "recovered_kl": 0.6287623643875122,
  "recovered_nmse": 0.12282535433769226,
  "nodes": {
    "9": [
      12,
      191,
      226,
      350,
      381,
      407,
      466,
      473,
      512,
      619,
      654,
      667,
      672,
      701,
      734,
      760,
      767,
      818,
      957,
      967,
      1004,
      1080,
      1081,
      1092,
      1176,
      1184,
      1251,
      1352,
      1394,
      1579,
      1648,
      1725,
      1844,
      1851,
      1957,
      2067,
      2191,
      2212,
      2376,
      2423,
      2427,
      2469,
      2510,
      2787,
      2874,
      2941,
      2982,
      2992,
      3004,
      3050,
      3199,
      3212,
      3314,
      3382,
      3414,
      3473,
      3513,
      3526,
      3540,
      3624,
      3695,
      3709,
      3723,
      3779,
      3821,
      3952,
      3972,
      4106,
      4122,
      4168,
      4250,
      4350,
      4370,
      4544,
      4603
    ],
    "0": [
      4,
      26,
      97,
      168,
      189,
      200,
      221,
      222,
      228,
      238,
      244,
      272,
      401,
      460,
      477,
      479,
      546,
      574,
      587,
      588,
      593,
      694,
      695,
      783,
      787,
      795,
      798,
      803,
      842,
      933,
      962,
      973,
      993,
      996,
      999,
      1009,
      1017,
      1018,
      1083,
      1107,
      1156,
      1178,
      1231,
      1241,
      1281,
      1286,
      1295,
      1303,
      1317,
      1344,
      1475,
      1495,
      1511,
      1521,
      1525,
      1690,
      1706,
      1719,
      1739,
      1775,
      1805,
      1821,
      1831,
      1912,
      1914,
      1921,
      1926,
      1956,
      1978,
      2003,
      2011,
      2020,
      2056,
      2057,
      2070,
      2071,
      2076,
      2106,
      2117,
      2180,
      2195,
      2220,
      2224,
      2231,
      2273,
      2299,
      2307,
      2313,
      2331,
      2406,
      2445,
      2518,
      2781,
      2782,
      2789,
      2790,
      2797,
      2879,
      2961,
      2984,
      2991,
      2993,
      3006,
      3012,
      3014,
      3057,
      3072,
      3130,
      3132,
      3168,
      3171,
      3178,
      3200,
      3202,
      3211,
      3248,
      3261,
      3274,
      3288,
      3316,
      3373,
      3395,
      3401,
      3481,
      3499,
      3588,
      3632,
      3648,
      3652,
      3709,
      3761,
      3789,
      3818,
      3821,
      3837,
      3853,
      3866,
      3875,
      3893,
      3899,
      3918,
      3949,
      3950,
      3963,
      3975,
      4000,
      4050,
      4093,
      4111,
      4116,
      4129,
      4150,
      4172,
      4174,
      4242,
      4244,
      4271,
      4279,
      4294,
      4363,
      4402,
      4416,
      4426,
      4430,
      4473,
      4487,
      4488,
      4514,
      4540,
      4560,
      4571,
      4596,
      4607
    ],
    "3": [
      119,
      138,
      153,
      159,
      242,
      334,
      375,
      476,
      511,
      545,
      546,
      576,
      890,
      1005,
      1011,
      1212,
      1255,
      1264,
      1278,
      1281,
      1294,
      1715,
      1826,
      1954,
      1971,
      2132,
      2149,
      2276,
      2356,
      2376,
      2486,
      2502,
      2505,
      2517,
      2596,
      2774,
      2778,
      2828,
      2880,
      2905,
      2985,
      3031,
      3090,
      3091,
      3206,
      3207,
      3246,
      3255,
      3261,
      3412,
      3498,
      3500,
      3551,
      3590,
      3831,
      3912,
      3925,
      3965,
      4108,
      4139,
      4157,
      4407,
      4431,
      4482,
      4577,
      4583
    ],
    "5": [
      34,
      35,
      37,
      111,
      148,
      232,
      249,
      285,
      367,
      400,
      410,
      425,
      556,
      762,
      878,
      908,
      976,
      1004,
      1066,
      1161,
      1167,
      1209,
      1244,
      1249,
      1448,
      1463,
      1466,
      1496,
      1508,
      1525,
      1994,
      2102,
      2114,
      2250,
      2262,
      2286,
      2321,
      2372,
      2434,
      2456,
      2514,
      2540,
      2573,
      2777,
      2906,
      2973,
      3018,
      3064,
      3139,
      3319,
      3375,
      3421,
      3521,
      3556,
      3576,
      3654,
      3732,
      3745,
      3884,
      4122,
      4200,
      4336
    ],
    "2": [
      2,
      9,
      87,
      99,
      101,
      140,
      252,
      403,
      428,
      470,
      722,
      781,
      869,
      879,
      1006,
      1018,
      1078,
      1083,
      1110,
      1197,
      1202,
      1317,
      1348,
      1395,
      1403,
      1533,
      1608,
      1671,
      1709,
      1738,
      1751,
      1762,
      1784,
      1793,
      1802,
      1811,
      1960,
      2017,
      2027,
      2273,
      2279,
      2287,
      2290,
      2404,
      2481,
      2539,
      2659,
      2746,
      2760,
      2782,
      2809,
      2835,
      2866,
      2991,
      3002,
      3046,
      3049,
      3082,
      3091,
      3112,
      3115,
      3147,
      3213,
      3259,
      3385,
      3461,
      3520,
      3575,
      3612,
      3711,
      3803,
      3951,
      3979,
      4029,
      4176,
      4261,
      4274,
      4312,
      4332,
      4361,
      4381,
      4491,
      4565
    ],
    "4": [
      49,
      82,
      85,
      256,
      474,
      529,
      540,
      562,
      803,
      807,
      919,
      939,
      945,
      1083,
      1115,
      1216,
      1258,
      1360,
      1395,
      1466,
      1527,
      1646,
      1649,
      1680,
      1742,
      1772,
      1861,
      2042,
      2116,
      2294,
      2488,
      2705,
      2799,
      2803,
      2910,
      2953,
      3006,
      3054,
      3061,
      3112,
      3206,
      3250,
      3271,
      3276,
      3295,
      3298,
      3330,
      3333,
      3369,
      3464,
      3512,
      3594,
      3719,
      3735,
      3811,
      3902,
      4034,
      4049,
      4054,
      4058,
      4078,
      4123,
      4136,
      4152,
      4173,
      4200,
      4256,
      4288,
      4342,
      4410,
      4525,
      4545,
      4584
    ],