{
  "entry": "Q1HA20",
  "entry_name": "NMS_BOMOR",
  "type": "GLM_2",
  "prompt": "MRSEKHLPPLPLLLAICCLGTLHPSSGFPQSVPSYMEALDIPESEKLAFCFSQWTALPDQEQIPSFVMDLCSSIYNRMKVNEENNHEIYKRFLFQFSRTKDPSLKTGESQIATAEYTKRDSSGIVGRPFFLFRPRNGRKVSINEH[GLM]6-14-8",
  "k": 608,
  "original_sequence": "MRSEKHLPPLPLLLAICCLGTLHPSSGFPQSVPSYMEALDIPESEKLAFCFSQWTALPDQEQIPSFVMDLCSSIYNRMKVNEENNHEIYKRFLFQFSRTKDPSLKTGESQIATAEYTKRDSSGIVGRPFFLFRPRNGRKVSINEH",
  "original_ll": -2.3436009883880615,
  "original_perplexity": 10.418686866760254,
  "progen3_sequence": "MRSEKHLYVELYTEAICCLGTLHPSSGFPQSVPSYMEALDIPESEKLAFCFSQWTALPDQEQIPSFVMDLCSSIYNRMKVNEENNHEIYKRFLFQFSRTKDPSLKTGESQIATAEYTKRDSSGIVGRPFFLFRPRNGRKVSINEH",
  "progen3_ll": -2.9225921630859375,
  "progen3_perplexity": 18.589412689208984,
  "max_sequence": "MRSEKHPTMLILSVAICCLGTLHPSSGFPQSVPSYMEALDIPESEKLAFCFSQWTALPDQEQIPSFVMDLCSSIYNRMKVNEENNHEIYKRFLFQFSRTKDPSLKTGESQIATAEYTKRDSSGIVGRPFFLFRPRNGRKVSINEH",
  "max_ll": -2.8592381477355957,
  "max_perplexity": 17.448230743408203,
  "max_kl": 0.6768262982368469,
  "max_nmse": 0.7571409344673157,
  "base_sequence": "MRSEKHCCCCCCCCAICCLGTLHPSSGFPQSVPSYMEALDIPESEKLAFCFSQWTALPDQEQIPSFVMDLCSSIYNRMKVNEENNHEIYKRFLFQFSRTKDPSLKTGESQIATAEYTKRDSSGIVGRPFFLFRPRNGRKVSINEH",
  "base_ll": -2.590754985809326,
  "base_perplexity": 13.339838981628418,
  "base_kl": 4.430767059326172,
  "base_nmse": 3.0044708251953125,
  "recovered_sequence": "MRSEKHCCCCLCCCAICCLGTLHPSSGFPQSVPSYMEALDIPESEKLAFCFSQWTALPDQEQIPSFVMDLCSSIYNRMKVNEENNHEIYKRFLFQFSRTKDPSLKTGESQIATAEYTKRDSSGIVGRPFFLFRPRNGRKVSINEH",
  "recovered_ll": -2.8998146057128906,
  "recovered_perplexity": 18.1707763671875,
  "recovered_kl": 1.1662018299102783,
  "recovered_nmse": 0.06938411295413971,
  "nodes": {
    "9": [
      12,
      101,
      162,
      407,
      466,
      654,
      696,
      715,
      734,
      760,
      871,
      957,
      967,
      994,
      1004,
      1073,
      1176,
      1184,
      1251,
      1306,
      1352,
      1394,
      1483,
      1579,
      1648,
      1725,
      1783,
      1844,
      1851,
      1942,
      1957,
      2094,
      2153,
      2264,
      2276,
      2427,
      2438,
      2510,
      2511,
      2514,
      2732,
      2787,
      2829,
      2874,
      2937,
      2941,
      2975,
      2982,
      3004,
      3050,
      3199,
      3382,
      3414,
      3513,
      3526,
      3540,
      3624,
      3695,
      3779,
      3821,
      3878,
      3952,
      3965,
      3999,
      4129,
      4250,
      4350,
      4370,
      4419,
      4482,
      4544,
      4603
    ],
    "0": [
      19,
      97,
      172,
      179,
      189,
      200,
      222,
      228,
      244,
      272,
      301,
      369,
      401,
      413,
      424,
      434,
      495,
      500,
      531,
      546,
      574,
      587,
      588,
      595,
      628,
      694,
      718,
      746,
      753,
      771,
      783,
      795,
      875,
      962,
      973,
      978,
      982,
      993,
      999,
      1009,
      1050,
      1096,
      1107,
      1119,
      1178,
      1231,
      1259,
      1265,
      1297,
      1303,
      1344,
      1349,
      1353,
      1386,
      1417,
      1430,
      1475,
      1477,
      1515,
      1521,
      1556,
      1664,
      1706,
      1719,
      1803,
      1805,
      1821,
      1871,
      1908,
      1914,
      1921,
      1928,
      1943,
      1991,
      2011,
      2020,
      2076,
      2106,
      2117,
      2164,
      2195,
      2196,
      2220,
      2224,
      2273,
      2282,
      2299,
      2313,
      2361,
      2406,
      2427,
      2445,
      2468,
      2555,
      2694,
      2722,
      2779,
      2781,
      2782,
      2789,
      2790,
      2797,
      2879,
      2888,
      2913,
      2950,
      2961,
      2968,
      2972,
      2988,
      2991,
      2993,
      3061,
      3065,
      3130,
      3171,
      3182,
      3200,
      3202,
      3211,
      3232,
      3248,
      3261,
      3287,
      3305,
      3308,
      3316,
      3366,
      3373,
      3375,
      3376,
      3377,
      3395,
      3499,
      3558,
      3559,
      3588,
      3618,
      3632,
      3648,
      3650,
      3674,
      3698,
      3707,
      3761,
      3766,
      3779,
      3789,
      3797,
      3818,
      3837,
      3853,
      3866,
      3875,
      3880,
      3899,
      3909,
      3938,
      3950,
      3951,
      3959,
      3963,
      3987,
      4000,
      4035,
      4050,
      4072,
      4093,
      4116,
      4129,
      4166,
      4174,
      4186,
      4242,
      4270,
      4271,
      4279,
      4414,
      4416,
      4426,
      4440,
      4462,
      4473,
      4478,
      4487,
      4488,
      4520,
      4540,
      4560,
      4561,
      4571,
      4607
    ],
    "3": [
      37,
      118,
      208,
      366,
      414,
      511,
      534,
      545,
      701,
      855,
      1091,
      1254,
      1392,
      1479,
      1539,
      1568,
      1835,
      1940,
      2132,
      2183,
      2276,
      2314,
      2331,
      2335,
      2412,
      2443,
      2486,
      2594,
      2596,
      2828,
      3096,
      3290,
      3369,
      3500,
      3590,
      3595,
      3831,
      3913,
      3917,
      4030,
      4208,
      4383,
      4428,
      4433,
      4482
    ],
    "4": [
      119,
      129,
      183,
      200,
      385,
      414,
      562,
      600,
      847,
      877,
      919,
      979,
      1184,
      1251,
      1258,
      1268,
      1307,
      1364,
      1372,
      1506,
      1547,
      1597,
      1649,
      1719,
      1982,
      2096,
      2134,
      2227,
      2657,
      2817,
      2970,
      3006,
      3054,
      3061,
      3175,
      3206,
      3298,
      3301,
      3333,
      3369,
      3455,
      3512,
      3544,
      3560,
      3583,
      3594,
      3735,
      3739,
      3783,
      3811,
      3817,
      3842,
      3910,
      3981,
      4007,
      4034,
      4049,
      4063,
      4535,
      4559
    ],
    "5": [
      35,
      330,
      421,
      1249,
      1269,
      1448,
      1498,
      2278,
      2372,
      2395,
      2456,
      2557,
      2588,
      2675,
      2777,
      3319,
      3588,
      3710,
      3791,
      4160,
      4285
    ],
    "2": [
      2,
      34,
      87,
      140,
      156,
      277,
      304,
      360,
      403,
      428,
      447,
      544,
      675,
      892,
      1055,
      1080,
      1110,
      1157,
      1235,
      1278,
      1374,
      1513,
      1523,
      1533,
      1628,
      1632,
      1663,
      1686,
      1709,
      1775,
      1784,
      1879,
      1887,
      1911,
      1970,
      2018,
      2020,
      2218,
      2231,
      2311,
      2373,
      2382,
      2414,
      2481,
      2495,
      2534,
      2539,
      2710,
      2809,
      2814,
      2822,
      2866,
      2969,
      2984,
      2991,
      3025,
      3029,
      3134,
      3153,
      3214,
      3247,
      3259,
      3442,
      3760,
      3794,
      3795,
      3829,
      3871,
      3913,
      3951,
      4030,
      4176,
      4197,
      4229,
      4342,
      4412,
      4451,
      4496
    ],