{
  "entry": "Q2FJB8",
  "entry_name": "CTSR_STAA3",
  "type": "GLM_2",
  "prompt": "MHNMSDIIEQYIKRLFEESNEDVVEIQRANIAQRFDCVPSQLNYVIKTRFTNEHGYEIESKRGGGGYIRITKIENKDATGYINHLLQLIGPSISQQQAYYIIDGLLDKMLINEREAKMIQAVIDRETLSMDMVSRDIIRANILKRLLPVINYY[GLM]4-25-21",
  "k": 480,
  "original_sequence": "MHNMSDIIEQYIKRLFEESNEDVVEIQRANIAQRFDCVPSQLNYVIKTRFTNEHGYEIESKRGGGGYIRITKIENKDATGYINHLLQLIGPSISQQQAYYIIDGLLDKMLINEREAKMIQAVIDRETLSMDMVSRDIIRANILKRLLPVINYY",
  "original_ll": -2.6708719730377197,
  "original_perplexity": 14.452566146850586,
  "progen3_sequence": "MHNMVLFKIDIEVTVEIKEFFTYLDIQRANIAQRFDCVPSQLNYVIKTRFTNEHGYEIESKRGGGGYIRITKIENKDATGYINHLLQLIGPSISQQQAYYIIDGLLDKMLINEREAKMIQAVIDRETLSMDMVSRDIIRANILKRLLPVINYY",
  "progen3_ll": -2.8852715492248535,
  "progen3_perplexity": 17.908430099487305,
  "max_sequence": "MHNMKQNVQKKLSNEKYKELNELLNIQRANIAQRFDCVPSQLNYVIKTRFTNEHGYEIESKRGGGGYIRITKIENKDATGYINHLLQLIGPSISQQQAYYIIDGLLDKMLINEREAKMIQAVIDRETLSMDMVSRDIIRANILKRLLPVINYY",
  "max_ll": -2.6359994411468506,
  "max_perplexity": 13.957256317138672,
  "max_kl": 0.4729476869106293,
  "max_nmse": 1.363538146018982,
  "base_sequence": "MHNMCCCCCCCCCCCCCCCCCCCCCIQRANIAQRFDCVPSQLNYVIKTRFTNEHGYEIESKRGGGGYIRITKIENKDATGYINHLLQLIGPSISQQQAYYIIDGLLDKMLINEREAKMIQAVIDRETLSMDMVSRDIIRANILKRLLPVINYY",
  "base_ll": -1.6233912706375122,
  "base_perplexity": 5.070256233215332,
  "base_kl": 4.314698219299316,
  "base_nmse": 3.1256494522094727,
  "recovered_sequence": "MHNMIIKCCYIEYCCCNKLMFTQCIIQRANIAQRFDCVPSQLNYVIKTRFTNEHGYEIESKRGGGGYIRITKIENKDATGYINHLLQLIGPSISQQQAYYIIDGLLDKMLINEREAKMIQAVIDRETLSMDMVSRDIIRANILKRLLPVINYY",
  "recovered_ll": -3.2117977142333984,
  "recovered_perplexity": 24.823671340942383,
  "recovered_kl": 0.5653868317604065,
  "recovered_nmse": 0.13495618104934692,
  "nodes": {
    "9": [
      12,
      52,
      101,
      407,
      466,
      512,
      555,
      654,
      696,
      734,
      746,
      760,
      767,
      957,
      967,
      994,
      1004,
      1073,
      1081,
      1176,
      1184,
      1251,
      1352,
      1394,
      1397,
      1483,
      1523,
      1579,
      1648,
      1725,
      1844,
      1851,
      1946,
      1957,
      2094,
      2191,
      2264,
      2276,
      2423,
      2438,
      2510,
      2511,
      2514,
      2626,
      2652,
      2732,
      2787,
      2791,
      2858,
      2937,
      2941,
      2982,
      3004,
      3050,
      3199,
      3314,
      3382,
      3414,
      3513,
      3526,
      3540,
      3624,
      3779,
      3821,
      3952,
      3972,
      4106,
      4122,
      4129,
      4250,
      4288,
      4350,
      4370,
      4419,
      4482,
      4544,
      4603
    ],
    "8": [
      311,
      557,
      801,
      1083,
      1197,
      1299,
      1421,
      2077,
      2112,
      2151,
      2183,
      2199,
      2401,
      2590,
      2605,
      2695,
      2717,
      2891,
      3236,
      3257,
      3263,
      3490,
      3499,
      3659,
      3733,
      4184,
      4369,
      4534,
      4605
    ],
    "0": [
      63,
      97,
      139,
      168,
      172,
      189,
      200,
      222,
      228,
      241,
      272,
      276,
      369,
      401,
      424,
      546,
      574,
      587,
      588,
      648,
      746,
      753,
      771,
      783,
      795,
      817,
      875,
      933,
      962,
      973,
      993,
      1009,
      1026,
      1071,
      1107,
      1178,
      1207,
      1241,
      1297,
      1303,
      1344,
      1376,
      1412,
      1430,
      1475,
      1511,
      1517,
      1621,
      1652,
      1706,
      1719,
      1805,
      1821,
      1847,
      1871,
      1908,
      1914,
      1921,
      1964,
      2002,
      2003,
      2011,
      2020,
      2031,
      2070,
      2117,
      2159,
      2179,
      2195,
      2273,
      2282,
      2299,
      2313,
      2381,
      2406,
      2427,
      2445,
      2511,
      2594,
      2692,
      2722,
      2779,
      2782,
      2789,
      2797,
      2879,
      2888,
      2892,
      2897,
      2919,
      2942,
      2943,
      2961,
      2968,
      2991,
      2993,
      3057,
      3130,
      3171,
      3182,
      3200,
      3202,
      3211,
      3220,
      3261,
      3278,
      3347,
      3353,
      3373,
      3395,
      3494,
      3499,
      3555,
      3558,
      3559,
      3588,
      3648,
      3672,
      3690,
      3707,
      3709,
      3732,
      3739,
      3761,
      3789,
      3818,
      3853,
      3899,
      3903,
      3925,
      3930,
      3938,
      3963,
      3987,
      4000,
      4035,
      4050,
      4116,
      4129,
      4145,
      4174,
      4195,
      4242,
      4270,
      4271,
      4279,
      4299,
      4355,
      4410,
      4416,
      4426,
      4440,
      4462,
      4473,
      4487,
      4488,
      4507,
      4540,
      4560,
      4571
    ],
    "2": [
      68,
      408,
      428,
      667,
      670,
      693,
      952,
      1080,
      1172,
      1187,
      1231,
      1317,
      1494,
      1527,
      1674,
      1686,
      1784,
      2020,
      2866,
      2930,
      3259,
      3304,
      3415,
      3542,
      3591,
      3651,
      3674,
      3902,
      4073,
      4243,
      4308,
      4477,
      4514,
      4576
    ],
    "1": [
      30,
      42,
      93,
      163,
      167,
      255,
      289,
      298,
      345,
      366,
      452,
      486,
      526,
      564,
      576,
      599,
      603,
      669,
      743,
      817,
      874,
      897,
      1041,
      1078,
      1179,
      1259,
      1294,
      1354,
      1433,
      1505,
      1556,
      1574,
      1597,
      1685,
      1754,
      1804,
      1956,
      2147,
      2225,
      2265,
      2284,
      2338,
      2343,
      2396,
      2580,
      2707,
      2785,
      2787,
      2848,
      2891,
      2918,
      2958,
      2988,
      3055,
      3067,
      3212,
      3231,
      3258,
      3277,
      3320,
      3397,
      3417,
      3474,
      3490,
      3507,
      3582,
      3607,
      3695,
      3795,
      3816,
      4000,
      4016,
      4060,
      4108,
      4161,
      4230,
      4240,
      4363,
      4403,
      4441,
      4519,
      4546
    ],
    "3": [
      146,
      545,
      577,
      650,
      837,
      844,
      946,
      978,
      1196,
      1221,
      1537,
      1540,
      1793,
      2327,
      2486,
      2653,
      2742,
      2917,
      3195,
      3222,
      3818,
      3864,
      4208,
      4359,
      4432,
      4473
    ],
    "4": [
      119,
      414,
      536,
      710,
      851,
      919,
      1033,
      1178,
      1258,
      1259,
      1307,
      1551,
      1597,
      1742,
      2103,
      2268,
      2294,
      2441,
      2600,
      2669,
      3206,
      3333,
      3387,
      3438,
      3495,
      3512,
      3811,
      3938,
      3966,
      4034,
      4134,
      4148,
      4504
    ],
    "7": [
      484,
      907,
      1625,
      2877
    ],
    "5": [
      142,
      198,
      398,
      436,
      449,
      616,
      766,
      1032,
      1070,
      1249,
      1979,
      2777,
      2860,
      3126,
      3381,
      3466,
      3526,
      3678,
      3694,
      3749,
      3762,
      4011,
      4124,
      4166,
      4602
    ],
    "6": [
      954,
      1050,
      1137,
      1212,
      2260,
      2389,
      2915,
      4240,
      4392,
      4512
    ]
  }
}
