{
  "entry": "Q3YL95",
  "entry_name": "CDII_ECOLX",
  "type": "GLM_2",
  "prompt": "MKKKLFALLKYIIFFPMLCTVLGLLGIPIGLIVNFLRTGSFDFNLKDEIDVVLFTLKIGIPIGFILGLGLWGLSILDRK[GLM]1-19-18",
  "k": 672,
  "original_sequence": "MKKKLFALLKYIIFFPMLCTVLGLLGIPIGLIVNFLRTGSFDFNLKDEIDVVLFTLKIGIPIGFILGLGLWGLSILDRK",
  "original_ll": -2.6919851303100586,
  "original_perplexity": 14.76094913482666,
  "progen3_sequence": "MLIGILAGLQVTDCIPISFTVLGLLGIPIGLIVNFLRTGSFDFNLKDEIDVVLFTLKIGIPIGFILGLGLWGLSILDRK",
  "progen3_ll": -2.93955659866333,
  "progen3_perplexity": 18.907461166381836,
  "max_sequence": "MLMDMTGIIVFGVGIRGVGTVLGLLGIPIGLIVNFLRTGSFDFNLKDEIDVVLFTLKIGIPIGFILGLGLWGLSILDRK",
  "max_ll": -3.039290428161621,
  "max_perplexity": 20.89041519165039,
  "max_kl": 0.26818713545799255,
  "max_nmse": 2.0009515285491943,
  "base_sequence": "MCCCCTVLGLLGIPIGLIVNFLRTGSFDFNLKDEIDVVLFTLKIGIPIGFILGLGLWGLSILDRK",
  "base_ll": -2.7809457778930664,
  "base_perplexity": 16.134273529052734,
  "base_kl": 2.5977389812469482,
  "base_nmse": 2.1523354053497314,
  "recovered_sequence": "MCLCCLPMPVCTFCFPILFTVLGLLGIPIGLIVNFLRTGSFDFNLKDEIDVVLFTLKIGIPIGFILGLGLWGLSILDRK",
  "recovered_ll": -3.028425455093384,
  "recovered_perplexity": 20.664670944213867,
  "recovered_kl": 0.3305189609527588,
  "recovered_nmse": 0.30266594886779785,
  "nodes": {
    "9": [
      12,
      101,
      191,
      226,
      407,
      466,
      512,
      619,
      654,
      667,
      701,
      734,
      746,
      760,
      767,
      818,
      868,
      957,
      967,
      1004,
      1062,
      1073,
      1080,
      1081,
      1092,
      1170,
      1176,
      1184,
      1251,
      1352,
      1374,
      1394,
      1579,
      1725,
      1828,
      1844,
      1851,
      1942,
      1957,
      2143,
      2191,
      2254,
      2417,
      2423,
      2427,
      2438,
      2510,
      2732,
      2787,
      2923,
      2937,
      2941,
      3004,
      3050,
      3169,
      3192,
      3199,
      3314,
      3382,
      3414,
      3473,
      3513,
      3526,
      3540,
      3624,
      3695,
      3779,
      3821,
      3836,
      3972,
      4106,
      4122,
      4168,
      4250,
      4350,
      4370,
      4419,
      4544,
      4603
    ],
    "0": [
      19,
      63,
      92,
      97,
      168,
      200,
      221,
      222,
      228,
      238,
      244,
      257,
      272,
      401,
      423,
      463,
      546,
      574,
      587,
      588,
      593,
      595,
      615,
      628,
      694,
      731,
      783,
      787,
      795,
      798,
      803,
      842,
      875,
      929,
      933,
      953,
      962,
      973,
      978,
      982,
      993,
      996,
      999,
      1009,
      1018,
      1026,
      1083,
      1107,
      1113,
      1178,
      1231,
      1241,
      1259,
      1265,
      1270,
      1303,
      1344,
      1394,
      1412,
      1430,
      1475,
      1486,
      1511,
      1521,
      1646,
      1706,
      1719,
      1739,
      1743,
      1754,
      1768,
      1775,
      1777,
      1805,
      1821,
      1871,
      1911,
      1914,
      1921,
      1926,
      1934,
      1956,
      2002,
      2003,
      2011,
      2020,
      2056,
      2070,
      2071,
      2076,
      2106,
      2117,
      2161,
      2179,
      2180,
      2195,
      2220,
      2224,
      2273,
      2299,
      2313,
      2361,
      2406,
      2445,
      2511,
      2589,
      2594,
      2779,
      2781,
      2782,
      2789,
      2790,
      2797,
      2802,
      2879,
      2919,
      2950,
      2961,
      2991,
      2993,
      3012,
      3057,
      3061,
      3130,
      3132,
      3150,
      3168,
      3171,
      3200,
      3202,
      3211,
      3227,
      3248,
      3274,
      3373,
      3395,
      3401,
      3405,
      3421,
      3481,
      3494,
      3499,
      3505,
      3523,
      3558,
      3559,
      3573,
      3588,
      3593,
      3632,
      3648,
      3652,
      3672,
      3690,
      3709,
      3733,
      3743,
      3761,
      3789,
      3818,
      3837,
      3853,
      3856,
      3866,
      3875,
      3894,
      3908,
      3918,
      3930,
      3949,
      3950,
      3963,
      4000,
      4035,
      4050,
      4062,
      4093,
      4116,
      4129,
      4172,
      4174,
      4242,
      4271,
      4279,
      4322,
      4388,
      4403,
      4416,
      4426,
      4440,
      4450,
      4473,
      4487,
      4488,
      4507,
      4540,
      4560,
      4571,
      4607
    ],
    "5": [
      34,
      35,
      37,
      148,
      186,
      203,
      232,
      240,
      249,
      285,
      330,
      367,
      425,
      556,
      637,
      700,
      762,
      767,
      796,
      878,
      976,
      1004,
      1066,
      1167,
      1209,
      1244,
      1249,
      1448,
      1463,
      1466,
      1508,
      1525,
      1618,
      1817,
      1936,
      1994,
      2102,
      2114,
      2250,
      2262,
      2286,
      2321,
      2372,
      2434,
      2456,
      2514,
      2537,
      2540,
      2680,
      2777,
      2816,
      3064,
      3139,
      3196,
      3319,
      3381,
      3421,
      3521,
      3576,
      3625,
      3654,
      3732,
      3745,
      3775,
      3884,
      3913,
      3946,
      4008,
      4122,
      4200,
      4286,
      4354,
      4582
    ],
    "3": [
      37,
      242,
      334,
      511,
      545,
      656,
      746,
      778,
      850,
      1000,
      1005,
      1254,
      1373,
      1569,
      1687,
      1715,
      1761,
      2014,
      2132,
      2193,
      2272,
      2276,
      2335,
      2376,
      2440,
      2486,
      2505,
      2596,
      2930,
      2985,
      3031,
      3206,
      3433,
      3590,
      3595,
      3671,
      3736,
      4069,
      4104,
      4157,
      4208,
      4464,
      4482
    ],
    "8": [
      82,
      311,
      557,
      1193,
      1197,
      1299,
      1421,
      2077,
      2112,
      2151,
      2479,
      2605,
      2695,
      2717,
      3659,
      3741,
      3960,
      4184,
      4534
    ],
    "1": [
      93,
      107,
      126,
      163,
      240,
      255,
      289,
      474,
      517,
      519,
      526,
      540,
      576,
      603,
      669,
      685,
      712,
      746,
      765,
      780,
      796,
      817,
      823,
      874,
      1000,
      1004,
      1091,
      1294,
      1320,
      1367,
      1421,
      1433,
      1470,
      1574,
      1670,
      1685,
      1718,
      1765,
      1804,
      1853,
      1956,
      1988,
      2147,
      2148,
      2265,
      2291,
      2293,
      2302,
      2343,
      2362,
      2469,
      2485,
      2551,
      2708,
      2787,
      2794,
      2848,
      2903,
      2940,
      2958,
      2988,
      3015,
      3098,
      3114,
      3149,
      3160,
      3172,
      3212,
      3231,
      3238,
      3250,
      3320,
      3389,
      3397,
      3419,
      3430,
      3491,
      3513,
      3524,
      3582,
      3615,
      3720,
      3795,
      3834,
      4095,
      4108,
      4177,
      4178,
      4262,
      4394,
      4441,
      4492,
      4584
    ],