{
  "entry": "Q6B9Z0",
  "entry_name": "IGFL_MOUSE",
  "type": "GLM_2",
  "prompt": "MKIRNACAVLIEVLLFILEGVTGARKISTFSGPGSWPCNPKCDGRTYNPSEECCVHDTILPFKRINLCGPSCTYRPCFELCCPESYSPKKKFIVKLKVHGERSHCSSSPISRNCKSNKIFHGEDIEDNQLSLRKKSGDQP[GLM]62-64-2",
  "k": 608,
  "original_sequence": "MKIRNACAVLIEVLLFILEGVTGARKISTFSGPGSWPCNPKCDGRTYNPSEECCVHDTILPFKRINLCGPSCTYRPCFELCCPESYSPKKKFIVKLKVHGERSHCSSSPISRNCKSNKIFHGEDIEDNQLSLRKKSGDQP",
  "original_ll": -3.1488277912139893,
  "original_perplexity": 23.308725357055664,
  "progen3_sequence": "MKIRNACAVLIEVLLFILEGVTGARKISTFSGPGSWPCNPKCDGRTYNPSEECCVHDTILPFVFINLCGPSCTYRPCFELCCPESYSPKKKFIVKLKVHGERSHCSSSPISRNCKSNKIFHGEDIEDNQLSLRKKSGDQP",
  "progen3_ll": -3.0248351097106934,
  "progen3_perplexity": 20.59061050415039,
  "max_sequence": "MKIRNACAVLIEVLLFILEGVTGARKISTFSGPGSWPCNPKCDGRTYNPSEECCVHDTILPFSSINLCGPSCTYRPCFELCCPESYSPKKKFIVKLKVHGERSHCSSSPISRNCKSNKIFHGEDIEDNQLSLRKKSGDQP",
  "max_ll": -2.5288732051849365,
  "max_perplexity": 12.539368629455566,
  "max_kl": 0.21532371640205383,
  "max_nmse": 0.057413600385189056,
  "base_sequence": "MKIRNACAVLIEVLLFILEGVTGARKISTFSGPGSWPCNPKCDGRTYNPSEECCVHDTILPFCCINLCGPSCTYRPCFELCCPESYSPKKKFIVKLKVHGERSHCSSSPISRNCKSNKIFHGEDIEDNQLSLRKKSGDQP",
  "base_ll": -2.5119400024414062,
  "base_perplexity": 12.328824996948242,
  "base_kl": 4.412914276123047,
  "base_nmse": 3.6879632472991943,
  "recovered_sequence": "MKIRNACAVLIEVLLFILEGVTGARKISTFSGPGSWPCNPKCDGRTYNPSEECCVHDTILPFKCINLCGPSCTYRPCFELCCPESYSPKKKFIVKLKVHGERSHCSSSPISRNCKSNKIFHGEDIEDNQLSLRKKSGDQP",
  "recovered_ll": -2.9662106037139893,
  "recovered_perplexity": 19.418197631835938,
  "recovered_kl": 0.3818357586860657,
  "recovered_nmse": 0.07109607756137848,
  "nodes": {
    "0": [
      90,
      97,
      104,
      116,
      140,
      154,
      155,
      156,
      168,
      177,
      189,
      200,
      222,
      229,
      276,
      314,
      376,
      401,
      460,
      491,
      493,
      509,
      519,
      526,
      546,
      554,
      574,
      591,
      648,
      694,
      753,
      795,
      800,
      853,
      933,
      951,
      952,
      999,
      1016,
      1018,
      1026,
      1069,
      1135,
      1156,
      1178,
      1253,
      1265,
      1297,
      1344,
      1437,
      1475,
      1486,
      1521,
      1560,
      1610,
      1657,
      1706,
      1719,
      1751,
      1810,
      1821,
      1883,
      1911,
      1914,
      1935,
      1956,
      2011,
      2076,
      2080,
      2117,
      2184,
      2282,
      2299,
      2313,
      2330,
      2423,
      2442,
      2470,
      2511,
      2528,
      2594,
      2670,
      2692,
      2694,
      2702,
      2705,
      2722,
      2747,
      2782,
      2789,
      2797,
      2879,
      2919,
      2968,
      2984,
      2991,
      2993,
      3007,
      3072,
      3130,
      3162,
      3171,
      3172,
      3182,
      3211,
      3220,
      3241,
      3252,
      3256,
      3258,
      3274,
      3288,
      3292,
      3293,
      3315,
      3316,
      3323,
      3363,
      3395,
      3492,
      3494,
      3536,
      3537,
      3558,
      3559,
      3573,
      3588,
      3621,
      3648,
      3652,
      3698,
      3751,
      3805,
      3810,
      3823,
      3837,
      3853,
      3875,
      3899,
      3918,
      3963,
      4000,
      4050,
      4092,
      4093,
      4111,
      4116,
      4174,
      4195,
      4244,
      4254,
      4271,
      4279,
      4301,
      4333,
      4336,
      4340,
      4426,
      4466,
      4473,
      4488,
      4507,
      4535,
      4540,
      4560,
      4596,
      4607
    ],
    "9": [
      12,
      162,
      407,
      538,
      545,
      734,
      760,
      957,
      967,
      1184,
      1251,
      1491,
      1579,
      1835,
      1851,
      1957,
      2005,
      2105,
      2177,
      2213,
      2287,
      2360,
      2467,
      2510,
      2637,
      2642,
      2732,
      2763,
      2787,
      2809,
      2874,
      2975,
      2983,
      3050,
      3101,
      3199,
      3382,
      3513,
      3540,
      3624,
      3779,
      3802,
      3821,
      3999,
      4250,
      4419,
      4544,
      4603
    ],
    "8": [
      114,
      221,
      274,
      584,
      649,
      800,
      811,
      1033,
      1083,
      1136,
      1175,
      1511,
      1525,
      1581,
      1651,
      1747,
      1920,
      1946,
      1954,
      2112,
      2475,
      2560,
      3024,
      3409,
      3422,
      3464,
      3653,
      3960,
      3968,
      4471,
      4542,
      4563,
      4585,
      4594
    ],
    "3": [
      119,
      196,
      309,
      334,
      335,
      352,
      366,
      429,
      457,
      466,
      476,
      495,
      511,
      545,
      635,
      716,
      723,
      728,
      855,
      909,
      1221,
      1254,
      1281,
      1309,
      1369,
      1429,
      1441,
      1533,
      1568,
      1605,
      1608,
      1642,
      2088,
      2162,
      2286,
      2335,
      2418,
      2448,
      2596,
      2627,
      2785,
      2859,
      3031,
      3054,
      3091,
      3129,
      3206,
      3246,
      3258,
      3305,
      3349,
      3405,
      3438,
      3440,
      3449,
      3458,
      3500,
      3836,
      3917,
      4143,
      4157,
      4161,
      4249,
      4252,
      4431,
      4482,
      4561,
      4586
    ],
    "1": [
      30,
      57,
      65,
      175,
      181,
      197,
      203,
      234,
      240,
      251,
      282,
      289,
      407,
      417,
      471,
      474,
      529,
      603,
      687,
      718,
      731,
      780,
      792,
      808,
      815,
      852,
      879,
      895,
      907,
      999,
      1050,
      1109,
      1135,
      1269,
      1294,
      1320,
      1339,
      1356,
      1386,
      1421,
      1428,
      1438,
      1533,
      1571,
      1618,
      1720,
      1741,
      1814,
      1853,
      1956,
      2172,
      2209,
      2282,
      2343,
      2353,
      2411,
      2429,
      2485,
      2504,
      2510,
      2516,
      2554,
      2689,
      2738,
      2768,
      2849,
      2895,
      2958,
      3008,
      3019,
      3036,
      3042,
      3110,
      3114,
      3173,
      3254,
      3270,
      3274,
      3316,
      3337,
      3383,
      3389,
      3397,
      3412,
      3498,
      3502,
      3616,
      3802,
      3949,
      4060,
      4131,
      4164,
      4178,
      4283,
      4369,
      4399,
      4446,
      4451,
      4520,
      4584
    ],
    "7": [
      66,
      509,
      554,
      1151,
      1338,
      1454,
      1520,
      1625,
      1765,
      1816,
      1824,
      2261,
      2595,
      2621,
      2877,
      3227,
      3389,
      3464,
      3541,
      3601,
      4055,
      4331
    ],
    "2": [
      1,
      2,
      22,
      24,
      87,
      184,
      228,
      267,
      279,
      292,
      393,
      414,
      428,
      446,
      550,
      604,
      653,
      775,
      835,
      852,
      869,
      912,
      913,
      959,
      1029,
      1040,
      1157,
      1196,
      1224,
      1243,
      1257,
      1317,
      1374,
      1483,
      1523,
      1671,
      1707,
      1784,
      1802,
      1806,
      2013,
      2020,
      2097,
      2204,
      2224,
      2226,
      2274,
      2287,
      2311,
      2481,
      2515,
      2640,
      2706,
      2809,
      2845,
      2866,
      3021,
      3098,
      3133,
      3175,
      3586,
      3612,
      3723,
      3913,
      4005,
      4130,
      4214,
      4545,
      4565
    ],