{
  "entry": "Q6T6C2",
  "entry_name": "THMAC_THETS",
  "type": "GLM_2",
  "prompt": "MELKSGLSILLCFGICIAVINAGCFEDWSRCSPSTSRGTGVLWRDCDSYCKVCFKADRGECFDSPSLNCPQRLPNNKQCRCINARTAKDNRNPTCWA[GLM]2-27-25",
  "k": 832,
  "original_sequence": "MELKSGLSILLCFGICIAVINAGCFEDWSRCSPSTSRGTGVLWRDCDSYCKVCFKADRGECFDSPSLNCPQRLPNNKQCRCINARTAKDNRNPTCWA",
  "original_ll": -2.7757818698883057,
  "original_perplexity": 16.051172256469727,
  "progen3_sequence": "METVARRLRLESVKRERVLNPLDELNRWSRCSPSTSRGTGVLWRDCDSYCKVCFKADRGECFDSPSLNCPQRLPNNKQCRCINARTAKDNRNPTCWA",
  "progen3_ll": -2.6827828884124756,
  "progen3_perplexity": 14.625738143920898,
  "max_sequence": "MECRSSAGRSSSRVQLCLKGETSKRVCWSRCSPSTSRGTGVLWRDCDSYCKVCFKADRGECFDSPSLNCPQRLPNNKQCRCINARTAKDNRNPTCWA",
  "max_ll": -2.8804004192352295,
  "max_perplexity": 17.821409225463867,
  "max_kl": 0.08435457199811935,
  "max_nmse": 0.39409300684928894,
  "base_sequence": "MECCCCCCCCCCCCCCCCCCCCCCWSRCSPSTSRGTGVLWRDCDSYCKVCFKADRGECFDSPSLNCPQRLPNNKQCRCINARTAKDNRNPTCWA",
  "base_ll": -1.6542433500289917,
  "base_perplexity": 5.229122161865234,
  "base_kl": 4.233717918395996,
  "base_nmse": 4.112793445587158,
  "recovered_sequence": "MECCCCCCCCCCCCCCCCCCCCCCCCCWSRCSPSTSRGTGVLWRDCDSYCKVCFKADRGECFDSPSLNCPQRLPNNKQCRCINARTAKDNRNPTCWA",
  "recovered_ll": -1.3551716804504395,
  "recovered_perplexity": 3.8774266242980957,
  "recovered_kl": 1.856885313987732,
  "recovered_nmse": 0.09937693178653717,
  "nodes": {
    "9": [
      12,
      101,
      191,
      226,
      375,
      407,
      466,
      619,
      654,
      672,
      696,
      715,
      734,
      746,
      760,
      767,
      818,
      957,
      967,
      1004,
      1080,
      1081,
      1105,
      1176,
      1184,
      1251,
      1352,
      1375,
      1394,
      1633,
      1648,
      1725,
      1844,
      1851,
      1957,
      2040,
      2094,
      2191,
      2212,
      2264,
      2276,
      2423,
      2427,
      2438,
      2467,
      2510,
      2570,
      2732,
      2787,
      2791,
      2812,
      2941,
      2982,
      3004,
      3050,
      3199,
      3314,
      3382,
      3414,
      3422,
      3513,
      3526,
      3540,
      3624,
      3695,
      3747,
      3779,
      3821,
      3836,
      3972,
      3999,
      4106,
      4122,
      4250,
      4350,
      4370,
      4419,
      4544,
      4603
    ],
    "3": [
      37,
      119,
      128,
      138,
      159,
      242,
      334,
      375,
      476,
      511,
      545,
      546,
      576,
      656,
      716,
      746,
      840,
      867,
      890,
      1005,
      1092,
      1212,
      1254,
      1255,
      1264,
      1278,
      1293,
      1617,
      1689,
      1700,
      1715,
      1761,
      1767,
      1793,
      1917,
      1940,
      1954,
      2014,
      2019,
      2114,
      2132,
      2193,
      2260,
      2335,
      2360,
      2390,
      2434,
      2486,
      2596,
      2691,
      2824,
      2836,
      2905,
      2947,
      3031,
      3091,
      3206,
      3237,
      3243,
      3246,
      3261,
      3290,
      3412,
      3500,
      3551,
      3590,
      3593,
      3595,
      3697,
      3814,
      3912,
      3925,
      4043,
      4108,
      4208,
      4234,
      4407,
      4431,
      4478,
      4541,
      4606
    ],
    "0": [
      3,
      97,
      136,
      164,
      168,
      189,
      200,
      222,
      228,
      244,
      247,
      267,
      272,
      276,
      376,
      401,
      416,
      425,
      463,
      477,
      482,
      513,
      531,
      546,
      554,
      574,
      587,
      588,
      591,
      595,
      597,
      648,
      694,
      776,
      783,
      795,
      859,
      876,
      933,
      952,
      973,
      982,
      1009,
      1014,
      1018,
      1026,
      1031,
      1069,
      1100,
      1107,
      1135,
      1156,
      1178,
      1231,
      1241,
      1259,
      1279,
      1297,
      1303,
      1317,
      1344,
      1355,
      1412,
      1430,
      1465,
      1475,
      1485,
      1511,
      1515,
      1521,
      1597,
      1685,
      1706,
      1719,
      1751,
      1786,
      1805,
      1821,
      1847,
      1861,
      1908,
      1911,
      1914,
      1919,
      1921,
      1948,
      1978,
      2002,
      2003,
      2011,
      2020,
      2066,
      2076,
      2106,
      2117,
      2179,
      2195,
      2214,
      2217,
      2224,
      2273,
      2282,
      2299,
      2313,
      2406,
      2442,
      2445,
      2462,
      2472,
      2508,
      2511,
      2594,
      2624,
      2682,
      2686,
      2694,
      2722,
      2779,
      2782,
      2789,
      2790,
      2833,
      2879,
      2919,
      2923,
      2961,
      2984,
      2991,
      2993,
      3006,
      3012,
      3072,
      3095,
      3130,
      3162,
      3168,
      3171,
      3200,
      3202,
      3248,
      3274,
      3327,
      3357,
      3373,
      3395,
      3416,
      3481,
      3499,
      3538,
      3558,
      3559,
      3573,
      3588,
      3648,
      3650,
      3652,
      3672,
      3690,
      3692,
      3697,
      3698,
      3707,
      3709,
      3720,
      3761,
      3789,
      3818,
      3837,
      3853,
      3866,
      3875,
      3899,
      3902,
      3918,
      3949,
      3950,
      3963,
      3975,
      3987,
      4000,
      4035,
      4038,
      4050,
      4059,
      4062,
      4093,
      4111,
      4116,
      4129,
      4174,
      4195,
      4219,
      4242,
      4244,
      4270,
      4271,
      4279,
      4376,
      4398,
      4416,
      4426,
      4440,
      4462,
      4473,
      4487,
      4488,
      4507,
      4540,
      4560,
      4571,
      4596,
      4602,
      4607
    ],
    "5": [
      0,
      34,
      35,
      37,
      148,
      173,
      186,
      203,
      232,
      240,
      249,
      285,
      367,
      425,
      556,
      579,
      692,
      762,
      767,
      878,
      976,
      1004,
      1034,
      1066,
      1161,
      1167,
      1209,
      1244,
      1249,
      1448,
      1463,
      1466,
      1496,
      1508,
      1525,
      1715,
      1936,
      1994,
      2102,
      2114,
      2250,
      2262,
      2286,
      2321,
      2327,
      2372,
      2425,
      2434,
      2537,
      2540,
      2573,
      2606,
      2680,
      2777,
      2816,
      2817,
      3064,
      3139,
      3186,
      3196,
      3239,
      3319,
      3393,
      3421,
      3521,
      3576,
      3654,
      3732,
      3745,
      3775,
      3884,
      3913,
      4072,
      4122,
      4157,
      4160,
      4200,
      4336
    ],