{
  "entry": "Q8I6V7",
  "entry_name": "CP91_CONRE",
  "type": "CLM",
  "prompt": "MHLSLARSAVLILLLLFALGNFVGVQPGQITRDADHGINLRSLRKQMSRSPLVKGAFCGQACSSVKCPKKCF",
  "k": 704,
  "original_sequence": "MHLSLARSAVLILLLLFALGNFVGVQPGQITRDADHGINLRSLRKQMSRSPLVKGAFCGQACSSVKCPKKCFCHPEEKVCYREMRTKERD",
  "original_ll": -2.964848518371582,
  "original_perplexity": 19.391765594482422,
  "progen3_sequence": "MHLSLARSAVLILLLLFALGNFVGVQPGQITRDADHGINLRSLRKQMSRSPLVKGAFCGQACSSVKCPKKCFQAAAGGKVRRLPPVRAAP",
  "progen3_ll": -2.627305030822754,
  "progen3_perplexity": 13.836431503295898,
  "max_sequence": "MHLSLARSAVLILLLLFALGNFVGVQPGQITRDADHGINLRSLRKQMSRSPLVKGAFCGQACSSVKCPKKCFGKAGFADLVANAGAKLQP",
  "max_ll": -2.7364656925201416,
  "max_perplexity": 15.432347297668457,
  "max_kl": 0.04344021901488304,
  "max_nmse": 0.1463405042886734,
  "base_sequence": "MHLSLARSAVLILLLLFALGNFVGVQPGQITRDADHGINLRSLRKQMSRSPLVKGAFCGQACSSVKCPKKCFC",
  "base_ll": -2.6683449745178223,
  "base_perplexity": 14.416090965270996,
  "base_kl": 7.433269023895264,
  "base_nmse": 10.38338565826416,
  "recovered_sequence": "MHLSLARSAVLILLLLFALGNFVGVQPGQITRDADHGINLRSLRKQMSRSPLVKGAFCGQACSSVKCPKKCFQALAGGLLRRLPLGRAAL",
  "recovered_ll": -2.556053876876831,
  "recovered_perplexity": 12.884871482849121,
  "recovered_kl": 0.05062660947442055,
  "recovered_nmse": 0.07383852452039719,
  "nodes": {
    "8": [
      50,
      114,
      129,
      234,
      649,
      745,
      800,
      811,
      1083,
      1175,
      1200,
      1352,
      1397,
      1511,
      1513,
      1581,
      1747,
      2077,
      2122,
      2516,
      2891,
      2918,
      2959,
      3001,
      3098,
      3246,
      3653,
      3960,
      4234,
      4471,
      4563
    ],
    "9": [
      12,
      52,
      162,
      407,
      466,
      497,
      545,
      734,
      749,
      760,
      957,
      967,
      1036,
      1143,
      1184,
      1251,
      1466,
      1491,
      1579,
      1835,
      1844,
      1851,
      1957,
      2005,
      2105,
      2177,
      2213,
      2467,
      2510,
      2637,
      2642,
      2732,
      2763,
      2787,
      2874,
      2975,
      3004,
      3050,
      3199,
      3382,
      3513,
      3540,
      3624,
      3637,
      3713,
      3779,
      3802,
      3808,
      3821,
      3880,
      3999,
      4250,
      4419,
      4525,
      4544,
      4603
    ],
    "0": [
      3,
      90,
      156,
      189,
      193,
      200,
      222,
      228,
      229,
      232,
      253,
      276,
      314,
      369,
      376,
      400,
      401,
      460,
      509,
      546,
      554,
      567,
      574,
      588,
      591,
      595,
      628,
      642,
      648,
      694,
      753,
      785,
      795,
      853,
      933,
      972,
      1014,
      1017,
      1018,
      1026,
      1069,
      1093,
      1135,
      1156,
      1170,
      1178,
      1241,
      1252,
      1265,
      1297,
      1344,
      1430,
      1437,
      1475,
      1583,
      1604,
      1706,
      1719,
      1735,
      1739,
      1775,
      1810,
      1821,
      1878,
      1883,
      1921,
      1956,
      2031,
      2117,
      2164,
      2195,
      2197,
      2214,
      2273,
      2281,
      2282,
      2299,
      2313,
      2378,
      2445,
      2594,
      2645,
      2692,
      2694,
      2722,
      2747,
      2782,
      2797,
      2888,
      2950,
      2968,
      2984,
      2991,
      2993,
      3016,
      3067,
      3119,
      3130,
      3162,
      3171,
      3182,
      3202,
      3252,
      3274,
      3285,
      3292,
      3369,
      3373,
      3384,
      3448,
      3480,
      3505,
      3523,
      3536,
      3537,
      3558,
      3559,
      3575,
      3588,
      3621,
      3648,
      3698,
      3714,
      3789,
      3790,
      3795,
      3810,
      3853,
      3875,
      3899,
      3918,
      3963,
      3966,
      4053,
      4068,
      4092,
      4116,
      4145,
      4151,
      4174,
      4195,
      4271,
      4279,
      4301,
      4338,
      4426,
      4466,
      4473,
      4487,
      4488,
      4501,
      4520,
      4540,
      4562,
      4596
    ],
    "3": [
      119,
      159,
      196,
      285,
      305,
      308,
      309,
      334,
      335,
      352,
      356,
      366,
      381,
      399,
      421,
      429,
      466,
      476,
      495,
      511,
      534,
      545,
      564,
      597,
      708,
      716,
      728,
      853,
      855,
      1018,
      1091,
      1110,
      1148,
      1171,
      1212,
      1217,
      1221,
      1229,
      1278,
      1281,
      1296,
      1309,
      1336,
      1345,
      1400,
      1429,
      1441,
      1533,
      1566,
      1568,
      1605,
      1608,
      1723,
      1793,
      1808,
      1812,
      1866,
      1869,
      1940,
      1954,
      1961,
      2088,
      2132,
      2192,
      2219,
      2232,
      2246,
      2286,
      2335,
      2437,
      2448,
      2550,
      2594,
      2596,
      2625,
      2627,
      2634,
      2785,
      2859,
      2870,
      2903,
      2948,
      3031,
      3091,
      3115,
      3129,
      3206,
      3246,
      3261,
      3264,
      3265,
      3296,
      3386,
      3388,
      3440,
      3449,
      3450,
      3458,
      3459,
      3473,
      3525,
      3550,
      3590,
      3680,
      3773,
      3842,
      3909,
      3925,
      4003,
      4033,
      4075,
      4157,
      4161,
      4252,
      4431,
      4482,
      4554,
      4561,
      4587
    ],
    "2": [
      1,
      2,
      19,
      22,
      24,
      63,
      100,
      135,
      196,
      201,
      267,
      279,
      286,
      292,
      414,
      461,
      493,
      530,
      550,
      565,
      604,
      649,
      653,
      667,
      733,
      846,
      866,
      878,
      885,
      893,
      912,
      913,
      959,
      983,
      991,
      1054,
      1119,
      1186,
      1209,
      1243,
      1330,
      1383,
      1406,
      1483,
      1507,
      1523,
      1529,
      1533,
      1625,
      1666,
      1671,
      1707,
      1711,
      1751,
      1784,
      1806,
      1830,
      1866,
      1995,
      2001,
      2042,
      2091,
      2204,
      2226,
      2274,
      2287,
      2335,
      2391,
      2403,
      2482,
      2537,
      2640,
      2668,
      2700,
      2797,
      2809,
      2866,
      2871,
      2928,
      2987,
      3042,
      3094,
      3098,
      3168,
      3213,
      3275,
      3317,
      3439,
      3441,
      3448,
      3508,
      3533,
      3571,
      3586,
      3628,
      3723,
      3854,
      3859,
      3913,
      3948,
      4002,
      4005,
      4039,
      4115,
      4116,
      4130,
      4143,
      4222,
      4249,
      4277,
      4313,
      4332,
      4348,
      4400,
      4571
    ],
    "7": [
      66,
      509,
      554,
      1454,
      1643,
      1765,
      2261,
      2877,
      3227,
      3389,
      3541,
      4055,
      4063,
      4331
    ],
    "5": [
      31,
      256,
      282,
      774,
      1010,
      1147,
      1414,
      1581,
      2110,
      2273,
      2702,
      2777,
      3038,
      3223,
      3271,
      3416,
      3632,
      3877,
      4000,
      4066,
      4077,
      4348,
      4525
    ],