{
  "entry": "Q945T8",
  "entry_name": "GIP3_PHYSO",
  "type": "CLM",
  "prompt": "VLTLEKPSKFAPIKLPKADGSDIFPRVWSKVMGWGVTSYPNGKPSNELQSVDVRVWGDNACENKLGVDKSSLCAGGEAGKDSCVGDTGDPLIKENGRGDADDILLGLSGWG",
  "k": 96,
  "original_sequence": "VLTLEKPSKFAPIKLPKADGSDIFPRVWSKVMGWGVTSYPNGKPSNELQSVDVRVWGDNACENKLGVDKSSLCAGGEAGKDSCVGDTGDPLIKENGRGDADDILLGLSGWGTGCGDKDMPSVYSRVSAGIEWINSVIKK",
  "original_ll": -2.9238860607147217,
  "original_perplexity": 18.613479614257812,
  "progen3_sequence": "VLTLEKPSKFAPIKLPKADGSDIFPRVWSKVMGWGVTSYPNGKPSNELQSVDVRVWGDNACENKLGVDKSSLCAGGEAGKDSCVGDTGDPLIKENGRGDADDILLGLSGWGAPVRGKAGGGGGK",
  "progen3_ll": -2.39949631690979,
  "progen3_perplexity": 11.01762580871582,
  "max_sequence": "VLTLEKPSKFAPIKLPKADGSDIFPRVWSKVMGWGVTSYPNGKPSNELQSVDVRVWGDNACENKLGVDKSSLCAGGEAGKDSCVGDTGDPLIKENGRGDADDILLGLSGWGVTSFPDGSPAPGT",
  "max_ll": -2.3109288215637207,
  "max_perplexity": 10.083786964416504,
  "max_kl": 0.23022224009037018,
  "max_nmse": 0.6573750972747803,
  "base_sequence": "VLTLEKPSKFAPIKLPKADGSDIFPRVWSKVMGWGVTSYPNGKPSNELQSVDVRVWGDNACENKLGVDKSSLCAGGEAGKDSCVGDTGDPLIKENGRGDADDILLGLSGWG",
  "base_ll": NaN,
  "base_perplexity": NaN,
  "base_kl": 10.005508422851562,
  "base_nmse": 12.4207124710083,
  "recovered_sequence": "VLTLEKPSKFAPIKLPKADGSDIFPRVWSKVMGWGVTSYPNGKPSNELQSVDVRVWGDNACENKLGVDKSSLCAGGEAGKDSCVGDTGDPLIKENGRGDADDILLGLSGWGGSVAGKGGGGGCG",
  "recovered_ll": -2.1759696006774902,
  "recovered_perplexity": 8.810724258422852,
  "recovered_kl": 0.27499833703041077,
  "recovered_nmse": 0.8119751811027527,
  "nodes": {
    "0": [
      97,
      189,
      200,
      222,
      401,
      460,
      587,
      588,
      795,
      1521,
      1719,
      1821,
      1921,
      2117,
      2273,
      2445,
      2692,
      2722,
      2984,
      2991,
      3256,
      3499,
      3588,
      3648,
      3853,
      3963,
      4000,
      4050,
      4426,
      4473,
      4488,
      4540,
      4560,
      4596
    ],
    "3": [
      855,
      1399,
      3426,
      3440
    ],
    "4": [
      325,
      446,
      514,
      600,
      678,
      682,
      705,
      771,
      1187,
      1208,
      1272,
      1304,
      1323,
      1353,
      1891,
      2212,
      2214,
      2464,
      2522,
      2538,
      2752,
      2777,
      2807,
      3409,
      3888,
      3954,
      3984,
      3985,
      4252,
      4475,
      4575
    ],
    "6": [
      483,
      872,
      947,
      973,
      1072,
      1292,
      1546,
      1592,
      1657,
      2247,
      2473,
      2845,
      3284,
      3484,
      3507,
      3539,
      3706,
      3886,
      4139,
      4358
    ],
    "9": [
      3624
    ],
    "5": [
      2477
    ],
    "7": [
      917,
      1264,
      1392,
      2986,
      4082
    ]
  }
}
