{
  "entry": "Q965E2",
  "entry_name": "ALL2_PSOOV",
  "type": "GLM_2",
  "prompt": "MMKTLVVLAITLAVVSAGKVKFQDCGKGEVESLEVEGCSGDYCVIHKGKKLDLAISVTSNQDSANLKLDIVADINGVQIEVPGVDHDGCHYVKCPIKKGQHFDVKYTYSIPAILPTTKAKIIAKIIGDKGLGGCIVINGEIQD[GLM]47-52-5",
  "k": 128,
  "original_sequence": "MMKTLVVLAITLAVVSAGKVKFQDCGKGEVESLEVEGCSGDYCVIHKGKKLDLAISVTSNQDSANLKLDIVADINGVQIEVPGVDHDGCHYVKCPIKKGQHFDVKYTYSIPAILPTTKAKIIAKIIGDKGLGGCIVINGEIQD",
  "original_ll": -2.43928861618042,
  "original_perplexity": 11.464881896972656,
  "progen3_sequence": "MMKTLVVLAITLAVVSAGKVKFQDCGKGEVESLEVEGCSGDYCVIHKIEVLDLAISVTSNQDSANLKLDIVADINGVQIEVPGVDHDGCHYVKCPIKKGQHFDVKYTYSIPAILPTTKAKIIAKIIGDKGLGGCIVINGEIQD",
  "progen3_ll": -2.67252516746521,
  "progen3_perplexity": 14.476478576660156,
  "max_sequence": "MMKTLVVLAITLAVVSAGKVKFQDCGKGEVESLEVEGCSGDYCVIHKLKDKDLAISVTSNQDSANLKLDIVADINGVQIEVPGVDHDGCHYVKCPIKKGQHFDVKYTYSIPAILPTTKAKIIAKIIGDKGLGGCIVINGEIQD",
  "max_ll": -2.5505008697509766,
  "max_perplexity": 12.813521385192871,
  "max_kl": 0.6578294634819031,
  "max_nmse": 0.12541092932224274,
  "base_sequence": "MMKTLVVLAITLAVVSAGKVKFQDCGKGEVESLEVEGCSGDYCVIHKCCCCCLAISVTSNQDSANLKLDIVADINGVQIEVPGVDHDGCHYVKCPIKKGQHFDVKYTYSIPAILPTTKAKIIAKIIGDKGLGGCIVINGEIQD",
  "base_ll": -3.0092458724975586,
  "base_perplexity": 20.27210807800293,
  "base_kl": 4.386082649230957,
  "base_nmse": 3.1324362754821777,
  "recovered_sequence": "MMKTLVVLAITLAVVSAGKVKFQDCGKGEVESLEVEGCSGDYCVIHKKIMKCLAISVTSNQDSANLKLDIVADINGVQIEVPGVDHDGCHYVKCPIKKGQHFDVKYTYSIPAILPTTKAKIIAKIIGDKGLGGCIVINGEIQD",
  "recovered_ll": -3.109766960144043,
  "recovered_perplexity": 22.41581916809082,
  "recovered_kl": 0.9807896018028259,
  "recovered_nmse": 0.09431279450654984,
  "nodes": {
    "0": [
      189,
      222,
      228,
      376,
      401,
      460,
      546,
      574,
      588,
      648,
      694,
      1156,
      1178,
      1265,
      1297,
      1475,
      1583,
      1706,
      1821,
      2031,
      2117,
      2299,
      2313,
      2594,
      2692,
      2722,
      2888,
      2984,
      3130,
      3648,
      3813,
      3875,
      4050,
      4059,
      4111,
      4150,
      4174,
      4244,
      4426,
      4466,
      4488,
      4540,
      4596
    ],
    "9": [
      162,
      957,
      967,
      1036,
      1184,
      1251,
      1579,
      1832,
      1844,
      1957,
      2005,
      2642,
      2787,
      2809,
      3050,
      3199,
      3382,
      3513,
      3540,
      3624,
      3713,
      3779,
      3802,
      3821,
      3999,
      4250,
      4544
    ],
    "6": [
      947,
      1137,
      1657
    ],
    "8": [
      240,
      800,
      1781,
      1842,
      2112,
      2475,
      2891,
      4563
    ],
    "3": [
      429,
      511,
      545,
      3246,
      4431
    ],
    "7": [
      66,
      2227,
      2261,
      2877,
      3389,
      4055
    ],
    "4": [
      714,
      1621,
      1759,
      2134,
      2963,
      3678,
      3985
    ],
    "2": [
      196,
      565,
      649,
      885,
      893,
      1401,
      1483,
      1529,
      2031,
      2335,
      2445,
      2871,
      3014,
      3098,
      3170,
      3213,
      3459,
      3494,
      3583,
      3723,
      4005,
      4274
    ],
    "1": [
      1320,
      1339,
      1660,
      2196,
      2516,
      2895,
      4399
    ]
  }
}
