{
  "entry": "Q9BTD1",
  "entry_name": "SHAS3_HUMAN",
  "type": "GLM_2",
  "prompt": "MAQLPSAQMPAPRTQPDLILVHPVLALSGRAPSILCSVPWDACELLATAMWWKTRILWGVFLISRTRPPAPMQILILTLDPSEGEVCCKKRKPGQTGRNRVRMTTATCKPGGEASGETSPGTP[GLM]8-15-7",
  "k": 384,
  "original_sequence": "MAQLPSAQMPAPRTQPDLILVHPVLALSGRAPSILCSVPWDACELLATAMWWKTRILWGVFLISRTRPPAPMQILILTLDPSEGEVCCKKRKPGQTGRNRVRMTTATCKPGGEASGETSPGTP",
  "original_ll": -2.917943239212036,
  "original_perplexity": 18.503190994262695,
  "progen3_sequence": "MAQLPSAQPPTVRSQPDLILVHPVLALSGRAPSILCSVPWDACELLATAMWWKTRILWGVFLISRTRPPAPMQILILTLDPSEGEVCCKKRKPGQTGRNRVRMTTATCKPGGEASGETSPGTP",
  "progen3_ll": -2.7181503772735596,
  "progen3_perplexity": 15.152270317077637,
  "max_sequence": "MAQLPSAQLPALVMVPDLILVHPVLALSGRAPSILCSVPWDACELLATAMWWKTRILWGVFLISRTRPPAPMQILILTLDPSEGEVCCKKRKPGQTGRNRVRMTTATCKPGGEASGETSPGTP",
  "max_ll": -2.7622063159942627,
  "max_perplexity": 15.834741592407227,
  "max_kl": 0.3749682307243347,
  "max_nmse": 0.813629150390625,
  "base_sequence": "MAQLPSAQCCCCCCPDLILVHPVLALSGRAPSILCSVPWDACELLATAMWWKTRILWGVFLISRTRPPAPMQILILTLDPSEGEVCCKKRKPGQTGRNRVRMTTATCKPGGEASGETSPGTP",
  "base_ll": -3.025923490524292,
  "base_perplexity": 20.6130313873291,
  "base_kl": 2.720827579498291,
  "base_nmse": 2.2974557876586914,
  "recovered_sequence": "MAQLPSAQCCCCCGCPDLILVHPVLALSGRAPSILCSVPWDACELLATAMWWKTRILWGVFLISRTRPPAPMQILILTLDPSEGEVCCKKRKPGQTGRNRVRMTTATCKPGGEASGETSPGTP",
  "recovered_ll": -2.962385416030884,
  "recovered_perplexity": 19.34406089782715,
  "recovered_kl": 0.444078266620636,
  "recovered_nmse": 0.1725970357656479,
  "nodes": {
    "0": [
      18,
      63,
      97,
      132,
      172,
      179,
      189,
      200,
      221,
      228,
      267,
      369,
      401,
      416,
      424,
      434,
      550,
      574,
      587,
      588,
      615,
      746,
      755,
      783,
      795,
      1009,
      1107,
      1178,
      1241,
      1272,
      1303,
      1344,
      1430,
      1475,
      1523,
      1589,
      1664,
      1706,
      1719,
      1777,
      1800,
      1821,
      1822,
      1843,
      1871,
      1908,
      1914,
      1921,
      1931,
      1943,
      1978,
      2020,
      2031,
      2056,
      2106,
      2117,
      2132,
      2166,
      2224,
      2236,
      2424,
      2445,
      2722,
      2756,
      2782,
      2797,
      2887,
      2892,
      2897,
      2913,
      2930,
      2950,
      2961,
      2991,
      2993,
      3000,
      3065,
      3087,
      3130,
      3171,
      3182,
      3200,
      3211,
      3261,
      3316,
      3366,
      3373,
      3376,
      3395,
      3559,
      3588,
      3648,
      3650,
      3690,
      3707,
      3761,
      3789,
      3818,
      3853,
      3866,
      3875,
      3899,
      3918,
      3950,
      3951,
      3963,
      3987,
      4000,
      4035,
      4050,
      4062,
      4079,
      4116,
      4129,
      4154,
      4158,
      4174,
      4242,
      4271,
      4279,
      4296,
      4360,
      4416,
      4426,
      4440,
      4451,
      4465,
      4473,
      4487,
      4540,
      4560,
      4607
    ],
    "9": [
      12,
      101,
      162,
      407,
      466,
      654,
      734,
      760,
      957,
      967,
      1004,
      1176,
      1184,
      1217,
      1251,
      1352,
      1394,
      1648,
      1783,
      1844,
      1851,
      1957,
      2191,
      2438,
      2459,
      2510,
      2732,
      2787,
      2937,
      2941,
      2975,
      3050,
      3199,
      3382,
      3414,
      3513,
      3526,
      3540,
      3624,
      3779,
      3821,
      3952,
      4106,
      4129,
      4250,
      4419,
      4482,
      4544,
      4603
    ],
    "3": [
      208,
      311,
      497,
      511,
      545,
      557,
      855,
      1018,
      1212,
      1392,
      1568,
      1570,
      1632,
      1793,
      1835,
      1940,
      2193,
      2276,
      2314,
      2412,
      2486,
      2596,
      2746,
      2929,
      3096,
      3290,
      3440,
      3446,
      3550,
      3913,
      3917,
      4157,
      4208,
      4482
    ],
    "1": [
      40,
      138,
      163,
      234,
      255,
      289,
      362,
      452,
      456,
      480,
      507,
      526,
      599,
      603,
      664,
      669,
      722,
      747,
      787,
      795,
      808,
      817,
      874,
      926,
      1046,
      1106,
      1251,
      1294,
      1419,
      1421,
      1433,
      1505,
      1574,
      1685,
      1725,
      1736,
      1804,
      1821,
      1861,
      1979,
      2035,
      2146,
      2147,
      2248,
      2343,
      2422,
      2510,
      2537,
      2622,
      2848,
      2899,
      2936,
      2940,
      2958,
      2979,
      2988,
      3077,
      3212,
      3231,
      3314,
      3320,
      3389,
      3397,
      3416,
      3425,
      3490,
      3502,
      3582,
      3607,
      4060,
      4074,
      4128,
      4158,
      4240,
      4244,
      4262,
      4287,
      4345,
      4441,
      4584
    ],
    "2": [
      428,
      952,
      1029,
      1049,
      1374,
      1523,
      1686,
      1707,
      1778,
      1784,
      1911,
      2572,
      2619,
      2814,
      2866,
      2974,
      3255,
      3259,
      3340,
      3442,
      3591,
      3846,
      3951
    ],
    "7": [
      66,
      907,
      1625,
      1824,
      2877,
      3389,
      3760,
      4055
    ],
    "5": [
      1249,
      1448,
      1498,
      2278,
      2372,
      2777
    ],
    "6": [
      483,
      762,
      947,
      954,
      1137,
      1305,
      1467,
      1504,
      1546,
      1766,
      2260,
      2460,
      2592,
      3509,
      4139,
      4513,
      4601
    ],
    "4": [
      385,
      562,
      678,
      1184,
      1187,
      1258,
      1268,
      1323,
      1547,
      1597,
      1649,
      1680,
      1719,
      1928,
      2134,
      2430,
      2656,
      2657,
      2805,
      2934,
      3206,
      3298,
      3409,
      3811,
      3817,
      3985,
      4034,
      4049,
      4078,
      4117,
      4252,
      4343
    ],
    "8": [
      3179,
      3653,
      4471
    ]
  }
}
