{
  "entry": "Q9RN59",
  "entry_name": "SNOAL_STRNO",
  "type": "GLM_1",
  "prompt": "MVSAFNTGRTDDVDEYIHPDYLNPATLEHGIHTGPKAFAQLVGWVRATFSEEARLEEVRIEERGPWVKAYLVLYGRHVGRLVGMPPTDRRFSGEQVHLMRIVDGKIRDHRDWPDFQGTLRQLGDPWPDDEGWRP[GLM]22-38-16",
  "k": 512,
  "original_sequence": "MVSAFNTGRTDDVDEYIHPDYLNPATLEHGIHTGPKAFAQLVGWVRATFSEEARLEEVRIEERGPWVKAYLVLYGRHVGRLVGMPPTDRRFSGEQVHLMRIVDGKIRDHRDWPDFQGTLRQLGDPWPDDEGWRP",
  "original_ll": -2.988677978515625,
  "original_perplexity": 19.859411239624023,
  "progen3_sequence": "MVSAFNTGRTDDVDEYIHPDYLYRRRRPNELRLYIQKLAQLVGWVRATFSEEARLEEVRIEERGPWVKAYLVLYGRHVGRLVGMPPTDRRFSGEQVHLMRIVDGKIRDHRDWPDFQGTLRQLGDPWPDDEGWRP",
  "progen3_ll": -2.8869762420654297,
  "progen3_perplexity": 17.93898582458496,
  "max_sequence": "MVSAFNTGRTDDVDEYIHPDYLELRDGELETEEVLGPDAQLVGWVRATFSEEARLEEVRIEERGPWVKAYLVLYGRHVGRLVGMPPTDRRFSGEQVHLMRIVDGKIRDHRDWPDFQGTLRQLGDPWPDDEGWRP",
  "max_ll": -2.666303873062134,
  "max_perplexity": 14.386695861816406,
  "max_kl": 1.0350806713104248,
  "max_nmse": 0.34636688232421875,
  "base_sequence": "MVSAFNTGRTDDVDEYIHPDYLCCCCCAQLVGWVRATFSEEARLEEVRIEERGPWVKAYLVLYGRHVGRLVGMPPTDRRFSGEQVHLMRIVDGKIRDHRDWPDFQGTLRQLGDPWPDDEGWRP",
  "base_ll": -3.173558235168457,
  "base_perplexity": 23.89234733581543,
  "base_kl": 4.086047172546387,
  "base_nmse": 3.4739346504211426,
  "recovered_sequence": "MVSAFNTGRTDDVDEYIHPDYLGRCCLGCVCCWGCLRCAQLVGWVRATFSEEARLEEVRIEERGPWVKAYLVLYGRHVGRLVGMPPTDRRFSGEQVHLMRIVDGKIRDHRDWPDFQGTLRQLGDPWPDDEGWRP",
  "recovered_ll": -3.089883327484131,
  "recovered_perplexity": 21.974512100219727,
  "recovered_kl": 1.1748945713043213,
  "recovered_nmse": 0.2408331036567688,
  "nodes": {
    "9": [
      12,
      52,
      80,
      162,
      407,
      466,
      545,
      760,
      957,
      967,
      1184,
      1251,
      1352,
      1394,
      1491,
      1523,
      1579,
      1648,
      1725,
      1832,
      1844,
      1851,
      1872,
      1946,
      1957,
      2005,
      2105,
      2191,
      2304,
      2511,
      2732,
      2763,
      2787,
      2809,
      2941,
      2982,
      3050,
      3199,
      3314,
      3382,
      3513,
      3526,
      3540,
      3624,
      3779,
      3802,
      3821,
      3952,
      3999,
      4250,
      4370,
      4419,
      4482,
      4494,
      4544,
      4603
    ],
    "0": [
      4,
      6,
      65,
      97,
      114,
      150,
      151,
      168,
      181,
      189,
      200,
      213,
      222,
      228,
      244,
      272,
      276,
      369,
      394,
      401,
      416,
      460,
      469,
      538,
      546,
      557,
      574,
      576,
      587,
      588,
      638,
      648,
      694,
      746,
      783,
      795,
      856,
      956,
      957,
      962,
      968,
      973,
      984,
      995,
      999,
      1006,
      1009,
      1026,
      1042,
      1107,
      1167,
      1178,
      1186,
      1241,
      1259,
      1281,
      1297,
      1303,
      1344,
      1412,
      1413,
      1430,
      1436,
      1475,
      1521,
      1565,
      1652,
      1692,
      1706,
      1711,
      1719,
      1751,
      1768,
      1773,
      1777,
      1781,
      1805,
      1821,
      1830,
      1857,
      1908,
      1914,
      1921,
      2003,
      2011,
      2106,
      2117,
      2123,
      2166,
      2195,
      2196,
      2224,
      2252,
      2254,
      2273,
      2282,
      2283,
      2299,
      2308,
      2313,
      2335,
      2406,
      2432,
      2445,
      2492,
      2511,
      2549,
      2594,
      2673,
      2692,
      2722,
      2779,
      2782,
      2789,
      2797,
      2833,
      2863,
      2879,
      2888,
      2919,
      2937,
      2943,
      2955,
      2961,
      2968,
      2972,
      2984,
      2991,
      2993,
      3006,
      3047,
      3057,
      3171,
      3178,
      3182,
      3197,
      3200,
      3202,
      3211,
      3248,
      3256,
      3307,
      3334,
      3373,
      3395,
      3435,
      3481,
      3499,
      3551,
      3558,
      3559,
      3573,
      3588,
      3618,
      3622,
      3648,
      3662,
      3690,
      3695,
      3698,
      3707,
      3761,
      3768,
      3789,
      3809,
      3818,
      3848,
      3853,
      3859,
      3870,
      3899,
      3909,
      3918,
      3922,
      3939,
      3963,
      4000,
      4033,
      4035,
      4050,
      4062,
      4064,
      4116,
      4129,
      4145,
      4195,
      4242,
      4245,
      4256,
      4272,
      4279,
      4294,
      4296,
      4402,
      4403,
      4416,
      4426,
      4440,
      4473,
      4487,
      4488,
      4540,
      4560,
      4571,
      4596,
      4607
    ],
    "3": [
      112,
      511,
      545,
      1018,
      1221,
      1701,
      2132,
      2276,
      2596,
      3440,
      3471,
      4157
    ],
    "2": [
      0,
      39,
      100,
      259,
      415,
      723,
      804,
      876,
      1029,
      1080,
      1157,
      1224,
      1257,
      1370,
      1374,
      1396,
      1431,
      1523,
      1686,
      1747,
      1778,
      1784,
      2015,
      2158,
      2290,
      2598,
      2758,
      2814,
      2821,
      2866,
      3094,
      3125,
      3259,
      3913,
      4030,
      4113,
      4154,
      4383
    ],
    "1": [
      9,
      30,
      102,
      163,
      234,
      255,
      282,
      289,
      291,
      465,
      471,
      495,
      546,
      576,
      604,
      669,
      744,
      808,
      817,
      873,
      874,
      944,
      961,
      968,
      983,
      1000,
      1053,
      1054,
      1075,
      1267,
      1309,
      1315,
      1356,
      1362,
      1421,
      1433,
      1499,
      1574,
      1597,
      1642,
      1685,
      1696,
      1708,
      1717,
      1720,
      1740,
      1754,
      1796,
      1804,
      1824,
      1927,
      1956,
      2037,
      2044,
      2085,
      2147,
      2151,
      2174,
      2176,
      2197,
      2225,
      2262,
      2312,
      2343,
      2345,
      2357,
      2546,
      2577,
      2592,
      2620,
      2630,
      2679,
      2734,
      2801,
      2848,
      2902,
      2913,
      2918,
      2940,
      2958,
      2988,
      3021,
      3073,
      3114,
      3182,
      3212,
      3230,
      3231,
      3285,
      3320,
      3368,
      3397,
      3466,
      3470,
      3582,
      3599,
      3776,
      3801,
      3834,
      3928,
      3939,
      3978,
      4018,
      4026,
      4065,
      4074,
      4088,
      4146,
      4148,
      4202,
      4255,
      4288,
      4292,
      4441,
      4479,
      4576,
      4584
    ],
    "7": [
      66,
      907,
      1454,
      1625,
      1824,
      2261,
      2877,
      3135,
      3389,
      4055
    ],
    "4": [
      325,
      446,
      514,
      562,
      682,
      771,
      919,
      1178,
      1187,
      1272,
      1323,
      1547,
      1680,
      1721,
      2134,
      2464,
      2777,
      2807,
      2934,
      3175,
      3206,
      3298,
      3342,
      3409,
      3811,
      3817,
      3829,
      3985,
      4034,
      4088,
      4134,
      4155
    ],
    "8": [
      274,
      323,
      1083,
      1299,
      1338,
      1842,
      1870,
      2151,
      2199,
      2516,
      2891,
      2917,
      3042,
      3267,
      3490,
      3653,
      4471,
      4605
    ],
    "6": [
      18,
      762,
      947,
      1137,
      1657,
      1785,
      2089,
      2389,
      2460,
      2592,
      2794,
      3509,
      4513
    ],
    "5": [
      148,
      231,
      954,
      1249,
      1870,
      2110,
      2456,
      2724,
      3244,
      4280
    ]
  }
}
