{
  "entry": "Q9ZCZ6",
  "entry_name": "RIMP_RICPR",
  "type": "CLM",
  "prompt": "MQTIAQQITNIIEESLTDMGFELVLVKFKGVSPKVVEVLIDSLNGNKISIEDCTNVSRTISAILDVEDLIEEAYSLEVSSSGIERTLVKFENY",
  "k": 128,
  "original_sequence": "MQTIAQQITNIIEESLTDMGFELVLVKFKGVSPKVVEVLIDSLNGNKISIEDCTNVSRTISAILDVEDLIEEAYSLEVSSSGIERTLVKFENYNRFLGREVKIKLKELLNGKTLYPR",
  "original_ll": -2.179882764816284,
  "original_perplexity": 8.845269203186035,
  "progen3_sequence": "MQTIAQQITNIIEESLTDMGFELVLVKFKGVSPKVVEVLIDSLNGNKISIEDCTNVSRTISAILDVEDLIEEAYSLEVSSSGIERTLVKFENYDIHLGKKVKIKTKNLIDNKKKIIL",
  "progen3_ll": -1.4493070840835571,
  "progen3_perplexity": 4.260161399841309,
  "max_sequence": "MQTIAQQITNIIEESLTDMGFELVLVKFKGVSPKVVEVLIDSLNGNKISIEDCTNVSRTISAILDVEDLIEEAYSLEVSSSGIERTLVKFENYSNKVISILILSKIVILIVGIIILD",
  "max_ll": -2.973051071166992,
  "max_perplexity": 19.551483154296875,
  "max_kl": 0.7308405637741089,
  "max_nmse": 0.21041975915431976,
  "base_sequence": "MQTIAQQITNIIEESLTDMGFELVLVKFKGVSPKVVEVLIDSLNGNKISIEDCTNVSRTISAILDVEDLIEEAYSLEVSSSGIERTLVKFENY",
  "base_ll": NaN,
  "base_perplexity": NaN,
  "base_kl": 12.698390007019043,
  "base_nmse": 13.110976219177246,
  "recovered_sequence": "MQTIAQQITNIIEESLTDMGFELVLVKFKGVSPKVVEVLIDSLNGNKISIEDCTNVSRTISAILDVEDLIEEAYSLEVSSSGIERTLVKFENYGIVDGDISGTKSCICSLESNKIIL",
  "recovered_ll": -3.233186960220337,
  "recovered_perplexity": 25.3603515625,
  "recovered_kl": 0.7641932368278503,
  "recovered_nmse": 0.22532771527767181,
  "nodes": {
    "9": [
      162,
      407,
      957,
      967,
      1081,
      1184,
      1461,
      1491,
      1844,
      1957,
      2642,
      2787,
      3199,
      3382,
      3540,
      3624,
      3713,
      3779,
      3821,
      4232,
      4544
    ],
    "0": [
      460,
      694,
      933,
      1026,
      1297,
      2117,
      2299,
      2594,
      2692,
      2722,
      2968,
      2984,
      3057,
      3182,
      3963,
      4195,
      4426,
      4488,
      4596
    ],
    "6": [
      32,
      483,
      872,
      947,
      1072,
      1137,
      1292,
      1504,
      1546,
      1657,
      2089,
      2460,
      2717,
      2794,
      2845,
      3455
    ],
    "3": [
      457,
      545,
      1400,
      3440,
      3818
    ],
    "4": [
      325,
      446,
      514,
      678,
      682,
      705,
      771,
      1187,
      1197,
      1208,
      1272,
      1323,
      1353,
      1891,
      2212,
      2214,
      2464,
      2522,
      2538,
      2777,
      2807,
      2909,
      3228,
      3342,
      3409,
      3954,
      3984,
      3985,
      4155,
      4252,
      4475,
      4575
    ],
    "7": [
      66,
      509,
      655,
      933,
      1264,
      1392,
      1446,
      1625,
      1824,
      1856,
      2180,
      2261,
      2782,
      3227,
      3389,
      3464,
      3754,
      4055,
      4331
    ],
    "8": [
      528,
      584,
      813,
      1511,
      1581,
      1747,
      2112,
      3415,
      3659,
      3960,
      4471
    ],
    "2": [
      1224,
      1431,
      1707,
      1778
    ],
    "5": [
      149
    ]
  }
}
