{
    "method": "clt_direct",
    "n_train": 128,
    "k": 32,
    "sequential": false,
    "freeze_attention": true,
    "nodes": {
        "9": [
            3624,
            3821,
            3540,
            3199,
            1957,
            957,
            3802,
            3382,
            1844,
            2005,
            967,
            4544,
            447,
            1184,
            162,
            3779,
            3513,
            1491,
            3050,
            1579,
            1851,
            407,
            538,
            734,
            3372,
            2287,
            2787
        ],
        "8": [
            2201,
            2112,
            1664,
            240
        ],
        "7": [
            1824
        ]
    },
    "clean_spearman": 0.06829199275050453,
    "max_spearman": 0.09240454634504183,
    "no_latents_spearman": 0.15689824019310328,
    "recovered_spearman": 0.11548100998476941
}