{
    "method": "plt_sequential_freeze",
    "n_train": 128,
    "k": 64,
    "sequential": true,
    "freeze_attention": true,
    "nodes": {
        "9": [
            4594,
            4513,
            1106,
            1840,
            601,
            467,
            138,
            2728,
            1075,
            1611,
            180,
            1622,
            2482,
            4233,
            3935,
            4116,
            76,
            4330,
            694,
            255,
            3365,
            1234,
            14,
            1447,
            2429,
            2924,
            3707,
            4353,
            4345,
            2669,
            519,
            103,
            3831,
            3963,
            1037,
            7,
            3163,
            333,
            326,
            963,
            905,
            1769,
            2613,
            2843,
            2710,
            2953,
            4144,
            1879,
            3276,
            3175,
            4570,
            1443,
            3886,
            1751,
            2103,
            1813,
            940,
            1810,
            732,
            2242,
            907,
            4264,
            374,
            1945
        ]
    },
    "clean_spearman": 0.27272225263059063,
    "max_spearman": 0.1829691457459441,
    "no_latents_spearman": 0.038045836980987555,
    "recovered_spearman": 0.15226715967524843
}