{
    "method": "plt_sequential_freeze",
    "n_train": 128,
    "k": 96,
    "sequential": true,
    "freeze_attention": true,
    "nodes": {
        "9": [
            4594,
            4513,
            1106,
            1840,
            601,
            467,
            138,
            2728,
            1075,
            1611,
            180,
            1622,
            2482,
            4233,
            3935,
            4116,
            76,
            4330,
            694,
            255,
            3365,
            1234,
            14,
            1447,
            2429,
            3707,
            2924,
            4353,
            4345,
            2669,
            519,
            103,
            3963,
            3831,
            1037,
            7,
            3163,
            333,
            326,
            963,
            905,
            1769,
            2613,
            2843,
            2710,
            2953,
            4144,
            1879,
            3276,
            3175,
            4570,
            1443,
            3886,
            1751,
            2103,
            1810,
            1813,
            940,
            732,
            2242,
            907,
            4264,
            374,
            1945,
            4438,
            2390,
            3107,
            2898,
            3692,
            1763,
            813,
            1740,
            4005,
            2945,
            426,
            492,
            1232,
            3773,
            3008,
            2421,
            631,
            3448,
            3390,
            3146,
            1550,
            1583,
            2434,
            1252,
            3114,
            2519
        ],
        "8": [
            2513,
            2106,
            3959,
            1831,
            2087
        ],
        "6": [
            714
        ]
    },
    "clean_spearman": 0.3130503468597843,
    "max_spearman": 0.1928295958615914,
    "no_latents_spearman": 0.025041298196501773,
    "recovered_spearman": 0.18766044712057026
}