{
    "method": "plt_sequential_freeze",
    "n_train": 128,
    "k": 32,
    "sequential": true,
    "freeze_attention": true,
    "nodes": {
        "9": [
            4513,
            4594,
            1622,
            1106,
            3935,
            1840,
            138,
            1075,
            601,
            4345,
            467,
            1824,
            4233,
            732,
            1468,
            1348,
            3365,
            2474,
            1611,
            694,
            1447,
            2174,
            3114,
            255,
            2613,
            3707,
            7,
            1443,
            1234,
            4355,
            1232,
            1763
        ]
    },
    "clean_spearman": 0.4998427623413472,
    "max_spearman": 0.35194114522026243,
    "no_latents_spearman": 0.059900196798699755,
    "recovered_spearman": 0.2906848570451299
}