{
    "method": "plt_sequential_freeze",
    "n_train": 256,
    "k": 32,
    "sequential": true,
    "freeze_attention": true,
    "nodes": {
        "9": [
            4513,
            4594,
            1622,
            1106,
            3935,
            1840,
            138,
            1075,
            601,
            4345,
            467,
            4233,
            1824,
            732,
            1468,
            1348,
            3365,
            2474,
            1611,
            694,
            1447,
            2174,
            1443,
            3114,
            255,
            3707,
            2613,
            7,
            1234,
            4355,
            1763,
            1232
        ]
    },
    "clean_spearman": 0.5049944951143631,
    "max_spearman": 0.3628112526071565,
    "no_latents_spearman": 0.10464450546990714,
    "recovered_spearman": 0.3492930047239159
}