{
    "method": "clt_sequential_freeze",
    "n_train": 128,
    "k": 32,
    "sequential": true,
    "freeze_attention": true,
    "nodes": {
        "9": [
            3624,
            3821,
            1957,
            1537,
            1394,
            2194,
            1833,
            1094,
            3606,
            88,
            2266,
            44,
            1176,
            706
        ],
        "5": [
            3715,
            4307
        ],
        "8": [
            981,
            2832,
            3444,
            3197,
            2881,
            583,
            709,
            4551
        ],
        "4": [
            3307,
            2030,
            3764
        ],
        "6": [
            3245,
            242
        ],
        "7": [
            4343,
            410,
            1910
        ]
    },
    "clean_spearman": 0.2072823011292045,
    "max_spearman": 0.16919242076968308,
    "no_latents_spearman": 0.1550721194536708,
    "recovered_spearman": 0.07181880099885524
}