{
    "method": "clt_sequential_freeze",
    "n_train": 256,
    "k": 32,
    "sequential": true,
    "freeze_attention": true,
    "nodes": {
        "9": [
            3624,
            3821,
            1957,
            1537,
            1394,
            2194,
            1094,
            1833,
            88,
            3606,
            2266,
            44,
            1176,
            706
        ],
        "5": [
            3715,
            4307
        ],
        "8": [
            981,
            2832,
            3444,
            3197,
            2881,
            583,
            709,
            4551
        ],
        "6": [
            3245,
            242
        ],
        "4": [
            3307,
            2030,
            3764
        ],
        "7": [
            4343,
            410,
            1910
        ]
    },
    "clean_spearman": 0.18771626627941507,
    "max_spearman": 0.12877761393661247,
    "no_latents_spearman": 0.1564729943506703,
    "recovered_spearman": 0.04479232506107902
}