{
    "method": "clt_direct",
    "n_train": 128,
    "k": 32,
    "sequential": false,
    "freeze_attention": true,
    "nodes": {
        "9": [
            3821,
            3624,
            1957,
            3540,
            1844,
            3199,
            3197,
            3338,
            4544,
            957,
            1184,
            1394,
            3802,
            506,
            967,
            1374,
            2417,
            2005,
            706,
            162,
            1081,
            44,
            12,
            4520,
            2592,
            3050,
            3266,
            224
        ],
        "8": [
            2567,
            2112,
            2201
        ],
        "7": [
            1454
        ]
    },
    "clean_spearman": 0.47946681189606377,
    "max_spearman": 0.44872426997461184,
    "no_latents_spearman": 0.41797251201541114,
    "recovered_spearman": 0.43419639688915634
}