{
    "method": "clt_direct",
    "n_train": 128,
    "k": 32,
    "sequential": false,
    "freeze_attention": true,
    "nodes": {
        "9": [
            3821,
            3624,
            1957,
            3540,
            1844,
            3199,
            3197,
            3338,
            4544,
            957,
            1184,
            3802,
            1394,
            967,
            506,
            1374,
            2417,
            2005,
            706,
            162,
            1081,
            12,
            3050,
            44,
            2592,
            4520,
            3372,
            3346
        ],
        "8": [
            2567,
            2112,
            2201
        ],
        "7": [
            1454
        ]
    },
    "clean_spearman": 0.4538346217986451,
    "max_spearman": 0.43383951541880666,
    "no_latents_spearman": 0.43501793071430694,
    "recovered_spearman": 0.434524536669682
}