{
    "method": "clt_direct",
    "n_train": 256,
    "k": 32,
    "sequential": false,
    "freeze_attention": true,
    "nodes": {
        "9": [
            3821,
            3624,
            1957,
            3540,
            1844,
            3199,
            3197,
            3338,
            4544,
            957,
            1184,
            1394,
            506,
            3802,
            967,
            1374,
            2417,
            2005,
            706,
            1081,
            162,
            12,
            44,
            2592,
            4520,
            3050,
            3266,
            3372
        ],
        "8": [
            2567,
            2112,
            2201
        ],
        "7": [
            1454
        ]
    },
    "clean_spearman": 0.46482984895821333,
    "max_spearman": 0.42326351958016856,
    "no_latents_spearman": 0.4031466492882486,
    "recovered_spearman": 0.40510413690319846
}