{
    "method": "clt_direct",
    "n_train": 256,
    "k": 32,
    "sequential": false,
    "freeze_attention": true,
    "nodes": {
        "9": [
            3821,
            3624,
            1957,
            3540,
            1844,
            3199,
            3197,
            3338,
            4544,
            957,
            1184,
            1394,
            3802,
            967,
            506,
            1374,
            2417,
            2005,
            706,
            162,
            1081,
            44,
            12,
            2592,
            3050,
            4520,
            3346,
            3372
        ],
        "8": [
            2567,
            2112,
            2201
        ],
        "7": [
            1454
        ]
    },
    "clean_spearman": 0.4680856509793046,
    "max_spearman": 0.42519669325967563,
    "no_latents_spearman": 0.36539495460720695,
    "recovered_spearman": 0.39637872135058144
}