{
    "method": "plt_sequential_freeze",
    "n_train": 128,
    "k": 32,
    "sequential": true,
    "freeze_attention": true,
    "nodes": {
        "9": [
            4513,
            4594,
            1106,
            1840,
            601,
            467,
            138,
            1611,
            2728,
            180,
            76,
            963,
            255,
            2103,
            3365,
            2843,
            2924,
            3707,
            4233,
            103,
            940,
            4353,
            732,
            4345,
            333,
            1075,
            694,
            1037,
            7,
            3163,
            2710,
            1622
        ]
    },
    "clean_spearman": 0.16206350113540713,
    "max_spearman": 0.22982816344424506,
    "no_latents_spearman": 0.1344540157145326,
    "recovered_spearman": 0.1981045817737981
}