{
    "method": "plt_sequential_freeze",
    "n_train": 128,
    "k": 32,
    "sequential": true,
    "freeze_attention": true,
    "nodes": {
        "9": [
            4513,
            4594,
            1106,
            1840,
            601,
            467,
            138,
            1611,
            2728,
            180,
            76,
            963,
            255,
            2103,
            3365,
            2843,
            2924,
            3707,
            4233,
            103,
            940,
            732,
            4353,
            4345,
            333,
            694,
            1037,
            7,
            1075,
            3163,
            2710,
            1622
        ]
    },
    "clean_spearman": 0.23558312771811543,
    "max_spearman": 0.3004962056244895,
    "no_latents_spearman": 0.19545946884152338,
    "recovered_spearman": 0.2990247220398733
}