{
    "method": "plt_sequential_unfreeze",
    "n_train": 128,
    "k": 32,
    "sequential": true,
    "freeze_attention": false,
    "nodes": {
        "9": [
            4594,
            4513,
            1106,
            601,
            1840,
            1075,
            138,
            467,
            4233,
            1611,
            2728,
            1879,
            1234,
            180,
            1447,
            694,
            1740,
            3365,
            4330,
            255,
            2482,
            4353
        ],
        "6": [
            714,
            1081
        ],
        "0": [
            1942,
            1813,
            3908,
            1290,
            3871,
            2857,
            3605
        ],
        "1": [
            2467
        ]
    },
    "clean_spearman": 0.39574914047837645,
    "max_spearman": 0.13094407206020786,
    "no_latents_spearman": 0.1302106164677408,
    "recovered_spearman": 0.2923171723467522
}