{
    "method": "plt_sequential_unfreeze",
    "n_train": 256,
    "k": 32,
    "sequential": true,
    "freeze_attention": false,
    "nodes": {
        "9": [
            4594,
            4513,
            1106,
            601,
            1840,
            1075,
            138,
            467,
            4233,
            1611,
            2728,
            1879,
            1234,
            180,
            1447,
            694,
            1740,
            3365,
            4330,
            255,
            2482,
            4353
        ],
        "6": [
            714,
            1081
        ],
        "0": [
            1942,
            3908,
            1813,
            1290,
            3871,
            3605,
            2857
        ],
        "1": [
            2467
        ]
    },
    "clean_spearman": 0.34000221766243716,
    "max_spearman": 0.0806881683707486,
    "no_latents_spearman": 0.10028357469888781,
    "recovered_spearman": 0.2534452688503062
}